is_pluie,is_weekend,is_ferie,mois,k_moyen,jour,population,meteo_temp_min,meteo_temp_moy,jour_semaine_num,q_moyen,trimestre,meteo_temp_max,semaine_annee,meteo_precipitations,trafic_eleve,annee,ratio_saturation,saison_ete,saison_hiver,saison_printemps,jour_semaine_Monday,jour_semaine_Saturday,jour_semaine_Sunday,jour_semaine_Thursday,jour_semaine_Tuesday,jour_semaine_Wednesday,y_true,y_probs,categorie
0,0,0,10,1.8986519047619048,22,179566,11.0,13.5,1,233.5059523809524,4,19.2,43,0.2,0,2024,0.0080963910957687,0,0,0,0,0,0,0,1,0,0,0.03460565337941617,TN (léger détecté)
0,0,0,10,1.8986519047619048,22,179566,11.0,13.5,1,233.5059523809524,4,19.2,43,0.2,0,2024,0.0080963910957687,0,0,0,0,0,0,0,1,0,0,0.03460565337941617,TN (léger détecté)
0,0,0,10,1.8986519047619048,22,179566,11.0,13.5,1,233.5059523809524,4,19.2,43,0.2,0,2024,0.0080963910957687,0,0,0,0,0,0,0,1,0,0,0.03460565337941617,TN (léger détecté)
0,0,0,10,3.96222,23,183839,8.1,12.7,2,309.4791666666667,4,19.9,43,0.2,0,2024,0.0123555077973465,0,0,0,0,0,0,0,0,1,0,0.05562501775562749,TN (léger détecté)
0,0,0,10,3.96222,23,183839,8.1,12.7,2,309.4791666666667,4,19.9,43,0.2,0,2024,0.0123555077973465,0,0,0,0,0,0,0,0,1,0,0.05562501775562749,TN (léger détecté)
0,0,0,10,3.96222,23,183839,8.1,12.7,2,309.4791666666667,4,19.9,43,0.2,0,2024,0.0123555077973465,0,0,0,0,0,0,0,0,1,0,0.05562501775562749,TN (léger détecté)
0,0,0,10,3.96222,23,183839,8.1,12.7,2,309.4791666666667,4,19.9,43,0.2,0,2024,0.0123555077973465,0,0,0,0,0,0,0,0,1,0,0.05562501775562749,TN (léger détecté)
0,0,0,10,3.96222,23,160526,8.1,12.7,2,309.4791666666667,4,19.9,43,0.2,0,2024,0.0123555077973465,0,0,0,0,0,0,0,0,1,0,0.04635463383370573,TN (léger détecté)
0,0,0,10,3.96222,23,160526,8.1,12.7,2,309.4791666666667,4,19.9,43,0.2,0,2024,0.0123555077973465,0,0,0,0,0,0,0,0,1,1,0.04635463383370573,FN (grave RATÉ)
0,0,0,10,3.96222,23,160526,8.1,12.7,2,309.4791666666667,4,19.9,43,0.2,0,2024,0.0123555077973465,0,0,0,0,0,0,0,0,1,0,0.04635463383370573,TN (léger détecté)
0,0,0,10,14.545827857142855,23,160526,8.1,12.7,2,441.9166666666667,4,19.9,43,0.2,1,2024,0.0328410036285445,0,0,0,0,0,0,0,0,1,0,0.04649362124800501,TN (léger détecté)
0,0,0,10,14.545827857142855,23,160526,8.1,12.7,2,441.9166666666667,4,19.9,43,0.2,1,2024,0.0328410036285445,0,0,0,0,0,0,0,0,1,0,0.04649362124800501,TN (léger détecté)
0,0,0,10,3.17722,23,161450,8.1,12.7,2,502.1666666666667,4,19.9,43,0.2,1,2024,0.0063144484928784,0,0,0,0,0,0,0,0,1,0,0.026217262631072547,TN (léger détecté)
0,0,0,10,3.17722,23,161450,8.1,12.7,2,502.1666666666667,4,19.9,43,0.2,1,2024,0.0063144484928784,0,0,0,0,0,0,0,0,1,0,0.026217262631072547,TN (léger détecté)
0,0,0,10,3.96222,23,161450,8.1,12.7,2,309.4791666666667,4,19.9,43,0.2,0,2024,0.0123555077973465,0,0,0,0,0,0,0,0,1,0,0.045523627040092156,TN (léger détecté)
0,0,0,10,3.96222,23,161450,8.1,12.7,2,309.4791666666667,4,19.9,43,0.2,0,2024,0.0123555077973465,0,0,0,0,0,0,0,0,1,0,0.045523627040092156,TN (léger détecté)
0,0,0,10,7.174379226190477,23,182347,8.1,12.7,2,1790.404761904762,4,19.9,43,0.2,1,2024,0.0040048901168277,0,0,0,0,0,0,0,0,1,0,0.029227928073301483,TN (léger détecté)
0,0,0,10,7.174379226190477,23,182347,8.1,12.7,2,1790.404761904762,4,19.9,43,0.2,1,2024,0.0040048901168277,0,0,0,0,0,0,0,0,1,0,0.029227928073301483,TN (léger détecté)
0,0,0,10,3.85667,23,138907,8.1,12.7,2,177.5,4,19.9,43,0.2,0,2024,0.0216059943977591,0,0,0,0,0,0,0,0,1,0,0.06796520724714207,TN (léger détecté)
0,0,0,10,3.85667,23,138907,8.1,12.7,2,177.5,4,19.9,43,0.2,0,2024,0.0216059943977591,0,0,0,0,0,0,0,0,1,0,0.06796520724714207,TN (léger détecté)
0,0,0,10,3.85667,23,138907,8.1,12.7,2,130.48214285714286,4,19.9,43,0.2,0,2024,0.0293322721716691,0,0,0,0,0,0,0,0,1,0,0.03127601889937127,TN (léger détecté)
0,0,0,10,3.85667,23,138907,8.1,12.7,2,130.48214285714286,4,19.9,43,0.2,0,2024,0.0293322721716691,0,0,0,0,0,0,0,0,1,0,0.03127601889937127,TN (léger détecté)
0,0,0,10,3.85667,23,57934,8.1,12.7,2,1019.7619047619048,4,19.9,43,0.2,1,2024,0.0037782268147042,0,0,0,0,0,0,0,0,1,0,0.030278719324647735,TN (léger détecté)
0,0,0,10,3.85667,23,57934,8.1,12.7,2,1019.7619047619048,4,19.9,43,0.2,1,2024,0.0037782268147042,0,0,0,0,0,0,0,0,1,0,0.030278719324647735,TN (léger détecté)
0,0,0,10,12.66768613095238,22,57934,11.0,13.5,1,249.8452380952381,4,19.2,43,0.2,0,2024,0.0505000064069099,0,0,0,0,0,0,0,1,0,0,0.050341304826083545,TN (léger détecté)
0,0,0,10,12.66768613095238,22,57934,11.0,13.5,1,249.8452380952381,4,19.2,43,0.2,0,2024,0.0505000064069099,0,0,0,0,0,0,0,1,0,0,0.050341304826083545,TN (léger détecté)
0,0,0,10,4.1081754761904765,23,35837,8.1,12.7,2,102.22619047619048,4,19.9,43,0.2,0,2024,0.0397978018682966,0,0,0,0,0,0,0,0,1,0,0.052010513389262346,TN (léger détecté)
0,0,0,10,3.96222,23,27547,8.1,12.7,2,309.4791666666667,4,19.9,43,0.2,0,2024,0.0123555077973465,0,0,0,0,0,0,0,0,1,0,0.06194894208931946,TN (léger détecté)
0,0,0,10,3.96222,23,27547,8.1,12.7,2,309.4791666666667,4,19.9,43,0.2,0,2024,0.0123555077973465,0,0,0,0,0,0,0,0,1,0,0.06194894208931946,TN (léger détecté)
0,0,0,10,3.994859583333333,23,32386,8.1,12.7,2,371.5238095238095,4,19.9,43,0.2,1,2024,0.0107237698133708,0,0,0,0,0,0,0,0,1,0,0.049606517204579405,TN (léger détecté)
0,0,0,10,3.994859583333333,23,32386,8.1,12.7,2,371.5238095238095,4,19.9,43,0.2,1,2024,0.0107237698133708,0,0,0,0,0,0,0,0,1,0,0.049606517204579405,TN (léger détecté)
0,0,0,10,3.85667,23,27547,8.1,12.7,2,130.48214285714286,4,19.9,43,0.2,0,2024,0.0293322721716691,0,0,0,0,0,0,0,0,1,0,0.047569979756358946,TN (léger détecté)
0,0,0,11,0.6267,29,182347,2.2,5.2,4,109.77777777777776,4,9.4,48,0.0,0,2024,0.0056572718154463,0,0,0,0,0,0,0,0,0,0,0.02892493744594446,TN (léger détecté)
0,0,0,11,0.6267,29,182347,2.2,5.2,4,109.77777777777776,4,9.4,48,0.0,0,2024,0.0056572718154463,0,0,0,0,0,0,0,0,0,0,0.02892493744594446,TN (léger détecté)
0,0,0,11,12.349242424242425,29,161450,2.2,5.2,4,3605.4747474747473,4,9.4,48,0.0,1,2024,0.003424186578012,0,0,0,0,0,0,0,0,0,0,0.022560620006490475,TN (léger détecté)
0,0,0,11,12.349242424242425,29,161450,2.2,5.2,4,3605.4747474747473,4,9.4,48,0.0,1,2024,0.003424186578012,0,0,0,0,0,0,0,0,0,0,0.022560620006490475,TN (léger détecté)
0,0,0,11,12.349242424242425,29,161450,2.2,5.2,4,3605.4747474747473,4,9.4,48,0.0,1,2024,0.003424186578012,0,0,0,0,0,0,0,0,0,0,0.022560620006490475,TN (léger détecté)
0,0,0,11,4.890436287878789,29,55932,2.2,5.2,4,136.4090909090909,4,9.4,48,0.0,0,2024,0.0355903401698092,0,0,0,0,0,0,0,0,0,0,0.09589619850336617,TN (léger détecté)
0,0,0,11,4.890436287878789,29,55932,2.2,5.2,4,136.4090909090909,4,9.4,48,0.0,0,2024,0.0355903401698092,0,0,0,0,0,0,0,0,0,0,0.09589619850336617,TN (léger détecté)
0,0,0,11,4.890436287878789,28,55932,6.1,7.1,3,136.4090909090909,4,11.3,48,0.2,0,2024,0.0355903401698092,0,0,0,0,0,0,1,0,0,1,0.1664022504085406,TP (grave détecté)
0,0,0,11,4.890436287878789,28,55932,6.1,7.1,3,136.4090909090909,4,11.3,48,0.2,0,2024,0.0355903401698092,0,0,0,0,0,0,1,0,0,0,0.1664022504085406,FP (fausse alerte)
0,0,0,11,4.890436287878789,28,55932,6.1,7.1,3,136.4090909090909,4,11.3,48,0.2,0,2024,0.0355903401698092,0,0,0,0,0,0,1,0,0,0,0.1664022504085406,FP (fausse alerte)
0,0,0,11,3.96222,29,179566,2.2,5.2,4,309.4791666666667,4,9.4,48,0.0,0,2024,0.0123555077973465,0,0,0,0,0,0,0,0,0,0,0.054368003840847896,TN (léger détecté)
0,0,0,11,3.96222,29,179566,2.2,5.2,4,309.4791666666667,4,9.4,48,0.0,0,2024,0.0123555077973465,0,0,0,0,0,0,0,0,0,0,0.054368003840847896,TN (léger détecté)
0,0,0,11,4.988557904040404,29,161450,2.2,5.2,4,172.4671717171717,4,9.4,48,0.0,0,2024,0.028757936470965,0,0,0,0,0,0,0,0,0,0,0.0673210724307119,TN (léger détecté)
0,0,0,11,4.988557904040404,29,161450,2.2,5.2,4,172.4671717171717,4,9.4,48,0.0,0,2024,0.028757936470965,0,0,0,0,0,0,0,0,0,0,0.0673210724307119,TN (léger détecté)
0,0,0,11,4.988557904040404,29,161450,2.2,5.2,4,172.4671717171717,4,9.4,48,0.0,0,2024,0.028757936470965,0,0,0,0,0,0,0,0,0,0,0.0673210724307119,TN (léger détecté)
0,0,0,11,11.39621212121212,29,137426,2.2,5.2,4,1187.699494949495,4,9.4,48,0.0,1,2024,0.009587126241436,0,0,0,0,0,0,0,0,0,0,0.017079015338409703,TN (léger détecté)
0,0,0,11,3.96222,29,138907,2.2,5.2,4,309.4791666666667,4,9.4,48,0.0,0,2024,0.0123555077973465,0,0,0,0,0,0,0,0,0,0,0.05418895612591617,TN (léger détecté)
0,0,0,11,10.466537095959596,29,15207,2.2,5.2,4,173.25252525252523,4,9.4,48,0.0,0,2024,0.0600653395455335,0,0,0,0,0,0,0,0,0,0,0.5091614927255325,FP (fausse alerte)
0,0,0,11,10.466537095959596,29,15207,2.2,5.2,4,173.25252525252523,4,9.4,48,0.0,0,2024,0.0600653395455335,0,0,0,0,0,0,0,0,0,0,0.5091614927255325,FP (fausse alerte)
0,0,0,11,3.96222,29,57934,2.2,5.2,4,309.4791666666667,4,9.4,48,0.0,0,2024,0.0123555077973465,0,0,0,0,0,0,0,0,0,0,0.05318579532935441,TN (léger détecté)
0,0,0,11,3.96222,29,57934,2.2,5.2,4,309.4791666666667,4,9.4,48,0.0,0,2024,0.0123555077973465,0,0,0,0,0,0,0,0,0,0,0.05318579532935441,TN (léger détecté)
0,0,0,11,3.96222,29,57934,2.2,5.2,4,309.4791666666667,4,9.4,48,0.0,0,2024,0.0123555077973465,0,0,0,0,0,0,0,0,0,0,0.05318579532935441,TN (léger détecté)
0,0,0,11,3.96222,29,35837,2.2,5.2,4,309.4791666666667,4,9.4,48,0.0,0,2024,0.0123555077973465,0,0,0,0,0,0,0,0,0,0,0.09951064213231267,TN (léger détecté)
0,0,0,11,3.96222,29,35837,2.2,5.2,4,309.4791666666667,4,9.4,48,0.0,0,2024,0.0123555077973465,0,0,0,0,0,0,0,0,0,0,0.09951064213231267,TN (léger détecté)
0,0,0,11,3.96222,29,35837,2.2,5.2,4,309.4791666666667,4,9.4,48,0.0,0,2024,0.0123555077973465,0,0,0,0,0,0,0,0,0,0,0.09951064213231267,TN (léger détecté)
0,0,0,11,3.96222,29,35837,2.2,5.2,4,309.4791666666667,4,9.4,48,0.0,0,2024,0.0123555077973465,0,0,0,0,0,0,0,0,0,0,0.09951064213231267,TN (léger détecté)
0,0,0,11,3.96222,28,32386,6.1,7.1,3,309.4791666666667,4,11.3,48,0.2,0,2024,0.0123555077973465,0,0,0,0,0,0,1,0,0,0,0.17835177723564735,FP (fausse alerte)
1,0,0,11,6.189355,19,183839,8.8,10.6,1,435.6666666666667,4,12.9,47,18.7,1,2024,0.0141740954198473,0,0,0,0,0,0,0,1,0,0,0.032230341324229854,TN (léger détecté)
1,0,0,11,6.189355,19,183839,8.8,10.6,1,435.6666666666667,4,12.9,47,18.7,1,2024,0.0141740954198473,0,0,0,0,0,0,0,1,0,0,0.032230341324229854,TN (léger détecté)
1,0,0,11,6.189355,19,183839,8.8,10.6,1,435.6666666666667,4,12.9,47,18.7,1,2024,0.0141740954198473,0,0,0,0,0,0,0,1,0,0,0.032230341324229854,TN (léger détecté)
0,0,0,10,3.96222,22,183839,11.0,13.5,1,309.4791666666667,4,19.2,43,0.2,0,2024,0.0123555077973465,0,0,0,0,0,0,0,1,0,1,0.06764565000003187,FN (grave RATÉ)
0,0,0,10,3.96222,22,183839,11.0,13.5,1,309.4791666666667,4,19.2,43,0.2,0,2024,0.0123555077973465,0,0,0,0,0,0,0,1,0,0,0.06764565000003187,TN (léger détecté)
0,0,0,10,3.96222,22,183839,11.0,13.5,1,309.4791666666667,4,19.2,43,0.2,0,2024,0.0123555077973465,0,0,0,0,0,0,0,1,0,0,0.06764565000003187,TN (léger détecté)
0,0,0,10,3.96222,22,179566,11.0,13.5,1,309.4791666666667,4,19.2,43,0.2,0,2024,0.0123555077973465,0,0,0,0,0,0,0,1,0,0,0.0653785571459195,TN (léger détecté)
0,0,0,10,3.96222,22,179566,11.0,13.5,1,309.4791666666667,4,19.2,43,0.2,0,2024,0.0123555077973465,0,0,0,0,0,0,0,1,0,0,0.0653785571459195,TN (léger détecté)
1,0,0,10,18.91785714285714,21,160526,16.3,17.2,0,3922.363095238096,4,21.6,43,2.6,1,2024,0.0048218471458372,0,0,0,1,0,0,0,0,0,0,0.026879187437046204,TN (léger détecté)
1,0,0,10,18.91785714285714,21,160526,16.3,17.2,0,3922.363095238096,4,21.6,43,2.6,1,2024,0.0048218471458372,0,0,0,1,0,0,0,0,0,0,0.026879187437046204,TN (léger détecté)
0,0,0,10,4.806443095238095,22,231476,11.0,13.5,1,224.79166666666663,4,19.2,43,0.2,0,2024,0.0212870703608994,0,0,0,0,0,0,0,1,0,0,0.05786276436548377,TN (léger détecté)
0,0,0,10,4.806443095238095,22,231476,11.0,13.5,1,224.79166666666663,4,19.2,43,0.2,0,2024,0.0212870703608994,0,0,0,0,0,0,0,1,0,0,0.05786276436548377,TN (léger détecté)
0,0,0,10,13.297766130952382,22,231476,11.0,13.5,1,393.7738095238095,4,19.2,43,0.2,1,2024,0.0336845196164168,0,0,0,0,0,0,0,1,0,0,0.06078502829674739,TN (léger détecté)
0,0,0,10,13.297766130952382,22,231476,11.0,13.5,1,393.7738095238095,4,19.2,43,0.2,1,2024,0.0336845196164168,0,0,0,0,0,0,0,1,0,0,0.06078502829674739,TN (léger détecté)
0,0,0,10,3.96222,22,138907,11.0,13.5,1,309.4791666666667,4,19.2,43,0.2,0,2024,0.0123555077973465,0,0,0,0,0,0,0,1,0,0,0.057328830244088046,TN (léger détecté)
0,0,0,10,3.96222,22,138907,11.0,13.5,1,309.4791666666667,4,19.2,43,0.2,0,2024,0.0123555077973465,0,0,0,0,0,0,0,1,0,0,0.057328830244088046,TN (léger détecté)
0,0,0,10,3.96222,22,138907,11.0,13.5,1,309.4791666666667,4,19.2,43,0.2,0,2024,0.0123555077973465,0,0,0,0,0,0,0,1,0,0,0.057328830244088046,TN (léger détecté)
0,0,0,10,3.96222,22,138907,11.0,13.5,1,309.4791666666667,4,19.2,43,0.2,0,2024,0.0123555077973465,0,0,0,0,0,0,0,1,0,0,0.057328830244088046,TN (léger détecté)
0,0,0,10,3.96222,22,138907,11.0,13.5,1,309.4791666666667,4,19.2,43,0.2,0,2024,0.0123555077973465,0,0,0,0,0,0,0,1,0,0,0.057328830244088046,TN (léger détecté)
1,0,0,10,3.96222,21,138907,16.3,17.2,0,309.4791666666667,4,21.6,43,2.6,0,2024,0.0123555077973465,0,0,0,1,0,0,0,0,0,0,0.04228965432058971,TN (léger détecté)
1,0,0,10,3.96222,21,138907,16.3,17.2,0,309.4791666666667,4,21.6,43,2.6,0,2024,0.0123555077973465,0,0,0,1,0,0,0,0,0,0,0.04228965432058971,TN (léger détecté)
0,0,0,10,3.96222,22,138887,11.0,13.5,1,309.4791666666667,4,19.2,43,0.2,0,2024,0.0123555077973465,0,0,0,0,0,0,0,1,0,0,0.05418981718886874,TN (léger détecté)
0,0,0,10,3.96222,22,138887,11.0,13.5,1,309.4791666666667,4,19.2,43,0.2,0,2024,0.0123555077973465,0,0,0,0,0,0,0,1,0,0,0.05418981718886874,TN (léger détecté)
0,0,0,10,20.19554023809524,22,84310,11.0,13.5,1,694.8869047619048,4,19.2,43,0.2,1,2024,0.0290212965639942,0,0,0,0,0,0,0,1,0,0,0.08272047757884077,TN (léger détecté)
0,0,0,10,20.19554023809524,22,84310,11.0,13.5,1,694.8869047619048,4,19.2,43,0.2,1,2024,0.0290212965639942,0,0,0,0,0,0,0,1,0,0,0.08272047757884077,TN (léger détecté)
0,0,0,10,1.928943273809524,22,57934,11.0,13.5,1,489.9107142857143,4,19.2,43,0.2,1,2024,0.0039293158973239,0,0,0,0,0,0,0,1,0,0,0.03398427176575272,TN (léger détecté)
0,0,0,10,1.928943273809524,22,57934,11.0,13.5,1,489.9107142857143,4,19.2,43,0.2,1,2024,0.0039293158973239,0,0,0,0,0,0,0,1,0,0,0.03398427176575272,TN (léger détecté)
1,0,0,10,3.96222,21,35837,16.3,17.2,0,309.4791666666667,4,21.6,43,2.6,0,2024,0.0123555077973465,0,0,0,1,0,0,0,0,0,0,0.046961654171531184,TN (léger détecté)
1,0,0,10,3.96222,21,35837,16.3,17.2,0,309.4791666666667,4,21.6,43,2.6,0,2024,0.0123555077973465,0,0,0,1,0,0,0,0,0,0,0.046961654171531184,TN (léger détecté)
0,0,0,10,3.96222,22,48784,11.0,13.5,1,309.4791666666667,4,19.2,43,0.2,0,2024,0.0123555077973465,0,0,0,0,0,0,0,1,0,0,0.05110426423885256,TN (léger détecté)
0,0,0,10,3.96222,22,48784,11.0,13.5,1,309.4791666666667,4,19.2,43,0.2,0,2024,0.0123555077973465,0,0,0,0,0,0,0,1,0,1,0.05110426423885256,FN (grave RATÉ)
0,0,0,10,3.96222,22,48784,11.0,13.5,1,309.4791666666667,4,19.2,43,0.2,0,2024,0.0123555077973465,0,0,0,0,0,0,0,1,0,0,0.05110426423885256,TN (léger détecté)
0,0,0,10,3.96222,22,48784,11.0,13.5,1,309.4791666666667,4,19.2,43,0.2,0,2024,0.0123555077973465,0,0,0,0,0,0,0,1,0,0,0.05110426423885256,TN (léger détecté)
0,0,0,10,3.96222,22,48784,11.0,13.5,1,309.4791666666667,4,19.2,43,0.2,0,2024,0.0123555077973465,0,0,0,0,0,0,0,1,0,0,0.05110426423885256,TN (léger détecté)
0,0,0,10,3.96222,22,48784,11.0,13.5,1,309.4791666666667,4,19.2,43,0.2,0,2024,0.0123555077973465,0,0,0,0,0,0,0,1,0,0,0.05110426423885256,TN (léger détecté)
0,0,0,10,3.96222,22,15207,11.0,13.5,1,309.4791666666667,4,19.2,43,0.2,0,2024,0.0123555077973465,0,0,0,0,0,0,0,1,0,0,0.03916143137319197,TN (léger détecté)
0,1,0,10,3.96222,20,32386,11.7,16.3,6,309.4791666666667,4,19.2,42,0.0,0,2024,0.0123555077973465,0,0,0,0,0,1,0,0,0,0,0.08923444739250089,TN (léger détecté)
0,1,0,10,3.96222,20,32386,11.7,16.3,6,309.4791666666667,4,19.2,42,0.0,0,2024,0.0123555077973465,0,0,0,0,0,1,0,0,0,0,0.08923444739250089,TN (léger détecté)
1,0,0,11,3.96222,27,138907,8.5,11.2,2,309.4791666666667,4,14.1,48,2.0,0,2024,0.0123555077973465,0,0,0,0,0,0,0,0,1,0,0.04817562367074378,TN (léger détecté)
1,0,0,11,3.96222,27,138907,8.5,11.2,2,309.4791666666667,4,14.1,48,2.0,0,2024,0.0123555077973465,0,0,0,0,0,0,0,0,1,0,0.04817562367074378,TN (léger détecté)
1,0,0,11,3.96222,27,138907,8.5,11.2,2,309.4791666666667,4,14.1,48,2.0,0,2024,0.0123555077973465,0,0,0,0,0,0,0,0,1,0,0.04817562367074378,TN (léger détecté)
1,0,0,11,3.96222,27,138907,8.5,11.2,2,309.4791666666667,4,14.1,48,2.0,0,2024,0.0123555077973465,0,0,0,0,0,0,0,0,1,0,0.04817562367074378,TN (léger détecté)
1,0,0,11,3.96222,27,161450,8.5,11.2,2,309.4791666666667,4,14.1,48,2.0,0,2024,0.0123555077973465,0,0,0,0,0,0,0,0,1,0,0.048602453274867806,TN (léger détecté)
1,0,0,11,3.96222,27,161450,8.5,11.2,2,309.4791666666667,4,14.1,48,2.0,0,2024,0.0123555077973465,0,0,0,0,0,0,0,0,1,0,0.048602453274867806,TN (léger détecté)
1,0,0,11,3.96222,27,161450,8.5,11.2,2,309.4791666666667,4,14.1,48,2.0,0,2024,0.0123555077973465,0,0,0,0,0,0,0,0,1,0,0.048602453274867806,TN (léger détecté)
1,0,0,11,6.615955176767677,27,183839,8.5,11.2,2,381.9166666666666,4,14.1,48,2.0,1,2024,0.0172777937151713,0,0,0,0,0,0,0,0,1,0,0.036623596167949066,TN (léger détecté)
1,0,0,11,6.615955176767677,27,183839,8.5,11.2,2,381.9166666666666,4,14.1,48,2.0,1,2024,0.0172777937151713,0,0,0,0,0,0,0,0,1,0,0.036623596167949066,TN (léger détecté)
1,0,0,11,14.608333333333334,27,160526,8.5,11.2,2,3364.9065656565654,4,14.1,48,2.0,1,2024,0.0043400887839213,0,0,0,0,0,0,0,0,1,0,0.1010149124019907,TN (léger détecté)
1,0,0,11,14.608333333333334,27,160526,8.5,11.2,2,3364.9065656565654,4,14.1,48,2.0,1,2024,0.0043400887839213,0,0,0,0,0,0,0,0,1,0,0.1010149124019907,TN (léger détecté)
0,0,0,11,3.96222,28,161450,6.1,7.1,3,309.4791666666667,4,11.3,48,0.2,0,2024,0.0123555077973465,0,0,0,0,0,0,1,0,0,0,0.13266058830338537,FP (fausse alerte)
0,0,0,11,3.96222,28,161450,6.1,7.1,3,309.4791666666667,4,11.3,48,0.2,0,2024,0.0123555077973465,0,0,0,0,0,0,1,0,0,0,0.13266058830338537,FP (fausse alerte)
0,0,0,11,3.96222,28,231476,6.1,7.1,3,309.4791666666667,4,11.3,48,0.2,0,2024,0.0123555077973465,0,0,0,0,0,0,1,0,0,0,0.15196032668407314,FP (fausse alerte)
0,0,0,11,3.96222,28,231476,6.1,7.1,3,309.4791666666667,4,11.3,48,0.2,0,2024,0.0123555077973465,0,0,0,0,0,0,1,0,0,0,0.15196032668407314,FP (fausse alerte)
0,0,0,11,15.909342095959598,28,231476,6.1,7.1,3,304.97222222222223,4,11.3,48,0.2,0,2024,0.0519960340857508,0,0,0,0,0,0,1,0,0,0,0.3363922329658705,FP (fausse alerte)
0,0,0,11,15.909342095959598,28,231476,6.1,7.1,3,304.97222222222223,4,11.3,48,0.2,0,2024,0.0519960340857508,0,0,0,0,0,0,1,0,0,0,0.3363922329658705,FP (fausse alerte)
0,0,0,11,0.4128717676767676,28,182347,6.1,7.1,3,60.61868686868687,4,11.3,48,0.2,0,2024,0.0067004311298717,0,0,0,0,0,0,1,0,0,0,0.0787965373050091,TN (léger détecté)
0,0,0,11,0.4128717676767676,28,182347,6.1,7.1,3,60.61868686868687,4,11.3,48,0.2,0,2024,0.0067004311298717,0,0,0,0,0,0,1,0,0,0,0.0787965373050091,TN (léger détecté)
1,0,0,11,2.258857601010101,27,182347,8.5,11.2,2,256.4343434343434,4,14.1,48,2.0,0,2024,0.0087744998234324,0,0,0,0,0,0,0,0,1,0,0.029433960273603173,TN (léger détecté)
1,0,0,11,2.258857601010101,27,182347,8.5,11.2,2,256.4343434343434,4,14.1,48,2.0,0,2024,0.0087744998234324,0,0,0,0,0,0,0,0,1,0,0.029433960273603173,TN (léger détecté)
0,0,0,11,12.377365732323232,28,57934,6.1,7.1,3,411.6868686868687,4,11.3,48,0.2,1,2024,0.0299921482156843,0,0,0,0,0,0,1,0,0,0,0.07925826165795016,TN (léger détecté)
0,0,0,11,12.377365732323232,28,57934,6.1,7.1,3,411.6868686868687,4,11.3,48,0.2,1,2024,0.0299921482156843,0,0,0,0,0,0,1,0,0,0,0.07925826165795016,TN (léger détecté)
1,0,0,11,3.96222,27,35837,8.5,11.2,2,309.4791666666667,4,14.1,48,2.0,0,2024,0.0123555077973465,0,0,0,0,0,0,0,0,1,0,0.05877491643415896,TN (léger détecté)
1,0,0,11,3.96222,27,35837,8.5,11.2,2,309.4791666666667,4,14.1,48,2.0,0,2024,0.0123555077973465,0,0,0,0,0,0,0,0,1,0,0.05877491643415896,TN (léger détecté)
0,0,0,11,10.12997952020202,28,48784,6.1,7.1,3,643.9848484848485,4,11.3,48,0.2,1,2024,0.0157057635446764,0,0,0,0,0,0,1,0,0,0,0.05578606408071502,TN (léger détecté)
0,0,0,11,3.96222,26,27547,8.5,9.4,1,309.4791666666667,4,11.7,48,0.2,0,2024,0.0123555077973465,0,0,0,0,0,0,0,1,0,0,0.11128260947860949,FP (fausse alerte)
0,0,0,11,3.96222,26,27547,8.5,9.4,1,309.4791666666667,4,11.7,48,0.2,0,2024,0.0123555077973465,0,0,0,0,0,0,0,1,0,0,0.11128260947860949,FP (fausse alerte)
0,0,0,10,4.932553988095238,24,55932,8.3,13.3,3,189.82142857142856,4,20.2,43,0.2,0,2024,0.0258490570216482,0,0,0,0,0,0,1,0,0,0,0.03647096405793644,TN (léger détecté)
0,0,0,10,4.932553988095238,24,55932,8.3,13.3,3,189.82142857142856,4,20.2,43,0.2,0,2024,0.0258490570216482,0,0,0,0,0,0,1,0,0,0,0.03647096405793644,TN (léger détecté)
1,0,0,10,3.96222,21,160526,16.3,17.2,0,309.4791666666667,4,21.6,43,2.6,0,2024,0.0123555077973465,0,0,0,1,0,0,0,0,0,0,0.043447901411974646,TN (léger détecté)
1,0,0,10,3.96222,21,160526,16.3,17.2,0,309.4791666666667,4,21.6,43,2.6,0,2024,0.0123555077973465,0,0,0,1,0,0,0,0,0,0,0.043447901411974646,TN (léger détecté)
1,0,0,10,3.85667,21,35837,16.3,17.2,0,825.1904761904761,4,21.6,43,2.6,1,2024,0.0046680155619596,0,0,0,1,0,0,0,0,0,0,0.10060179216626935,TN (léger détecté)
1,0,0,10,4.1081754761904765,21,35837,16.3,17.2,0,102.22619047619048,4,21.6,43,2.6,0,2024,0.0397978018682966,0,0,0,1,0,0,0,0,0,0,0.04630150966947789,TN (léger détecté)
1,0,0,10,4.1081754761904765,21,35837,16.3,17.2,0,102.22619047619048,4,21.6,43,2.6,0,2024,0.0397978018682966,0,0,0,1,0,0,0,0,0,0,0.04630150966947789,TN (léger détecté)
1,0,0,10,3.96222,21,48784,16.3,17.2,0,309.4791666666667,4,21.6,43,2.6,0,2024,0.0123555077973465,0,0,0,1,0,0,0,0,0,0,0.045104218752847564,TN (léger détecté)
1,0,0,10,3.96222,21,48784,16.3,17.2,0,309.4791666666667,4,21.6,43,2.6,0,2024,0.0123555077973465,0,0,0,1,0,0,0,0,0,0,0.045104218752847564,TN (léger détecté)
1,0,0,10,3.96222,21,15207,16.3,17.2,0,309.4791666666667,4,21.6,43,2.6,0,2024,0.0123555077973465,0,0,0,1,0,0,0,0,0,0,0.02823722878637986,TN (léger détecté)
0,1,0,10,3.96222,20,138907,11.7,16.3,6,309.4791666666667,4,19.2,42,0.0,0,2024,0.0123555077973465,0,0,0,0,0,1,0,0,0,0,0.08031920575499114,TN (léger détecté)
0,1,0,10,3.96222,20,138907,11.7,16.3,6,309.4791666666667,4,19.2,42,0.0,0,2024,0.0123555077973465,0,0,0,0,0,1,0,0,0,0,0.08031920575499114,TN (léger détecté)
0,1,0,10,3.96222,20,138907,11.7,16.3,6,309.4791666666667,4,19.2,42,0.0,0,2024,0.0123555077973465,0,0,0,0,0,1,0,0,0,0,0.08031920575499114,TN (léger détecté)
0,1,0,10,3.96222,20,138907,11.7,16.3,6,309.4791666666667,4,19.2,42,0.0,0,2024,0.0123555077973465,0,0,0,0,0,1,0,0,0,0,0.08031920575499114,TN (léger détecté)
0,1,0,10,3.96222,20,138907,11.7,16.3,6,309.4791666666667,4,19.2,42,0.0,0,2024,0.0123555077973465,0,0,0,0,0,1,0,0,0,0,0.08031920575499114,TN (léger détecté)
1,1,0,10,3.96222,19,183839,11.7,14.0,5,309.4791666666667,4,17.3,42,3.2,0,2024,0.0123555077973465,0,0,0,0,1,0,0,0,0,0,0.03836115667895414,TN (léger détecté)
1,1,0,10,3.96222,19,183839,11.7,14.0,5,309.4791666666667,4,17.3,42,3.2,0,2024,0.0123555077973465,0,0,0,0,1,0,0,0,0,0,0.03836115667895414,TN (léger détecté)
1,1,0,10,3.96222,19,138907,11.7,14.0,5,309.4791666666667,4,17.3,42,3.2,0,2024,0.0123555077973465,0,0,0,0,1,0,0,0,0,0,0.0307148643662405,TN (léger détecté)
1,1,0,10,3.96222,19,138907,11.7,14.0,5,309.4791666666667,4,17.3,42,3.2,0,2024,0.0123555077973465,0,0,0,0,1,0,0,0,0,0,0.0307148643662405,TN (léger détecté)
1,1,0,10,3.96222,19,138907,11.7,14.0,5,309.4791666666667,4,17.3,42,3.2,0,2024,0.0123555077973465,0,0,0,0,1,0,0,0,0,0,0.0307148643662405,TN (léger détecté)
0,1,0,10,1.31339375,20,185914,11.7,16.3,6,197.80357142857144,4,19.2,42,0.0,0,2024,0.0066064897152609,0,0,0,0,0,1,0,0,0,0,0.18088782728751368,FP (fausse alerte)
0,1,0,10,1.31339375,20,185914,11.7,16.3,6,197.80357142857144,4,19.2,42,0.0,0,2024,0.0066064897152609,0,0,0,0,0,1,0,0,0,0,0.18088782728751368,FP (fausse alerte)
1,1,0,10,7.236281130952381,19,179566,11.7,14.0,5,416.3333333333333,4,17.3,42,3.2,1,2024,0.0173393317834322,0,0,0,0,1,0,0,0,0,0,0.023237132409858075,TN (léger détecté)
1,1,0,10,7.236281130952381,19,179566,11.7,14.0,5,416.3333333333333,4,17.3,42,3.2,1,2024,0.0173393317834322,0,0,0,0,1,0,0,0,0,0,0.023237132409858075,TN (léger détecté)
0,1,0,10,0.7547567261904762,20,161450,11.7,16.3,6,221.79166666666663,4,19.2,42,0.0,0,2024,0.0033877242245317,0,0,0,0,0,1,0,0,0,0,0.1827747342240945,FP (fausse alerte)
0,1,0,10,0.7547567261904762,20,161450,11.7,16.3,6,221.79166666666663,4,19.2,42,0.0,0,2024,0.0033877242245317,0,0,0,0,0,1,0,0,0,0,0.1827747342240945,FP (fausse alerte)
0,1,0,10,0.7547567261904762,20,161450,11.7,16.3,6,221.79166666666663,4,19.2,42,0.0,0,2024,0.0033877242245317,0,0,0,0,0,1,0,0,0,0,0.1827747342240945,FP (fausse alerte)
0,1,0,10,3.96222,20,231476,11.7,16.3,6,309.4791666666667,4,19.2,42,0.0,0,2024,0.0123555077973465,0,0,0,0,0,1,0,0,0,0,0.07477555408118701,TN (léger détecté)
0,1,0,10,3.96222,20,231476,11.7,16.3,6,309.4791666666667,4,19.2,42,0.0,0,2024,0.0123555077973465,0,0,0,0,0,1,0,0,0,0,0.07477555408118701,TN (léger détecté)
0,1,0,10,10.98557,20,231476,11.7,16.3,6,325.6547619047619,4,19.2,42,0.0,1,2024,0.0336305215204635,0,0,0,0,0,1,0,0,0,0,0.07729053176131145,TN (léger détecté)
0,1,0,10,10.98557,20,231476,11.7,16.3,6,325.6547619047619,4,19.2,42,0.0,1,2024,0.0336305215204635,0,0,0,0,0,1,0,0,0,0,0.07729053176131145,TN (léger détecté)
0,1,0,10,4.06334,20,182347,11.7,16.3,6,419.3154761904762,4,19.2,42,0.0,1,2024,0.0096673575687196,0,0,0,0,0,1,0,0,0,0,0.09995805208486841,TN (léger détecté)
0,1,0,10,4.06334,20,182347,11.7,16.3,6,419.3154761904762,4,19.2,42,0.0,1,2024,0.0096673575687196,0,0,0,0,0,1,0,0,0,0,0.09995805208486841,TN (léger détecté)
0,1,0,10,4.06334,20,84310,11.7,16.3,6,1054.2440476190477,4,19.2,42,0.0,1,2024,0.003850616366108,0,0,0,0,0,1,0,0,0,0,0.06973197202861561,TN (léger détecté)
0,1,0,10,4.06334,20,84310,11.7,16.3,6,1054.2440476190477,4,19.2,42,0.0,1,2024,0.003850616366108,0,0,0,0,0,1,0,0,0,0,0.06973197202861561,TN (léger détecté)
1,0,0,11,5.105084469696969,27,185914,8.5,11.2,2,202.07828282828285,4,14.1,48,2.0,0,2024,0.025138505203994,0,0,0,0,0,0,0,0,1,0,0.09059738562947747,TN (léger détecté)
1,0,0,11,5.105084469696969,27,185914,8.5,11.2,2,202.07828282828285,4,14.1,48,2.0,0,2024,0.025138505203994,0,0,0,0,0,0,0,0,1,0,0.09059738562947747,TN (léger détecté)
0,0,0,11,3.96222,26,185914,8.5,9.4,1,309.4791666666667,4,11.7,48,0.2,0,2024,0.0123555077973465,0,0,0,0,0,0,0,1,0,0,0.14414469123415843,FP (fausse alerte)
0,0,0,11,3.96222,26,185914,8.5,9.4,1,309.4791666666667,4,11.7,48,0.2,0,2024,0.0123555077973465,0,0,0,0,0,0,0,1,0,0,0.14414469123415843,FP (fausse alerte)
1,0,0,11,2.89917,27,183839,8.5,11.2,2,53.68434343434343,4,14.1,48,2.0,0,2024,0.0530164543985222,0,0,0,0,0,0,0,0,1,0,0.03232363650294348,TN (léger détecté)
1,0,0,11,2.89917,27,183839,8.5,11.2,2,53.68434343434343,4,14.1,48,2.0,0,2024,0.0530164543985222,0,0,0,0,0,0,0,0,1,0,0.03232363650294348,TN (léger détecté)
1,0,0,11,3.96222,27,160526,8.5,11.2,2,309.4791666666667,4,14.1,48,2.0,0,2024,0.0123555077973465,0,0,0,0,0,0,0,0,1,0,0.049486748300792166,TN (léger détecté)
1,0,0,11,3.96222,27,160526,8.5,11.2,2,309.4791666666667,4,14.1,48,2.0,0,2024,0.0123555077973465,0,0,0,0,0,0,0,0,1,0,0.049486748300792166,TN (léger détecté)
1,0,0,11,3.96222,27,160526,8.5,11.2,2,309.4791666666667,4,14.1,48,2.0,0,2024,0.0123555077973465,0,0,0,0,0,0,0,0,1,0,0.049486748300792166,TN (léger détecté)
1,0,0,11,3.96222,27,160526,8.5,11.2,2,309.4791666666667,4,14.1,48,2.0,0,2024,0.0123555077973465,0,0,0,0,0,0,0,0,1,0,0.049486748300792166,TN (léger détecté)
0,0,0,11,3.96222,26,160526,8.5,9.4,1,309.4791666666667,4,11.7,48,0.2,0,2024,0.0123555077973465,0,0,0,0,0,0,0,1,0,0,0.07040374157121142,TN (léger détecté)
0,0,0,11,3.96222,26,160526,8.5,9.4,1,309.4791666666667,4,11.7,48,0.2,0,2024,0.0123555077973465,0,0,0,0,0,0,0,1,0,0,0.07040374157121142,TN (léger détecté)
1,0,0,11,3.96222,27,138887,8.5,11.2,2,309.4791666666667,4,14.1,48,2.0,0,2024,0.0123555077973465,0,0,0,0,0,0,0,0,1,0,0.0476492162820983,TN (léger détecté)
1,0,0,11,3.96222,27,138887,8.5,11.2,2,309.4791666666667,4,14.1,48,2.0,0,2024,0.0123555077973465,0,0,0,0,0,0,0,0,1,0,0.0476492162820983,TN (léger détecté)
1,0,0,11,1.7993441414141418,27,84310,8.5,11.2,2,394.50505050505046,4,14.1,48,2.0,1,2024,0.0045494846124377,0,0,0,0,0,0,0,0,1,0,0.03347577344652126,TN (léger détecté)
1,0,0,11,1.7993441414141418,27,84310,8.5,11.2,2,394.50505050505046,4,14.1,48,2.0,1,2024,0.0045494846124377,0,0,0,0,0,0,0,0,1,0,0.03347577344652126,TN (léger détecté)
1,0,0,11,12.377365732323232,27,57934,8.5,11.2,2,411.6868686868687,4,14.1,48,2.0,1,2024,0.0299921482156843,0,0,0,0,0,0,0,0,1,0,0.041545222114920476,TN (léger détecté)
1,0,0,11,12.377365732323232,27,57934,8.5,11.2,2,411.6868686868687,4,14.1,48,2.0,1,2024,0.0299921482156843,0,0,0,0,0,0,0,0,1,0,0.041545222114920476,TN (léger détecté)
1,0,0,11,3.96222,27,35837,8.5,11.2,2,309.4791666666667,4,14.1,48,2.0,0,2024,0.0123555077973465,0,0,0,0,0,0,0,0,1,0,0.05877491643415896,TN (léger détecté)
1,0,0,11,3.96222,27,35837,8.5,11.2,2,309.4791666666667,4,14.1,48,2.0,0,2024,0.0123555077973465,0,0,0,0,0,0,0,0,1,0,0.05877491643415896,TN (léger détecté)
1,0,0,11,3.6681286111111113,27,35837,8.5,11.2,2,79.40151515151516,4,14.1,48,2.0,0,2024,0.0456226304218097,0,0,0,0,0,0,0,0,1,0,0.13222987619033097,FP (fausse alerte)
1,0,0,11,3.6681286111111113,27,35837,8.5,11.2,2,79.40151515151516,4,14.1,48,2.0,0,2024,0.0456226304218097,0,0,0,0,0,0,0,0,1,0,0.13222987619033097,FP (fausse alerte)
1,0,0,11,3.6681286111111113,27,35837,8.5,11.2,2,79.40151515151516,4,14.1,48,2.0,0,2024,0.0456226304218097,0,0,0,0,0,0,0,0,1,0,0.13222987619033097,FP (fausse alerte)
0,0,0,11,10.12997952020202,26,48784,8.5,9.4,1,643.9848484848485,4,11.7,48,0.2,1,2024,0.0157057635446764,0,0,0,0,0,0,0,1,0,0,0.048664405545095255,TN (léger détecté)
0,0,0,11,10.12997952020202,26,48784,8.5,9.4,1,643.9848484848485,4,11.7,48,0.2,1,2024,0.0157057635446764,0,0,0,0,0,0,0,1,0,0,0.048664405545095255,TN (léger détecté)
0,0,0,11,6.531225782828283,26,15207,8.5,9.4,1,249.1969696969697,4,11.7,48,0.2,0,2024,0.0261043360786451,0,0,0,0,0,0,0,1,0,0,0.06901070221450017,TN (léger détecté)
0,0,0,11,6.531225782828283,26,15207,8.5,9.4,1,249.1969696969697,4,11.7,48,0.2,0,2024,0.0261043360786451,0,0,0,0,0,0,0,1,0,0,0.06901070221450017,TN (léger détecté)
0,0,0,11,2.89917,26,19979,8.5,9.4,1,694.6287878787879,4,11.7,48,0.2,1,2024,0.0041676969822375,0,0,0,0,0,0,0,1,0,0,0.043940685069193776,TN (léger détecté)
0,0,0,11,2.89917,26,19979,8.5,9.4,1,694.6287878787879,4,11.7,48,0.2,1,2024,0.0041676969822375,0,0,0,0,0,0,0,1,0,0,0.043940685069193776,TN (léger détecté)
0,0,0,11,3.96222,26,15207,8.5,9.4,1,309.4791666666667,4,11.7,48,0.2,0,2024,0.0123555077973465,0,0,0,0,0,0,0,1,0,0,0.05121679414946894,TN (léger détecté)
0,0,0,11,3.96222,26,15207,8.5,9.4,1,309.4791666666667,4,11.7,48,0.2,0,2024,0.0123555077973465,0,0,0,0,0,0,0,1,0,1,0.05121679414946894,FN (grave RATÉ)
0,1,0,11,3.96222,24,138907,9.2,15.3,6,309.4791666666667,4,17.6,47,0.2,0,2024,0.0123555077973465,0,0,0,0,0,1,0,0,0,0,0.05108635212490239,TN (léger détecté)
0,1,0,11,3.96222,24,138907,9.2,15.3,6,309.4791666666667,4,17.6,47,0.2,0,2024,0.0123555077973465,0,0,0,0,0,1,0,0,0,0,0.05108635212490239,TN (léger détecté)
1,0,0,11,3.96222,18,160526,8.3,10.3,0,309.4791666666667,4,12.0,47,5.6,0,2024,0.0123555077973465,0,0,0,1,0,0,0,0,0,0,0.028093938165351016,TN (léger détecté)
1,0,0,11,3.96222,18,160526,8.3,10.3,0,309.4791666666667,4,12.0,47,5.6,0,2024,0.0123555077973465,0,0,0,1,0,0,0,0,0,0,0.028093938165351016,TN (léger détecté)
1,0,0,11,3.96222,19,48784,8.8,10.6,1,309.4791666666667,4,12.9,47,18.7,0,2024,0.0123555077973465,0,0,0,0,0,0,0,1,0,1,0.03745364020411701,FN (grave RATÉ)
1,0,0,11,0.0,18,161450,8.3,10.3,0,0.0,4,12.0,47,5.6,0,2024,0.0,0,0,0,1,0,0,0,0,0,0,0.2571853694359857,FP (fausse alerte)
1,0,0,11,2.949073333333333,19,48784,8.8,10.6,1,459.3333333333333,4,12.9,47,18.7,1,2024,0.0064063866763215,0,0,0,0,0,0,0,1,0,1,0.03278762385497941,FN (grave RATÉ)
1,0,0,11,2.949073333333333,19,48784,8.8,10.6,1,459.3333333333333,4,12.9,47,18.7,1,2024,0.0064063866763215,0,0,0,0,0,0,0,1,0,0,0.03278762385497941,TN (léger détecté)
0,1,0,10,3.96222,20,57934,11.7,16.3,6,309.4791666666667,4,19.2,42,0.0,0,2024,0.0123555077973465,0,0,0,0,0,1,0,0,0,0,0.07310140760381184,TN (léger détecté)
0,1,0,10,3.96222,20,57934,11.7,16.3,6,309.4791666666667,4,19.2,42,0.0,0,2024,0.0123555077973465,0,0,0,0,0,1,0,0,0,0,0.07310140760381184,TN (léger détecté)
1,1,0,10,5.130645833333333,19,48784,11.7,14.0,5,564.0119047619048,4,17.3,42,3.2,1,2024,0.0090805977539453,0,0,0,0,1,0,0,0,0,0,0.022185965331512923,TN (léger détecté)
1,1,0,10,5.130645833333333,19,48784,11.7,14.0,5,564.0119047619048,4,17.3,42,3.2,1,2024,0.0090805977539453,0,0,0,0,1,0,0,0,0,0,0.022185965331512923,TN (léger détecté)
0,1,0,10,3.96222,20,15207,11.7,16.3,6,309.4791666666667,4,19.2,42,0.0,0,2024,0.0123555077973465,0,0,0,0,0,1,0,0,0,0,0.04819508864076027,TN (léger détecté)
0,1,0,10,3.96222,20,15207,11.7,16.3,6,309.4791666666667,4,19.2,42,0.0,0,2024,0.0123555077973465,0,0,0,0,0,1,0,0,0,0,0.04819508864076027,TN (léger détecté)
1,1,0,10,3.96222,19,32386,11.7,14.0,5,309.4791666666667,4,17.3,42,3.2,0,2024,0.0123555077973465,0,0,0,0,1,0,0,0,0,1,0.03430853277572228,FN (grave RATÉ)
1,1,0,10,1.8418831547619048,19,179566,11.7,14.0,5,56.85119047619048,4,17.3,42,3.2,0,2024,0.0318382930342627,0,0,0,0,1,0,0,0,0,0,0.011438041663673964,TN (léger détecté)
1,1,0,10,1.8418831547619048,19,179566,11.7,14.0,5,56.85119047619048,4,17.3,42,3.2,0,2024,0.0318382930342627,0,0,0,0,1,0,0,0,0,0,0.011438041663673964,TN (léger détecté)
1,1,0,10,1.8418831547619048,19,179566,11.7,14.0,5,56.85119047619048,4,17.3,42,3.2,0,2024,0.0318382930342627,0,0,0,0,1,0,0,0,0,0,0.011438041663673964,TN (léger détecté)
1,1,0,10,4.06334,19,138907,11.7,14.0,5,181.42261904761904,4,17.3,42,3.2,0,2024,0.0222743211407315,0,0,0,0,1,0,0,0,0,0,0.028179633308757016,TN (léger détecté)
1,1,0,10,4.06334,19,138907,11.7,14.0,5,181.42261904761904,4,17.3,42,3.2,0,2024,0.0222743211407315,0,0,0,0,1,0,0,0,0,0,0.028179633308757016,TN (léger détecté)
1,1,0,10,4.299802857142858,19,138887,11.7,14.0,5,169.76785714285714,4,17.3,42,3.2,0,2024,0.0251792282756457,0,0,0,0,1,0,0,0,0,0,0.032895961891869406,TN (léger détecté)
1,1,0,10,4.299802857142858,19,138887,11.7,14.0,5,169.76785714285714,4,17.3,42,3.2,0,2024,0.0251792282756457,0,0,0,0,1,0,0,0,0,0,0.032895961891869406,TN (léger détecté)
1,1,0,10,4.299802857142858,19,138887,11.7,14.0,5,169.76785714285714,4,17.3,42,3.2,0,2024,0.0251792282756457,0,0,0,0,1,0,0,0,0,0,0.032895961891869406,TN (léger détecté)
1,1,0,10,4.299802857142858,19,138887,11.7,14.0,5,169.76785714285714,4,17.3,42,3.2,0,2024,0.0251792282756457,0,0,0,0,1,0,0,0,0,0,0.032895961891869406,TN (léger détecté)
1,1,0,10,4.299802857142858,19,138887,11.7,14.0,5,169.76785714285714,4,17.3,42,3.2,0,2024,0.0251792282756457,0,0,0,0,1,0,0,0,0,0,0.032895961891869406,TN (léger détecté)
1,1,0,10,4.299802857142858,19,138887,11.7,14.0,5,169.76785714285714,4,17.3,42,3.2,0,2024,0.0251792282756457,0,0,0,0,1,0,0,0,0,0,0.032895961891869406,TN (léger détecté)
1,1,0,10,2.1294876785714285,19,138887,11.7,14.0,5,149.70833333333334,4,17.3,42,3.2,0,2024,0.0141298601840515,0,0,0,0,1,0,0,0,0,0,0.010061347783574362,TN (léger détecté)
1,1,0,10,2.1294876785714285,19,138887,11.7,14.0,5,149.70833333333334,4,17.3,42,3.2,0,2024,0.0141298601840515,0,0,0,0,1,0,0,0,0,0,0.010061347783574362,TN (léger détecté)
1,1,0,10,2.1294876785714285,19,138887,11.7,14.0,5,149.70833333333334,4,17.3,42,3.2,0,2024,0.0141298601840515,0,0,0,0,1,0,0,0,0,0,0.010061347783574362,TN (léger détecté)
1,1,0,10,23.18626113095238,19,84310,11.7,14.0,5,689.5059523809524,4,17.3,42,3.2,1,2024,0.0335786549717684,0,0,0,0,1,0,0,0,0,0,0.02019870102134901,TN (léger détecté)
1,1,0,10,3.96222,19,57934,11.7,14.0,5,309.4791666666667,4,17.3,42,3.2,0,2024,0.0123555077973465,0,0,0,0,1,0,0,0,0,0,0.02915060631896364,TN (léger détecté)
1,1,0,10,3.96222,19,57934,11.7,14.0,5,309.4791666666667,4,17.3,42,3.2,0,2024,0.0123555077973465,0,0,0,0,1,0,0,0,0,0,0.02915060631896364,TN (léger détecté)
0,0,0,11,3.96222,26,185914,8.5,9.4,1,309.4791666666667,4,11.7,48,0.2,0,2024,0.0123555077973465,0,0,0,0,0,0,0,1,0,0,0.14414469123415843,FP (fausse alerte)
0,0,0,11,3.96222,26,185914,8.5,9.4,1,309.4791666666667,4,11.7,48,0.2,0,2024,0.0123555077973465,0,0,0,0,0,0,0,1,0,0,0.14414469123415843,FP (fausse alerte)
0,0,0,11,2.541510555555556,26,179566,8.5,9.4,1,258.1338383838384,4,11.7,48,0.2,0,2024,0.0098077139265423,0,0,0,0,0,0,0,1,0,0,0.03734063716125881,TN (léger détecté)
0,0,0,11,2.541510555555556,26,179566,8.5,9.4,1,258.1338383838384,4,11.7,48,0.2,0,2024,0.0098077139265423,0,0,0,0,0,0,0,1,0,0,0.03734063716125881,TN (léger détecté)
0,0,0,11,8.958436565656564,26,160526,8.5,9.4,1,375.6414141414142,4,11.7,48,0.2,1,2024,0.0237850545088836,0,0,0,0,0,0,0,1,0,1,0.08464804958649243,FN (grave RATÉ)
0,0,0,11,8.958436565656564,26,160526,8.5,9.4,1,375.6414141414142,4,11.7,48,0.2,1,2024,0.0237850545088836,0,0,0,0,0,0,0,1,0,0,0.08464804958649243,TN (léger détecté)
0,0,0,11,8.958436565656564,26,160526,8.5,9.4,1,375.6414141414142,4,11.7,48,0.2,1,2024,0.0237850545088836,0,0,0,0,0,0,0,1,0,0,0.08464804958649243,TN (léger détecté)
0,0,0,11,3.96222,26,161450,8.5,9.4,1,309.4791666666667,4,11.7,48,0.2,0,2024,0.0123555077973465,0,0,0,0,0,0,0,1,0,0,0.06917287491300611,TN (léger détecté)
0,0,0,11,3.96222,26,161450,8.5,9.4,1,309.4791666666667,4,11.7,48,0.2,0,2024,0.0123555077973465,0,0,0,0,0,0,0,1,0,0,0.06917287491300611,TN (léger détecté)
0,0,0,11,2.89917,26,182347,8.5,9.4,1,103.55555555555556,4,11.7,48,0.2,0,2024,0.0277285122210414,0,0,0,0,0,0,0,1,0,0,0.0366860380631028,TN (léger détecté)
0,0,0,11,2.89917,26,182347,8.5,9.4,1,103.55555555555556,4,11.7,48,0.2,0,2024,0.0277285122210414,0,0,0,0,0,0,0,1,0,0,0.0366860380631028,TN (léger détecté)
1,0,0,11,3.96222,25,138907,10.1,12.3,0,309.4791666666667,4,15.7,48,11.5,0,2024,0.0123555077973465,0,0,0,1,0,0,0,0,0,1,0.02987568457753641,FN (grave RATÉ)
1,0,0,11,3.96222,25,138907,10.1,12.3,0,309.4791666666667,4,15.7,48,11.5,0,2024,0.0123555077973465,0,0,0,1,0,0,0,0,0,1,0.02987568457753641,FN (grave RATÉ)
1,0,0,11,3.96222,25,138907,10.1,12.3,0,309.4791666666667,4,15.7,48,11.5,0,2024,0.0123555077973465,0,0,0,1,0,0,0,0,0,0,0.02987568457753641,TN (léger détecté)
1,0,0,11,3.96222,25,138907,10.1,12.3,0,309.4791666666667,4,15.7,48,11.5,0,2024,0.0123555077973465,0,0,0,1,0,0,0,0,0,0,0.02987568457753641,TN (léger détecté)
0,0,0,11,14.586830707070709,26,84310,8.5,9.4,1,601.4898989898991,4,11.7,48,0.2,1,2024,0.0242109132975111,0,0,0,0,0,0,0,1,0,0,0.06885510232828383,TN (léger détecté)
0,0,0,11,14.586830707070709,26,84310,8.5,9.4,1,601.4898989898991,4,11.7,48,0.2,1,2024,0.0242109132975111,0,0,0,0,0,0,0,1,0,0,0.06885510232828383,TN (léger détecté)
0,0,0,11,3.96222,26,57934,8.5,9.4,1,309.4791666666667,4,11.7,48,0.2,0,2024,0.0123555077973465,0,0,0,0,0,0,0,1,0,0,0.06521557125153322,TN (léger détecté)
0,0,0,11,3.96222,26,57934,8.5,9.4,1,309.4791666666667,4,11.7,48,0.2,0,2024,0.0123555077973465,0,0,0,0,0,0,0,1,0,0,0.06521557125153322,TN (léger détecté)
0,0,0,11,3.96222,26,35837,8.5,9.4,1,309.4791666666667,4,11.7,48,0.2,0,2024,0.0123555077973465,0,0,0,0,0,0,0,1,0,0,0.09715075519647223,TN (léger détecté)
0,0,0,11,3.96222,26,35837,8.5,9.4,1,309.4791666666667,4,11.7,48,0.2,0,2024,0.0123555077973465,0,0,0,0,0,0,0,1,0,0,0.09715075519647223,TN (léger détecté)
0,0,0,11,3.96222,26,48784,8.5,9.4,1,309.4791666666667,4,11.7,48,0.2,0,2024,0.0123555077973465,0,0,0,0,0,0,0,1,0,0,0.06403452927621872,TN (léger détecté)
0,0,0,11,3.96222,26,48784,8.5,9.4,1,309.4791666666667,4,11.7,48,0.2,0,2024,0.0123555077973465,0,0,0,0,0,0,0,1,0,0,0.06403452927621872,TN (léger détecté)
1,0,0,11,5.6181956818181815,25,32386,10.1,12.3,0,321.29292929292933,4,15.7,48,11.5,1,2024,0.017431954508415,0,0,0,1,0,0,0,0,0,0,0.020427452863294046,TN (léger détecté)
1,0,0,11,6.46102,19,41158,8.8,10.6,1,526.0,4,12.9,47,18.7,1,2024,0.01226,0,0,0,0,0,0,0,1,0,0,0.021157963134171814,TN (léger détecté)
1,0,0,11,6.46102,19,41158,8.8,10.6,1,526.0,4,12.9,47,18.7,1,2024,0.01226,0,0,0,0,0,0,0,1,0,0,0.021157963134171814,TN (léger détecté)
1,0,0,11,3.96222,18,41158,8.3,10.3,0,309.4791666666667,4,12.0,47,5.6,0,2024,0.0123555077973465,0,0,0,1,0,0,0,0,0,0,0.026813692610461126,TN (léger détecté)
1,0,0,11,1.53111,19,179566,8.8,10.6,1,127.5,4,12.9,47,18.7,0,2024,0.0119152529182879,0,0,0,0,0,0,0,1,0,0,0.02070128979639237,TN (léger détecté)
1,0,0,11,1.53111,19,179566,8.8,10.6,1,127.5,4,12.9,47,18.7,0,2024,0.0119152529182879,0,0,0,0,0,0,0,1,0,0,0.02070128979639237,TN (léger détecté)
1,0,0,11,1.53111,19,179566,8.8,10.6,1,127.5,4,12.9,47,18.7,0,2024,0.0119152529182879,0,0,0,0,0,0,0,1,0,0,0.02070128979639237,TN (léger détecté)
1,0,0,11,3.460463333333333,19,57934,8.8,10.6,1,114.5,4,12.9,47,18.7,0,2024,0.0299607215007214,0,0,0,0,0,0,0,1,0,0,0.03248440515399544,TN (léger détecté)
1,0,0,11,3.460463333333333,19,57934,8.8,10.6,1,114.5,4,12.9,47,18.7,0,2024,0.0299607215007214,0,0,0,0,0,0,0,1,0,0,0.03248440515399544,TN (léger détecté)
1,0,0,11,13.755743333333337,19,57934,8.8,10.6,1,232.66666666666663,4,12.9,47,18.7,0,2024,0.0588690870185449,0,0,0,0,0,0,0,1,0,0,0.14856875355447874,FP (fausse alerte)
1,0,0,11,13.755743333333337,19,57934,8.8,10.6,1,232.66666666666663,4,12.9,47,18.7,0,2024,0.0588690870185449,0,0,0,0,0,0,0,1,0,0,0.14856875355447874,FP (fausse alerte)
1,0,0,11,13.755743333333337,18,57934,8.3,10.3,0,232.66666666666663,4,12.0,47,5.6,0,2024,0.0588690870185449,0,0,0,1,0,0,0,0,0,0,0.09228038534594105,TN (léger détecté)
1,0,0,11,13.755743333333337,18,57934,8.3,10.3,0,232.66666666666663,4,12.0,47,5.6,0,2024,0.0588690870185449,0,0,0,1,0,0,0,0,0,0,0.09228038534594105,TN (léger détecté)
1,0,0,11,3.460463333333333,18,19979,8.3,10.3,0,114.5,4,12.0,47,5.6,0,2024,0.0299607215007214,0,0,0,1,0,0,0,0,0,0,0.020622890785337376,TN (léger détecté)
1,0,0,11,3.460463333333333,18,19979,8.3,10.3,0,114.5,4,12.0,47,5.6,0,2024,0.0299607215007214,0,0,0,1,0,0,0,0,0,0,0.020622890785337376,TN (léger détecté)
1,0,0,11,3.96222,19,185914,8.8,10.6,1,309.4791666666667,4,12.9,47,18.7,0,2024,0.0123555077973465,0,0,0,0,0,0,0,1,0,0,0.08940836842011152,TN (léger détecté)
1,0,0,11,3.96222,19,185914,8.8,10.6,1,309.4791666666667,4,12.9,47,18.7,0,2024,0.0123555077973465,0,0,0,0,0,0,0,1,0,0,0.08940836842011152,TN (léger détecté)
1,0,0,11,2.264353333333333,18,48784,8.3,10.3,0,265.8333333333333,4,12.0,47,5.6,0,2024,0.008486021236727,0,0,0,1,0,0,0,0,0,0,0.04842094415310708,TN (léger détecté)
1,0,0,11,2.264353333333333,18,48784,8.3,10.3,0,265.8333333333333,4,12.0,47,5.6,0,2024,0.008486021236727,0,0,0,1,0,0,0,0,0,0,0.04842094415310708,TN (léger détecté)
1,0,0,11,3.516018333333333,18,48784,8.3,10.3,0,628.3333333333334,4,12.0,47,5.6,1,2024,0.0055868935381355,0,0,0,1,0,0,0,0,0,0,0.017556284458789418,TN (léger détecté)
1,0,0,11,3.516018333333333,18,48784,8.3,10.3,0,628.3333333333334,4,12.0,47,5.6,1,2024,0.0055868935381355,0,0,0,1,0,0,0,0,0,0,0.017556284458789418,TN (léger détecté)
1,0,0,11,8.958436565656564,25,160526,10.1,12.3,0,375.6414141414142,4,15.7,48,11.5,1,2024,0.0237850545088836,0,0,0,1,0,0,0,0,0,0,0.03892067033235671,TN (léger détecté)
1,0,0,11,8.958436565656564,25,160526,10.1,12.3,0,375.6414141414142,4,15.7,48,11.5,1,2024,0.0237850545088836,0,0,0,1,0,0,0,0,0,0,0.03892067033235671,TN (léger détecté)
1,0,0,11,2.4164897727272727,25,161450,10.1,12.3,0,183.30050505050505,4,15.7,48,11.5,0,2024,0.0131116828576517,0,0,0,1,0,0,0,0,0,0,0.029111943409118574,TN (léger détecté)
1,0,0,11,2.4164897727272727,25,161450,10.1,12.3,0,183.30050505050505,4,15.7,48,11.5,0,2024,0.0131116828576517,0,0,0,1,0,0,0,0,0,0,0.029111943409118574,TN (léger détecté)
0,1,0,11,1.53111,24,161450,9.2,15.3,6,126.5,4,17.6,47,0.2,0,2024,0.0120087058823529,0,0,0,0,0,1,0,0,0,0,0.058552778079648024,TN (léger détecté)
0,1,0,11,1.53111,24,161450,9.2,15.3,6,126.5,4,17.6,47,0.2,0,2024,0.0120087058823529,0,0,0,0,0,1,0,0,0,0,0.058552778079648024,TN (léger détecté)
0,1,0,11,3.96222,24,161450,9.2,15.3,6,309.4791666666667,4,17.6,47,0.2,0,2024,0.0123555077973465,0,0,0,0,0,1,0,0,0,0,0.05153757403955215,TN (léger détecté)
0,1,0,11,3.96222,24,161450,9.2,15.3,6,309.4791666666667,4,17.6,47,0.2,0,2024,0.0123555077973465,0,0,0,0,0,1,0,0,0,0,0.05153757403955215,TN (léger détecté)
1,0,0,11,10.208343434343432,25,231476,10.1,12.3,0,158.30050505050502,4,15.7,48,11.5,0,2024,0.0640823042658085,0,0,0,1,0,0,0,0,0,0,0.02956471451483987,TN (léger détecté)
1,0,0,11,10.208343434343432,25,231476,10.1,12.3,0,158.30050505050502,4,15.7,48,11.5,0,2024,0.0640823042658085,0,0,0,1,0,0,0,0,0,0,0.02956471451483987,TN (léger détecté)
1,0,0,11,7.878155984848485,25,137426,10.1,12.3,0,242.30050505050508,4,15.7,48,11.5,0,2024,0.0323803519569887,0,0,0,1,0,0,0,0,0,0,0.02481531351771175,TN (léger détecté)
1,0,0,11,7.878155984848485,25,137426,10.1,12.3,0,242.30050505050508,4,15.7,48,11.5,0,2024,0.0323803519569887,0,0,0,1,0,0,0,0,0,0,0.02481531351771175,TN (léger détecté)
0,1,0,11,3.96222,23,137426,2.0,6.4,5,309.4791666666667,4,13.7,47,0.0,0,2024,0.0123555077973465,0,0,0,0,1,0,0,0,0,0,0.04358462297932249,TN (léger détecté)
1,0,0,11,2.99850047979798,25,138887,10.1,12.3,0,129.65151515151516,4,15.7,48,11.5,0,2024,0.0229503689744481,0,0,0,1,0,0,0,0,0,0,0.02413164428756834,TN (léger détecté)
1,0,0,11,2.99850047979798,25,138887,10.1,12.3,0,129.65151515151516,4,15.7,48,11.5,0,2024,0.0229503689744481,0,0,0,1,0,0,0,0,0,0,0.02413164428756834,TN (léger détecté)
1,0,0,11,5.6181956818181815,25,84310,10.1,12.3,0,321.29292929292933,4,15.7,48,11.5,1,2024,0.017431954508415,0,0,0,1,0,0,0,0,0,0,0.017823446496036083,TN (léger détecté)
1,0,0,11,3.96222,25,35837,10.1,12.3,0,309.4791666666667,4,15.7,48,11.5,0,2024,0.0123555077973465,0,0,0,1,0,0,0,0,0,0,0.03239468449782403,TN (léger détecté)
1,0,0,11,3.96222,25,35837,10.1,12.3,0,309.4791666666667,4,15.7,48,11.5,0,2024,0.0123555077973465,0,0,0,1,0,0,0,0,0,0,0.03239468449782403,TN (léger détecté)
1,0,0,11,3.96222,25,35837,10.1,12.3,0,309.4791666666667,4,15.7,48,11.5,0,2024,0.0123555077973465,0,0,0,1,0,0,0,0,0,0,0.03239468449782403,TN (léger détecté)
1,0,0,11,8.958436565656564,25,35837,10.1,12.3,0,375.6414141414142,4,15.7,48,11.5,1,2024,0.0237850545088836,0,0,0,1,0,0,0,0,0,0,0.040727637093460514,TN (léger détecté)
1,0,0,11,8.958436565656564,25,35837,10.1,12.3,0,375.6414141414142,4,15.7,48,11.5,1,2024,0.0237850545088836,0,0,0,1,0,0,0,0,0,0,0.040727637093460514,TN (léger détecté)
1,0,0,11,3.96222,25,35837,10.1,12.3,0,309.4791666666667,4,15.7,48,11.5,0,2024,0.0123555077973465,0,0,0,1,0,0,0,0,0,1,0.03239468449782403,FN (grave RATÉ)
1,0,0,11,3.96222,25,35837,10.1,12.3,0,309.4791666666667,4,15.7,48,11.5,0,2024,0.0123555077973465,0,0,0,1,0,0,0,0,0,0,0.03239468449782403,TN (léger détecté)
1,0,0,11,3.96222,25,32386,10.1,12.3,0,309.4791666666667,4,15.7,48,11.5,0,2024,0.0123555077973465,0,0,0,1,0,0,0,0,0,0,0.03244445971865055,TN (léger détecté)
0,0,0,12,3.245,31,137426,1.4,4.1,1,501.4375,4,5.7,1,0.0,1,2024,0.0064585147406393,0,1,0,0,0,0,0,1,0,0,0.03570457027853362,TN (léger détecté)
0,0,0,12,3.245,31,137426,1.4,4.1,1,501.4375,4,5.7,1,0.0,1,2024,0.0064585147406393,0,1,0,0,0,0,0,1,0,0,0.03570457027853362,TN (léger détecté)
0,0,0,12,3.245,31,231476,1.4,4.1,1,309.4791666666667,4,5.7,1,0.0,0,2024,0.0104515869288062,0,1,0,0,0,0,0,1,0,0,0.05729355245538579,TN (léger détecté)
0,0,0,12,3.245,31,231476,1.4,4.1,1,309.4791666666667,4,5.7,1,0.0,0,2024,0.0104515869288062,0,1,0,0,0,0,0,1,0,0,0.05729355245538579,TN (léger détecté)
0,0,0,12,3.96222,30,137426,1.8,3.3,0,309.4791666666667,4,4.8,1,0.0,0,2024,0.0123555077973465,0,1,0,1,0,0,0,0,0,0,0.07464724132700416,TN (léger détecté)
0,0,0,12,3.96222,30,137426,1.8,3.3,0,309.4791666666667,4,4.8,1,0.0,0,2024,0.0123555077973465,0,1,0,1,0,0,0,0,0,0,0.07464724132700416,TN (léger détecté)
0,0,0,12,3.96222,30,35837,1.8,3.3,0,309.4791666666667,4,4.8,1,0.0,0,2024,0.0123555077973465,0,1,0,1,0,0,0,0,0,0,0.11281978713464579,FP (fausse alerte)
0,0,0,12,3.96222,30,35837,1.8,3.3,0,309.4791666666667,4,4.8,1,0.0,0,2024,0.0123555077973465,0,1,0,1,0,0,0,0,0,0,0.11281978713464579,FP (fausse alerte)
0,0,0,12,3.96222,30,35837,1.8,3.3,0,309.4791666666667,4,4.8,1,0.0,0,2024,0.0123555077973465,0,1,0,1,0,0,0,0,0,0,0.11281978713464579,FP (fausse alerte)
0,0,0,12,3.96222,30,35837,1.8,3.3,0,309.4791666666667,4,4.8,1,0.0,0,2024,0.0123555077973465,0,1,0,1,0,0,0,0,0,0,0.11281978713464579,FP (fausse alerte)
0,0,0,12,3.96222,30,35837,1.8,3.3,0,309.4791666666667,4,4.8,1,0.0,0,2024,0.0123555077973465,0,1,0,1,0,0,0,0,0,0,0.11281978713464579,FP (fausse alerte)
0,0,0,12,3.96222,30,35837,1.8,3.3,0,309.4791666666667,4,4.8,1,0.0,0,2024,0.0123555077973465,0,1,0,1,0,0,0,0,0,0,0.11281978713464579,FP (fausse alerte)
0,1,0,11,3.96222,23,161450,2.0,6.4,5,309.4791666666667,4,13.7,47,0.0,0,2024,0.0123555077973465,0,0,0,0,1,0,0,0,0,0,0.04143747868906477,TN (léger détecté)
0,1,0,11,3.96222,23,161450,2.0,6.4,5,309.4791666666667,4,13.7,47,0.0,0,2024,0.0123555077973465,0,0,0,0,1,0,0,0,0,0,0.04143747868906477,TN (léger détecté)
1,0,0,11,0.3856483333333333,19,161450,8.8,10.6,1,85.16666666666667,4,12.9,47,18.7,0,2024,0.0044756092843326,0,0,0,0,0,0,0,1,0,0,0.01818777625605105,TN (léger détecté)
1,0,0,11,0.3856483333333333,19,161450,8.8,10.6,1,85.16666666666667,4,12.9,47,18.7,0,2024,0.0044756092843326,0,0,0,0,0,0,0,1,0,0,0.01818777625605105,TN (léger détecté)
0,1,0,11,2.65037,24,185914,9.2,15.3,6,137.33333333333334,4,17.6,47,0.2,0,2024,0.0191593012048192,0,0,0,0,0,1,0,0,0,0,0.08960414947125547,TN (léger détecté)
0,1,0,11,2.65037,24,185914,9.2,15.3,6,137.33333333333334,4,17.6,47,0.2,0,2024,0.0191593012048192,0,0,0,0,0,1,0,0,0,0,0.08960414947125547,TN (léger détecté)
0,1,0,11,3.96222,24,182347,9.2,15.3,6,309.4791666666667,4,17.6,47,0.2,0,2024,0.0123555077973465,0,0,0,0,0,1,0,0,0,0,0.06450777795185837,TN (léger détecté)
0,1,0,11,3.96222,24,182347,9.2,15.3,6,309.4791666666667,4,17.6,47,0.2,0,2024,0.0123555077973465,0,0,0,0,0,1,0,0,0,0,0.06450777795185837,TN (léger détecté)
0,1,0,11,0.8815750000000001,24,84310,9.2,15.3,6,193.3333333333333,4,17.6,47,0.2,0,2024,0.0045364065180102,0,0,0,0,0,1,0,0,0,0,0.06580101009761243,TN (léger détecté)
0,1,0,11,0.8815750000000001,24,84310,9.2,15.3,6,193.3333333333333,4,17.6,47,0.2,0,2024,0.0045364065180102,0,0,0,0,0,1,0,0,0,0,0.06580101009761243,TN (léger détecté)
0,1,0,11,3.96222,23,35837,2.0,6.4,5,309.4791666666667,4,13.7,47,0.0,0,2024,0.0123555077973465,0,0,0,0,1,0,0,0,0,0,0.0761960963379098,TN (léger détecté)
0,1,0,11,3.96222,23,35837,2.0,6.4,5,309.4791666666667,4,13.7,47,0.0,0,2024,0.0123555077973465,0,0,0,0,1,0,0,0,0,0,0.0761960963379098,TN (léger détecté)
0,1,0,11,3.96222,23,35837,2.0,6.4,5,309.4791666666667,4,13.7,47,0.0,0,2024,0.0123555077973465,0,0,0,0,1,0,0,0,0,0,0.0761960963379098,TN (léger détecté)
0,1,0,11,3.96222,23,35837,2.0,6.4,5,309.4791666666667,4,13.7,47,0.0,0,2024,0.0123555077973465,0,0,0,0,1,0,0,0,0,0,0.0761960963379098,TN (léger détecté)
0,1,0,11,5.838891666666666,24,15207,9.2,15.3,6,718.8333333333334,4,17.6,47,0.2,1,2024,0.0081114494095855,0,0,0,0,0,1,0,0,0,0,0.04260184183778402,TN (léger détecté)
0,1,0,11,5.838891666666666,24,15207,9.2,15.3,6,718.8333333333334,4,17.6,47,0.2,1,2024,0.0081114494095855,0,0,0,0,0,1,0,0,0,0,0.04260184183778402,TN (léger détecté)
0,1,0,11,5.838891666666666,24,15207,9.2,15.3,6,718.8333333333334,4,17.6,47,0.2,1,2024,0.0081114494095855,0,0,0,0,0,1,0,0,0,0,0.04260184183778402,TN (léger détecté)
0,1,0,11,5.838891666666666,24,15207,9.2,15.3,6,718.8333333333334,4,17.6,47,0.2,1,2024,0.0081114494095855,0,0,0,0,0,1,0,0,0,0,0.04260184183778402,TN (léger détecté)
0,1,0,11,1.53111,24,19979,9.2,15.3,6,420.5,4,17.6,47,0.2,1,2024,0.0036325266903914,0,0,0,0,0,1,0,0,0,0,0.2851739196747972,FP (fausse alerte)
0,1,0,11,6.299076666666667,23,182347,2.0,6.4,5,1362.3333333333333,4,13.7,47,0.0,1,2024,0.0046203496332518,0,0,0,0,1,0,0,0,0,0,0.03930818374408082,TN (léger détecté)
0,1,0,11,6.299076666666667,23,182347,2.0,6.4,5,1362.3333333333333,4,13.7,47,0.0,1,2024,0.0046203496332518,0,0,0,0,1,0,0,0,0,1,0.03930818374408082,FN (grave RATÉ)
0,1,0,11,3.96222,23,41158,2.0,6.4,5,309.4791666666667,4,13.7,47,0.0,0,2024,0.0123555077973465,0,0,0,0,1,0,0,0,0,1,0.04562613347886355,FN (grave RATÉ)
0,1,0,11,3.96222,23,41158,2.0,6.4,5,309.4791666666667,4,13.7,47,0.0,0,2024,0.0123555077973465,0,0,0,0,1,0,0,0,0,0,0.04562613347886355,TN (léger détecté)
0,1,0,11,3.96222,23,138887,2.0,6.4,5,309.4791666666667,4,13.7,47,0.0,0,2024,0.0123555077973465,0,0,0,0,1,0,0,0,0,0,0.04396192859840597,TN (léger détecté)
0,1,0,11,3.96222,23,138887,2.0,6.4,5,309.4791666666667,4,13.7,47,0.0,0,2024,0.0123555077973465,0,0,0,0,1,0,0,0,0,0,0.04396192859840597,TN (léger détecté)
0,1,0,11,0.8815750000000001,23,57934,2.0,6.4,5,193.3333333333333,4,13.7,47,0.0,0,2024,0.0045364065180102,0,0,0,0,1,0,0,0,0,0,0.02664456599127579,TN (léger détecté)
0,1,0,11,0.8815750000000001,23,57934,2.0,6.4,5,193.3333333333333,4,13.7,47,0.0,0,2024,0.0045364065180102,0,0,0,0,1,0,0,0,0,0,0.02664456599127579,TN (léger détecté)
0,1,0,11,2.264353333333333,23,35837,2.0,6.4,5,265.8333333333333,4,13.7,47,0.0,0,2024,0.008486021236727,0,0,0,0,1,0,0,0,0,0,0.08664036341495825,TN (léger détecté)
0,1,0,11,2.264353333333333,23,35837,2.0,6.4,5,265.8333333333333,4,13.7,47,0.0,0,2024,0.008486021236727,0,0,0,0,1,0,0,0,0,0,0.08664036341495825,TN (léger détecté)
0,1,0,12,2.543579285714286,28,161450,-0.9,0.5,5,459.0357142857143,4,2.2,52,0.0,1,2024,0.0055290909090909,0,1,0,0,1,0,0,0,0,1,0.04086842281864031,FN (grave RATÉ)
0,1,0,12,2.543579285714286,28,161450,-0.9,0.5,5,459.0357142857143,4,2.2,52,0.0,1,2024,0.0055290909090909,0,1,0,0,1,0,0,0,0,0,0.04086842281864031,TN (léger détecté)
0,0,0,12,3.4154531250000004,30,138887,1.8,3.3,0,165.60416666666666,4,4.8,1,0.0,0,2024,0.0205004064024009,0,1,0,1,0,0,0,0,0,0,0.05124954723949074,TN (léger détecté)
0,0,0,12,3.4154531250000004,30,138887,1.8,3.3,0,165.60416666666666,4,4.8,1,0.0,0,2024,0.0205004064024009,0,1,0,1,0,0,0,0,0,0,0.05124954723949074,TN (léger détecté)
0,0,0,12,3.4154531250000004,30,138887,1.8,3.3,0,165.60416666666666,4,4.8,1,0.0,0,2024,0.0205004064024009,0,1,0,1,0,0,0,0,0,0,0.05124954723949074,TN (léger détecté)
0,1,0,12,3.96222,29,179566,1.1,3.9,6,309.4791666666667,4,5.5,52,0.0,0,2024,0.0123555077973465,0,1,0,0,0,1,0,0,0,0,0.07268783052851203,TN (léger détecté)
0,1,0,12,3.96222,29,179566,1.1,3.9,6,309.4791666666667,4,5.5,52,0.0,0,2024,0.0123555077973465,0,1,0,0,0,1,0,0,0,0,0.07268783052851203,TN (léger détecté)
0,1,0,12,3.96222,29,231476,1.1,3.9,6,309.4791666666667,4,5.5,52,0.0,0,2024,0.0123555077973465,0,1,0,0,0,1,0,0,0,0,0.08654653746939764,TN (léger détecté)
0,1,0,12,3.96222,29,231476,1.1,3.9,6,309.4791666666667,4,5.5,52,0.0,0,2024,0.0123555077973465,0,1,0,0,0,1,0,0,0,0,0.08654653746939764,TN (léger détecté)
0,1,0,12,3.96222,28,57934,-0.9,0.5,5,309.4791666666667,4,2.2,52,0.0,0,2024,0.0123555077973465,0,1,0,0,1,0,0,0,0,0,0.05421137935764075,TN (léger détecté)
0,1,0,12,3.96222,28,57934,-0.9,0.5,5,309.4791666666667,4,2.2,52,0.0,0,2024,0.0123555077973465,0,1,0,0,1,0,0,0,0,0,0.05421137935764075,TN (léger détecté)
0,1,0,12,3.96222,28,57934,-0.9,0.5,5,309.4791666666667,4,2.2,52,0.0,0,2024,0.0123555077973465,0,1,0,0,1,0,0,0,0,0,0.05421137935764075,TN (léger détecté)
0,1,0,12,3.96222,29,160526,1.1,3.9,6,309.4791666666667,4,5.5,52,0.0,0,2024,0.0123555077973465,0,1,0,0,0,1,0,0,0,0,0.05964566541628192,TN (léger détecté)
0,1,0,12,3.96222,29,27547,1.1,3.9,6,309.4791666666667,4,5.5,52,0.0,0,2024,0.0123555077973465,0,1,0,0,0,1,0,0,0,0,0.14236864681766778,FP (fausse alerte)
0,1,0,12,3.96222,29,27547,1.1,3.9,6,309.4791666666667,4,5.5,52,0.0,0,2024,0.0123555077973465,0,1,0,0,0,1,0,0,0,1,0.14236864681766778,TP (grave détecté)
0,0,0,12,3.96222,27,179566,1.1,3.5,4,309.4791666666667,4,7.5,52,0.2,0,2024,0.0123555077973465,0,1,0,0,0,0,0,0,0,0,0.03269409522645333,TN (léger détecté)
0,1,0,12,4.357065297619048,28,138887,-0.9,0.5,5,101.6904761904762,4,2.2,52,0.0,0,2024,0.0424291079295154,0,1,0,0,1,0,0,0,0,0,0.07633399244860271,TN (léger détecté)
0,1,0,12,4.357065297619048,28,138887,-0.9,0.5,5,101.6904761904762,4,2.2,52,0.0,0,2024,0.0424291079295154,0,1,0,0,1,0,0,0,0,0,0.07633399244860271,TN (léger détecté)
0,0,0,11,8.155558333333333,20,182347,3.6,5.1,2,325.3333333333333,4,8.8,47,0.0,1,2024,0.0249914964249233,0,0,0,0,0,0,0,0,1,0,0.052312305319893046,TN (léger détecté)
0,0,0,11,8.155558333333333,20,182347,3.6,5.1,2,325.3333333333333,4,8.8,47,0.0,1,2024,0.0249914964249233,0,0,0,0,0,0,0,0,1,0,0.052312305319893046,TN (léger détecté)
0,0,0,11,8.155558333333333,20,182347,3.6,5.1,2,325.3333333333333,4,8.8,47,0.0,1,2024,0.0249914964249233,0,0,0,0,0,0,0,0,1,0,0.052312305319893046,TN (léger détecté)
0,0,0,11,8.155558333333333,20,182347,3.6,5.1,2,325.3333333333333,4,8.8,47,0.0,1,2024,0.0249914964249233,0,0,0,0,0,0,0,0,1,0,0.052312305319893046,TN (léger détecté)
0,0,0,11,8.155558333333333,20,182347,3.6,5.1,2,325.3333333333333,4,8.8,47,0.0,1,2024,0.0249914964249233,0,0,0,0,0,0,0,0,1,0,0.052312305319893046,TN (léger détecté)
1,0,0,11,0.47935,18,182347,8.3,10.3,0,70.0,4,12.0,47,5.6,0,2024,0.0067514084507042,0,0,0,1,0,0,0,0,0,0,0.07415703914812492,TN (léger détecté)
1,0,0,11,0.47935,18,182347,8.3,10.3,0,70.0,4,12.0,47,5.6,0,2024,0.0067514084507042,0,0,0,1,0,0,0,0,0,0,0.07415703914812492,TN (léger détecté)
0,0,0,11,3.96222,22,185914,0.1,3.1,4,309.4791666666667,4,5.9,47,0.0,0,2024,0.0123555077973465,0,0,0,0,0,0,0,0,0,0,0.08296063922399705,TN (léger détecté)
0,0,0,11,3.96222,22,185914,0.1,3.1,4,309.4791666666667,4,5.9,47,0.0,0,2024,0.0123555077973465,0,0,0,0,0,0,0,0,0,0,0.08296063922399705,TN (léger détecté)
0,0,0,11,3.96222,22,160526,0.1,3.1,4,309.4791666666667,4,5.9,47,0.0,0,2024,0.0123555077973465,0,0,0,0,0,0,0,0,0,0,0.04041835513734442,TN (léger détecté)
0,0,0,11,3.96222,22,160526,0.1,3.1,4,309.4791666666667,4,5.9,47,0.0,0,2024,0.0123555077973465,0,0,0,0,0,0,0,0,0,0,0.04041835513734442,TN (léger détecté)
0,0,0,11,2.4250016666666667,22,161450,0.1,3.1,4,109.0,4,5.9,47,0.0,0,2024,0.0220454696969697,0,0,0,0,0,0,0,0,0,0,0.0500381616815609,TN (léger détecté)
0,0,0,11,2.4250016666666667,22,161450,0.1,3.1,4,109.0,4,5.9,47,0.0,0,2024,0.0220454696969697,0,0,0,0,0,0,0,0,0,0,0.0500381616815609,TN (léger détecté)
0,0,0,11,2.4250016666666667,22,161450,0.1,3.1,4,109.0,4,5.9,47,0.0,0,2024,0.0220454696969697,0,0,0,0,0,0,0,0,0,0,0.0500381616815609,TN (léger détecté)
0,0,0,11,2.4250016666666667,22,161450,0.1,3.1,4,109.0,4,5.9,47,0.0,0,2024,0.0220454696969697,0,0,0,0,0,0,0,0,0,0,0.0500381616815609,TN (léger détecté)
0,0,0,11,3.96222,22,137426,0.1,3.1,4,309.4791666666667,4,5.9,47,0.0,0,2024,0.0123555077973465,0,0,0,0,0,0,0,0,0,1,0.03818372986478277,FN (grave RATÉ)
0,0,0,11,3.96222,22,137426,0.1,3.1,4,309.4791666666667,4,5.9,47,0.0,0,2024,0.0123555077973465,0,0,0,0,0,0,0,0,0,0,0.03818372986478277,TN (léger détecté)
0,0,0,11,0.47935,22,182347,0.1,3.1,4,70.0,4,5.9,47,0.0,0,2024,0.0067514084507042,0,0,0,0,0,0,0,0,0,0,0.1347947819082594,FP (fausse alerte)
0,0,0,11,3.96222,22,138887,0.1,3.1,4,309.4791666666667,4,5.9,47,0.0,0,2024,0.0123555077973465,0,0,0,0,0,0,0,0,0,0,0.038516163630301185,TN (léger détecté)
0,0,0,11,3.96222,22,138887,0.1,3.1,4,309.4791666666667,4,5.9,47,0.0,0,2024,0.0123555077973465,0,0,0,0,0,0,0,0,0,0,0.038516163630301185,TN (léger détecté)
0,0,0,11,2.189355,22,35837,0.1,3.1,4,214.5,4,5.9,47,0.0,0,2024,0.0101594199535962,0,0,0,0,0,0,0,0,0,0,0.04092566928800033,TN (léger détecté)
0,0,0,11,2.189355,22,35837,0.1,3.1,4,214.5,4,5.9,47,0.0,0,2024,0.0101594199535962,0,0,0,0,0,0,0,0,0,0,0.04092566928800033,TN (léger détecté)
0,0,0,11,3.96222,22,48784,0.1,3.1,4,309.4791666666667,4,5.9,47,0.0,0,2024,0.0123555077973465,0,0,0,0,0,0,0,0,0,0,0.03906177008354555,TN (léger détecté)
0,0,0,11,3.96222,22,48784,0.1,3.1,4,309.4791666666667,4,5.9,47,0.0,0,2024,0.0123555077973465,0,0,0,0,0,0,0,0,0,0,0.03906177008354555,TN (léger détecté)
0,0,0,11,3.96222,22,19979,0.1,3.1,4,309.4791666666667,4,5.9,47,0.0,0,2024,0.0123555077973465,0,0,0,0,0,0,0,0,0,0,0.07682818610850149,TN (léger détecté)
1,0,0,11,5.838891666666666,21,15207,0.5,1.3,3,718.8333333333334,4,2.2,47,9.0,1,2024,0.0081114494095855,0,0,0,0,0,0,1,0,0,0,0.038048508925034356,TN (léger détecté)
1,0,0,11,5.838891666666666,21,15207,0.5,1.3,3,718.8333333333334,4,2.2,47,9.0,1,2024,0.0081114494095855,0,0,0,0,0,0,1,0,0,0,0.038048508925034356,TN (léger détecté)
1,0,0,11,3.96222,21,19979,0.5,1.3,3,309.4791666666667,4,2.2,47,9.0,0,2024,0.0123555077973465,0,0,0,0,0,0,1,0,0,0,0.06889958454262106,TN (léger détecté)
1,0,0,11,3.96222,21,19979,0.5,1.3,3,309.4791666666667,4,2.2,47,9.0,0,2024,0.0123555077973465,0,0,0,0,0,0,1,0,0,0,0.06889958454262106,TN (léger détecté)
0,0,0,12,3.05222,27,48784,1.1,3.5,4,764.452380952381,4,7.5,52,0.2,1,2024,0.003987472083113,0,1,0,0,0,0,0,0,0,0,0.017146028026495935,TN (léger détecté)
0,0,0,12,3.05222,27,48784,1.1,3.5,4,764.452380952381,4,7.5,52,0.2,1,2024,0.003987472083113,0,1,0,0,0,0,0,0,0,0,0.017146028026495935,TN (léger détecté)
0,1,0,12,3.05222,28,48784,-0.9,0.5,5,295.7857142857143,4,2.2,52,0.0,0,2024,0.01028425511432,0,1,0,0,1,0,0,0,0,0,0.03033425147124456,TN (léger détecté)
0,1,0,12,3.96222,28,19979,-0.9,0.5,5,309.4791666666667,4,2.2,52,0.0,0,2024,0.0123555077973465,0,1,0,0,1,0,0,0,0,0,0.14566302918491097,FP (fausse alerte)
0,1,0,12,3.96222,28,19979,-0.9,0.5,5,309.4791666666667,4,2.2,52,0.0,0,2024,0.0123555077973465,0,1,0,0,1,0,0,0,0,0,0.14566302918491097,FP (fausse alerte)
1,0,0,11,3.96222,19,2119412,8.8,10.6,1,309.4791666666667,4,12.9,47,18.7,0,2024,0.0123555077973465,0,0,0,0,0,0,0,1,0,0,0.059814196955003465,TN (léger détecté)
0,0,0,12,13.828273809523813,27,161450,1.1,3.5,4,3640.517857142857,4,7.5,52,0.2,1,2024,0.0037973928323321,0,1,0,0,0,0,0,0,0,0,0.01518913220551532,TN (léger détecté)
0,0,0,12,13.828273809523813,27,161450,1.1,3.5,4,3640.517857142857,4,7.5,52,0.2,1,2024,0.0037973928323321,0,1,0,0,0,0,0,0,0,0,0.01518913220551532,TN (léger détecté)
0,0,0,12,13.828273809523813,27,161450,1.1,3.5,4,3640.517857142857,4,7.5,52,0.2,1,2024,0.0037973928323321,0,1,0,0,0,0,0,0,0,1,0.01518913220551532,FN (grave RATÉ)
0,0,0,12,3.96222,26,183839,5.6,6.7,3,309.4791666666667,4,9.4,52,0.0,0,2024,0.0123555077973465,0,1,0,0,0,0,1,0,0,0,0.07777423586176622,TN (léger détecté)
0,0,0,12,3.96222,26,183839,5.6,6.7,3,309.4791666666667,4,9.4,52,0.0,0,2024,0.0123555077973465,0,1,0,0,0,0,1,0,0,0,0.07777423586176622,TN (léger détecté)
0,0,0,12,3.96222,26,183839,5.6,6.7,3,309.4791666666667,4,9.4,52,0.0,0,2024,0.0123555077973465,0,1,0,0,0,0,1,0,0,0,0.07777423586176622,TN (léger détecté)
0,0,0,12,1.0469721428571428,27,179566,1.1,3.5,4,42.20238095238095,4,7.5,52,0.2,0,2024,0.0242341306144943,0,1,0,0,0,0,0,0,0,0,0.08098908038220815,TN (léger détecté)
0,0,0,12,10.08216744047619,27,41158,1.1,3.5,4,689.0297619047619,4,7.5,52,0.2,1,2024,0.0146112066422255,0,1,0,0,0,0,0,0,0,0,0.020975168955045843,TN (léger détecté)
0,0,0,12,10.08216744047619,27,41158,1.1,3.5,4,689.0297619047619,4,7.5,52,0.2,1,2024,0.0146112066422255,0,1,0,0,0,0,0,0,0,0,0.020975168955045843,TN (léger détecté)
0,0,0,12,16.34885357142857,26,84310,5.6,6.7,3,630.9642857142857,4,9.4,52,0.0,1,2024,0.0258699011020062,0,1,0,0,0,0,1,0,0,0,0.05057334503984875,TN (léger détecté)
0,0,0,12,16.34885357142857,26,84310,5.6,6.7,3,630.9642857142857,4,9.4,52,0.0,1,2024,0.0258699011020062,0,1,0,0,0,0,1,0,0,0,0.05057334503984875,TN (léger détecté)
1,0,0,11,1.53111,21,55932,0.5,1.3,3,66.66666666666667,4,2.2,47,9.0,0,2024,0.0226272413793103,0,0,0,0,0,0,1,0,0,0,0.1369564120799684,FP (fausse alerte)
1,0,0,11,1.53111,21,55932,0.5,1.3,3,66.66666666666667,4,2.2,47,9.0,0,2024,0.0226272413793103,0,0,0,0,0,0,1,0,0,0,0.1369564120799684,FP (fausse alerte)
1,0,0,11,1.53111,21,179566,0.5,1.3,3,127.5,4,2.2,47,9.0,0,2024,0.0119152529182879,0,0,0,0,0,0,1,0,0,0,0.028862927525571277,TN (léger détecté)
1,0,0,11,1.53111,21,179566,0.5,1.3,3,127.5,4,2.2,47,9.0,0,2024,0.0119152529182879,0,0,0,0,0,0,1,0,0,0,0.028862927525571277,TN (léger détecté)
1,0,0,11,1.53111,21,161450,0.5,1.3,3,126.5,4,2.2,47,9.0,0,2024,0.0120087058823529,0,0,0,0,0,0,1,0,0,0,0.027044113728700726,TN (léger détecté)
1,0,0,11,1.53111,21,161450,0.5,1.3,3,126.5,4,2.2,47,9.0,0,2024,0.0120087058823529,0,0,0,0,0,0,1,0,0,0,0.027044113728700726,TN (léger détecté)
1,0,0,11,1.0171316666666663,21,161450,0.5,1.3,3,197.16666666666663,4,2.2,47,9.0,0,2024,0.005132708158116,0,0,0,0,0,0,1,0,0,0,0.03417646737851423,TN (léger détecté)
1,0,0,11,1.0171316666666663,21,161450,0.5,1.3,3,197.16666666666663,4,2.2,47,9.0,0,2024,0.005132708158116,0,0,0,0,0,0,1,0,0,0,0.03417646737851423,TN (léger détecté)
1,0,0,11,3.96222,21,160526,0.5,1.3,3,309.4791666666667,4,2.2,47,9.0,0,2024,0.0123555077973465,0,0,0,0,0,0,1,0,0,0,0.04849454350318156,TN (léger détecté)
1,0,0,11,3.96222,21,160526,0.5,1.3,3,309.4791666666667,4,2.2,47,9.0,0,2024,0.0123555077973465,0,0,0,0,0,0,1,0,0,0,0.04849454350318156,TN (léger détecté)
1,0,0,11,3.96222,21,160526,0.5,1.3,3,309.4791666666667,4,2.2,47,9.0,0,2024,0.0123555077973465,0,0,0,0,0,0,1,0,0,0,0.04849454350318156,TN (léger détecté)
1,0,0,11,3.96222,21,160526,0.5,1.3,3,309.4791666666667,4,2.2,47,9.0,0,2024,0.0123555077973465,0,0,0,0,0,0,1,0,0,0,0.04849454350318156,TN (léger détecté)
0,0,0,11,1.4358333333333333,20,231476,3.6,5.1,2,188.16666666666663,4,8.8,47,0.0,0,2024,0.007590308370044,0,0,0,0,0,0,0,0,1,0,0.025523607024122454,TN (léger détecté)
0,0,0,11,1.4358333333333333,20,231476,3.6,5.1,2,188.16666666666663,4,8.8,47,0.0,0,2024,0.007590308370044,0,0,0,0,0,0,0,0,1,1,0.025523607024122454,FN (grave RATÉ)
1,0,0,11,3.96222,21,182347,0.5,1.3,3,309.4791666666667,4,2.2,47,9.0,0,2024,0.0123555077973465,0,0,0,0,0,0,1,0,0,1,0.057504071634186416,FN (grave RATÉ)
1,0,0,11,3.96222,21,182347,0.5,1.3,3,309.4791666666667,4,2.2,47,9.0,0,2024,0.0123555077973465,0,0,0,0,0,0,1,0,0,0,0.057504071634186416,TN (léger détecté)
1,0,0,11,2.1916683333333338,21,138907,0.5,1.3,3,150.0,4,2.2,47,9.0,0,2024,0.0145143598233995,0,0,0,0,0,0,1,0,0,0,0.021485853593086694,TN (léger détecté)
1,0,0,11,2.1916683333333338,21,138907,0.5,1.3,3,150.0,4,2.2,47,9.0,0,2024,0.0145143598233995,0,0,0,0,0,0,1,0,0,0,0.021485853593086694,TN (léger détecté)
1,0,0,11,13.755743333333337,21,57934,0.5,1.3,3,232.66666666666663,4,2.2,47,9.0,0,2024,0.0588690870185449,0,0,0,0,0,0,1,0,0,0,0.24951449079382948,FP (fausse alerte)
1,0,0,11,13.755743333333337,21,57934,0.5,1.3,3,232.66666666666663,4,2.2,47,9.0,0,2024,0.0588690870185449,0,0,0,0,0,0,1,0,0,0,0.24951449079382948,FP (fausse alerte)
0,0,0,11,3.460463333333333,20,57934,3.6,5.1,2,114.5,4,8.8,47,0.0,0,2024,0.0299607215007214,0,0,0,0,0,0,0,0,1,0,0.024141504709556717,TN (léger détecté)
0,0,0,11,3.460463333333333,20,57934,3.6,5.1,2,114.5,4,8.8,47,0.0,0,2024,0.0299607215007214,0,0,0,0,0,0,0,0,1,0,0.024141504709556717,TN (léger détecté)
1,0,0,11,1.8925,21,32386,0.5,1.3,3,220.5,4,2.2,47,9.0,0,2024,0.0085440180586907,0,0,0,0,0,0,1,0,0,0,0.036360910399754816,TN (léger détecté)
1,0,0,11,1.8925,21,32386,0.5,1.3,3,220.5,4,2.2,47,9.0,0,2024,0.0085440180586907,0,0,0,0,0,0,1,0,0,0,0.036360910399754816,TN (léger détecté)
1,0,0,11,3.96222,21,19979,0.5,1.3,3,309.4791666666667,4,2.2,47,9.0,0,2024,0.0123555077973465,0,0,0,0,0,0,1,0,0,0,0.06889958454262106,TN (léger détecté)
0,0,1,12,13.828273809523813,25,161450,8.6,9.8,2,3640.517857142857,4,10.2,52,0.0,1,2024,0.0037973928323321,0,1,0,0,0,0,0,0,1,0,0.02349272061450206,TN (léger détecté)
0,0,1,12,13.828273809523813,25,161450,8.6,9.8,2,3640.517857142857,4,10.2,52,0.0,1,2024,0.0037973928323321,0,1,0,0,0,0,0,0,1,0,0.02349272061450206,TN (léger détecté)
0,0,1,12,4.502269702380953,25,185914,8.6,9.8,2,217.25,4,10.2,52,0.0,0,2024,0.02062895625375,0,1,0,0,0,0,0,0,1,0,0.09844382586186196,TN (léger détecté)
0,0,0,12,0.9439983333333334,26,138907,5.6,6.7,3,211.8333333333333,4,9.4,52,0.0,0,2024,0.0044353876272513,0,1,0,0,0,0,1,0,0,0,0.06488444299803485,TN (léger détecté)
0,0,0,12,0.9439983333333334,26,138907,5.6,6.7,3,211.8333333333333,4,9.4,52,0.0,0,2024,0.0044353876272513,0,1,0,0,0,0,1,0,0,0,0.06488444299803485,TN (léger détecté)
0,0,0,12,0.9439983333333334,26,138907,5.6,6.7,3,211.8333333333333,4,9.4,52,0.0,0,2024,0.0044353876272513,0,1,0,0,0,0,1,0,0,1,0.06488444299803485,FN (grave RATÉ)
0,0,0,12,0.9439983333333334,26,138907,5.6,6.7,3,211.8333333333333,4,9.4,52,0.0,0,2024,0.0044353876272513,0,1,0,0,0,0,1,0,0,0,0.06488444299803485,TN (léger détecté)
1,0,0,12,3.96222,23,161450,5.6,6.8,0,309.4791666666667,4,8.4,52,1.2,0,2024,0.0123555077973465,0,1,0,1,0,0,0,0,0,0,0.04474719974074994,TN (léger détecté)
0,0,1,12,3.96222,25,161450,8.6,9.8,2,309.4791666666667,4,10.2,52,0.0,0,2024,0.0123555077973465,0,1,0,0,0,0,0,0,1,0,0.04443943798092939,TN (léger détecté)
0,0,1,12,3.96222,25,161450,8.6,9.8,2,309.4791666666667,4,10.2,52,0.0,0,2024,0.0123555077973465,0,1,0,0,0,0,0,0,1,0,0.04443943798092939,TN (léger détecté)
0,0,0,12,1.5377267261904763,26,138907,5.6,6.7,3,206.5059523809524,4,9.4,52,0.0,0,2024,0.007410518631135,0,1,0,0,0,0,1,0,0,0,0.049010812835829864,TN (léger détecté)
0,0,0,12,1.5377267261904763,26,138907,5.6,6.7,3,206.5059523809524,4,9.4,52,0.0,0,2024,0.007410518631135,0,1,0,0,0,0,1,0,0,0,0.049010812835829864,TN (léger détecté)
0,0,0,12,3.96222,26,138907,5.6,6.7,3,309.4791666666667,4,9.4,52,0.0,0,2024,0.0123555077973465,0,1,0,0,0,0,1,0,0,0,0.07190241316496565,TN (léger détecté)
0,0,0,12,3.96222,26,138907,5.6,6.7,3,309.4791666666667,4,9.4,52,0.0,0,2024,0.0123555077973465,0,1,0,0,0,0,1,0,0,0,0.07190241316496565,TN (léger détecté)
0,0,0,12,3.05222,26,138887,5.6,6.7,3,155.97619047619048,4,9.4,52,0.0,0,2024,0.0194438404368269,0,1,0,0,0,0,1,0,0,0,0.023214405966476684,TN (léger détecté)
0,0,0,12,3.05222,26,138887,5.6,6.7,3,155.97619047619048,4,9.4,52,0.0,0,2024,0.0194438404368269,0,1,0,0,0,0,1,0,0,0,0.023214405966476684,TN (léger détecté)
0,0,0,12,3.05222,26,138887,5.6,6.7,3,155.97619047619048,4,9.4,52,0.0,0,2024,0.0194438404368269,0,1,0,0,0,0,1,0,0,0,0.023214405966476684,TN (léger détecté)
0,0,0,12,3.96222,26,138887,5.6,6.7,3,309.4791666666667,4,9.4,52,0.0,0,2024,0.0123555077973465,0,1,0,0,0,0,1,0,0,0,0.05829986501910363,TN (léger détecté)
0,0,0,12,3.96222,26,138887,5.6,6.7,3,309.4791666666667,4,9.4,52,0.0,0,2024,0.0123555077973465,0,1,0,0,0,0,1,0,0,0,0.05829986501910363,TN (léger détecté)
0,0,0,12,10.019048928571427,26,35837,5.6,6.7,3,372.1369047619048,4,9.4,52,0.0,1,2024,0.0268508657297366,0,1,0,0,0,0,1,0,0,0,0.09271624736307515,TN (léger détecté)
0,0,0,12,10.019048928571427,26,35837,5.6,6.7,3,372.1369047619048,4,9.4,52,0.0,1,2024,0.0268508657297366,0,1,0,0,0,0,1,0,0,0,0.09271624736307515,TN (léger détecté)
0,0,0,12,2.7775345833333334,26,161450,5.6,6.7,3,186.6190476190476,4,9.4,52,0.0,0,2024,0.0148041183375634,0,1,0,0,0,0,1,0,0,0,0.03555311997596585,TN (léger détecté)
0,0,0,12,2.7775345833333334,26,161450,5.6,6.7,3,186.6190476190476,4,9.4,52,0.0,0,2024,0.0148041183375634,0,1,0,0,0,0,1,0,0,0,0.03555311997596585,TN (léger détecté)
0,0,0,12,2.7775345833333334,26,161450,5.6,6.7,3,186.6190476190476,4,9.4,52,0.0,0,2024,0.0148041183375634,0,1,0,0,0,0,1,0,0,0,0.03555311997596585,TN (léger détecté)
0,0,0,12,2.7775345833333334,26,161450,5.6,6.7,3,186.6190476190476,4,9.4,52,0.0,0,2024,0.0148041183375634,0,1,0,0,0,0,1,0,0,0,0.03555311997596585,TN (léger détecté)
0,0,1,12,3.96222,25,183839,8.6,9.8,2,309.4791666666667,4,10.2,52,0.0,0,2024,0.0123555077973465,0,1,0,0,0,0,0,0,1,0,0.05682610738524729,TN (léger détecté)
0,0,1,12,3.96222,25,183839,8.6,9.8,2,309.4791666666667,4,10.2,52,0.0,0,2024,0.0123555077973465,0,1,0,0,0,0,0,0,1,0,0.05682610738524729,TN (léger détecté)
0,0,1,12,3.96222,25,161450,8.6,9.8,2,309.4791666666667,4,10.2,52,0.0,0,2024,0.0123555077973465,0,1,0,0,0,0,0,0,1,0,0.04443943798092939,TN (léger détecté)
0,0,1,12,3.96222,25,161450,8.6,9.8,2,309.4791666666667,4,10.2,52,0.0,0,2024,0.0123555077973465,0,1,0,0,0,0,0,0,1,0,0.04443943798092939,TN (léger détecté)
0,0,1,12,3.96222,25,161450,8.6,9.8,2,309.4791666666667,4,10.2,52,0.0,0,2024,0.0123555077973465,0,1,0,0,0,0,0,0,1,0,0.04443943798092939,TN (léger détecté)
0,0,1,12,3.96222,25,161450,8.6,9.8,2,309.4791666666667,4,10.2,52,0.0,0,2024,0.0123555077973465,0,1,0,0,0,0,0,0,1,0,0.04443943798092939,TN (léger détecté)
0,0,0,12,4.720301666666667,24,231476,5.4,7.5,1,221.67261904761904,4,10.2,52,0.6,0,2024,0.0211983929001042,0,1,0,0,0,0,0,1,0,0,0.07907294000584536,TN (léger détecté)
0,0,0,12,4.720301666666667,24,231476,5.4,7.5,1,221.67261904761904,4,10.2,52,0.6,0,2024,0.0211983929001042,0,1,0,0,0,0,0,1,0,0,0.07907294000584536,TN (léger détecté)
0,0,0,12,4.720301666666667,24,231476,5.4,7.5,1,221.67261904761904,4,10.2,52,0.6,0,2024,0.0211983929001042,0,1,0,0,0,0,0,1,0,0,0.07907294000584536,TN (léger détecté)
0,0,0,12,4.720301666666667,24,231476,5.4,7.5,1,221.67261904761904,4,10.2,52,0.6,0,2024,0.0211983929001042,0,1,0,0,0,0,0,1,0,0,0.07907294000584536,TN (léger détecté)
0,0,0,12,4.720301666666667,24,231476,5.4,7.5,1,221.67261904761904,4,10.2,52,0.6,0,2024,0.0211983929001042,0,1,0,0,0,0,0,1,0,0,0.07907294000584536,TN (léger détecté)
0,0,0,12,3.96222,24,138907,5.4,7.5,1,309.4791666666667,4,10.2,52,0.6,0,2024,0.0123555077973465,0,1,0,0,0,0,0,1,0,0,0.07065467791031346,TN (léger détecté)
0,0,0,12,3.96222,24,138907,5.4,7.5,1,309.4791666666667,4,10.2,52,0.6,0,2024,0.0123555077973465,0,1,0,0,0,0,0,1,0,0,0.07065467791031346,TN (léger détecté)
0,0,0,12,3.96222,24,138907,5.4,7.5,1,309.4791666666667,4,10.2,52,0.6,0,2024,0.0123555077973465,0,1,0,0,0,0,0,1,0,0,0.07065467791031346,TN (léger détecté)
0,0,0,12,16.34885357142857,24,84310,5.4,7.5,1,630.9642857142857,4,10.2,52,0.6,1,2024,0.0258699011020062,0,1,0,0,0,0,0,1,0,0,0.10204915284676215,TN (léger détecté)
0,0,0,12,16.34885357142857,24,84310,5.4,7.5,1,630.9642857142857,4,10.2,52,0.6,1,2024,0.0258699011020062,0,1,0,0,0,0,0,1,0,0,0.10204915284676215,TN (léger détecté)
0,0,0,11,2.4250016666666667,20,161450,3.6,5.1,2,109.0,4,8.8,47,0.0,0,2024,0.0220454696969697,0,0,0,0,0,0,0,0,1,0,0.05087937015539153,TN (léger détecté)
0,0,0,11,2.4250016666666667,20,161450,3.6,5.1,2,109.0,4,8.8,47,0.0,0,2024,0.0220454696969697,0,0,0,0,0,0,0,0,1,0,0.05087937015539153,TN (léger détecté)
0,0,0,11,6.46102,20,41158,3.6,5.1,2,526.0,4,8.8,47,0.0,1,2024,0.01226,0,0,0,0,0,0,0,0,1,0,0.02601877553378523,TN (léger détecté)
0,0,0,11,6.46102,20,41158,3.6,5.1,2,526.0,4,8.8,47,0.0,1,2024,0.01226,0,0,0,0,0,0,0,0,1,0,0.02601877553378523,TN (léger détecté)
0,0,0,11,6.46102,20,41158,3.6,5.1,2,526.0,4,8.8,47,0.0,1,2024,0.01226,0,0,0,0,0,0,0,0,1,0,0.02601877553378523,TN (léger détecté)
0,0,0,11,3.96222,20,161450,3.6,5.1,2,309.4791666666667,4,8.8,47,0.0,0,2024,0.0123555077973465,0,0,0,0,0,0,0,0,1,0,0.039016764716172596,TN (léger détecté)
0,0,0,11,3.96222,20,161450,3.6,5.1,2,309.4791666666667,4,8.8,47,0.0,0,2024,0.0123555077973465,0,0,0,0,0,0,0,0,1,0,0.039016764716172596,TN (léger détecté)
0,0,0,11,1.08315,20,161450,3.6,5.1,2,88.83333333333333,4,8.8,47,0.0,0,2024,0.0120573283858998,0,0,0,0,0,0,0,0,1,0,0.10809213115296784,TN (léger détecté)
0,0,0,11,1.08315,20,161450,3.6,5.1,2,88.83333333333333,4,8.8,47,0.0,0,2024,0.0120573283858998,0,0,0,0,0,0,0,0,1,0,0.10809213115296784,TN (léger détecté)
0,0,0,11,1.53111,20,231476,3.6,5.1,2,95.16666666666669,4,8.8,47,0.0,0,2024,0.0159214211438474,0,0,0,0,0,0,0,0,1,0,0.02700361417723156,TN (léger détecté)
0,0,0,11,1.53111,20,231476,3.6,5.1,2,95.16666666666669,4,8.8,47,0.0,0,2024,0.0159214211438474,0,0,0,0,0,0,0,0,1,0,0.02700361417723156,TN (léger détecté)
0,0,0,11,2.949073333333333,20,48784,3.6,5.1,2,459.3333333333333,4,8.8,47,0.0,1,2024,0.0064063866763215,0,0,0,0,0,0,0,0,1,0,0.026067379672920256,TN (léger détecté)
0,0,0,11,2.949073333333333,20,48784,3.6,5.1,2,459.3333333333333,4,8.8,47,0.0,1,2024,0.0064063866763215,0,0,0,0,0,0,0,0,1,0,0.026067379672920256,TN (léger détecté)
1,0,0,12,4.502269702380953,23,185914,5.6,6.8,0,217.25,4,8.4,52,1.2,0,2024,0.02062895625375,0,1,0,1,0,0,0,0,0,0,0.09628158764897629,TN (léger détecté)
1,0,0,12,4.502269702380953,23,185914,5.6,6.8,0,217.25,4,8.4,52,1.2,0,2024,0.02062895625375,0,1,0,1,0,0,0,0,0,0,0.09628158764897629,TN (léger détecté)
0,0,0,12,3.577841726190476,24,185914,5.4,7.5,1,198.86309523809524,4,10.2,52,0.6,0,2024,0.017901462608333,0,1,0,0,0,0,0,1,0,0,0.07257242113656756,TN (léger détecté)
0,0,0,12,3.577841726190476,24,185914,5.4,7.5,1,198.86309523809524,4,10.2,52,0.6,0,2024,0.017901462608333,0,1,0,0,0,0,0,1,0,0,0.07257242113656756,TN (léger détecté)
0,0,0,12,3.96222,24,183839,5.4,7.5,1,309.4791666666667,4,10.2,52,0.6,0,2024,0.0123555077973465,0,1,0,0,0,0,0,1,0,1,0.06997222401280197,FN (grave RATÉ)
0,0,0,12,3.96222,24,183839,5.4,7.5,1,309.4791666666667,4,10.2,52,0.6,0,2024,0.0123555077973465,0,1,0,0,0,0,0,1,0,0,0.06997222401280197,TN (léger détecté)
0,0,0,12,3.96222,24,231476,5.4,7.5,1,309.4791666666667,4,10.2,52,0.6,0,2024,0.0123555077973465,0,1,0,0,0,0,0,1,0,0,0.07194424070468604,TN (léger détecté)
0,0,0,12,3.96222,24,231476,5.4,7.5,1,309.4791666666667,4,10.2,52,0.6,0,2024,0.0123555077973465,0,1,0,0,0,0,0,1,0,0,0.07194424070468604,TN (léger détecté)
0,0,0,12,3.96222,24,182347,5.4,7.5,1,309.4791666666667,4,10.2,52,0.6,0,2024,0.0123555077973465,0,1,0,0,0,0,0,1,0,0,0.06965010972342822,TN (léger détecté)
0,0,0,12,3.96222,24,182347,5.4,7.5,1,309.4791666666667,4,10.2,52,0.6,0,2024,0.0123555077973465,0,1,0,0,0,0,0,1,0,0,0.06965010972342822,TN (léger détecté)
1,0,0,12,12.462881547619046,23,57934,5.6,6.8,0,192.95238095238096,4,8.4,52,1.2,0,2024,0.0642574300270071,0,1,0,1,0,0,0,0,0,0,0.03421155575366831,TN (léger détecté)
1,0,0,12,12.462881547619046,23,57934,5.6,6.8,0,192.95238095238096,4,8.4,52,1.2,0,2024,0.0642574300270071,0,1,0,1,0,0,0,0,0,0,0.03421155575366831,TN (léger détecté)
1,0,0,12,12.462881547619046,23,15207,5.6,6.8,0,192.95238095238096,4,8.4,52,1.2,0,2024,0.0642574300270071,0,1,0,1,0,0,0,0,0,0,0.04533566354298104,TN (léger détecté)
1,0,0,12,12.462881547619046,23,15207,5.6,6.8,0,192.95238095238096,4,8.4,52,1.2,0,2024,0.0642574300270071,0,1,0,1,0,0,0,0,0,0,0.04533566354298104,TN (léger détecté)
1,1,0,12,4.8569426785714285,22,15207,4.1,7.2,6,20.482142857142858,4,8.4,51,8.6,0,2024,0.2260920947630922,0,1,0,0,0,1,0,0,0,1,0.09741729847704957,FN (grave RATÉ)
1,1,0,12,4.8569426785714285,22,15207,4.1,7.2,6,20.482142857142858,4,8.4,51,8.6,0,2024,0.2260920947630922,0,1,0,0,0,1,0,0,0,0,0.09741729847704957,TN (léger détecté)
1,0,0,12,3.05222,23,161450,5.6,6.8,0,164.79761904761904,4,8.4,52,1.2,0,2024,0.0184093114094923,0,1,0,1,0,0,0,0,0,0,0.015017099875659525,TN (léger détecté)
1,0,0,12,3.05222,23,161450,5.6,6.8,0,164.79761904761904,4,8.4,52,1.2,0,2024,0.0184093114094923,0,1,0,1,0,0,0,0,0,0,0.015017099875659525,TN (léger détecté)
1,0,0,12,3.05222,23,161450,5.6,6.8,0,164.79761904761904,4,8.4,52,1.2,0,2024,0.0184093114094923,0,1,0,1,0,0,0,0,0,0,0.015017099875659525,TN (léger détecté)
1,1,0,12,3.4638899404761903,22,179566,4.1,7.2,6,273.1488095238095,4,8.4,51,8.6,0,2024,0.0126350719760297,0,1,0,0,0,1,0,0,0,0,0.020900743406617753,TN (léger détecté)
1,1,0,12,3.4638899404761903,22,179566,4.1,7.2,6,273.1488095238095,4,8.4,51,8.6,0,2024,0.0126350719760297,0,1,0,0,0,1,0,0,0,0,0.020900743406617753,TN (léger détecté)
1,0,0,12,3.96222,23,55932,5.6,6.8,0,309.4791666666667,4,8.4,52,1.2,0,2024,0.0123555077973465,0,1,0,1,0,0,0,0,0,0,0.04408581481583943,TN (léger détecté)
1,0,0,12,3.96222,23,55932,5.6,6.8,0,309.4791666666667,4,8.4,52,1.2,0,2024,0.0123555077973465,0,1,0,1,0,0,0,0,0,0,0.04408581481583943,TN (léger détecté)
1,0,0,12,3.96222,23,55932,5.6,6.8,0,309.4791666666667,4,8.4,52,1.2,0,2024,0.0123555077973465,0,1,0,1,0,0,0,0,0,0,0.04408581481583943,TN (léger détecté)
1,0,0,12,3.96222,23,41158,5.6,6.8,0,309.4791666666667,4,8.4,52,1.2,0,2024,0.0123555077973465,0,1,0,1,0,0,0,0,0,0,0.04511978553451523,TN (léger détecté)
1,0,0,12,3.96222,23,41158,5.6,6.8,0,309.4791666666667,4,8.4,52,1.2,0,2024,0.0123555077973465,0,1,0,1,0,0,0,0,0,0,0.04511978553451523,TN (léger détecté)
1,1,0,12,4.711681071428571,22,185914,4.1,7.2,6,265.6011904761905,4,8.4,51,8.6,0,2024,0.0176731434057469,0,1,0,0,0,1,0,0,0,0,0.11610182760877587,FP (fausse alerte)
1,1,0,12,4.711681071428571,22,185914,4.1,7.2,6,265.6011904761905,4,8.4,51,8.6,0,2024,0.0176731434057469,0,1,0,0,0,1,0,0,0,0,0.11610182760877587,FP (fausse alerte)
1,1,0,12,4.711681071428571,22,185914,4.1,7.2,6,265.6011904761905,4,8.4,51,8.6,0,2024,0.0176731434057469,0,1,0,0,0,1,0,0,0,0,0.11610182760877587,FP (fausse alerte)
1,0,0,12,3.96222,23,179566,5.6,6.8,0,309.4791666666667,4,8.4,52,1.2,0,2024,0.0123555077973465,0,1,0,1,0,0,0,0,0,0,0.04608962279349352,TN (léger détecté)
1,0,0,12,3.96222,23,179566,5.6,6.8,0,309.4791666666667,4,8.4,52,1.2,0,2024,0.0123555077973465,0,1,0,1,0,0,0,0,0,0,0.04608962279349352,TN (léger détecté)
1,0,0,12,13.828273809523813,23,160526,5.6,6.8,0,3640.517857142857,4,8.4,52,1.2,1,2024,0.0037973928323321,0,1,0,1,0,0,0,0,0,0,0.03149329445163298,TN (léger détecté)
1,0,0,12,13.828273809523813,23,160526,5.6,6.8,0,3640.517857142857,4,8.4,52,1.2,1,2024,0.0037973928323321,0,1,0,1,0,0,0,0,0,0,0.03149329445163298,TN (léger détecté)
1,0,0,12,3.96222,23,161450,5.6,6.8,0,309.4791666666667,4,8.4,52,1.2,0,2024,0.0123555077973465,0,1,0,1,0,0,0,0,0,0,0.04474719974074994,TN (léger détecté)
1,0,0,12,3.96222,23,161450,5.6,6.8,0,309.4791666666667,4,8.4,52,1.2,0,2024,0.0123555077973465,0,1,0,1,0,0,0,0,0,0,0.04474719974074994,TN (léger détecté)
1,0,0,12,3.96222,23,161450,5.6,6.8,0,309.4791666666667,4,8.4,52,1.2,0,2024,0.0123555077973465,0,1,0,1,0,0,0,0,0,0,0.04474719974074994,TN (léger détecté)
1,0,0,12,3.007309464285714,23,182347,5.6,6.8,0,387.3452380952381,4,8.4,52,1.2,1,2024,0.0077439071457036,0,1,0,1,0,0,0,0,0,0,0.028292679567136717,TN (léger détecté)
1,0,0,12,3.007309464285714,23,182347,5.6,6.8,0,387.3452380952381,4,8.4,52,1.2,1,2024,0.0077439071457036,0,1,0,1,0,0,0,0,0,0,0.028292679567136717,TN (léger détecté)
1,1,0,12,3.96222,22,138887,4.1,7.2,6,309.4791666666667,4,8.4,51,8.6,0,2024,0.0123555077973465,0,1,0,0,0,1,0,0,0,0,0.03469268354828944,TN (léger détecté)
1,1,0,12,3.96222,22,138887,4.1,7.2,6,309.4791666666667,4,8.4,51,8.6,0,2024,0.0123555077973465,0,1,0,0,0,1,0,0,0,0,0.03469268354828944,TN (léger détecté)
1,1,0,12,3.96222,22,27547,4.1,7.2,6,309.4791666666667,4,8.4,51,8.6,0,2024,0.0123555077973465,0,1,0,0,0,1,0,0,0,0,0.061379932774837775,TN (léger détecté)
1,0,0,12,4.502269702380953,23,185914,5.6,6.8,0,217.25,4,8.4,52,1.2,0,2024,0.02062895625375,0,1,0,1,0,0,0,0,0,0,0.09628158764897629,TN (léger détecté)
1,1,0,12,7.172534464285714,22,55932,4.1,7.2,6,172.0654761904762,4,8.4,51,8.6,0,2024,0.0414440512467755,0,1,0,0,0,1,0,0,0,0,0.09187799565311243,TN (léger détecté)
1,1,0,12,7.172534464285714,22,55932,4.1,7.2,6,172.0654761904762,4,8.4,51,8.6,0,2024,0.0414440512467755,0,1,0,0,0,1,0,0,0,0,0.09187799565311243,TN (léger détecté)
1,1,0,12,3.254901964285714,22,161450,4.1,7.2,6,576.3035714285714,4,8.4,51,8.6,1,2024,0.0056381116025859,0,1,0,0,0,1,0,0,0,0,0.017010545637842937,TN (léger détecté)
1,1,0,12,3.254901964285714,22,161450,4.1,7.2,6,576.3035714285714,4,8.4,51,8.6,1,2024,0.0056381116025859,0,1,0,0,0,1,0,0,0,0,0.017010545637842937,TN (léger détecté)
1,1,0,12,3.254901964285714,22,161450,4.1,7.2,6,576.3035714285714,4,8.4,51,8.6,1,2024,0.0056381116025859,0,1,0,0,0,1,0,0,0,0,0.017010545637842937,TN (léger détecté)
1,1,0,12,3.96222,22,138907,4.1,7.2,6,309.4791666666667,4,8.4,51,8.6,0,2024,0.0123555077973465,0,1,0,0,0,1,0,0,0,1,0.036746179475935815,FN (grave RATÉ)
1,1,0,12,3.96222,22,138907,4.1,7.2,6,309.4791666666667,4,8.4,51,8.6,0,2024,0.0123555077973465,0,1,0,0,0,1,0,0,0,0,0.036746179475935815,TN (léger détecté)
1,1,0,12,3.96222,22,138907,4.1,7.2,6,309.4791666666667,4,8.4,51,8.6,0,2024,0.0123555077973465,0,1,0,0,0,1,0,0,0,0,0.036746179475935815,TN (léger détecté)
1,1,0,12,3.96222,22,35837,4.1,7.2,6,309.4791666666667,4,8.4,51,8.6,0,2024,0.0123555077973465,0,1,0,0,0,1,0,0,0,0,0.05784698349646194,TN (léger détecté)
1,1,0,12,3.96222,22,35837,4.1,7.2,6,309.4791666666667,4,8.4,51,8.6,0,2024,0.0123555077973465,0,1,0,0,0,1,0,0,0,0,0.05784698349646194,TN (léger détecté)
1,1,0,12,3.96222,22,35837,4.1,7.2,6,309.4791666666667,4,8.4,51,8.6,0,2024,0.0123555077973465,0,1,0,0,0,1,0,0,0,0,0.05784698349646194,TN (léger détecté)
1,1,0,12,3.96222,22,35837,4.1,7.2,6,309.4791666666667,4,8.4,51,8.6,0,2024,0.0123555077973465,0,1,0,0,0,1,0,0,0,0,0.05784698349646194,TN (léger détecté)
1,1,0,12,3.96222,22,32386,4.1,7.2,6,309.4791666666667,4,8.4,51,8.6,0,2024,0.0123555077973465,0,1,0,0,0,1,0,0,0,0,0.0585438271081028,TN (léger détecté)
0,0,0,11,16.75121951219512,15,138907,9.2,9.7,4,3638.7073170731705,4,11.1,46,0.0,1,2024,0.004602353445734,0,0,0,0,0,0,0,0,0,0,0.024253638597544865,TN (léger détecté)
0,0,0,11,16.75121951219512,15,138907,9.2,9.7,4,3638.7073170731705,4,11.1,46,0.0,1,2024,0.004602353445734,0,0,0,0,0,0,0,0,0,1,0.024253638597544865,FN (grave RATÉ)
0,1,0,11,3.96222,17,185914,5.6,8.4,6,309.4791666666667,4,10.6,46,0.4,0,2024,0.0123555077973465,0,0,0,0,0,1,0,0,0,0,0.14460591043888027,FP (fausse alerte)
0,1,0,11,3.96222,17,185914,5.6,8.4,6,309.4791666666667,4,10.6,46,0.4,0,2024,0.0123555077973465,0,0,0,0,0,1,0,0,0,0,0.14460591043888027,FP (fausse alerte)
0,1,0,11,3.96222,17,179566,5.6,8.4,6,309.4791666666667,4,10.6,46,0.4,0,2024,0.0123555077973465,0,0,0,0,0,1,0,0,0,0,0.07653205384349353,TN (léger détecté)
0,1,0,11,3.96222,17,179566,5.6,8.4,6,309.4791666666667,4,10.6,46,0.4,0,2024,0.0123555077973465,0,0,0,0,0,1,0,0,0,0,0.07653205384349353,TN (léger détecté)
0,1,0,11,3.96222,17,179566,5.6,8.4,6,309.4791666666667,4,10.6,46,0.4,0,2024,0.0123555077973465,0,0,0,0,0,1,0,0,0,0,0.07653205384349353,TN (léger détecté)
0,1,0,11,3.96222,17,160526,5.6,8.4,6,309.4791666666667,4,10.6,46,0.4,0,2024,0.0123555077973465,0,0,0,0,0,1,0,0,0,0,0.06565907543324023,TN (léger détecté)
0,1,0,11,3.96222,17,160526,5.6,8.4,6,309.4791666666667,4,10.6,46,0.4,0,2024,0.0123555077973465,0,0,0,0,0,1,0,0,0,0,0.06565907543324023,TN (léger détecté)
0,1,0,11,3.96222,17,160526,5.6,8.4,6,309.4791666666667,4,10.6,46,0.4,0,2024,0.0123555077973465,0,0,0,0,0,1,0,0,0,0,0.06565907543324023,TN (léger détecté)
0,1,0,11,3.96222,17,231476,5.6,8.4,6,309.4791666666667,4,10.6,46,0.4,0,2024,0.0123555077973465,0,0,0,0,0,1,0,0,0,0,0.10054591468754305,TN (léger détecté)
0,1,0,11,3.96222,17,231476,5.6,8.4,6,309.4791666666667,4,10.6,46,0.4,0,2024,0.0123555077973465,0,0,0,0,0,1,0,0,0,0,0.10054591468754305,TN (léger détecté)
0,1,0,11,4.884742926829269,17,231476,5.6,8.4,6,269.3414634146341,4,10.6,46,0.4,0,2024,0.0180687892457596,0,0,0,0,0,1,0,0,0,0,0.13465007045379024,FP (fausse alerte)
0,1,0,11,4.884742926829269,17,231476,5.6,8.4,6,269.3414634146341,4,10.6,46,0.4,0,2024,0.0180687892457596,0,0,0,0,0,1,0,0,0,0,0.13465007045379024,FP (fausse alerte)
0,1,0,11,2.82722,16,84310,7.8,8.3,5,757.5121951219512,4,10.7,46,0.0,1,2024,0.0037273230650503,0,0,0,0,1,0,0,0,0,1,0.02815962556783764,FN (grave RATÉ)
0,1,0,11,2.82722,16,84310,7.8,8.3,5,757.5121951219512,4,10.7,46,0.0,1,2024,0.0037273230650503,0,0,0,0,1,0,0,0,0,0,0.02815962556783764,TN (léger détecté)
0,1,0,11,2.82722,16,84310,7.8,8.3,5,757.5121951219512,4,10.7,46,0.0,1,2024,0.0037273230650503,0,0,0,0,1,0,0,0,0,0,0.02815962556783764,TN (léger détecté)
0,1,0,11,3.96222,17,32386,5.6,8.4,6,309.4791666666667,4,10.6,46,0.4,0,2024,0.0123555077973465,0,0,0,0,0,1,0,0,0,0,0.10592870647917206,TN (léger détecté)
0,1,0,11,3.96222,17,32386,5.6,8.4,6,309.4791666666667,4,10.6,46,0.4,0,2024,0.0123555077973465,0,0,0,0,0,1,0,0,0,0,0.10592870647917206,TN (léger détecté)
1,1,0,12,4.04167,21,161450,7.5,9.7,5,299.5238095238095,4,12.0,51,16.3,0,2024,0.013448751386468,0,1,0,0,1,0,0,0,0,0,0.04370880904153467,TN (léger détecté)
1,1,0,12,4.04167,21,161450,7.5,9.7,5,299.5238095238095,4,12.0,51,16.3,0,2024,0.013448751386468,0,1,0,0,1,0,0,0,0,0,0.04370880904153467,TN (léger détecté)
1,1,0,12,4.04167,21,161450,7.5,9.7,5,299.5238095238095,4,12.0,51,16.3,0,2024,0.013448751386468,0,1,0,0,1,0,0,0,0,0,0.04370880904153467,TN (léger détecté)
1,1,0,12,4.04167,21,161450,7.5,9.7,5,299.5238095238095,4,12.0,51,16.3,0,2024,0.013448751386468,0,1,0,0,1,0,0,0,0,0,0.04370880904153467,TN (léger détecté)
1,1,0,12,4.04167,21,161450,7.5,9.7,5,299.5238095238095,4,12.0,51,16.3,0,2024,0.013448751386468,0,1,0,0,1,0,0,0,0,0,0.04370880904153467,TN (léger détecté)
0,0,0,12,4.04167,20,231476,4.4,6.6,4,411.5535714285714,4,9.1,51,0.6,1,2024,0.0097967155780634,0,1,0,0,0,0,0,0,0,0,0.044149429793711906,TN (léger détecté)
0,0,0,12,4.04167,20,231476,4.4,6.6,4,411.5535714285714,4,9.1,51,0.6,1,2024,0.0097967155780634,0,1,0,0,0,0,0,0,0,0,0.044149429793711906,TN (léger détecté)
1,1,0,12,4.887864821428572,21,179566,7.5,9.7,5,508.2202380952381,4,12.0,51,16.3,1,2024,0.0095987245905855,0,1,0,0,1,0,0,0,0,0,0.023159825584078902,TN (léger détecté)
1,1,0,12,4.887864821428572,21,179566,7.5,9.7,5,508.2202380952381,4,12.0,51,16.3,1,2024,0.0095987245905855,0,1,0,0,1,0,0,0,0,0,0.023159825584078902,TN (léger détecté)
1,1,0,12,3.96222,21,160526,7.5,9.7,5,309.4791666666667,4,12.0,51,16.3,0,2024,0.0123555077973465,0,1,0,0,1,0,0,0,0,0,0.04818508333685777,TN (léger détecté)
1,1,0,12,3.96222,21,160526,7.5,9.7,5,309.4791666666667,4,12.0,51,16.3,0,2024,0.0123555077973465,0,1,0,0,1,0,0,0,0,0,0.04818508333685777,TN (léger détecté)
1,1,0,12,3.96222,21,161450,7.5,9.7,5,309.4791666666667,4,12.0,51,16.3,0,2024,0.0123555077973465,0,1,0,0,1,0,0,0,0,1,0.04732289015944823,FN (grave RATÉ)
1,1,0,12,3.96222,21,161450,7.5,9.7,5,309.4791666666667,4,12.0,51,16.3,0,2024,0.0123555077973465,0,1,0,0,1,0,0,0,0,0,0.04732289015944823,TN (léger détecté)
1,1,0,12,3.96222,21,182347,7.5,9.7,5,309.4791666666667,4,12.0,51,16.3,0,2024,0.0123555077973465,0,1,0,0,1,0,0,0,0,0,0.05565361811538245,TN (léger détecté)
1,1,0,12,3.96222,21,182347,7.5,9.7,5,309.4791666666667,4,12.0,51,16.3,0,2024,0.0123555077973465,0,1,0,0,1,0,0,0,0,0,0.05565361811538245,TN (léger détecté)
1,1,0,12,3.96222,21,84310,7.5,9.7,5,309.4791666666667,4,12.0,51,16.3,0,2024,0.0123555077973465,0,1,0,0,1,0,0,0,0,0,0.04255259442538786,TN (léger détecté)
1,1,0,12,3.96222,21,84310,7.5,9.7,5,309.4791666666667,4,12.0,51,16.3,0,2024,0.0123555077973465,0,1,0,0,1,0,0,0,0,0,0.04255259442538786,TN (léger détecté)
1,1,0,12,3.96222,21,32386,7.5,9.7,5,309.4791666666667,4,12.0,51,16.3,0,2024,0.0123555077973465,0,1,0,0,1,0,0,0,0,0,0.05025336298676476,TN (léger détecté)
1,1,0,12,3.96222,21,32386,7.5,9.7,5,309.4791666666667,4,12.0,51,16.3,0,2024,0.0123555077973465,0,1,0,0,1,0,0,0,0,0,0.05025336298676476,TN (léger détecté)
1,1,0,12,6.132236428571428,21,32386,7.5,9.7,5,380.8392857142857,4,12.0,51,16.3,1,2024,0.0160597315624561,0,1,0,0,1,0,0,0,0,0,0.03355663004331721,TN (léger détecté)
1,0,0,12,3.96222,19,27547,6.0,9.0,3,309.4791666666667,4,13.1,51,3.0,0,2024,0.0123555077973465,0,1,0,0,0,0,1,0,0,0,0.15253276744649238,FP (fausse alerte)
0,1,0,11,16.75121951219512,16,138907,7.8,8.3,5,3638.7073170731705,4,10.7,46,0.0,1,2024,0.004602353445734,0,0,0,0,1,0,0,0,0,0,0.024924974446385435,TN (léger détecté)
0,1,0,11,16.75121951219512,16,138907,7.8,8.3,5,3638.7073170731705,4,10.7,46,0.0,1,2024,0.004602353445734,0,0,0,0,1,0,0,0,0,0,0.024924974446385435,TN (léger détecté)
0,0,0,11,1.803333658536585,15,179566,9.2,9.7,4,197.3170731707317,4,11.1,46,0.0,0,2024,0.0090931841101955,0,0,0,0,0,0,0,0,0,0,0.03457688763744087,TN (léger détecté)
0,0,0,11,1.803333658536585,15,179566,9.2,9.7,4,197.3170731707317,4,11.1,46,0.0,0,2024,0.0090931841101955,0,0,0,0,0,0,0,0,0,0,0.03457688763744087,TN (léger détecté)
0,0,0,11,1.803333658536585,15,179566,9.2,9.7,4,197.3170731707317,4,11.1,46,0.0,0,2024,0.0090931841101955,0,0,0,0,0,0,0,0,0,0,0.03457688763744087,TN (léger détecté)
0,0,0,11,1.803333658536585,15,179566,9.2,9.7,4,197.3170731707317,4,11.1,46,0.0,0,2024,0.0090931841101955,0,0,0,0,0,0,0,0,0,1,0.03457688763744087,FN (grave RATÉ)
0,0,0,11,4.135245121951219,15,185914,9.2,9.7,4,208.0,4,11.1,46,0.0,0,2024,0.0197858618275177,0,0,0,0,0,0,0,0,0,0,0.11027298234355429,TN (léger détecté)
0,0,0,11,4.135245121951219,15,185914,9.2,9.7,4,208.0,4,11.1,46,0.0,0,2024,0.0197858618275177,0,0,0,0,0,0,0,0,0,0,0.11027298234355429,TN (léger détecté)
0,1,0,11,8.477995365853658,16,160526,7.8,8.3,5,342.219512195122,4,10.7,46,0.0,1,2024,0.0247013793348493,0,0,0,0,1,0,0,0,0,0,0.04450853920787044,TN (léger détecté)
0,1,0,11,8.477995365853658,16,160526,7.8,8.3,5,342.219512195122,4,10.7,46,0.0,1,2024,0.0247013793348493,0,0,0,0,1,0,0,0,0,0,0.04450853920787044,TN (léger détecté)
0,1,0,11,4.1690797560975605,16,161450,7.8,8.3,5,188.4878048780488,4,10.7,46,0.0,0,2024,0.0220018367872313,0,0,0,0,1,0,0,0,0,0,0.0425019174529504,TN (léger détecté)
0,1,0,11,4.1690797560975605,16,161450,7.8,8.3,5,188.4878048780488,4,10.7,46,0.0,0,2024,0.0220018367872313,0,0,0,0,1,0,0,0,0,0,0.0425019174529504,TN (léger détecté)
0,1,0,11,3.648686341463416,16,182347,7.8,8.3,5,136.9512195121951,4,10.7,46,0.0,0,2024,0.0264491053748232,0,0,0,0,1,0,0,0,0,0,0.09241408646245583,TN (léger détecté)
0,1,0,11,3.648686341463416,16,182347,7.8,8.3,5,136.9512195121951,4,10.7,46,0.0,0,2024,0.0264491053748232,0,0,0,0,1,0,0,0,0,0,0.09241408646245583,TN (léger détecté)
0,1,0,11,3.648686341463416,16,182347,7.8,8.3,5,136.9512195121951,4,10.7,46,0.0,0,2024,0.0264491053748232,0,0,0,0,1,0,0,0,0,0,0.09241408646245583,TN (léger détecté)
0,1,0,11,6.561722195121952,16,182347,7.8,8.3,5,1592.8292682926829,4,10.7,46,0.0,1,2024,0.0041169542595681,0,0,0,0,1,0,0,0,0,0,0.029421762251541275,TN (léger détecté)
0,1,0,11,6.561722195121952,16,182347,7.8,8.3,5,1592.8292682926829,4,10.7,46,0.0,1,2024,0.0041169542595681,0,0,0,0,1,0,0,0,0,0,0.029421762251541275,TN (léger détecté)
0,1,0,11,6.561722195121952,16,182347,7.8,8.3,5,1592.8292682926829,4,10.7,46,0.0,1,2024,0.0041169542595681,0,0,0,0,1,0,0,0,0,0,0.029421762251541275,TN (léger détecté)
0,1,0,11,0.749459268292683,16,182347,7.8,8.3,5,95.39024390243902,4,10.7,46,0.0,0,2024,0.0077752606275303,0,0,0,0,1,0,0,0,0,0,0.016956878254503677,TN (léger détecté)
0,1,0,11,0.749459268292683,16,182347,7.8,8.3,5,95.39024390243902,4,10.7,46,0.0,0,2024,0.0077752606275303,0,0,0,0,1,0,0,0,0,0,0.016956878254503677,TN (léger détecté)
0,1,0,11,2.2705295121951217,16,84310,7.8,8.3,5,192.8048780487805,4,10.7,46,0.0,0,2024,0.0117155436697709,0,0,0,0,1,0,0,0,0,0,0.019675351829221203,TN (léger détecté)
0,1,0,11,2.2705295121951217,16,84310,7.8,8.3,5,192.8048780487805,4,10.7,46,0.0,0,2024,0.0117155436697709,0,0,0,0,1,0,0,0,0,0,0.019675351829221203,TN (léger détecté)
0,0,0,11,3.96222,15,185914,9.2,9.7,4,309.4791666666667,4,11.1,46,0.0,0,2024,0.0123555077973465,0,0,0,0,0,0,0,0,0,0,0.12832460174933183,FP (fausse alerte)
0,0,0,11,3.96222,15,185914,9.2,9.7,4,309.4791666666667,4,11.1,46,0.0,0,2024,0.0123555077973465,0,0,0,0,0,0,0,0,0,0,0.12832460174933183,FP (fausse alerte)
0,0,0,11,3.96222,15,84310,9.2,9.7,4,309.4791666666667,4,11.1,46,0.0,0,2024,0.0123555077973465,0,0,0,0,0,0,0,0,0,0,0.0448182654842526,TN (léger détecté)
0,0,0,11,3.96222,15,84310,9.2,9.7,4,309.4791666666667,4,11.1,46,0.0,0,2024,0.0123555077973465,0,0,0,0,0,0,0,0,0,0,0.0448182654842526,TN (léger détecté)
0,0,0,11,3.96222,15,160526,9.2,9.7,4,309.4791666666667,4,11.1,46,0.0,0,2024,0.0123555077973465,0,0,0,0,0,0,0,0,0,0,0.04846788048184005,TN (léger détecté)
0,0,0,11,3.96222,15,160526,9.2,9.7,4,309.4791666666667,4,11.1,46,0.0,0,2024,0.0123555077973465,0,0,0,0,0,0,0,0,0,0,0.04846788048184005,TN (léger détecté)
0,0,0,11,3.96222,15,161450,9.2,9.7,4,309.4791666666667,4,11.1,46,0.0,0,2024,0.0123555077973465,0,0,0,0,0,0,0,0,0,0,0.05540564450240298,TN (léger détecté)
0,0,0,11,3.96222,15,161450,9.2,9.7,4,309.4791666666667,4,11.1,46,0.0,0,2024,0.0123555077973465,0,0,0,0,0,0,0,0,0,0,0.05540564450240298,TN (léger détecté)
0,0,0,11,4.1690797560975605,15,161450,9.2,9.7,4,188.4878048780488,4,11.1,46,0.0,0,2024,0.0220018367872313,0,0,0,0,0,0,0,0,0,0,0.051831723923556755,TN (léger détecté)
0,0,0,11,4.1690797560975605,15,161450,9.2,9.7,4,188.4878048780488,4,11.1,46,0.0,0,2024,0.0220018367872313,0,0,0,0,0,0,0,0,0,0,0.051831723923556755,TN (léger détecté)
0,0,0,11,0.5973724390243903,15,161450,9.2,9.7,4,169.4390243902439,4,11.1,46,0.0,0,2024,0.0035049041213508,0,0,0,0,0,0,0,0,0,0,0.07337576994886906,TN (léger détecté)
0,0,0,11,0.5973724390243903,15,161450,9.2,9.7,4,169.4390243902439,4,11.1,46,0.0,0,2024,0.0035049041213508,0,0,0,0,0,0,0,0,0,0,0.07337576994886906,TN (léger détecté)
0,0,0,11,3.96222,14,231476,6.6,10.1,3,309.4791666666667,4,13.6,46,0.0,0,2024,0.0123555077973465,0,0,0,0,0,0,1,0,0,0,0.08295915391400346,TN (léger détecté)
0,0,0,11,3.96222,14,231476,6.6,10.1,3,309.4791666666667,4,13.6,46,0.0,0,2024,0.0123555077973465,0,0,0,0,0,0,1,0,0,0,0.08295915391400346,TN (léger détecté)
0,0,0,11,3.96222,15,55932,9.2,9.7,4,309.4791666666667,4,11.1,46,0.0,0,2024,0.0123555077973465,0,0,0,0,0,0,0,0,0,0,0.045243613783561516,TN (léger détecté)
0,0,0,11,3.96222,15,55932,9.2,9.7,4,309.4791666666667,4,11.1,46,0.0,0,2024,0.0123555077973465,0,0,0,0,0,0,0,0,0,0,0.045243613783561516,TN (léger détecté)
0,0,0,11,3.7741746341463416,15,182347,9.2,9.7,4,410.6341463414634,4,11.1,46,0.0,1,2024,0.0091687598506843,0,0,0,0,0,0,0,0,0,0,0.067117736324684,TN (léger détecté)
0,0,0,11,3.7741746341463416,15,182347,9.2,9.7,4,410.6341463414634,4,11.1,46,0.0,1,2024,0.0091687598506843,0,0,0,0,0,0,0,0,0,0,0.067117736324684,TN (léger détecté)
0,0,0,11,1.344310975609756,15,182347,9.2,9.7,4,226.390243902439,4,11.1,46,0.0,0,2024,0.0059119114019092,0,0,0,0,0,0,0,0,0,0,0.04604153517108079,TN (léger détecté)
0,0,0,11,1.344310975609756,15,182347,9.2,9.7,4,226.390243902439,4,11.1,46,0.0,0,2024,0.0059119114019092,0,0,0,0,0,0,0,0,0,0,0.04604153517108079,TN (léger détecté)
0,0,0,11,2.82722,15,137426,9.2,9.7,4,117.70731707317071,4,11.1,46,0.0,0,2024,0.0238167289911649,0,0,0,0,0,0,0,0,0,0,0.022122924977144572,TN (léger détecté)
0,0,0,11,2.82722,15,137426,9.2,9.7,4,117.70731707317071,4,11.1,46,0.0,0,2024,0.0238167289911649,0,0,0,0,0,0,0,0,0,0,0.022122924977144572,TN (léger détecté)
0,0,0,11,3.96222,14,182347,6.6,10.1,3,309.4791666666667,4,13.6,46,0.0,0,2024,0.0123555077973465,0,0,0,0,0,0,1,0,0,0,0.0686346192041911,TN (léger détecté)
0,0,0,11,3.96222,14,182347,6.6,10.1,3,309.4791666666667,4,13.6,46,0.0,0,2024,0.0123555077973465,0,0,0,0,0,0,1,0,0,1,0.0686346192041911,FN (grave RATÉ)
0,0,0,11,15.741613902439024,15,84310,9.2,9.7,4,583.0975609756098,4,11.1,46,0.0,1,2024,0.0269503161015533,0,0,0,0,0,0,0,0,0,0,0.03477081509205371,TN (léger détecté)
0,0,0,11,15.741613902439024,15,84310,9.2,9.7,4,583.0975609756098,4,11.1,46,0.0,1,2024,0.0269503161015533,0,0,0,0,0,0,0,0,0,0,0.03477081509205371,TN (léger détecté)
0,0,0,12,11.73473011904762,20,55932,4.4,6.6,4,787.0892857142857,4,9.1,51,0.6,1,2024,0.0148901023421627,0,1,0,0,0,0,0,0,0,0,0.035166641392115325,TN (léger détecté)
0,0,0,12,11.73473011904762,20,55932,4.4,6.6,4,787.0892857142857,4,9.1,51,0.6,1,2024,0.0148901023421627,0,1,0,0,0,0,0,0,0,0,0.035166641392115325,TN (léger détecté)
0,0,0,12,3.96222,20,55932,4.4,6.6,4,309.4791666666667,4,9.1,51,0.6,0,2024,0.0123555077973465,0,1,0,0,0,0,0,0,0,0,0.03876584045698463,TN (léger détecté)
0,0,0,12,3.96222,20,55932,4.4,6.6,4,309.4791666666667,4,9.1,51,0.6,0,2024,0.0123555077973465,0,1,0,0,0,0,0,0,0,0,0.03876584045698463,TN (léger détecté)
0,0,0,12,3.96222,20,161450,4.4,6.6,4,309.4791666666667,4,9.1,51,0.6,0,2024,0.0123555077973465,0,1,0,0,0,0,0,0,0,0,0.0398817274823907,TN (léger détecté)
0,0,0,12,3.96222,20,161450,4.4,6.6,4,309.4791666666667,4,9.1,51,0.6,0,2024,0.0123555077973465,0,1,0,0,0,0,0,0,0,0,0.0398817274823907,TN (léger détecté)
1,0,0,12,9.553791011904762,19,137426,6.0,9.0,3,240.14880952380952,4,13.1,51,3.0,0,2024,0.0396178236615407,0,1,0,0,0,0,1,0,0,0,0.04901648570623313,TN (léger détecté)
1,0,0,12,9.553791011904762,19,137426,6.0,9.0,3,240.14880952380952,4,13.1,51,3.0,0,2024,0.0396178236615407,0,1,0,0,0,0,1,0,0,0,0.04901648570623313,TN (léger détecté)
0,0,0,12,3.96222,20,41158,4.4,6.6,4,309.4791666666667,4,9.1,51,0.6,0,2024,0.0123555077973465,0,1,0,0,0,0,0,0,0,0,0.041326949692860056,TN (léger détecté)
0,0,0,12,3.96222,20,41158,4.4,6.6,4,309.4791666666667,4,9.1,51,0.6,0,2024,0.0123555077973465,0,1,0,0,0,0,0,0,0,0,0.041326949692860056,TN (léger détecté)
0,0,0,12,4.297345833333334,20,138887,4.4,6.6,4,170.72619047619048,4,9.1,51,0.6,0,2024,0.0250244055459272,0,1,0,0,0,0,0,0,0,0,0.04742167021405643,TN (léger détecté)
0,0,0,12,4.297345833333334,20,138887,4.4,6.6,4,170.72619047619048,4,9.1,51,0.6,0,2024,0.0250244055459272,0,1,0,0,0,0,0,0,0,0,0.04742167021405643,TN (léger détecté)
0,0,0,12,1.3621273214285714,20,160526,4.4,6.6,4,91.54761904761904,4,9.1,51,0.6,0,2024,0.0147181238744533,0,1,0,0,0,0,0,0,0,0,0.016823428106202257,TN (léger détecté)
0,0,0,12,1.3621273214285714,20,160526,4.4,6.6,4,91.54761904761904,4,9.1,51,0.6,0,2024,0.0147181238744533,0,1,0,0,0,0,0,0,0,0,0.016823428106202257,TN (léger détecté)
0,0,0,12,1.3621273214285714,20,160526,4.4,6.6,4,91.54761904761904,4,9.1,51,0.6,0,2024,0.0147181238744533,0,1,0,0,0,0,0,0,0,0,0.016823428106202257,TN (léger détecté)
0,0,0,12,3.96222,20,19979,4.4,6.6,4,309.4791666666667,4,9.1,51,0.6,0,2024,0.0123555077973465,0,1,0,0,0,0,0,0,0,0,0.07619196973020105,TN (léger détecté)
0,0,0,12,3.96222,20,19979,4.4,6.6,4,309.4791666666667,4,9.1,51,0.6,0,2024,0.0123555077973465,0,1,0,0,0,0,0,0,0,0,0.07619196973020105,TN (léger détecté)
0,0,0,11,6.561722195121952,13,182347,7.0,8.5,2,1592.8292682926829,4,9.9,46,0.0,1,2024,0.0041169542595681,0,0,0,0,0,0,0,0,1,1,0.02972668379513302,FN (grave RATÉ)
0,0,0,11,6.561722195121952,13,182347,7.0,8.5,2,1592.8292682926829,4,9.9,46,0.0,1,2024,0.0041169542595681,0,0,0,0,0,0,0,0,1,0,0.02972668379513302,TN (léger détecté)
0,0,0,11,6.561722195121952,13,182347,7.0,8.5,2,1592.8292682926829,4,9.9,46,0.0,1,2024,0.0041169542595681,0,0,0,0,0,0,0,0,1,0,0.02972668379513302,TN (léger détecté)
0,0,0,11,2.315244634146341,14,185914,6.6,10.1,3,144.73170731707316,4,13.6,46,0.0,0,2024,0.0158870343096234,0,0,0,0,0,0,1,0,0,0,0.06489249676503087,TN (léger détecté)
0,0,0,11,2.315244634146341,14,185914,6.6,10.1,3,144.73170731707316,4,13.6,46,0.0,0,2024,0.0158870343096234,0,0,0,0,0,0,1,0,0,0,0.06489249676503087,TN (léger détecté)
0,0,0,11,4.1690797560975605,14,161450,6.6,10.1,3,188.4878048780488,4,13.6,46,0.0,0,2024,0.0220018367872313,0,0,0,0,0,0,1,0,0,0,0.0598359464530314,TN (léger détecté)
0,0,0,11,4.1690797560975605,14,161450,6.6,10.1,3,188.4878048780488,4,13.6,46,0.0,0,2024,0.0220018367872313,0,0,0,0,0,0,1,0,0,0,0.0598359464530314,TN (léger détecté)
0,0,0,11,5.664459756097561,14,231476,6.6,10.1,3,227.85365853658536,4,13.6,46,0.0,0,2024,0.0247514494298198,0,0,0,0,0,0,1,0,0,0,0.07829330085083698,TN (léger détecté)
0,0,0,11,5.664459756097561,14,231476,6.6,10.1,3,227.85365853658536,4,13.6,46,0.0,0,2024,0.0247514494298198,0,0,0,0,0,0,1,0,0,0,0.07829330085083698,TN (léger détecté)
0,0,0,11,3.7741746341463416,14,182347,6.6,10.1,3,410.6341463414634,4,13.6,46,0.0,1,2024,0.0091687598506843,0,0,0,0,0,0,1,0,0,0,0.06782418410725992,TN (léger détecté)
0,0,0,11,3.7741746341463416,14,182347,6.6,10.1,3,410.6341463414634,4,13.6,46,0.0,1,2024,0.0091687598506843,0,0,0,0,0,0,1,0,0,0,0.06782418410725992,TN (léger détecté)
0,0,0,11,3.7741746341463416,14,182347,6.6,10.1,3,410.6341463414634,4,13.6,46,0.0,1,2024,0.0091687598506843,0,0,0,0,0,0,1,0,0,0,0.06782418410725992,TN (léger détecté)
0,0,0,11,3.7741746341463416,14,182347,6.6,10.1,3,410.6341463414634,4,13.6,46,0.0,1,2024,0.0091687598506843,0,0,0,0,0,0,1,0,0,0,0.06782418410725992,TN (léger détecté)
0,0,0,11,3.7741746341463416,14,182347,6.6,10.1,3,410.6341463414634,4,13.6,46,0.0,1,2024,0.0091687598506843,0,0,0,0,0,0,1,0,0,0,0.06782418410725992,TN (léger détecté)
0,0,0,11,1.729391463414634,14,35837,6.6,10.1,3,337.4390243902439,4,13.6,46,0.0,1,2024,0.0051099055923897,0,0,0,0,0,0,1,0,0,0,0.05556478786964529,TN (léger détecté)
0,0,0,11,1.729391463414634,14,35837,6.6,10.1,3,337.4390243902439,4,13.6,46,0.0,1,2024,0.0051099055923897,0,0,0,0,0,0,1,0,0,1,0.05556478786964529,FN (grave RATÉ)
0,0,0,11,3.96222,14,35837,6.6,10.1,3,309.4791666666667,4,13.6,46,0.0,0,2024,0.0123555077973465,0,0,0,0,0,0,1,0,0,0,0.06946138214767622,TN (léger détecté)
0,0,0,11,3.96222,13,35837,7.0,8.5,2,309.4791666666667,4,9.9,46,0.0,0,2024,0.0123555077973465,0,0,0,0,0,0,0,0,1,0,0.05503776623083958,TN (léger détecté)
0,0,0,11,3.96222,13,35837,7.0,8.5,2,309.4791666666667,4,9.9,46,0.0,0,2024,0.0123555077973465,0,0,0,0,0,0,0,0,1,0,0.05503776623083958,TN (léger détecté)
0,0,0,11,3.96222,13,35837,7.0,8.5,2,309.4791666666667,4,9.9,46,0.0,0,2024,0.0123555077973465,0,0,0,0,0,0,0,0,1,0,0.05503776623083958,TN (léger détecté)
0,0,0,11,3.96222,14,15207,6.6,10.1,3,309.4791666666667,4,13.6,46,0.0,0,2024,0.0123555077973465,0,0,0,0,0,0,1,0,0,0,0.04647066289228783,TN (léger détecté)
0,0,0,11,3.96222,14,15207,6.6,10.1,3,309.4791666666667,4,13.6,46,0.0,0,2024,0.0123555077973465,0,0,0,0,0,0,1,0,0,0,0.04647066289228783,TN (léger détecté)
0,0,0,11,3.96222,14,15207,6.6,10.1,3,309.4791666666667,4,13.6,46,0.0,0,2024,0.0123555077973465,0,0,0,0,0,0,1,0,0,0,0.04647066289228783,TN (léger détecté)
0,0,0,11,3.96222,14,15207,6.6,10.1,3,309.4791666666667,4,13.6,46,0.0,0,2024,0.0123555077973465,0,0,0,0,0,0,1,0,0,0,0.04647066289228783,TN (léger détecté)
0,0,0,11,3.96222,14,32386,6.6,10.1,3,309.4791666666667,4,13.6,46,0.0,0,2024,0.0123555077973465,0,0,0,0,0,0,1,0,0,0,0.07028769878392468,TN (léger détecté)
0,0,0,11,3.96222,14,32386,6.6,10.1,3,309.4791666666667,4,13.6,46,0.0,0,2024,0.0123555077973465,0,0,0,0,0,0,1,0,0,0,0.07028769878392468,TN (léger détecté)
0,0,0,11,3.650584146341463,14,32386,6.6,10.1,3,310.8292682926829,4,13.6,46,0.0,1,2024,0.0117069964802502,0,0,0,0,0,0,1,0,0,0,0.1297148435662975,FP (fausse alerte)
0,0,0,11,3.650584146341463,14,32386,6.6,10.1,3,310.8292682926829,4,13.6,46,0.0,1,2024,0.0117069964802502,0,0,0,0,0,0,1,0,0,0,0.1297148435662975,FP (fausse alerte)
1,0,0,12,16.73482142857143,19,231476,6.0,9.0,3,3407.779761904762,4,13.1,51,3.0,1,2024,0.0049093290260619,0,1,0,0,0,0,1,0,0,0,0.2814131913366034,FP (fausse alerte)
1,0,0,12,16.73482142857143,19,231476,6.0,9.0,3,3407.779761904762,4,13.1,51,3.0,1,2024,0.0049093290260619,0,1,0,0,0,0,1,0,0,0,0.2814131913366034,FP (fausse alerte)
0,0,0,12,3.96222,12,183839,4.1,4.4,3,309.4791666666667,4,5.4,50,0.0,0,2024,0.0123555077973465,0,1,0,0,0,0,1,0,0,0,0.06770845000250172,TN (léger détecté)
0,0,0,12,3.96222,12,183839,4.1,4.4,3,309.4791666666667,4,5.4,50,0.0,0,2024,0.0123555077973465,0,1,0,0,0,0,1,0,0,0,0.06770845000250172,TN (léger détecté)
0,0,0,12,3.96222,12,183839,4.1,4.4,3,309.4791666666667,4,5.4,50,0.0,0,2024,0.0123555077973465,0,1,0,0,0,0,1,0,0,0,0.06770845000250172,TN (léger détecté)
1,0,0,12,3.96222,19,55932,6.0,9.0,3,309.4791666666667,4,13.1,51,3.0,0,2024,0.0123555077973465,0,1,0,0,0,0,1,0,0,0,0.09446612934150923,TN (léger détecté)
1,0,0,12,3.96222,19,55932,6.0,9.0,3,309.4791666666667,4,13.1,51,3.0,0,2024,0.0123555077973465,0,1,0,0,0,0,1,0,0,0,0.09446612934150923,TN (léger détecté)
0,0,0,12,3.96222,18,41158,6.7,11.5,2,309.4791666666667,4,14.0,51,0.4,0,2024,0.0123555077973465,0,1,0,0,0,0,0,0,1,0,0.04291062742325775,TN (léger détecté)
0,0,0,12,3.96222,18,41158,6.7,11.5,2,309.4791666666667,4,14.0,51,0.4,0,2024,0.0123555077973465,0,1,0,0,0,0,0,0,1,0,0.04291062742325775,TN (léger détecté)
0,0,0,12,3.96222,18,55932,6.7,11.5,2,309.4791666666667,4,14.0,51,0.4,0,2024,0.0123555077973465,0,1,0,0,0,0,0,0,1,0,0.04192505929041467,TN (léger détecté)
0,0,0,12,3.96222,18,55932,6.7,11.5,2,309.4791666666667,4,14.0,51,0.4,0,2024,0.0123555077973465,0,1,0,0,0,0,0,0,1,0,0.04192505929041467,TN (léger détecté)
1,0,0,12,3.96222,19,183839,6.0,9.0,3,309.4791666666667,4,13.1,51,3.0,0,2024,0.0123555077973465,0,1,0,0,0,0,1,0,0,0,0.11205860774705109,FP (fausse alerte)
1,0,0,12,3.96222,19,183839,6.0,9.0,3,309.4791666666667,4,13.1,51,3.0,0,2024,0.0123555077973465,0,1,0,0,0,0,1,0,0,0,0.11205860774705109,FP (fausse alerte)
1,0,0,12,3.96222,19,160526,6.0,9.0,3,309.4791666666667,4,13.1,51,3.0,0,2024,0.0123555077973465,0,1,0,0,0,0,1,0,0,0,0.10172806683017445,TN (léger détecté)
1,0,0,12,3.96222,19,160526,6.0,9.0,3,309.4791666666667,4,13.1,51,3.0,0,2024,0.0123555077973465,0,1,0,0,0,0,1,0,0,0,0.10172806683017445,TN (léger détecté)
1,0,0,12,1.3621273214285714,19,160526,6.0,9.0,3,91.54761904761904,4,13.1,51,3.0,0,2024,0.0147181238744533,0,1,0,0,0,0,1,0,0,0,0.022013113377405344,TN (léger détecté)
1,0,0,12,1.3621273214285714,19,160526,6.0,9.0,3,91.54761904761904,4,13.1,51,3.0,0,2024,0.0147181238744533,0,1,0,0,0,0,1,0,0,0,0.022013113377405344,TN (léger détecté)
1,0,0,12,3.96222,19,161450,6.0,9.0,3,309.4791666666667,4,13.1,51,3.0,0,2024,0.0123555077973465,0,1,0,0,0,0,1,0,0,0,0.10000847470135996,TN (léger détecté)
0,0,0,12,5.102335773809524,18,161450,6.7,11.5,2,252.98809523809524,4,14.0,51,0.4,0,2024,0.0200888776658073,0,1,0,0,0,0,0,0,1,0,0.042760627076871685,TN (léger détecté)
0,0,0,12,5.102335773809524,18,161450,6.7,11.5,2,252.98809523809524,4,14.0,51,0.4,0,2024,0.0200888776658073,0,1,0,0,0,0,0,0,1,0,0.042760627076871685,TN (léger détecté)
0,0,0,12,3.96222,18,161450,6.7,11.5,2,309.4791666666667,4,14.0,51,0.4,0,2024,0.0123555077973465,0,1,0,0,0,0,0,0,1,0,0.044117413024398026,TN (léger détecté)
0,0,0,12,3.96222,18,161450,6.7,11.5,2,309.4791666666667,4,14.0,51,0.4,0,2024,0.0123555077973465,0,1,0,0,0,0,0,0,1,0,0.044117413024398026,TN (léger détecté)
1,0,0,12,11.072018392857142,19,231476,6.0,9.0,3,317.2142857142857,4,13.1,51,3.0,1,2024,0.0347942216610549,0,1,0,0,0,0,1,0,0,0,0.1785199424065842,FP (fausse alerte)
1,0,0,12,11.072018392857142,19,231476,6.0,9.0,3,317.2142857142857,4,13.1,51,3.0,1,2024,0.0347942216610549,0,1,0,0,0,0,1,0,0,0,0.1785199424065842,FP (fausse alerte)
1,0,0,12,4.04167,19,231476,6.0,9.0,3,210.05357142857144,4,13.1,51,3.0,0,2024,0.019149972078856,0,1,0,0,0,0,1,0,0,0,0.04331618028860588,TN (léger détecté)
1,0,0,12,4.04167,19,231476,6.0,9.0,3,210.05357142857144,4,13.1,51,3.0,0,2024,0.019149972078856,0,1,0,0,0,0,1,0,0,0,0.04331618028860588,TN (léger détecté)
0,0,0,12,9.986148452380952,18,182347,6.7,11.5,2,409.0654761904762,4,14.0,51,0.4,1,2024,0.0243525705825144,0,1,0,0,0,0,0,0,1,0,0.056472241638741046,TN (léger détecté)
0,0,0,12,9.986148452380952,18,182347,6.7,11.5,2,409.0654761904762,4,14.0,51,0.4,1,2024,0.0243525705825144,0,1,0,0,0,0,0,0,1,0,0.056472241638741046,TN (léger détecté)
0,0,0,12,9.986148452380952,18,182347,6.7,11.5,2,409.0654761904762,4,14.0,51,0.4,1,2024,0.0243525705825144,0,1,0,0,0,0,0,0,1,0,0.056472241638741046,TN (léger détecté)
0,0,0,12,9.986148452380952,18,182347,6.7,11.5,2,409.0654761904762,4,14.0,51,0.4,1,2024,0.0243525705825144,0,1,0,0,0,0,0,0,1,0,0.056472241638741046,TN (léger détecté)
0,0,0,12,9.986148452380952,18,182347,6.7,11.5,2,409.0654761904762,4,14.0,51,0.4,1,2024,0.0243525705825144,0,1,0,0,0,0,0,0,1,0,0.056472241638741046,TN (léger détecté)
1,0,0,12,4.297345833333334,19,138887,6.0,9.0,3,170.72619047619048,4,13.1,51,3.0,0,2024,0.0250244055459272,0,1,0,0,0,0,1,0,0,0,0.05068294699166322,TN (léger détecté)
1,0,0,12,4.297345833333334,19,138887,6.0,9.0,3,170.72619047619048,4,13.1,51,3.0,0,2024,0.0250244055459272,0,1,0,0,0,0,1,0,0,0,0.05068294699166322,TN (léger détecté)
1,0,0,12,3.96222,19,57934,6.0,9.0,3,309.4791666666667,4,13.1,51,3.0,0,2024,0.0123555077973465,0,1,0,0,0,0,1,0,0,0,0.09446612934150923,TN (léger détecté)
1,0,0,12,3.96222,19,48784,6.0,9.0,3,309.4791666666667,4,13.1,51,3.0,0,2024,0.0123555077973465,0,1,0,0,0,0,1,0,0,0,0.09446612934150923,TN (léger détecté)
1,0,0,12,3.96222,19,48784,6.0,9.0,3,309.4791666666667,4,13.1,51,3.0,0,2024,0.0123555077973465,0,1,0,0,0,0,1,0,0,0,0.09446612934150923,TN (léger détecté)
0,0,0,11,2.82722,13,182347,7.0,8.5,2,88.8048780487805,4,9.9,46,0.0,0,2024,0.0314818087995654,0,0,0,0,0,0,0,0,1,1,0.050099084643587144,FN (grave RATÉ)
0,0,0,11,2.82722,13,182347,7.0,8.5,2,88.8048780487805,4,9.9,46,0.0,0,2024,0.0314818087995654,0,0,0,0,0,0,0,0,1,0,0.050099084643587144,TN (léger détecté)
0,0,0,11,3.96222,13,179566,7.0,8.5,2,309.4791666666667,4,9.9,46,0.0,0,2024,0.0123555077973465,0,0,0,0,0,0,0,0,1,0,0.056115178346367374,TN (léger détecté)
0,0,0,11,3.96222,13,179566,7.0,8.5,2,309.4791666666667,4,9.9,46,0.0,0,2024,0.0123555077973465,0,0,0,0,0,0,0,0,1,0,0.056115178346367374,TN (léger détecté)
0,0,0,11,1.083239756097561,13,160526,7.0,8.5,2,72.09756097560975,4,9.9,46,0.0,0,2024,0.014819095762429,0,0,0,0,0,0,0,0,1,0,0.1196147300589439,FP (fausse alerte)
0,0,0,11,1.083239756097561,13,160526,7.0,8.5,2,72.09756097560975,4,9.9,46,0.0,0,2024,0.014819095762429,0,0,0,0,0,0,0,0,1,0,0.1196147300589439,FP (fausse alerte)
0,0,0,11,3.96222,13,160526,7.0,8.5,2,309.4791666666667,4,9.9,46,0.0,0,2024,0.0123555077973465,0,0,0,0,0,0,0,0,1,0,0.04743263733885811,TN (léger détecté)
0,0,0,11,3.96222,13,160526,7.0,8.5,2,309.4791666666667,4,9.9,46,0.0,0,2024,0.0123555077973465,0,0,0,0,0,0,0,0,1,0,0.04743263733885811,TN (léger détecté)
0,0,0,11,3.96222,13,138887,7.0,8.5,2,309.4791666666667,4,9.9,46,0.0,0,2024,0.0123555077973465,0,0,0,0,0,0,0,0,1,0,0.04566771360381478,TN (léger détecté)
0,0,0,11,3.96222,13,138887,7.0,8.5,2,309.4791666666667,4,9.9,46,0.0,0,2024,0.0123555077973465,0,0,0,0,0,0,0,0,1,0,0.04566771360381478,TN (léger détecté)
0,0,0,11,2.82722,13,84310,7.0,8.5,2,757.5121951219512,4,9.9,46,0.0,1,2024,0.0037273230650503,0,0,0,0,0,0,0,0,1,0,0.027843912170788344,TN (léger détecté)
0,0,0,11,2.82722,13,84310,7.0,8.5,2,757.5121951219512,4,9.9,46,0.0,1,2024,0.0037273230650503,0,0,0,0,0,0,0,0,1,0,0.027843912170788344,TN (léger détecté)
0,0,0,11,15.741613902439024,13,84310,7.0,8.5,2,583.0975609756098,4,9.9,46,0.0,1,2024,0.0269503161015533,0,0,0,0,0,0,0,0,1,0,0.035753026765157604,TN (léger détecté)
0,0,0,11,15.741613902439024,13,84310,7.0,8.5,2,583.0975609756098,4,9.9,46,0.0,1,2024,0.0269503161015533,0,0,0,0,0,0,0,0,1,0,0.035753026765157604,TN (léger détecté)
0,0,0,11,3.96222,13,57934,7.0,8.5,2,309.4791666666667,4,9.9,46,0.0,0,2024,0.0123555077973465,0,0,0,0,0,0,0,0,1,0,0.04385738282085898,TN (léger détecté)
0,0,0,11,3.96222,13,57934,7.0,8.5,2,309.4791666666667,4,9.9,46,0.0,0,2024,0.0123555077973465,0,0,0,0,0,0,0,0,1,0,0.04385738282085898,TN (léger détecté)
0,0,0,11,6.645868536585367,13,57934,7.0,8.5,2,204.9512195121951,4,9.9,46,0.0,0,2024,0.0322691390336333,0,0,0,0,0,0,0,0,1,0,0.04694147495064291,TN (léger détecté)
0,0,0,11,6.645868536585367,13,57934,7.0,8.5,2,204.9512195121951,4,9.9,46,0.0,0,2024,0.0322691390336333,0,0,0,0,0,0,0,0,1,0,0.04694147495064291,TN (léger détecté)
0,0,0,11,3.96222,13,32386,7.0,8.5,2,309.4791666666667,4,9.9,46,0.0,0,2024,0.0123555077973465,0,0,0,0,0,0,0,0,1,0,0.05570276985728593,TN (léger détecté)
0,0,0,11,3.96222,13,32386,7.0,8.5,2,309.4791666666667,4,9.9,46,0.0,0,2024,0.0123555077973465,0,0,0,0,0,0,0,0,1,0,0.05570276985728593,TN (léger détecté)
0,0,0,11,2.82722,12,19979,7.8,9.6,1,757.5121951219512,4,10.8,46,0.6,1,2024,0.0037273230650503,0,0,0,0,0,0,0,1,0,0,0.030788750656641117,TN (léger détecté)
1,0,0,12,4.04167,17,161450,6.9,7.7,1,299.5238095238095,4,8.9,51,1.4,0,2024,0.013448751386468,0,1,0,0,0,0,0,1,0,1,0.06577434464799335,FN (grave RATÉ)
1,0,0,12,4.04167,17,161450,6.9,7.7,1,299.5238095238095,4,8.9,51,1.4,0,2024,0.013448751386468,0,1,0,0,0,0,0,1,0,0,0.06577434464799335,TN (léger détecté)
0,0,0,12,3.96222,18,161450,6.7,11.5,2,309.4791666666667,4,14.0,51,0.4,0,2024,0.0123555077973465,0,1,0,0,0,0,0,0,1,0,0.044117413024398026,TN (léger détecté)
0,0,0,12,3.96222,18,161450,6.7,11.5,2,309.4791666666667,4,14.0,51,0.4,0,2024,0.0123555077973465,0,1,0,0,0,0,0,0,1,0,0.044117413024398026,TN (léger détecté)
0,0,0,12,4.04167,18,138907,6.7,11.5,2,141.95833333333334,4,14.0,51,0.4,0,2024,0.0282716642378315,0,1,0,0,0,0,0,0,1,0,0.035761187103409975,TN (léger détecté)
0,0,0,12,4.04167,18,138907,6.7,11.5,2,141.95833333333334,4,14.0,51,0.4,0,2024,0.0282716642378315,0,1,0,0,0,0,0,0,1,0,0.035761187103409975,TN (léger détecté)
1,0,0,12,4.04167,17,84310,6.9,7.7,1,833.3333333333334,4,8.9,51,1.4,1,2024,0.0048441909708349,0,1,0,0,0,0,0,1,0,0,0.11433867577820903,FP (fausse alerte)
1,0,0,12,4.04167,17,84310,6.9,7.7,1,833.3333333333334,4,8.9,51,1.4,1,2024,0.0048441909708349,0,1,0,0,0,0,0,1,0,0,0.11433867577820903,FP (fausse alerte)
0,0,1,11,3.96222,11,183839,6.6,10.2,0,309.4791666666667,4,14.0,46,0.2,0,2024,0.0123555077973465,0,0,0,1,0,0,0,0,0,0,0.05904165766580366,TN (léger détecté)
0,0,1,11,3.96222,11,183839,6.6,10.2,0,309.4791666666667,4,14.0,46,0.2,0,2024,0.0123555077973465,0,0,0,1,0,0,0,0,0,0,0.05904165766580366,TN (léger détecté)
0,0,1,11,3.96222,11,183839,6.6,10.2,0,309.4791666666667,4,14.0,46,0.2,0,2024,0.0123555077973465,0,0,0,1,0,0,0,0,0,0,0.05904165766580366,TN (léger détecté)
0,0,1,11,3.96222,11,183839,6.6,10.2,0,309.4791666666667,4,14.0,46,0.2,0,2024,0.0123555077973465,0,0,0,1,0,0,0,0,0,0,0.05904165766580366,TN (léger détecté)
0,0,1,11,3.96222,11,183839,6.6,10.2,0,309.4791666666667,4,14.0,46,0.2,0,2024,0.0123555077973465,0,0,0,1,0,0,0,0,0,0,0.05904165766580366,TN (léger détecté)
0,0,1,11,1.344310975609756,11,182347,6.6,10.2,0,226.390243902439,4,14.0,46,0.2,0,2024,0.0059119114019092,0,0,0,1,0,0,0,0,0,1,0.06378303371583553,FN (grave RATÉ)
0,0,1,11,1.344310975609756,11,182347,6.6,10.2,0,226.390243902439,4,14.0,46,0.2,0,2024,0.0059119114019092,0,0,0,1,0,0,0,0,0,0,0.06378303371583553,TN (léger détecté)
0,1,0,11,3.96222,10,160526,9.7,10.3,6,309.4791666666667,4,12.4,45,0.0,0,2024,0.0123555077973465,0,0,0,0,0,1,0,0,0,1,0.06444923935677284,FN (grave RATÉ)
0,0,0,11,3.96222,12,179566,7.8,9.6,1,309.4791666666667,4,10.8,46,0.6,0,2024,0.0123555077973465,0,0,0,0,0,0,0,1,0,0,0.08143836053894364,TN (léger détecté)
0,0,0,11,3.96222,12,179566,7.8,9.6,1,309.4791666666667,4,10.8,46,0.6,0,2024,0.0123555077973465,0,0,0,0,0,0,0,1,0,0,0.08143836053894364,TN (léger détecté)
0,0,0,11,3.96222,12,179566,7.8,9.6,1,309.4791666666667,4,10.8,46,0.6,0,2024,0.0123555077973465,0,0,0,0,0,0,0,1,0,0,0.08143836053894364,TN (léger détecté)
0,0,0,11,3.96222,12,179566,7.8,9.6,1,309.4791666666667,4,10.8,46,0.6,0,2024,0.0123555077973465,0,0,0,0,0,0,0,1,0,0,0.08143836053894364,TN (léger détecté)
0,0,0,11,3.96222,12,179566,7.8,9.6,1,309.4791666666667,4,10.8,46,0.6,0,2024,0.0123555077973465,0,0,0,0,0,0,0,1,0,0,0.08143836053894364,TN (léger détecté)
0,0,1,11,5.737859756097561,11,179566,6.6,10.2,0,286.780487804878,4,14.0,46,0.2,0,2024,0.0199383210441562,0,0,0,1,0,0,0,0,0,0,0.0664348097259078,TN (léger détecté)
0,0,1,11,5.737859756097561,11,179566,6.6,10.2,0,286.780487804878,4,14.0,46,0.2,0,2024,0.0199383210441562,0,0,0,1,0,0,0,0,0,0,0.0664348097259078,TN (léger détecté)
0,0,0,11,3.96222,12,160526,7.8,9.6,1,309.4791666666667,4,10.8,46,0.6,0,2024,0.0123555077973465,0,0,0,0,0,0,0,1,0,0,0.05905013312242613,TN (léger détecté)
0,0,0,11,10.873170731707315,12,137426,7.8,9.6,1,1150.4634146341464,4,10.8,46,0.6,1,2024,0.0094429146367295,0,0,0,0,0,0,0,1,0,0,0.031092042469459635,TN (léger détecté)
0,0,0,11,10.873170731707315,12,137426,7.8,9.6,1,1150.4634146341464,4,10.8,46,0.6,1,2024,0.0094429146367295,0,0,0,0,0,0,0,1,0,0,0.031092042469459635,TN (léger détecté)
0,0,0,11,1.344310975609756,12,182347,7.8,9.6,1,226.390243902439,4,10.8,46,0.6,0,2024,0.0059119114019092,0,0,0,0,0,0,0,1,0,0,0.04788253393874332,TN (léger détecté)
0,0,0,11,1.344310975609756,12,182347,7.8,9.6,1,226.390243902439,4,10.8,46,0.6,0,2024,0.0059119114019092,0,0,0,0,0,0,0,1,0,0,0.04788253393874332,TN (léger détecté)
0,0,0,11,6.561722195121952,12,182347,7.8,9.6,1,1592.8292682926829,4,10.8,46,0.6,1,2024,0.0041169542595681,0,0,0,0,0,0,0,1,0,0,0.04882284102834709,TN (léger détecté)
0,0,0,11,6.561722195121952,12,182347,7.8,9.6,1,1592.8292682926829,4,10.8,46,0.6,1,2024,0.0041169542595681,0,0,0,0,0,0,0,1,0,0,0.04882284102834709,TN (léger détecté)
0,0,0,11,14.294188780487804,12,57934,7.8,9.6,1,366.0487804878049,4,10.8,46,0.6,1,2024,0.0389435670144195,0,0,0,0,0,0,0,1,0,0,0.09204424640031625,TN (léger détecté)
0,0,0,11,14.294188780487804,12,57934,7.8,9.6,1,366.0487804878049,4,10.8,46,0.6,1,2024,0.0389435670144195,0,0,0,0,0,0,0,1,0,0,0.09204424640031625,TN (léger détecté)
0,0,0,11,3.96222,12,57934,7.8,9.6,1,309.4791666666667,4,10.8,46,0.6,0,2024,0.0123555077973465,0,0,0,0,0,0,0,1,0,0,0.05464944307924198,TN (léger détecté)
0,0,0,11,3.96222,12,57934,7.8,9.6,1,309.4791666666667,4,10.8,46,0.6,0,2024,0.0123555077973465,0,0,0,0,0,0,0,1,0,0,0.05464944307924198,TN (léger détecté)
0,0,0,11,8.33573292682927,12,48784,7.8,9.6,1,744.3170731707318,4,10.8,46,0.6,1,2024,0.0111841432685385,0,0,0,0,0,0,0,1,0,0,0.042760788297450045,TN (léger détecté)
0,0,0,11,2.82722,12,32386,7.8,9.6,1,757.5121951219512,4,10.8,46,0.6,1,2024,0.0037273230650503,0,0,0,0,0,0,0,1,0,0,0.04029132623770954,TN (léger détecté)
0,0,0,11,2.82722,12,32386,7.8,9.6,1,757.5121951219512,4,10.8,46,0.6,1,2024,0.0037273230650503,0,0,0,0,0,0,0,1,0,0,0.04029132623770954,TN (léger détecté)
0,0,1,11,3.96222,11,35837,6.6,10.2,0,309.4791666666667,4,14.0,46,0.2,0,2024,0.0123555077973465,0,0,0,1,0,0,0,0,0,0,0.060037937848386944,TN (léger détecté)
0,0,1,11,3.96222,11,35837,6.6,10.2,0,309.4791666666667,4,14.0,46,0.2,0,2024,0.0123555077973465,0,0,0,1,0,0,0,0,0,0,0.060037937848386944,TN (léger détecté)
0,0,1,11,3.96222,11,35837,6.6,10.2,0,309.4791666666667,4,14.0,46,0.2,0,2024,0.0123555077973465,0,0,0,1,0,0,0,0,0,0,0.060037937848386944,TN (léger détecté)
0,0,1,11,3.96222,11,35837,6.6,10.2,0,309.4791666666667,4,14.0,46,0.2,0,2024,0.0123555077973465,0,0,0,1,0,0,0,0,0,0,0.060037937848386944,TN (léger détecté)
0,0,1,11,3.96222,11,41158,6.6,10.2,0,309.4791666666667,4,14.0,46,0.2,0,2024,0.0123555077973465,0,0,0,1,0,0,0,0,0,0,0.04858362617133038,TN (léger détecté)
0,0,1,11,3.96222,11,41158,6.6,10.2,0,309.4791666666667,4,14.0,46,0.2,0,2024,0.0123555077973465,0,0,0,1,0,0,0,0,0,0,0.04858362617133038,TN (léger détecté)
0,0,1,11,7.78108487804878,11,179566,6.6,10.2,0,342.2439024390244,4,14.0,46,0.2,1,2024,0.0226692588644922,0,0,0,1,0,0,0,0,0,0,0.06343362950456162,TN (léger détecté)
0,0,1,11,7.78108487804878,11,179566,6.6,10.2,0,342.2439024390244,4,14.0,46,0.2,1,2024,0.0226692588644922,0,0,0,1,0,0,0,0,0,1,0.06343362950456162,FN (grave RATÉ)
0,0,1,11,6.409839024390244,11,179566,6.6,10.2,0,349.219512195122,4,14.0,46,0.2,1,2024,0.0183023469600947,0,0,0,1,0,0,0,0,0,0,0.04000574499496391,TN (léger détecté)
0,0,1,11,6.409839024390244,11,179566,6.6,10.2,0,349.219512195122,4,14.0,46,0.2,1,2024,0.0183023469600947,0,0,0,1,0,0,0,0,0,0,0.04000574499496391,TN (léger détecté)
0,0,1,11,6.409839024390244,11,179566,6.6,10.2,0,349.219512195122,4,14.0,46,0.2,1,2024,0.0183023469600947,0,0,0,1,0,0,0,0,0,0,0.04000574499496391,TN (léger détecté)
0,0,1,11,6.409839024390244,11,179566,6.6,10.2,0,349.219512195122,4,14.0,46,0.2,1,2024,0.0183023469600947,0,0,0,1,0,0,0,0,0,0,0.04000574499496391,TN (léger détecté)
0,0,1,11,3.6872773170731694,11,35837,6.6,10.2,0,384.8292682926829,4,14.0,46,0.2,1,2024,0.0095567589607434,0,0,0,1,0,0,0,0,0,0,0.10603858033790758,TN (léger détecté)
0,0,1,11,3.6872773170731694,11,35837,6.6,10.2,0,384.8292682926829,4,14.0,46,0.2,1,2024,0.0095567589607434,0,0,0,1,0,0,0,0,0,0,0.10603858033790758,TN (léger détecté)
0,0,1,11,2.82722,11,231476,6.6,10.2,0,169.609756097561,4,14.0,46,0.2,0,2024,0.0165712680486061,0,0,0,1,0,0,0,0,0,0,0.07164910363598655,TN (léger détecté)
0,0,1,11,2.82722,11,231476,6.6,10.2,0,169.609756097561,4,14.0,46,0.2,0,2024,0.0165712680486061,0,0,0,1,0,0,0,0,0,0,0.07164910363598655,TN (léger détecté)
0,1,0,11,7.735236428571429,10,231476,9.7,10.3,6,189.66071428571428,4,12.4,45,0.0,0,2024,0.0405706883956167,0,0,0,0,0,1,0,0,0,1,0.14736465088435008,TP (grave détecté)
0,1,0,11,7.735236428571429,10,231476,9.7,10.3,6,189.66071428571428,4,12.4,45,0.0,0,2024,0.0405706883956167,0,0,0,0,0,1,0,0,0,0,0.14736465088435008,FP (fausse alerte)
0,0,1,11,2.2705295121951217,11,84310,6.6,10.2,0,192.8048780487805,4,14.0,46,0.2,0,2024,0.0117155436697709,0,0,0,1,0,0,0,0,0,0,0.045048090333195484,TN (léger détecté)
0,0,1,11,2.2705295121951217,11,84310,6.6,10.2,0,192.8048780487805,4,14.0,46,0.2,0,2024,0.0117155436697709,0,0,0,1,0,0,0,0,0,0,0.045048090333195484,TN (léger détecté)
0,0,1,11,2.82722,11,48784,6.6,10.2,0,259.5609756097561,4,14.0,46,0.2,0,2024,0.0108505120284564,0,0,0,1,0,0,0,0,0,0,0.04728723665743878,TN (léger détecté)
0,0,1,11,2.82722,11,48784,6.6,10.2,0,259.5609756097561,4,14.0,46,0.2,0,2024,0.0108505120284564,0,0,0,1,0,0,0,0,0,0,0.04728723665743878,TN (léger détecté)
0,0,0,12,16.731845238095236,16,137426,9.3,9.7,0,1407.7142857142858,4,10.3,51,0.2,1,2024,0.0118773873508433,0,1,0,1,0,0,0,0,0,0,0.02069615913096843,TN (léger détecté)
0,0,0,12,16.731845238095236,16,137426,9.3,9.7,0,1407.7142857142858,4,10.3,51,0.2,1,2024,0.0118773873508433,0,1,0,1,0,0,0,0,0,0,0.02069615913096843,TN (léger détecté)
1,0,0,12,3.96222,17,183839,6.9,7.7,1,309.4791666666667,4,8.9,51,1.4,0,2024,0.0123555077973465,0,1,0,0,0,0,0,1,0,0,0.07070967180454239,TN (léger détecté)
1,0,0,12,3.96222,17,183839,6.9,7.7,1,309.4791666666667,4,8.9,51,1.4,0,2024,0.0123555077973465,0,1,0,0,0,0,0,1,0,0,0.07070967180454239,TN (léger détecté)
1,0,0,12,3.96222,17,160526,6.9,7.7,1,309.4791666666667,4,8.9,51,1.4,0,2024,0.0123555077973465,0,1,0,0,0,0,0,1,0,0,0.06909245747272966,TN (léger détecté)
1,0,0,12,3.96222,17,160526,6.9,7.7,1,309.4791666666667,4,8.9,51,1.4,0,2024,0.0123555077973465,0,1,0,0,0,0,0,1,0,0,0.06909245747272966,TN (léger détecté)
1,0,0,12,3.96222,17,160526,6.9,7.7,1,309.4791666666667,4,8.9,51,1.4,0,2024,0.0123555077973465,0,1,0,0,0,0,0,1,0,0,0.06909245747272966,TN (léger détecté)
1,0,0,12,3.96222,17,160526,6.9,7.7,1,309.4791666666667,4,8.9,51,1.4,0,2024,0.0123555077973465,0,1,0,0,0,0,0,1,0,0,0.06909245747272966,TN (léger détecté)
1,0,0,12,3.96222,17,160526,6.9,7.7,1,309.4791666666667,4,8.9,51,1.4,0,2024,0.0123555077973465,0,1,0,0,0,0,0,1,0,0,0.06909245747272966,TN (léger détecté)
0,0,0,12,0.930126488095238,16,161450,9.3,9.7,0,223.6428571428572,4,10.3,51,0.2,0,2024,0.0041404676735559,0,1,0,1,0,0,0,0,0,0,0.040519901428170225,TN (léger détecté)
0,0,0,12,0.930126488095238,16,161450,9.3,9.7,0,223.6428571428572,4,10.3,51,0.2,0,2024,0.0041404676735559,0,1,0,1,0,0,0,0,0,0,0.040519901428170225,TN (léger détecté)
1,0,0,12,19.75554357142857,17,231476,6.9,7.7,1,389.9047619047619,4,8.9,51,1.4,1,2024,0.050537996710927,0,1,0,0,0,0,0,1,0,0,0.4486501242038718,FP (fausse alerte)
1,0,0,12,19.75554357142857,17,231476,6.9,7.7,1,389.9047619047619,4,8.9,51,1.4,1,2024,0.050537996710927,0,1,0,0,0,0,0,1,0,0,0.4486501242038718,FP (fausse alerte)
1,0,0,12,4.04167,17,231476,6.9,7.7,1,389.9047619047619,4,8.9,51,1.4,1,2024,0.010339270313071,0,1,0,0,0,0,0,1,0,0,0.08265747563794627,TN (léger détecté)
0,0,0,12,3.254901964285714,16,231476,9.3,9.7,0,576.3035714285714,4,10.3,51,0.2,1,2024,0.0056381116025859,0,1,0,1,0,0,0,0,0,0,0.050665937658569075,TN (léger détecté)
1,0,0,12,3.754538333333333,17,182347,6.9,7.7,1,324.3095238095238,4,8.9,51,1.4,1,2024,0.011541433799312,0,1,0,0,0,0,0,1,0,0,0.08670728319706866,TN (léger détecté)
1,0,0,12,3.754538333333333,17,182347,6.9,7.7,1,324.3095238095238,4,8.9,51,1.4,1,2024,0.011541433799312,0,1,0,0,0,0,0,1,0,0,0.08670728319706866,TN (léger détecté)
1,0,0,12,3.96222,17,182347,6.9,7.7,1,309.4791666666667,4,8.9,51,1.4,0,2024,0.0123555077973465,0,1,0,0,0,0,0,1,0,0,0.07038441962322207,TN (léger détecté)
1,0,0,12,3.96222,17,182347,6.9,7.7,1,309.4791666666667,4,8.9,51,1.4,0,2024,0.0123555077973465,0,1,0,0,0,0,0,1,0,0,0.07038441962322207,TN (léger détecté)
1,0,0,12,8.801569345238095,17,138907,6.9,7.7,1,1699.8869047619048,4,8.9,51,1.4,1,2024,0.0051746940496729,0,1,0,0,0,0,0,1,0,0,0.04242088377766551,TN (léger détecté)
1,0,0,12,8.801569345238095,17,138907,6.9,7.7,1,1699.8869047619048,4,8.9,51,1.4,1,2024,0.0051746940496729,0,1,0,0,0,0,0,1,0,0,0.04242088377766551,TN (léger détecté)
1,0,0,12,21.144022857142858,17,84310,6.9,7.7,1,668.4107142857143,4,8.9,51,1.4,1,2024,0.031586023954971,0,1,0,0,0,0,0,1,0,0,0.23259142224946486,FP (fausse alerte)
1,0,0,12,21.144022857142858,17,84310,6.9,7.7,1,668.4107142857143,4,8.9,51,1.4,1,2024,0.031586023954971,0,1,0,0,0,0,0,1,0,0,0.23259142224946486,FP (fausse alerte)
1,0,0,12,5.061697976190477,17,48784,6.9,7.7,1,558.8392857142857,4,8.9,51,1.4,1,2024,0.0090413411587083,0,1,0,0,0,0,0,1,0,0,0.046213804929986335,TN (léger détecté)
1,0,0,12,5.061697976190477,17,48784,6.9,7.7,1,558.8392857142857,4,8.9,51,1.4,1,2024,0.0090413411587083,0,1,0,0,0,0,0,1,0,0,0.046213804929986335,TN (léger détecté)
0,1,0,11,3.96222,10,183839,9.7,10.3,6,309.4791666666667,4,12.4,45,0.0,0,2024,0.0123555077973465,0,0,0,0,0,1,0,0,0,0,0.06789728291861291,TN (léger détecté)
0,1,0,11,3.96222,10,183839,9.7,10.3,6,309.4791666666667,4,12.4,45,0.0,0,2024,0.0123555077973465,0,0,0,0,0,1,0,0,0,0,0.06789728291861291,TN (léger détecté)
0,1,0,11,3.96222,10,179566,9.7,10.3,6,309.4791666666667,4,12.4,45,0.0,0,2024,0.0123555077973465,0,0,0,0,0,1,0,0,0,0,0.07338092963674232,TN (léger détecté)
0,1,0,11,3.96222,10,179566,9.7,10.3,6,309.4791666666667,4,12.4,45,0.0,0,2024,0.0123555077973465,0,0,0,0,0,1,0,0,0,0,0.07338092963674232,TN (léger détecté)
0,0,0,11,3.96222,8,161450,7.5,9.1,4,309.4791666666667,4,10.0,45,0.0,0,2024,0.0123555077973465,0,0,0,0,0,0,0,0,0,0,0.06031664655754431,TN (léger détecté)
0,1,0,11,3.735835,10,231476,9.7,10.3,6,189.66071428571428,4,12.4,45,0.0,0,2024,0.019594151915332,0,0,0,0,0,1,0,0,0,0,0.14188003141202965,FP (fausse alerte)
0,1,0,11,3.735835,10,231476,9.7,10.3,6,189.66071428571428,4,12.4,45,0.0,0,2024,0.019594151915332,0,0,0,0,0,1,0,0,0,0,0.14188003141202965,FP (fausse alerte)
0,1,0,11,12.128612083333334,10,231476,9.7,10.3,6,370.29761904761904,4,12.4,45,0.0,1,2024,0.0326654722818942,0,0,0,0,0,1,0,0,0,0,0.11939079359819908,FP (fausse alerte)
0,1,0,11,12.128612083333334,10,231476,9.7,10.3,6,370.29761904761904,4,12.4,45,0.0,1,2024,0.0326654722818942,0,0,0,0,0,1,0,0,0,0,0.11939079359819908,FP (fausse alerte)
0,1,0,11,3.96222,10,137426,9.7,10.3,6,309.4791666666667,4,12.4,45,0.0,0,2024,0.0123555077973465,0,0,0,0,0,1,0,0,0,1,0.061569526358842844,FN (grave RATÉ)
0,1,0,11,3.96222,10,137426,9.7,10.3,6,309.4791666666667,4,12.4,45,0.0,0,2024,0.0123555077973465,0,0,0,0,0,1,0,0,0,0,0.061569526358842844,TN (léger détecté)
0,1,0,11,4.226631428571428,9,35837,9.5,10.7,5,108.22619047619048,4,12.0,45,0.0,0,2024,0.0386961351498637,0,0,0,0,1,0,0,0,0,0,0.09033864347265709,TN (léger détecté)
0,1,0,11,4.226631428571428,9,35837,9.5,10.7,5,108.22619047619048,4,12.0,45,0.0,0,2024,0.0386961351498637,0,0,0,0,1,0,0,0,0,0,0.09033864347265709,TN (léger détecté)
0,1,0,11,3.96222,10,35837,9.7,10.3,6,309.4791666666667,4,12.4,45,0.0,0,2024,0.0123555077973465,0,0,0,0,0,1,0,0,0,0,0.07291184341745953,TN (léger détecté)
0,1,0,11,3.96222,10,35837,9.7,10.3,6,309.4791666666667,4,12.4,45,0.0,0,2024,0.0123555077973465,0,0,0,0,0,1,0,0,0,0,0.07291184341745953,TN (léger détecté)
0,1,0,11,3.735835,9,19979,9.5,10.7,5,907.75,4,12.0,45,0.0,1,2024,0.0041109601100412,0,0,0,0,1,0,0,0,0,0,0.11759116729030628,FP (fausse alerte)
0,1,0,11,3.735835,9,19979,9.5,10.7,5,907.75,4,12.0,45,0.0,1,2024,0.0041109601100412,0,0,0,0,1,0,0,0,0,0,0.11759116729030628,FP (fausse alerte)
0,1,0,11,3.735835,9,19979,9.5,10.7,5,907.75,4,12.0,45,0.0,1,2024,0.0041109601100412,0,0,0,0,1,0,0,0,0,0,0.11759116729030628,FP (fausse alerte)
0,1,0,11,3.735835,9,19979,9.5,10.7,5,907.75,4,12.0,45,0.0,1,2024,0.0041109601100412,0,0,0,0,1,0,0,0,0,0,0.11759116729030628,FP (fausse alerte)
0,0,0,12,3.96222,16,179566,9.3,9.7,0,309.4791666666667,4,10.3,51,0.2,0,2024,0.0123555077973465,0,1,0,1,0,0,0,0,0,0,0.061193984955799384,TN (léger détecté)
0,0,0,12,19.27559523809524,16,160526,9.3,9.7,0,4035.065476190476,4,10.3,51,0.2,1,2024,0.0047758380907856,0,1,0,1,0,0,0,0,0,0,0.020649882504789868,TN (léger détecté)
0,0,0,12,19.27559523809524,16,160526,9.3,9.7,0,4035.065476190476,4,10.3,51,0.2,1,2024,0.0047758380907856,0,1,0,1,0,0,0,0,0,0,0.020649882504789868,TN (léger détecté)
0,0,0,12,19.27559523809524,16,160526,9.3,9.7,0,4035.065476190476,4,10.3,51,0.2,1,2024,0.0047758380907856,0,1,0,1,0,0,0,0,0,0,0.020649882504789868,TN (léger détecté)
0,0,0,12,3.96222,16,183839,9.3,9.7,0,309.4791666666667,4,10.3,51,0.2,0,2024,0.0123555077973465,0,1,0,1,0,0,0,0,0,0,0.06116831940104409,TN (léger détecté)
0,0,0,12,3.96222,16,183839,9.3,9.7,0,309.4791666666667,4,10.3,51,0.2,0,2024,0.0123555077973465,0,1,0,1,0,0,0,0,0,0,0.06116831940104409,TN (léger détecté)
0,0,0,12,3.751264345238095,16,161450,9.3,9.7,0,239.5892857142857,4,10.3,51,0.2,0,2024,0.0155919842153442,0,1,0,1,0,0,0,0,0,1,0.04810025292725033,FN (grave RATÉ)
0,0,0,12,3.751264345238095,16,161450,9.3,9.7,0,239.5892857142857,4,10.3,51,0.2,0,2024,0.0155919842153442,0,1,0,1,0,0,0,0,0,0,0.04810025292725033,TN (léger détecté)
0,0,0,12,3.96222,16,137426,9.3,9.7,0,309.4791666666667,4,10.3,51,0.2,0,2024,0.0123555077973465,0,1,0,1,0,0,0,0,0,0,0.041374295185678436,TN (léger détecté)
0,0,0,12,3.96222,16,137426,9.3,9.7,0,309.4791666666667,4,10.3,51,0.2,0,2024,0.0123555077973465,0,1,0,1,0,0,0,0,0,0,0.041374295185678436,TN (léger détecté)
0,0,0,12,9.986148452380952,16,182347,9.3,9.7,0,409.0654761904762,4,10.3,51,0.2,1,2024,0.0243525705825144,0,1,0,1,0,0,0,0,0,0,0.07430315169184094,TN (léger détecté)
0,0,0,12,9.986148452380952,16,182347,9.3,9.7,0,409.0654761904762,4,10.3,51,0.2,1,2024,0.0243525705825144,0,1,0,1,0,0,0,0,0,0,0.07430315169184094,TN (léger détecté)
0,0,0,12,21.144022857142858,16,84310,9.3,9.7,0,668.4107142857143,4,10.3,51,0.2,1,2024,0.031586023954971,0,1,0,1,0,0,0,0,0,1,0.06277784792974327,FN (grave RATÉ)
0,0,0,12,21.144022857142858,16,84310,9.3,9.7,0,668.4107142857143,4,10.3,51,0.2,1,2024,0.031586023954971,0,1,0,1,0,0,0,0,0,0,0.06277784792974327,TN (léger détecté)
0,0,0,12,6.132236428571428,16,84310,9.3,9.7,0,380.8392857142857,4,10.3,51,0.2,1,2024,0.0160597315624561,0,1,0,1,0,0,0,0,0,0,0.034836893373439794,TN (léger détecté)
0,0,0,12,6.132236428571428,16,84310,9.3,9.7,0,380.8392857142857,4,10.3,51,0.2,1,2024,0.0160597315624561,0,1,0,1,0,0,0,0,0,0,0.034836893373439794,TN (léger détecté)
0,0,0,12,21.628788333333336,16,57934,9.3,9.7,0,525.5535714285714,4,10.3,51,0.2,1,2024,0.0410761402199839,0,1,0,1,0,0,0,0,0,0,0.06296634312268437,TN (léger détecté)
0,0,0,12,21.628788333333336,16,57934,9.3,9.7,0,525.5535714285714,4,10.3,51,0.2,1,2024,0.0410761402199839,0,1,0,1,0,0,0,0,0,0,0.06296634312268437,TN (léger détecté)
0,0,0,11,3.96222,8,160526,7.5,9.1,4,309.4791666666667,4,10.0,45,0.0,0,2024,0.0123555077973465,0,0,0,0,0,0,0,0,0,1,0.052798310887914576,FN (grave RATÉ)
0,0,0,11,3.96222,8,160526,7.5,9.1,4,309.4791666666667,4,10.0,45,0.0,0,2024,0.0123555077973465,0,0,0,0,0,0,0,0,0,0,0.052798310887914576,TN (léger détecté)
0,0,0,11,3.96222,8,160526,7.5,9.1,4,309.4791666666667,4,10.0,45,0.0,0,2024,0.0123555077973465,0,0,0,0,0,0,0,0,0,0,0.052798310887914576,TN (léger détecté)
0,0,0,11,3.96222,8,185914,7.5,9.1,4,309.4791666666667,4,10.0,45,0.0,0,2024,0.0123555077973465,0,0,0,0,0,0,0,0,0,0,0.13329820489011826,FP (fausse alerte)
0,0,0,11,3.96222,8,185914,7.5,9.1,4,309.4791666666667,4,10.0,45,0.0,0,2024,0.0123555077973465,0,0,0,0,0,0,0,0,0,0,0.13329820489011826,FP (fausse alerte)
0,0,0,11,3.96222,8,185914,7.5,9.1,4,309.4791666666667,4,10.0,45,0.0,0,2024,0.0123555077973465,0,0,0,0,0,0,0,0,0,0,0.13329820489011826,FP (fausse alerte)
0,0,0,11,3.96222,8,185914,7.5,9.1,4,309.4791666666667,4,10.0,45,0.0,0,2024,0.0123555077973465,0,0,0,0,0,0,0,0,0,0,0.13329820489011826,FP (fausse alerte)
0,1,0,11,3.5953848809523814,9,179566,9.5,10.7,5,418.4047619047619,4,12.0,45,0.0,1,2024,0.008572589554357,0,0,0,0,1,0,0,0,0,0,0.05329815169659349,TN (léger détecté)
0,1,0,11,3.5953848809523814,9,179566,9.5,10.7,5,418.4047619047619,4,12.0,45,0.0,1,2024,0.008572589554357,0,0,0,0,1,0,0,0,0,0,0.05329815169659349,TN (léger détecté)
0,1,0,11,3.96222,9,231476,9.5,10.7,5,309.4791666666667,4,12.0,45,0.0,0,2024,0.0123555077973465,0,0,0,0,1,0,0,0,0,0,0.08346347851430594,TN (léger détecté)
0,1,0,11,3.96222,9,231476,9.5,10.7,5,309.4791666666667,4,12.0,45,0.0,0,2024,0.0123555077973465,0,0,0,0,1,0,0,0,0,0,0.08346347851430594,TN (léger détecté)
0,1,0,11,3.96222,9,231476,9.5,10.7,5,309.4791666666667,4,12.0,45,0.0,0,2024,0.0123555077973465,0,0,0,0,1,0,0,0,0,0,0.08346347851430594,TN (léger détecté)
0,0,0,11,3.96222,8,231476,7.5,9.1,4,309.4791666666667,4,10.0,45,0.0,0,2024,0.0123555077973465,0,0,0,0,0,0,0,0,0,0,0.09952589752727271,TN (léger détecté)
0,0,0,11,3.96222,8,231476,7.5,9.1,4,309.4791666666667,4,10.0,45,0.0,0,2024,0.0123555077973465,0,0,0,0,0,0,0,0,0,0,0.09952589752727271,TN (léger détecté)
0,0,0,11,3.96222,8,137426,7.5,9.1,4,309.4791666666667,4,10.0,45,0.0,0,2024,0.0123555077973465,0,0,0,0,0,0,0,0,0,0,0.05041113207107364,TN (léger détecté)
0,0,0,11,3.96222,8,137426,7.5,9.1,4,309.4791666666667,4,10.0,45,0.0,0,2024,0.0123555077973465,0,0,0,0,0,0,0,0,0,0,0.05041113207107364,TN (léger détecté)
0,0,0,11,1.3754608928571428,8,182347,7.5,9.1,4,260.9047619047619,4,10.0,45,0.0,0,2024,0.0052517597727272,0,0,0,0,0,0,0,0,0,0,0.0555378622437732,TN (léger détecté)
0,0,0,11,1.3754608928571428,8,182347,7.5,9.1,4,260.9047619047619,4,10.0,45,0.0,0,2024,0.0052517597727272,0,0,0,0,0,0,0,0,0,1,0.0555378622437732,FN (grave RATÉ)
0,1,0,11,18.686012916666662,9,57934,9.5,10.7,5,490.8035714285714,4,12.0,45,0.0,1,2024,0.0379948703145613,0,0,0,0,1,0,0,0,0,0,0.09794827925158726,TN (léger détecté)
0,1,0,11,18.686012916666662,9,57934,9.5,10.7,5,490.8035714285714,4,12.0,45,0.0,1,2024,0.0379948703145613,0,0,0,0,1,0,0,0,0,0,0.09794827925158726,TN (léger détecté)
0,1,0,12,0.7997167261904762,15,161450,4.5,8.0,6,193.82142857142856,4,10.6,50,0.0,0,2024,0.0041048704552398,0,1,0,0,0,1,0,0,0,0,0.07742650123236827,TN (léger détecté)
0,1,0,12,0.7997167261904762,15,161450,4.5,8.0,6,193.82142857142856,4,10.6,50,0.0,0,2024,0.0041048704552398,0,1,0,0,0,1,0,0,0,0,0.07742650123236827,TN (léger détecté)
0,1,0,12,0.7997167261904762,15,161450,4.5,8.0,6,193.82142857142856,4,10.6,50,0.0,0,2024,0.0041048704552398,0,1,0,0,0,1,0,0,0,0,0.07742650123236827,TN (léger détecté)
0,1,0,12,0.7997167261904762,15,161450,4.5,8.0,6,193.82142857142856,4,10.6,50,0.0,0,2024,0.0041048704552398,0,1,0,0,0,1,0,0,0,0,0.07742650123236827,TN (léger détecté)
0,1,0,12,3.96222,15,185914,4.5,8.0,6,309.4791666666667,4,10.6,50,0.0,0,2024,0.0123555077973465,0,1,0,0,0,1,0,0,0,0,0.1025953413347915,TN (léger détecté)
0,1,0,12,3.96222,15,185914,4.5,8.0,6,309.4791666666667,4,10.6,50,0.0,0,2024,0.0123555077973465,0,1,0,0,0,1,0,0,0,0,0.1025953413347915,TN (léger détecté)
0,1,0,12,3.96222,15,185914,4.5,8.0,6,309.4791666666667,4,10.6,50,0.0,0,2024,0.0123555077973465,0,1,0,0,0,1,0,0,0,0,0.1025953413347915,TN (léger détecté)
0,1,0,12,0.7039131547619047,14,182347,1.8,4.0,5,91.64285714285714,4,5.9,50,0.8,0,2024,0.0075981373682857,0,1,0,0,1,0,0,0,0,0,0.018629423220548485,TN (léger détecté)
0,1,0,12,0.7039131547619047,14,182347,1.8,4.0,5,91.64285714285714,4,5.9,50,0.8,0,2024,0.0075981373682857,0,1,0,0,1,0,0,0,0,0,0.018629423220548485,TN (léger détecté)
0,1,0,12,7.012435178571428,14,185914,1.8,4.0,5,269.11309523809524,4,5.9,50,0.8,0,2024,0.0259611077811322,0,1,0,0,1,0,0,0,0,0,0.21035082398654217,FP (fausse alerte)
0,1,0,12,7.012435178571428,14,185914,1.8,4.0,5,269.11309523809524,4,5.9,50,0.8,0,2024,0.0259611077811322,0,1,0,0,1,0,0,0,0,0,0.21035082398654217,FP (fausse alerte)
0,0,0,12,18.14553571428572,13,231476,2.3,2.9,4,3598.964285714286,4,4.0,50,0.0,1,2024,0.0050404765920296,0,1,0,0,0,0,0,0,0,1,0.04806827509501702,FN (grave RATÉ)
0,0,0,12,18.14553571428572,13,231476,2.3,2.9,4,3598.964285714286,4,4.0,50,0.0,1,2024,0.0050404765920296,0,1,0,0,0,0,0,0,0,0,0.04806827509501702,TN (léger détecté)
0,0,0,12,18.14553571428572,13,231476,2.3,2.9,4,3598.964285714286,4,4.0,50,0.0,1,2024,0.0050404765920296,0,1,0,0,0,0,0,0,0,0,0.04806827509501702,TN (léger détecté)
0,1,0,12,3.1503282738095235,15,179566,4.5,8.0,6,291.2797619047619,4,10.6,50,0.0,0,2024,0.0107784687289982,0,1,0,0,0,1,0,0,0,0,0.03254338229062091,TN (léger détecté)
0,1,0,12,3.1503282738095235,15,179566,4.5,8.0,6,291.2797619047619,4,10.6,50,0.0,0,2024,0.0107784687289982,0,1,0,0,0,1,0,0,0,0,0.03254338229062091,TN (léger détecté)
0,1,0,12,3.1503282738095235,15,179566,4.5,8.0,6,291.2797619047619,4,10.6,50,0.0,0,2024,0.0107784687289982,0,1,0,0,0,1,0,0,0,0,0.03254338229062091,TN (léger détecté)
0,1,0,12,3.96222,15,179566,4.5,8.0,6,309.4791666666667,4,10.6,50,0.0,0,2024,0.0123555077973465,0,1,0,0,0,1,0,0,0,0,0.059981857605286994,TN (léger détecté)
0,1,0,12,3.96222,15,179566,4.5,8.0,6,309.4791666666667,4,10.6,50,0.0,0,2024,0.0123555077973465,0,1,0,0,0,1,0,0,0,0,0.059981857605286994,TN (léger détecté)
0,1,0,12,2.5476404761904763,15,182347,4.5,8.0,6,338.5654761904762,4,10.6,50,0.0,1,2024,0.0075026486931828,0,1,0,0,0,1,0,0,0,0,0.03138307933895403,TN (léger détecté)
0,1,0,12,2.5476404761904763,15,182347,4.5,8.0,6,338.5654761904762,4,10.6,50,0.0,1,2024,0.0075026486931828,0,1,0,0,0,1,0,0,0,0,0.03138307933895403,TN (léger détecté)
0,1,0,12,2.5476404761904763,15,182347,4.5,8.0,6,338.5654761904762,4,10.6,50,0.0,1,2024,0.0075026486931828,0,1,0,0,0,1,0,0,0,0,0.03138307933895403,TN (léger détecté)
0,1,0,12,2.5476404761904763,15,182347,4.5,8.0,6,338.5654761904762,4,10.6,50,0.0,1,2024,0.0075026486931828,0,1,0,0,0,1,0,0,0,0,0.03138307933895403,TN (léger détecté)
0,1,0,12,2.5476404761904763,15,182347,4.5,8.0,6,338.5654761904762,4,10.6,50,0.0,1,2024,0.0075026486931828,0,1,0,0,0,1,0,0,0,0,0.03138307933895403,TN (léger détecté)
0,1,0,12,2.5476404761904763,15,182347,4.5,8.0,6,338.5654761904762,4,10.6,50,0.0,1,2024,0.0075026486931828,0,1,0,0,0,1,0,0,0,0,0.03138307933895403,TN (léger détecté)
0,1,0,12,3.96222,15,138907,4.5,8.0,6,309.4791666666667,4,10.6,50,0.0,0,2024,0.0123555077973465,0,1,0,0,0,1,0,0,0,0,0.058780087973787816,TN (léger détecté)
0,1,0,12,3.96222,15,138907,4.5,8.0,6,309.4791666666667,4,10.6,50,0.0,0,2024,0.0123555077973465,0,1,0,0,0,1,0,0,0,0,0.058780087973787816,TN (léger détecté)
0,1,0,12,3.96222,15,138907,4.5,8.0,6,309.4791666666667,4,10.6,50,0.0,0,2024,0.0123555077973465,0,1,0,0,0,1,0,0,0,0,0.058780087973787816,TN (léger détecté)
0,1,0,12,3.96222,15,138907,4.5,8.0,6,309.4791666666667,4,10.6,50,0.0,0,2024,0.0123555077973465,0,1,0,0,0,1,0,0,0,0,0.058780087973787816,TN (léger détecté)
0,1,0,12,3.96222,15,57934,4.5,8.0,6,309.4791666666667,4,10.6,50,0.0,0,2024,0.0123555077973465,0,1,0,0,0,1,0,0,0,0,0.05769711965455369,TN (léger détecté)
0,1,0,12,3.96222,15,57934,4.5,8.0,6,309.4791666666667,4,10.6,50,0.0,0,2024,0.0123555077973465,0,1,0,0,0,1,0,0,0,0,0.05769711965455369,TN (léger détecté)
0,1,0,12,4.05945,15,48784,4.5,8.0,6,380.3095238095238,4,10.6,50,0.0,1,2024,0.0106460755541679,0,1,0,0,0,1,0,0,0,0,0.05262481348109545,TN (léger détecté)
0,1,0,12,4.05945,15,48784,4.5,8.0,6,380.3095238095238,4,10.6,50,0.0,1,2024,0.0106460755541679,0,1,0,0,0,1,0,0,0,0,0.05262481348109545,TN (léger détecté)
0,1,0,12,11.276604761904762,15,15207,4.5,8.0,6,208.47619047619048,4,10.6,50,0.0,0,2024,0.0538323937258467,0,1,0,0,0,1,0,0,0,0,0.1308110550298299,FP (fausse alerte)
0,1,0,12,11.276604761904762,15,15207,4.5,8.0,6,208.47619047619048,4,10.6,50,0.0,0,2024,0.0538323937258467,0,1,0,0,0,1,0,0,0,0,0.1308110550298299,FP (fausse alerte)
0,1,0,12,11.276604761904762,15,15207,4.5,8.0,6,208.47619047619048,4,10.6,50,0.0,0,2024,0.0538323937258467,0,1,0,0,0,1,0,0,0,0,0.1308110550298299,FP (fausse alerte)
1,1,0,12,8.321757083333333,8,19979,7.0,7.5,6,204.1071428571429,4,8.4,49,4.8,0,2024,0.0405727317313831,0,1,0,0,0,1,0,0,0,0,0.12448188575437574,FP (fausse alerte)
1,1,0,12,8.321757083333333,8,19979,7.0,7.5,6,204.1071428571429,4,8.4,49,4.8,0,2024,0.0405727317313831,0,1,0,0,0,1,0,0,0,0,0.12448188575437574,FP (fausse alerte)
0,0,0,11,1.182640238095238,8,182347,7.5,9.1,4,146.16666666666666,4,10.0,45,0.0,0,2024,0.0080360605080084,0,0,0,0,0,0,0,0,0,0,0.0420833484993826,TN (léger détecté)
0,0,0,11,1.182640238095238,8,182347,7.5,9.1,4,146.16666666666666,4,10.0,45,0.0,0,2024,0.0080360605080084,0,0,0,0,0,0,0,0,0,0,0.0420833484993826,TN (léger détecté)
0,0,0,11,3.96222,7,138907,10.0,10.9,3,309.4791666666667,4,12.7,45,0.2,0,2024,0.0123555077973465,0,0,0,0,0,0,1,0,0,0,0.05310629607779361,TN (léger détecté)
0,0,0,11,3.96222,7,138907,10.0,10.9,3,309.4791666666667,4,12.7,45,0.2,0,2024,0.0123555077973465,0,0,0,0,0,0,1,0,0,0,0.05310629607779361,TN (léger détecté)
0,0,0,11,2.892286845238095,8,185914,7.5,9.1,4,165.78571428571428,4,10.0,45,0.0,0,2024,0.0173413344039971,0,0,0,0,0,0,0,0,0,0,0.03744352851675882,TN (léger détecté)
0,0,0,11,2.892286845238095,8,185914,7.5,9.1,4,165.78571428571428,4,10.0,45,0.0,0,2024,0.0173413344039971,0,0,0,0,0,0,0,0,0,0,0.03744352851675882,TN (léger détecté)
0,0,0,11,3.96222,8,185914,7.5,9.1,4,309.4791666666667,4,10.0,45,0.0,0,2024,0.0123555077973465,0,0,0,0,0,0,0,0,0,0,0.13329820489011826,FP (fausse alerte)
0,0,0,11,3.96222,8,185914,7.5,9.1,4,309.4791666666667,4,10.0,45,0.0,0,2024,0.0123555077973465,0,0,0,0,0,0,0,0,0,0,0.13329820489011826,FP (fausse alerte)
0,0,0,11,3.96222,8,183839,7.5,9.1,4,309.4791666666667,4,10.0,45,0.0,0,2024,0.0123555077973465,0,0,0,0,0,0,0,0,0,0,0.07419389159640598,TN (léger détecté)
0,0,0,11,3.96222,8,183839,7.5,9.1,4,309.4791666666667,4,10.0,45,0.0,0,2024,0.0123555077973465,0,0,0,0,0,0,0,0,0,0,0.07419389159640598,TN (léger détecté)
0,0,0,11,3.96222,8,183839,7.5,9.1,4,309.4791666666667,4,10.0,45,0.0,0,2024,0.0123555077973465,0,0,0,0,0,0,0,0,0,0,0.07419389159640598,TN (léger détecté)
0,0,0,11,3.96222,7,57934,10.0,10.9,3,309.4791666666667,4,12.7,45,0.2,0,2024,0.0123555077973465,0,0,0,0,0,0,1,0,0,0,0.0504610460314039,TN (léger détecté)
0,0,0,11,3.96222,7,57934,10.0,10.9,3,309.4791666666667,4,12.7,45,0.2,0,2024,0.0123555077973465,0,0,0,0,0,0,1,0,0,0,0.0504610460314039,TN (léger détecté)
0,0,0,11,3.96222,8,161450,7.5,9.1,4,309.4791666666667,4,10.0,45,0.0,0,2024,0.0123555077973465,0,0,0,0,0,0,0,0,0,0,0.06031664655754431,TN (léger détecté)
0,0,0,11,3.96222,8,161450,7.5,9.1,4,309.4791666666667,4,10.0,45,0.0,0,2024,0.0123555077973465,0,0,0,0,0,0,0,0,0,0,0.06031664655754431,TN (léger détecté)
0,0,0,11,3.735835,7,161450,10.0,10.9,3,272.9702380952381,4,12.7,45,0.2,0,2024,0.0136359154409368,0,0,0,0,0,0,1,0,0,0,0.06294848922346229,TN (léger détecté)
0,0,0,11,3.735835,7,161450,10.0,10.9,3,272.9702380952381,4,12.7,45,0.2,0,2024,0.0136359154409368,0,0,0,0,0,0,1,0,0,0,0.06294848922346229,TN (léger détecté)
0,0,0,11,3.5089101785714285,7,161450,10.0,10.9,3,219.48809523809524,4,12.7,45,0.2,0,2024,0.0159142840559365,0,0,0,0,0,0,1,0,0,0,0.02492401403821086,TN (léger détecté)
0,0,0,11,3.5089101785714285,7,161450,10.0,10.9,3,219.48809523809524,4,12.7,45,0.2,0,2024,0.0159142840559365,0,0,0,0,0,0,1,0,0,0,0.02492401403821086,TN (léger détecté)
0,1,0,12,3.96222,14,179566,1.8,4.0,5,309.4791666666667,4,5.9,50,0.8,0,2024,0.0123555077973465,0,1,0,0,1,0,0,0,0,0,0.03754337558058405,TN (léger détecté)
0,1,0,12,3.96222,14,179566,1.8,4.0,5,309.4791666666667,4,5.9,50,0.8,0,2024,0.0123555077973465,0,1,0,0,1,0,0,0,0,0,0.03754337558058405,TN (léger détecté)
0,0,0,11,3.96222,8,231476,7.5,9.1,4,309.4791666666667,4,10.0,45,0.0,0,2024,0.0123555077973465,0,0,0,0,0,0,0,0,0,0,0.09952589752727271,TN (léger détecté)
0,0,0,12,15.77857142857143,13,183839,2.3,2.9,4,4330.898809523809,4,4.0,50,0.0,1,2024,0.0036424145905443,0,1,0,0,0,0,0,0,0,0,0.023369645127699946,TN (léger détecté)
0,0,0,12,15.77857142857143,13,183839,2.3,2.9,4,4330.898809523809,4,4.0,50,0.0,1,2024,0.0036424145905443,0,1,0,0,0,0,0,0,0,0,0.023369645127699946,TN (léger détecté)
0,0,0,11,3.96222,8,137426,7.5,9.1,4,309.4791666666667,4,10.0,45,0.0,0,2024,0.0123555077973465,0,0,0,0,0,0,0,0,0,0,0.05041113207107364,TN (léger détecté)
0,0,0,11,3.96222,8,137426,7.5,9.1,4,309.4791666666667,4,10.0,45,0.0,0,2024,0.0123555077973465,0,0,0,0,0,0,0,0,0,0,0.05041113207107364,TN (léger détecté)
0,0,0,12,8.868853392857144,13,183839,2.3,2.9,4,454.7619047619048,4,4.0,50,0.0,1,2024,0.0194594004022568,0,1,0,0,0,0,0,0,0,0,0.0420231409263672,TN (léger détecté)
0,0,0,12,8.868853392857144,13,183839,2.3,2.9,4,454.7619047619048,4,4.0,50,0.0,1,2024,0.0194594004022568,0,1,0,0,0,0,0,0,0,0,0.0420231409263672,TN (léger détecté)
0,1,0,12,3.96222,14,160526,1.8,4.0,5,309.4791666666667,4,5.9,50,0.8,0,2024,0.0123555077973465,0,1,0,0,1,0,0,0,0,0,0.038050359366670644,TN (léger détecté)
0,1,0,12,3.96222,14,160526,1.8,4.0,5,309.4791666666667,4,5.9,50,0.8,0,2024,0.0123555077973465,0,1,0,0,1,0,0,0,0,0,0.038050359366670644,TN (léger détecté)
0,0,0,11,3.96222,8,138907,7.5,9.1,4,309.4791666666667,4,10.0,45,0.0,0,2024,0.0123555077973465,0,0,0,0,0,0,0,0,0,0,0.05140419311281544,TN (léger détecté)
0,0,0,11,3.96222,8,138907,7.5,9.1,4,309.4791666666667,4,10.0,45,0.0,0,2024,0.0123555077973465,0,0,0,0,0,0,0,0,0,0,0.05140419311281544,TN (léger détecté)
0,1,0,12,3.96222,14,160526,1.8,4.0,5,309.4791666666667,4,5.9,50,0.8,0,2024,0.0123555077973465,0,1,0,0,1,0,0,0,0,0,0.038050359366670644,TN (léger détecté)
0,1,0,12,3.96222,14,160526,1.8,4.0,5,309.4791666666667,4,5.9,50,0.8,0,2024,0.0123555077973465,0,1,0,0,1,0,0,0,0,0,0.038050359366670644,TN (léger détecté)
0,0,0,11,4.058384464285714,8,84310,7.5,9.1,4,350.9642857142857,4,10.0,45,0.0,1,2024,0.0115306712328767,0,0,0,0,0,0,0,0,0,0,0.046332240531556,TN (léger détecté)
0,0,0,11,4.058384464285714,8,84310,7.5,9.1,4,350.9642857142857,4,10.0,45,0.0,1,2024,0.0115306712328767,0,0,0,0,0,0,0,0,0,0,0.046332240531556,TN (léger détecté)
0,1,0,12,17.323453392857143,14,231476,1.8,4.0,5,377.04761904761904,4,5.9,50,0.8,1,2024,0.0458234691082,0,1,0,0,1,0,0,0,0,0,0.22721482725664843,FP (fausse alerte)
0,1,0,12,17.323453392857143,14,231476,1.8,4.0,5,377.04761904761904,4,5.9,50,0.8,1,2024,0.0458234691082,0,1,0,0,1,0,0,0,0,0,0.22721482725664843,FP (fausse alerte)
0,1,0,12,17.323453392857143,14,231476,1.8,4.0,5,377.04761904761904,4,5.9,50,0.8,1,2024,0.0458234691082,0,1,0,0,1,0,0,0,0,0,0.22721482725664843,FP (fausse alerte)
0,1,0,12,17.323453392857143,14,231476,1.8,4.0,5,377.04761904761904,4,5.9,50,0.8,1,2024,0.0458234691082,0,1,0,0,1,0,0,0,0,0,0.22721482725664843,FP (fausse alerte)
0,1,0,12,17.323453392857143,14,231476,1.8,4.0,5,377.04761904761904,4,5.9,50,0.8,1,2024,0.0458234691082,0,1,0,0,1,0,0,0,0,0,0.22721482725664843,FP (fausse alerte)
0,0,0,11,3.96222,8,57934,7.5,9.1,4,309.4791666666667,4,10.0,45,0.0,0,2024,0.0123555077973465,0,0,0,0,0,0,0,0,0,0,0.04883935267334636,TN (léger détecté)
0,0,0,11,3.96222,8,57934,7.5,9.1,4,309.4791666666667,4,10.0,45,0.0,0,2024,0.0123555077973465,0,0,0,0,0,0,0,0,0,0,0.04883935267334636,TN (léger détecté)
0,0,0,11,3.96222,8,48784,7.5,9.1,4,309.4791666666667,4,10.0,45,0.0,0,2024,0.0123555077973465,0,0,0,0,0,0,0,0,0,0,0.04841242073790653,TN (léger détecté)
0,0,0,11,3.96222,8,48784,7.5,9.1,4,309.4791666666667,4,10.0,45,0.0,0,2024,0.0123555077973465,0,0,0,0,0,0,0,0,0,0,0.04841242073790653,TN (léger détecté)
0,1,0,12,3.96222,14,182347,1.8,4.0,5,309.4791666666667,4,5.9,50,0.8,0,2024,0.0123555077973465,0,1,0,0,1,0,0,0,0,0,0.036230311960604215,TN (léger détecté)
0,1,0,12,3.96222,14,182347,1.8,4.0,5,309.4791666666667,4,5.9,50,0.8,0,2024,0.0123555077973465,0,1,0,0,1,0,0,0,0,0,0.036230311960604215,TN (léger détecté)
0,1,0,12,3.96222,14,138887,1.8,4.0,5,309.4791666666667,4,5.9,50,0.8,0,2024,0.0123555077973465,0,1,0,0,1,0,0,0,0,0,0.03797388830254284,TN (léger détecté)
0,1,0,12,3.96222,14,138887,1.8,4.0,5,309.4791666666667,4,5.9,50,0.8,0,2024,0.0123555077973465,0,1,0,0,1,0,0,0,0,0,0.03797388830254284,TN (léger détecté)
0,1,0,12,3.0958248809523807,14,84310,1.8,4.0,5,144.30357142857142,4,5.9,50,0.8,0,2024,0.0213059104502068,0,1,0,0,1,0,0,0,0,0,0.023213639637232063,TN (léger détecté)
0,1,0,12,3.0958248809523807,14,84310,1.8,4.0,5,144.30357142857142,4,5.9,50,0.8,0,2024,0.0213059104502068,0,1,0,0,1,0,0,0,0,0,0.023213639637232063,TN (léger détecté)
0,1,0,12,3.0958248809523807,14,84310,1.8,4.0,5,144.30357142857142,4,5.9,50,0.8,0,2024,0.0213059104502068,0,1,0,0,1,0,0,0,0,0,0.023213639637232063,TN (léger détecté)
0,1,0,12,3.0958248809523807,14,84310,1.8,4.0,5,144.30357142857142,4,5.9,50,0.8,0,2024,0.0213059104502068,0,1,0,0,1,0,0,0,0,0,0.023213639637232063,TN (léger détecté)
0,1,0,12,3.96222,14,57934,1.8,4.0,5,309.4791666666667,4,5.9,50,0.8,0,2024,0.0123555077973465,0,1,0,0,1,0,0,0,0,0,0.03767524286802781,TN (léger détecté)
0,1,0,12,7.248487261904762,14,48784,1.8,4.0,5,880.3928571428571,4,5.9,50,0.8,1,2024,0.0082239006172589,0,1,0,0,1,0,0,0,0,0,0.019985611032297425,TN (léger détecté)
0,1,0,12,7.248487261904762,14,48784,1.8,4.0,5,880.3928571428571,4,5.9,50,0.8,1,2024,0.0082239006172589,0,1,0,0,1,0,0,0,0,0,0.019985611032297425,TN (léger détecté)
0,1,0,12,7.248487261904762,14,48784,1.8,4.0,5,880.3928571428571,4,5.9,50,0.8,1,2024,0.0082239006172589,0,1,0,0,1,0,0,0,0,0,0.019985611032297425,TN (léger détecté)
0,0,0,12,3.96222,13,19979,2.3,2.9,4,309.4791666666667,4,4.0,50,0.0,0,2024,0.0123555077973465,0,1,0,0,0,0,0,0,0,0,0.070326857487058,TN (léger détecté)
0,0,0,12,3.96222,13,19979,2.3,2.9,4,309.4791666666667,4,4.0,50,0.0,0,2024,0.0123555077973465,0,1,0,0,0,0,0,0,0,1,0.070326857487058,FN (grave RATÉ)
0,0,0,12,3.96222,13,15207,2.3,2.9,4,309.4791666666667,4,4.0,50,0.0,0,2024,0.0123555077973465,0,1,0,0,0,0,0,0,0,0,0.04273419921163875,TN (léger détecté)
0,0,0,12,3.96222,13,15207,2.3,2.9,4,309.4791666666667,4,4.0,50,0.0,0,2024,0.0123555077973465,0,1,0,0,0,0,0,0,0,0,0.04273419921163875,TN (léger détecté)
0,0,0,12,3.96222,13,15207,2.3,2.9,4,309.4791666666667,4,4.0,50,0.0,0,2024,0.0123555077973465,0,1,0,0,0,0,0,0,0,0,0.04273419921163875,TN (léger détecté)
0,0,0,11,3.96222,7,185914,10.0,10.9,3,309.4791666666667,4,12.7,45,0.2,0,2024,0.0123555077973465,0,0,0,0,0,0,1,0,0,0,0.12817210115869881,FP (fausse alerte)
0,0,0,11,3.96222,7,185914,10.0,10.9,3,309.4791666666667,4,12.7,45,0.2,0,2024,0.0123555077973465,0,0,0,0,0,0,1,0,0,0,0.12817210115869881,FP (fausse alerte)
0,0,0,11,3.96222,6,41158,9.6,10.7,2,309.4791666666667,4,12.6,45,0.0,0,2024,0.0123555077973465,0,0,0,0,0,0,0,0,1,0,0.052068394153757656,TN (léger détecté)
0,0,0,11,3.96222,6,41158,9.6,10.7,2,309.4791666666667,4,12.6,45,0.0,0,2024,0.0123555077973465,0,0,0,0,0,0,0,0,1,0,0.052068394153757656,TN (léger détecté)
0,0,0,11,5.333133095238095,6,185914,9.6,10.7,2,177.72619047619048,4,12.6,45,0.0,0,2024,0.0298396842736295,0,0,0,0,0,0,0,0,1,0,0.13240995573700604,FP (fausse alerte)
0,0,0,11,5.333133095238095,6,185914,9.6,10.7,2,177.72619047619048,4,12.6,45,0.0,0,2024,0.0298396842736295,0,0,0,0,0,0,0,0,1,0,0.13240995573700604,FP (fausse alerte)
0,0,0,11,6.994875297619048,7,183839,10.0,10.9,3,192.5833333333333,4,12.7,45,0.2,0,2024,0.0361336649037574,0,0,0,0,0,0,1,0,0,0,0.08254530738815327,TN (léger détecté)
0,0,0,11,6.994875297619048,7,183839,10.0,10.9,3,192.5833333333333,4,12.7,45,0.2,0,2024,0.0361336649037574,0,0,0,0,0,0,1,0,0,0,0.08254530738815327,TN (léger détecté)
0,0,0,11,9.421889642857142,7,182347,10.0,10.9,3,239.8392857142857,4,12.7,45,0.2,0,2024,0.0391210662119077,0,0,0,0,0,0,1,0,0,0,0.07465853498216458,TN (léger détecté)
0,0,0,11,9.421889642857142,7,182347,10.0,10.9,3,239.8392857142857,4,12.7,45,0.2,0,2024,0.0391210662119077,0,0,0,0,0,0,1,0,0,0,0.07465853498216458,TN (léger détecté)
0,0,0,11,3.735835,7,138907,10.0,10.9,3,122.5654761904762,4,12.7,45,0.2,0,2024,0.0302336470928272,0,0,0,0,0,0,1,0,0,0,0.051362033293627915,TN (léger détecté)
0,0,0,11,3.735835,7,138907,10.0,10.9,3,122.5654761904762,4,12.7,45,0.2,0,2024,0.0302336470928272,0,0,0,0,0,0,1,0,0,0,0.051362033293627915,TN (léger détecté)
0,0,0,11,3.735835,7,138887,10.0,10.9,3,177.11904761904762,4,12.7,45,0.2,0,2024,0.0209738096511161,0,0,0,0,0,0,1,0,0,0,0.08789739698272077,TN (léger détecté)
0,0,0,11,3.735835,7,138887,10.0,10.9,3,177.11904761904762,4,12.7,45,0.2,0,2024,0.0209738096511161,0,0,0,0,0,0,1,0,0,0,0.08789739698272077,TN (léger détecté)
0,0,0,11,3.96222,6,57934,9.6,10.7,2,309.4791666666667,4,12.6,45,0.0,0,2024,0.0123555077973465,0,0,0,0,0,0,0,0,1,0,0.052525787193889575,TN (léger détecté)
0,0,0,11,3.96222,6,57934,9.6,10.7,2,309.4791666666667,4,12.6,45,0.0,0,2024,0.0123555077973465,0,0,0,0,0,0,0,0,1,0,0.052525787193889575,TN (léger détecté)
0,0,0,11,12.128612083333334,7,231476,10.0,10.9,3,370.29761904761904,4,12.7,45,0.2,1,2024,0.0326654722818942,0,0,0,0,0,0,1,0,0,0,0.10100256389440444,TN (léger détecté)
0,0,0,11,12.128612083333334,7,231476,10.0,10.9,3,370.29761904761904,4,12.7,45,0.2,1,2024,0.0326654722818942,0,0,0,0,0,0,1,0,0,0,0.10100256389440444,TN (léger détecté)
0,0,0,12,3.96222,13,185914,2.3,2.9,4,309.4791666666667,4,4.0,50,0.0,0,2024,0.0123555077973465,0,1,0,0,0,0,0,0,0,0,0.06185252312811953,TN (léger détecté)
0,0,0,12,3.96222,13,185914,2.3,2.9,4,309.4791666666667,4,4.0,50,0.0,0,2024,0.0123555077973465,0,1,0,0,0,0,0,0,0,0,0.06185252312811953,TN (léger détecté)
0,0,0,12,15.6875,13,137426,2.3,2.9,4,1349.7738095238096,4,4.0,50,0.0,1,2024,0.0116137134799277,0,1,0,0,0,0,0,0,0,0,0.0498857203238861,TN (léger détecté)
0,0,0,12,15.6875,13,137426,2.3,2.9,4,1349.7738095238096,4,4.0,50,0.0,1,2024,0.0116137134799277,0,1,0,0,0,0,0,0,0,0,0.0498857203238861,TN (léger détecté)
0,0,0,12,7.012435178571428,11,185914,4.9,5.3,2,269.11309523809524,4,5.6,50,0.2,0,2024,0.0259611077811322,0,1,0,0,0,0,0,0,1,0,0.2434460117234042,FP (fausse alerte)
0,0,0,12,7.012435178571428,11,185914,4.9,5.3,2,269.11309523809524,4,5.6,50,0.2,0,2024,0.0259611077811322,0,1,0,0,0,0,0,0,1,0,0.2434460117234042,FP (fausse alerte)
0,0,0,12,3.96222,13,179566,2.3,2.9,4,309.4791666666667,4,4.0,50,0.0,0,2024,0.0123555077973465,0,1,0,0,0,0,0,0,0,0,0.03425632418591719,TN (léger détecté)
0,0,0,12,4.05945,13,160526,2.3,2.9,4,226.91666666666663,4,4.0,50,0.0,0,2024,0.0178111151736745,0,1,0,0,0,0,0,0,0,0,0.020666648591402343,TN (léger détecté)
0,0,0,12,4.05945,13,160526,2.3,2.9,4,226.91666666666663,4,4.0,50,0.0,0,2024,0.0178111151736745,0,1,0,0,0,0,0,0,0,0,0.020666648591402343,TN (léger détecté)
0,0,0,12,4.452187023809524,13,138887,2.3,2.9,4,169.86309523809524,4,4.0,50,0.0,0,2024,0.0260570430238634,0,1,0,0,0,0,0,0,0,0,0.06735453149474055,TN (léger détecté)
0,0,0,12,4.452187023809524,13,138887,2.3,2.9,4,169.86309523809524,4,4.0,50,0.0,0,2024,0.0260570430238634,0,1,0,0,0,0,0,0,0,0,0.06735453149474055,TN (léger détecté)
0,0,0,12,21.10010386904762,13,84310,2.3,2.9,4,681.9642857142857,4,4.0,50,0.0,1,2024,0.0308948861754606,0,1,0,0,0,0,0,0,0,0,0.08262584430573947,TN (léger détecté)
0,0,0,12,21.10010386904762,13,84310,2.3,2.9,4,681.9642857142857,4,4.0,50,0.0,1,2024,0.0308948861754606,0,1,0,0,0,0,0,0,0,0,0.08262584430573947,TN (léger détecté)
0,0,0,12,21.10010386904762,13,84310,2.3,2.9,4,681.9642857142857,4,4.0,50,0.0,1,2024,0.0308948861754606,0,1,0,0,0,0,0,0,0,0,0.08262584430573947,TN (léger détecté)
0,0,0,12,3.96222,13,57934,2.3,2.9,4,309.4791666666667,4,4.0,50,0.0,0,2024,0.0123555077973465,0,1,0,0,0,0,0,0,0,0,0.03437705841991938,TN (léger détecté)
0,0,0,12,3.96222,13,57934,2.3,2.9,4,309.4791666666667,4,4.0,50,0.0,0,2024,0.0123555077973465,0,1,0,0,0,0,0,0,0,0,0.03437705841991938,TN (léger détecté)
0,0,0,11,3.735835,4,160526,5.4,10.0,0,68.27380952380952,4,17.4,45,0.0,0,2024,0.0539285341123904,0,0,0,1,0,0,0,0,0,0,0.18355307270706295,FP (fausse alerte)
0,0,0,11,3.735835,4,160526,5.4,10.0,0,68.27380952380952,4,17.4,45,0.0,0,2024,0.0539285341123904,0,0,0,1,0,0,0,0,0,0,0.18355307270706295,FP (fausse alerte)
0,0,0,11,18.03672398809524,5,84310,7.9,10.4,1,682.7321428571429,4,12.6,45,0.0,1,2024,0.0263798099541208,0,0,0,0,0,0,0,1,0,0,0.11093981957678777,TN (léger détecté)
0,0,0,11,18.03672398809524,5,84310,7.9,10.4,1,682.7321428571429,4,12.6,45,0.0,1,2024,0.0263798099541208,0,0,0,0,0,0,0,1,0,0,0.11093981957678777,TN (léger détecté)
0,0,0,11,18.03672398809524,5,84310,7.9,10.4,1,682.7321428571429,4,12.6,45,0.0,1,2024,0.0263798099541208,0,0,0,0,0,0,0,1,0,1,0.11093981957678777,FN (grave RATÉ)
0,0,0,11,9.033519940476191,5,35837,7.9,10.4,1,223.44642857142856,4,12.6,45,0.0,0,2024,0.0402480003712838,0,0,0,0,0,0,0,1,0,1,0.15943614699794978,TP (grave détecté)
0,0,0,11,3.96222,6,179566,9.6,10.7,2,309.4791666666667,4,12.6,45,0.0,0,2024,0.0123555077973465,0,0,0,0,0,0,0,0,1,0,0.06470625658287557,TN (léger détecté)
0,0,0,11,3.96222,6,179566,9.6,10.7,2,309.4791666666667,4,12.6,45,0.0,0,2024,0.0123555077973465,0,0,0,0,0,0,0,0,1,0,0.06470625658287557,TN (léger détecté)
0,0,0,11,7.949574642857143,6,183839,9.6,10.7,2,435.0119047619048,4,12.6,45,0.0,1,2024,0.0182324715358361,0,0,0,0,0,0,0,0,1,0,0.04084667987926954,TN (léger détecté)
0,0,0,11,7.949574642857143,6,183839,9.6,10.7,2,435.0119047619048,4,12.6,45,0.0,1,2024,0.0182324715358361,0,0,0,0,0,0,0,0,1,0,0.04084667987926954,TN (léger détecté)
0,0,0,11,3.460156488095238,6,183839,9.6,10.7,2,173.45238095238096,4,12.6,45,0.0,0,2024,0.019834389586461,0,0,0,0,0,0,0,0,1,0,0.05423135584031341,TN (léger détecté)
0,0,0,11,3.460156488095238,6,183839,9.6,10.7,2,173.45238095238096,4,12.6,45,0.0,0,2024,0.019834389586461,0,0,0,0,0,0,0,0,1,0,0.05423135584031341,TN (léger détecté)
0,0,0,11,3.96222,6,137426,9.6,10.7,2,309.4791666666667,4,12.6,45,0.0,0,2024,0.0123555077973465,0,0,0,0,0,0,0,0,1,0,0.05420944419644448,TN (léger détecté)
0,0,0,11,3.96222,6,137426,9.6,10.7,2,309.4791666666667,4,12.6,45,0.0,0,2024,0.0123555077973465,0,0,0,0,0,0,0,0,1,0,0.05420944419644448,TN (léger détecté)
0,0,0,11,3.96222,6,138887,9.6,10.7,2,309.4791666666667,4,12.6,45,0.0,0,2024,0.0123555077973465,0,0,0,0,0,0,0,0,1,0,0.054673469425120705,TN (léger détecté)
0,0,0,11,3.96222,6,138887,9.6,10.7,2,309.4791666666667,4,12.6,45,0.0,0,2024,0.0123555077973465,0,0,0,0,0,0,0,0,1,0,0.054673469425120705,TN (léger détecté)
0,0,0,11,3.96222,6,35837,9.6,10.7,2,309.4791666666667,4,12.6,45,0.0,0,2024,0.0123555077973465,0,0,0,0,0,0,0,0,1,0,0.06428877574474968,TN (léger détecté)
0,0,0,11,3.96222,6,35837,9.6,10.7,2,309.4791666666667,4,12.6,45,0.0,0,2024,0.0123555077973465,0,0,0,0,0,0,0,0,1,0,0.06428877574474968,TN (léger détecté)
0,0,0,11,3.6778052380952384,6,35837,9.6,10.7,2,778.0178571428571,4,12.6,45,0.0,1,2024,0.0047210795033428,0,0,0,0,0,0,0,0,1,0,0.17319462060751853,FP (fausse alerte)
0,0,0,11,3.6778052380952384,6,35837,9.6,10.7,2,778.0178571428571,4,12.6,45,0.0,1,2024,0.0047210795033428,0,0,0,0,0,0,0,0,1,1,0.17319462060751853,TP (grave détecté)
0,0,0,11,3.96222,5,32386,7.9,10.4,1,309.4791666666667,4,12.6,45,0.0,0,2024,0.0123555077973465,0,0,0,0,0,0,0,1,0,0,0.0906480047263304,TN (léger détecté)
0,0,0,11,3.96222,5,32386,7.9,10.4,1,309.4791666666667,4,12.6,45,0.0,0,2024,0.0123555077973465,0,0,0,0,0,0,0,1,0,0,0.0906480047263304,TN (léger détecté)
0,0,0,12,7.012435178571428,12,185914,4.1,4.4,3,269.11309523809524,4,5.4,50,0.0,0,2024,0.0259611077811322,0,1,0,0,0,0,1,0,0,0,0.31805852260101786,FP (fausse alerte)
0,0,0,12,7.012435178571428,12,185914,4.1,4.4,3,269.11309523809524,4,5.4,50,0.0,0,2024,0.0259611077811322,0,1,0,0,0,0,1,0,0,0,0.31805852260101786,FP (fausse alerte)
0,0,0,12,7.012435178571428,12,185914,4.1,4.4,3,269.11309523809524,4,5.4,50,0.0,0,2024,0.0259611077811322,0,1,0,0,0,0,1,0,0,0,0.31805852260101786,FP (fausse alerte)
0,0,0,12,7.012435178571428,12,185914,4.1,4.4,3,269.11309523809524,4,5.4,50,0.0,0,2024,0.0259611077811322,0,1,0,0,0,0,1,0,0,0,0.31805852260101786,FP (fausse alerte)
0,0,0,12,7.012435178571428,12,185914,4.1,4.4,3,269.11309523809524,4,5.4,50,0.0,0,2024,0.0259611077811322,0,1,0,0,0,0,1,0,0,0,0.31805852260101786,FP (fausse alerte)
0,0,0,12,16.714285714285715,12,161450,4.1,4.4,3,4632.565476190476,4,5.4,50,0.0,1,2024,0.0036072190627653,0,1,0,0,0,0,1,0,0,0,0.06866791931726844,TN (léger détecté)
0,0,0,12,16.714285714285715,12,161450,4.1,4.4,3,4632.565476190476,4,5.4,50,0.0,1,2024,0.0036072190627653,0,1,0,0,0,0,1,0,0,0,0.06866791931726844,TN (léger détecté)
0,0,0,12,4.340275892857143,12,182347,4.1,4.4,3,413.2857142857143,4,5.4,50,0.0,1,2024,0.0104765280172413,0,1,0,0,0,0,1,0,0,0,0.05570571470973982,TN (léger détecté)
0,0,0,12,4.340275892857143,12,182347,4.1,4.4,3,413.2857142857143,4,5.4,50,0.0,1,2024,0.0104765280172413,0,1,0,0,0,0,1,0,0,0,0.05570571470973982,TN (léger détecté)
0,0,0,12,2.5476404761904763,11,182347,4.9,5.3,2,338.5654761904762,4,5.6,50,0.2,1,2024,0.0075026486931828,0,1,0,0,0,0,0,0,1,0,0.023532699448875545,TN (léger détecté)
0,0,0,12,2.5476404761904763,11,182347,4.9,5.3,2,338.5654761904762,4,5.6,50,0.2,1,2024,0.0075026486931828,0,1,0,0,0,0,0,0,1,0,0.023532699448875545,TN (léger détecté)
0,0,0,12,3.96222,11,185914,4.9,5.3,2,309.4791666666667,4,5.6,50,0.2,0,2024,0.0123555077973465,0,1,0,0,0,0,0,0,1,0,0.08911502648604887,TN (léger détecté)
0,0,0,12,3.96222,11,185914,4.9,5.3,2,309.4791666666667,4,5.6,50,0.2,0,2024,0.0123555077973465,0,1,0,0,0,0,0,0,1,0,0.08911502648604887,TN (léger détecté)
0,0,0,12,4.05945,11,183839,4.9,5.3,2,226.91666666666663,4,5.6,50,0.2,0,2024,0.0178111151736745,0,1,0,0,0,0,0,0,1,0,0.02902269854448118,TN (léger détecté)
0,0,0,12,4.05945,11,183839,4.9,5.3,2,226.91666666666663,4,5.6,50,0.2,0,2024,0.0178111151736745,0,1,0,0,0,0,0,0,1,0,0.02902269854448118,TN (léger détecté)
0,0,0,12,3.96222,12,161450,4.1,4.4,3,309.4791666666667,4,5.4,50,0.0,0,2024,0.0123555077973465,0,1,0,0,0,0,1,0,0,0,0.06304851007374644,TN (léger détecté)
0,0,0,12,3.96222,12,161450,4.1,4.4,3,309.4791666666667,4,5.4,50,0.0,0,2024,0.0123555077973465,0,1,0,0,0,0,1,0,0,0,0.06304851007374644,TN (léger détecté)
0,0,0,12,3.96222,12,161450,4.1,4.4,3,309.4791666666667,4,5.4,50,0.0,0,2024,0.0123555077973465,0,1,0,0,0,0,1,0,0,0,0.06304851007374644,TN (léger détecté)
0,0,0,12,3.96222,12,161450,4.1,4.4,3,309.4791666666667,4,5.4,50,0.0,0,2024,0.0123555077973465,0,1,0,0,0,0,1,0,0,0,0.06304851007374644,TN (léger détecté)
0,0,0,12,4.285210119047619,11,161450,4.9,5.3,2,244.1071428571429,4,5.6,50,0.2,0,2024,0.0174830079168488,0,1,0,0,0,0,0,0,1,0,0.02856831657008021,TN (léger détecté)
0,0,0,12,4.285210119047619,11,161450,4.9,5.3,2,244.1071428571429,4,5.6,50,0.2,0,2024,0.0174830079168488,0,1,0,0,0,0,0,0,1,0,0.02856831657008021,TN (léger détecté)
0,0,0,12,3.96222,12,231476,4.1,4.4,3,309.4791666666667,4,5.4,50,0.0,0,2024,0.0123555077973465,0,1,0,0,0,0,1,0,0,0,0.07389236066541889,TN (léger détecté)
0,0,0,12,3.96222,12,231476,4.1,4.4,3,309.4791666666667,4,5.4,50,0.0,0,2024,0.0123555077973465,0,1,0,0,0,0,1,0,0,0,0.07389236066541889,TN (léger détecté)
0,0,0,12,3.96222,12,138907,4.1,4.4,3,309.4791666666667,4,5.4,50,0.0,0,2024,0.0123555077973465,0,1,0,0,0,0,1,0,0,0,0.06360898238353269,TN (léger détecté)
0,0,0,12,3.96222,12,138907,4.1,4.4,3,309.4791666666667,4,5.4,50,0.0,0,2024,0.0123555077973465,0,1,0,0,0,0,1,0,0,0,0.06360898238353269,TN (léger détecté)
0,0,0,12,4.05945,11,138907,4.9,5.3,2,160.9702380952381,4,5.6,50,0.2,0,2024,0.0250629377825144,0,1,0,0,0,0,0,0,1,0,0.04468229011351515,TN (léger détecté)
0,0,0,12,4.05945,11,138907,4.9,5.3,2,160.9702380952381,4,5.6,50,0.2,0,2024,0.0250629377825144,0,1,0,0,0,0,0,0,1,0,0.04468229011351515,TN (léger détecté)
0,0,0,12,4.05945,12,138887,4.1,4.4,3,179.85119047619048,4,5.4,50,0.0,0,2024,0.0224463548694993,0,1,0,0,0,0,1,0,0,0,0.13939444080387334,FP (fausse alerte)
0,0,0,12,4.05945,12,138887,4.1,4.4,3,179.85119047619048,4,5.4,50,0.0,0,2024,0.0224463548694993,0,1,0,0,0,0,1,0,0,0,0.13939444080387334,FP (fausse alerte)
0,0,0,12,3.96222,12,35837,4.1,4.4,3,309.4791666666667,4,5.4,50,0.0,0,2024,0.0123555077973465,0,1,0,0,0,0,1,0,0,0,0.0853942665816246,TN (léger détecté)
0,0,0,12,3.96222,12,35837,4.1,4.4,3,309.4791666666667,4,5.4,50,0.0,0,2024,0.0123555077973465,0,1,0,0,0,0,1,0,0,0,0.0853942665816246,TN (léger détecté)
0,0,0,12,3.96222,12,27547,4.1,4.4,3,309.4791666666667,4,5.4,50,0.0,0,2024,0.0123555077973465,0,1,0,0,0,0,1,0,0,0,0.08722879833268564,TN (léger détecté)
0,0,0,12,3.96222,12,27547,4.1,4.4,3,309.4791666666667,4,5.4,50,0.0,0,2024,0.0123555077973465,0,1,0,0,0,0,1,0,0,0,0.08722879833268564,TN (léger détecté)
0,0,0,12,3.96222,11,15207,4.9,5.3,2,309.4791666666667,4,5.6,50,0.2,0,2024,0.0123555077973465,0,1,0,0,0,0,0,0,1,0,0.052182171621529404,TN (léger détecté)
0,0,0,11,3.96222,5,185914,7.9,10.4,1,309.4791666666667,4,12.6,45,0.0,0,2024,0.0123555077973465,0,0,0,0,0,0,0,1,0,0,0.1489428037769841,FP (fausse alerte)
0,0,0,11,3.96222,5,185914,7.9,10.4,1,309.4791666666667,4,12.6,45,0.0,0,2024,0.0123555077973465,0,0,0,0,0,0,0,1,0,0,0.1489428037769841,FP (fausse alerte)
0,0,0,11,3.735835,5,137426,7.9,10.4,1,134.6845238095238,4,12.6,45,0.0,0,2024,0.0275332432550998,0,0,0,0,0,0,0,1,0,0,0.11724997563675328,FP (fausse alerte)
0,0,0,11,3.735835,5,137426,7.9,10.4,1,134.6845238095238,4,12.6,45,0.0,0,2024,0.0275332432550998,0,0,0,0,0,0,0,1,0,0,0.11724997563675328,FP (fausse alerte)
0,0,0,11,3.96222,5,183839,7.9,10.4,1,309.4791666666667,4,12.6,45,0.0,0,2024,0.0123555077973465,0,0,0,0,0,0,0,1,0,0,0.07959900840724042,TN (léger détecté)
0,0,0,11,12.510064047619048,5,35837,7.9,10.4,1,435.875,4,12.6,45,0.0,1,2024,0.0286353397370393,0,0,0,0,0,0,0,1,0,1,0.11654243803452245,TP (grave détecté)
0,0,0,11,12.510064047619048,5,35837,7.9,10.4,1,435.875,4,12.6,45,0.0,1,2024,0.0286353397370393,0,0,0,0,0,0,0,1,0,0,0.11654243803452245,FP (fausse alerte)
0,0,0,11,3.96222,5,138907,7.9,10.4,1,309.4791666666667,4,12.6,45,0.0,0,2024,0.0123555077973465,0,0,0,0,0,0,0,1,0,1,0.06933084413469606,FN (grave RATÉ)
0,0,0,11,3.96222,5,138907,7.9,10.4,1,309.4791666666667,4,12.6,45,0.0,0,2024,0.0123555077973465,0,0,0,0,0,0,0,1,0,0,0.06933084413469606,TN (léger détecté)
0,0,0,11,3.735835,5,231476,7.9,10.4,1,189.66071428571428,4,12.6,45,0.0,0,2024,0.019594151915332,0,0,0,0,0,0,0,1,0,0,0.1480680009481289,FP (fausse alerte)
0,0,0,11,3.735835,5,231476,7.9,10.4,1,189.66071428571428,4,12.6,45,0.0,0,2024,0.019594151915332,0,0,0,0,0,0,0,1,0,0,0.1480680009481289,FP (fausse alerte)
0,0,0,11,0.3784238095238095,4,137426,5.4,10.0,0,533.9642857142857,4,17.4,45,0.0,1,2024,0.0007073814451342,0,0,0,1,0,0,0,0,0,0,0.06346000224166208,TN (léger détecté)
0,0,0,11,0.3784238095238095,4,137426,5.4,10.0,0,533.9642857142857,4,17.4,45,0.0,1,2024,0.0007073814451342,0,0,0,1,0,0,0,0,0,0,0.06346000224166208,TN (léger détecté)
0,0,0,11,4.226631428571428,5,35837,7.9,10.4,1,108.22619047619048,4,12.6,45,0.0,0,2024,0.0386961351498637,0,0,0,0,0,0,0,1,0,0,0.16141847822318153,FP (fausse alerte)
0,0,0,11,4.226631428571428,5,35837,7.9,10.4,1,108.22619047619048,4,12.6,45,0.0,0,2024,0.0386961351498637,0,0,0,0,0,0,0,1,0,0,0.16141847822318153,FP (fausse alerte)
0,0,0,11,4.226631428571428,5,35837,7.9,10.4,1,108.22619047619048,4,12.6,45,0.0,0,2024,0.0386961351498637,0,0,0,0,0,0,0,1,0,0,0.16141847822318153,FP (fausse alerte)
0,0,0,11,4.226631428571428,5,35837,7.9,10.4,1,108.22619047619048,4,12.6,45,0.0,0,2024,0.0386961351498637,0,0,0,0,0,0,0,1,0,0,0.16141847822318153,FP (fausse alerte)
0,0,0,11,4.226631428571428,5,35837,7.9,10.4,1,108.22619047619048,4,12.6,45,0.0,0,2024,0.0386961351498637,0,0,0,0,0,0,0,1,0,0,0.16141847822318153,FP (fausse alerte)
0,0,0,11,3.96222,4,35837,5.4,10.0,0,309.4791666666667,4,17.4,45,0.0,0,2024,0.0123555077973465,0,0,0,1,0,0,0,0,0,0,0.09440347633597372,TN (léger détecté)
0,0,0,11,3.96222,4,35837,5.4,10.0,0,309.4791666666667,4,17.4,45,0.0,0,2024,0.0123555077973465,0,0,0,1,0,0,0,0,0,0,0.09440347633597372,TN (léger détecté)
0,0,0,11,4.058384464285714,4,32386,5.4,10.0,0,350.9642857142857,4,17.4,45,0.0,1,2024,0.0115306712328767,0,0,0,1,0,0,0,0,0,0,0.09516569568419024,TN (léger détecté)
0,0,0,11,4.058384464285714,4,32386,5.4,10.0,0,350.9642857142857,4,17.4,45,0.0,1,2024,0.0115306712328767,0,0,0,1,0,0,0,0,0,0,0.09516569568419024,TN (léger détecté)
0,1,0,11,3.96222,3,15207,9.3,9.9,6,309.4791666666667,4,11.3,44,0.0,0,2024,0.0123555077973465,0,0,0,0,0,1,0,0,0,0,0.03764677990942102,TN (léger détecté)
0,1,0,11,3.96222,3,15207,9.3,9.9,6,309.4791666666667,4,11.3,44,0.0,0,2024,0.0123555077973465,0,0,0,0,0,1,0,0,0,0,0.03764677990942102,TN (léger détecté)
0,0,0,12,3.96222,9,183839,5.3,6.0,0,309.4791666666667,4,6.9,50,0.6,0,2024,0.0123555077973465,0,1,0,1,0,0,0,0,0,0,0.04802575429794709,TN (léger détecté)
0,0,0,12,3.96222,11,41158,4.9,5.3,2,309.4791666666667,4,5.6,50,0.2,0,2024,0.0123555077973465,0,1,0,0,0,0,0,0,1,0,0.04619595118779354,TN (léger détecté)
0,0,0,12,3.96222,11,41158,4.9,5.3,2,309.4791666666667,4,5.6,50,0.2,0,2024,0.0123555077973465,0,1,0,0,0,0,0,0,1,0,0.04619595118779354,TN (léger détecté)
0,0,0,12,7.012435178571428,11,185914,4.9,5.3,2,269.11309523809524,4,5.6,50,0.2,0,2024,0.0259611077811322,0,1,0,0,0,0,0,0,1,0,0.2434460117234042,FP (fausse alerte)
0,0,0,12,7.012435178571428,11,185914,4.9,5.3,2,269.11309523809524,4,5.6,50,0.2,0,2024,0.0259611077811322,0,1,0,0,0,0,0,0,1,0,0.2434460117234042,FP (fausse alerte)
0,0,0,12,3.96222,11,160526,4.9,5.3,2,309.4791666666667,4,5.6,50,0.2,0,2024,0.0123555077973465,0,1,0,0,0,0,0,0,1,0,0.04598758742637404,TN (léger détecté)
0,0,0,12,3.96222,11,160526,4.9,5.3,2,309.4791666666667,4,5.6,50,0.2,0,2024,0.0123555077973465,0,1,0,0,0,0,0,0,1,0,0.04598758742637404,TN (léger détecté)
0,0,0,12,1.393757976190476,10,137426,4.8,5.8,1,234.07738095238096,4,6.9,50,0.8,0,2024,0.0059289327222545,0,1,0,0,0,0,0,1,0,0,0.043849679965122096,TN (léger détecté)
0,0,0,12,1.393757976190476,10,137426,4.8,5.8,1,234.07738095238096,4,6.9,50,0.8,0,2024,0.0059289327222545,0,1,0,0,0,0,0,1,0,0,0.043849679965122096,TN (léger détecté)
0,0,0,12,1.393757976190476,10,137426,4.8,5.8,1,234.07738095238096,4,6.9,50,0.8,0,2024,0.0059289327222545,0,1,0,0,0,0,0,1,0,0,0.043849679965122096,TN (léger détecté)
0,0,0,12,2.032564047619048,11,182347,4.9,5.3,2,274.5297619047619,4,5.6,50,0.2,0,2024,0.0073769310203288,0,1,0,0,0,0,0,0,1,0,0.022662967847062943,TN (léger détecté)
0,0,0,12,2.032564047619048,11,182347,4.9,5.3,2,274.5297619047619,4,5.6,50,0.2,0,2024,0.0073769310203288,0,1,0,0,0,0,0,0,1,0,0.022662967847062943,TN (léger détecté)
0,0,0,12,2.032564047619048,10,138907,4.8,5.8,1,274.5297619047619,4,6.9,50,0.8,0,2024,0.0073769310203288,0,1,0,0,0,0,0,1,0,0,0.03234619137709481,TN (léger détecté)
0,0,0,12,2.032564047619048,10,138907,4.8,5.8,1,274.5297619047619,4,6.9,50,0.8,0,2024,0.0073769310203288,0,1,0,0,0,0,0,1,0,0,0.03234619137709481,TN (léger détecté)
0,0,0,12,2.032564047619048,10,138907,4.8,5.8,1,274.5297619047619,4,6.9,50,0.8,0,2024,0.0073769310203288,0,1,0,0,0,0,0,1,0,0,0.03234619137709481,TN (léger détecté)
0,0,0,12,2.032564047619048,10,138907,4.8,5.8,1,274.5297619047619,4,6.9,50,0.8,0,2024,0.0073769310203288,0,1,0,0,0,0,0,1,0,0,0.03234619137709481,TN (léger détecté)
0,0,0,12,1.3603816666666666,11,160526,4.9,5.3,2,88.60119047619048,4,5.6,50,0.2,0,2024,0.015182629376204,0,1,0,0,0,0,0,0,1,0,0.03293917506751641,TN (léger détecté)
0,0,0,12,3.96222,11,48784,4.9,5.3,2,309.4791666666667,4,5.6,50,0.2,0,2024,0.0123555077973465,0,1,0,0,0,0,0,0,1,0,0.045138484705624565,TN (léger détecté)
0,0,0,12,3.96222,11,48784,4.9,5.3,2,309.4791666666667,4,5.6,50,0.2,0,2024,0.0123555077973465,0,1,0,0,0,0,0,0,1,0,0.045138484705624565,TN (léger détecté)
0,0,0,12,3.96222,10,231476,4.8,5.8,1,309.4791666666667,4,6.9,50,0.8,0,2024,0.0123555077973465,0,1,0,0,0,0,0,1,0,0,0.07898303774317256,TN (léger détecté)
0,0,0,12,3.96222,10,231476,4.8,5.8,1,309.4791666666667,4,6.9,50,0.8,0,2024,0.0123555077973465,0,1,0,0,0,0,0,1,0,0,0.07898303774317256,TN (léger détecté)
0,0,0,12,0.8124977976190476,10,138907,4.8,5.8,1,286.7797619047619,4,6.9,50,0.8,0,2024,0.0028233319544128,0,1,0,0,0,0,0,1,0,0,0.03784109594257735,TN (léger détecté)
0,0,0,12,0.8124977976190476,10,138907,4.8,5.8,1,286.7797619047619,4,6.9,50,0.8,0,2024,0.0028233319544128,0,1,0,0,0,0,0,1,0,0,0.03784109594257735,TN (léger détecté)
0,0,0,12,3.96222,9,183839,5.3,6.0,0,309.4791666666667,4,6.9,50,0.6,0,2024,0.0123555077973465,0,1,0,1,0,0,0,0,0,0,0.04802575429794709,TN (léger détecté)
0,0,0,12,3.96222,9,161450,5.3,6.0,0,309.4791666666667,4,6.9,50,0.6,0,2024,0.0123555077973465,0,1,0,1,0,0,0,0,0,0,0.048073258692465044,TN (léger détecté)
0,0,0,12,3.96222,9,161450,5.3,6.0,0,309.4791666666667,4,6.9,50,0.6,0,2024,0.0123555077973465,0,1,0,1,0,0,0,0,0,0,0.048073258692465044,TN (léger détecté)
0,0,0,12,21.931032678571427,9,57934,5.3,6.0,0,526.672619047619,4,6.9,50,0.6,1,2024,0.0415618167153605,0,1,0,1,0,0,0,0,0,1,0.08068093526333996,FN (grave RATÉ)
0,0,0,12,21.931032678571427,9,57934,5.3,6.0,0,526.672619047619,4,6.9,50,0.6,1,2024,0.0415618167153605,0,1,0,1,0,0,0,0,0,0,0.08068093526333996,TN (léger détecté)
0,0,0,12,1.6654281547619043,10,185914,4.8,5.8,1,293.6190476190476,4,6.9,50,0.8,0,2024,0.005652819015678,0,1,0,0,0,0,0,1,0,0,0.07982433239615673,TN (léger détecté)
0,0,0,12,1.6654281547619043,10,185914,4.8,5.8,1,293.6190476190476,4,6.9,50,0.8,0,2024,0.005652819015678,0,1,0,0,0,0,0,1,0,0,0.07982433239615673,TN (léger détecté)
0,0,0,12,3.96222,10,185914,4.8,5.8,1,309.4791666666667,4,6.9,50,0.8,0,2024,0.0123555077973465,0,1,0,0,0,0,0,1,0,0,0.12668941223250915,FP (fausse alerte)
0,0,0,12,3.96222,10,185914,4.8,5.8,1,309.4791666666667,4,6.9,50,0.8,0,2024,0.0123555077973465,0,1,0,0,0,0,0,1,0,0,0.12668941223250915,FP (fausse alerte)
0,0,0,12,3.96222,10,185914,4.8,5.8,1,309.4791666666667,4,6.9,50,0.8,0,2024,0.0123555077973465,0,1,0,0,0,0,0,1,0,0,0.12668941223250915,FP (fausse alerte)
0,0,0,12,3.96222,10,185914,4.8,5.8,1,309.4791666666667,4,6.9,50,0.8,0,2024,0.0123555077973465,0,1,0,0,0,0,0,1,0,0,0.12668941223250915,FP (fausse alerte)
0,0,0,12,8.756952261904761,10,179566,4.8,5.8,1,413.3154761904762,4,6.9,50,0.8,1,2024,0.0211359525896128,0,1,0,0,0,0,0,1,0,0,0.08705976364000728,TN (léger détecté)
0,0,0,12,8.756952261904761,10,179566,4.8,5.8,1,413.3154761904762,4,6.9,50,0.8,1,2024,0.0211359525896128,0,1,0,0,0,0,0,1,0,0,0.08705976364000728,TN (léger détecté)
0,0,0,12,8.868853392857144,10,183839,4.8,5.8,1,454.7619047619048,4,6.9,50,0.8,1,2024,0.0194594004022568,0,1,0,0,0,0,0,1,0,0,0.0802149421053293,TN (léger détecté)
0,0,0,12,8.868853392857144,10,183839,4.8,5.8,1,454.7619047619048,4,6.9,50,0.8,1,2024,0.0194594004022568,0,1,0,0,0,0,0,1,0,0,0.0802149421053293,TN (léger détecté)
0,0,0,12,4.05945,9,183839,5.3,6.0,0,226.91666666666663,4,6.9,50,0.6,0,2024,0.0178111151736745,0,1,0,1,0,0,0,0,0,0,0.030392774378760472,TN (léger détecté)
0,0,0,12,4.05945,9,183839,5.3,6.0,0,226.91666666666663,4,6.9,50,0.6,0,2024,0.0178111151736745,0,1,0,1,0,0,0,0,0,0,0.030392774378760472,TN (léger détecté)
1,0,0,12,3.96222,6,160526,9.4,10.0,4,309.4791666666667,4,11.8,49,6.4,0,2024,0.0123555077973465,0,1,0,0,0,0,0,0,0,0,0.04145866437561141,TN (léger détecté)
1,0,0,12,3.96222,6,160526,9.4,10.0,4,309.4791666666667,4,11.8,49,6.4,0,2024,0.0123555077973465,0,1,0,0,0,0,0,0,0,0,0.04145866437561141,TN (léger détecté)
0,0,0,12,3.2303848809523807,9,231476,5.3,6.0,0,569.5238095238095,4,6.9,50,0.6,1,2024,0.0056621385944411,0,1,0,1,0,0,0,0,0,0,0.03270016933874379,TN (léger détecté)
0,0,0,12,3.2303848809523807,9,231476,5.3,6.0,0,569.5238095238095,4,6.9,50,0.6,1,2024,0.0056621385944411,0,1,0,1,0,0,0,0,0,0,0.03270016933874379,TN (léger détecté)
0,0,0,12,4.05945,9,137426,5.3,6.0,0,143.36904761904762,4,6.9,50,0.6,0,2024,0.0281185618866991,0,1,0,1,0,0,0,0,0,0,0.04619258836252125,TN (léger détecté)
0,0,0,12,4.05945,9,137426,5.3,6.0,0,143.36904761904762,4,6.9,50,0.6,0,2024,0.0281185618866991,0,1,0,1,0,0,0,0,0,0,0.04619258836252125,TN (léger détecté)
0,0,0,12,4.05945,9,137426,5.3,6.0,0,143.36904761904762,4,6.9,50,0.6,0,2024,0.0281185618866991,0,1,0,1,0,0,0,0,0,0,0.04619258836252125,TN (léger détecté)
0,0,0,12,9.516244464285714,9,182347,5.3,6.0,0,423.4107142857143,4,6.9,50,0.6,1,2024,0.0224222531240796,0,1,0,1,0,0,0,0,0,0,0.057087558339565136,TN (léger détecté)
0,0,0,12,9.516244464285714,9,182347,5.3,6.0,0,423.4107142857143,4,6.9,50,0.6,1,2024,0.0224222531240796,0,1,0,1,0,0,0,0,0,0,0.057087558339565136,TN (léger détecté)
0,0,0,12,3.96222,10,138907,4.8,5.8,1,309.4791666666667,4,6.9,50,0.8,0,2024,0.0123555077973465,0,1,0,0,0,0,0,1,0,0,0.06498322231286527,TN (léger détecté)
0,0,0,12,3.96222,10,138907,4.8,5.8,1,309.4791666666667,4,6.9,50,0.8,0,2024,0.0123555077973465,0,1,0,0,0,0,0,1,0,0,0.06498322231286527,TN (léger détecté)
0,0,0,12,3.96222,10,138907,4.8,5.8,1,309.4791666666667,4,6.9,50,0.8,0,2024,0.0123555077973465,0,1,0,0,0,0,0,1,0,0,0.06498322231286527,TN (léger détecté)
0,0,0,12,3.96222,10,138887,4.8,5.8,1,309.4791666666667,4,6.9,50,0.8,0,2024,0.0123555077973465,0,1,0,0,0,0,0,1,0,0,0.06428556482564675,TN (léger détecté)
0,0,0,12,3.96222,10,138887,4.8,5.8,1,309.4791666666667,4,6.9,50,0.8,0,2024,0.0123555077973465,0,1,0,0,0,0,0,1,0,1,0.06428556482564675,FN (grave RATÉ)
0,0,0,12,21.10010386904762,10,84310,4.8,5.8,1,681.9642857142857,4,6.9,50,0.8,1,2024,0.0308948861754606,0,1,0,0,0,0,0,1,0,0,0.23184655324348954,FP (fausse alerte)
0,0,0,12,21.10010386904762,10,84310,4.8,5.8,1,681.9642857142857,4,6.9,50,0.8,1,2024,0.0308948861754606,0,1,0,0,0,0,0,1,0,0,0.23184655324348954,FP (fausse alerte)
0,0,0,12,21.10010386904762,10,84310,4.8,5.8,1,681.9642857142857,4,6.9,50,0.8,1,2024,0.0308948861754606,0,1,0,0,0,0,0,1,0,0,0.23184655324348954,FP (fausse alerte)
0,0,0,12,10.759558273809525,10,57934,4.8,5.8,1,642.2916666666666,4,6.9,50,0.8,1,2024,0.0167257852562619,0,1,0,0,0,0,0,1,0,0,0.038890960562391684,TN (léger détecté)
0,0,0,12,10.759558273809525,10,57934,4.8,5.8,1,642.2916666666666,4,6.9,50,0.8,1,2024,0.0167257852562619,0,1,0,0,0,0,0,1,0,0,0.038890960562391684,TN (léger détecté)
0,0,0,12,21.931032678571427,10,57934,4.8,5.8,1,526.672619047619,4,6.9,50,0.8,1,2024,0.0415618167153605,0,1,0,0,0,0,0,1,0,0,0.24129286904066843,FP (fausse alerte)
0,0,0,12,21.931032678571427,10,57934,4.8,5.8,1,526.672619047619,4,6.9,50,0.8,1,2024,0.0415618167153605,0,1,0,0,0,0,0,1,0,0,0.24129286904066843,FP (fausse alerte)
0,0,0,12,3.96222,10,35837,4.8,5.8,1,309.4791666666667,4,6.9,50,0.8,0,2024,0.0123555077973465,0,1,0,0,0,0,0,1,0,0,0.11062377120978807,TN (léger détecté)
0,0,0,12,3.96222,10,35837,4.8,5.8,1,309.4791666666667,4,6.9,50,0.8,0,2024,0.0123555077973465,0,1,0,0,0,0,0,1,0,0,0.11062377120978807,TN (léger détecté)
0,0,0,12,7.248487261904762,10,35837,4.8,5.8,1,880.3928571428571,4,6.9,50,0.8,1,2024,0.0082239006172589,0,1,0,0,0,0,0,1,0,0,0.06897312046510462,TN (léger détecté)
0,0,0,12,7.248487261904762,10,35837,4.8,5.8,1,880.3928571428571,4,6.9,50,0.8,1,2024,0.0082239006172589,0,1,0,0,0,0,0,1,0,0,0.06897312046510462,TN (léger détecté)
0,0,0,12,7.248487261904762,10,48784,4.8,5.8,1,880.3928571428571,4,6.9,50,0.8,1,2024,0.0082239006172589,0,1,0,0,0,0,0,1,0,0,0.03890948571373536,TN (léger détecté)
0,0,0,12,7.248487261904762,10,48784,4.8,5.8,1,880.3928571428571,4,6.9,50,0.8,1,2024,0.0082239006172589,0,1,0,0,0,0,0,1,0,0,0.03890948571373536,TN (léger détecté)
0,0,0,12,3.96222,10,48784,4.8,5.8,1,309.4791666666667,4,6.9,50,0.8,0,2024,0.0123555077973465,0,1,0,0,0,0,0,1,0,0,0.06501087540757423,TN (léger détecté)
0,0,0,12,3.96222,10,48784,4.8,5.8,1,309.4791666666667,4,6.9,50,0.8,0,2024,0.0123555077973465,0,1,0,0,0,0,0,1,0,0,0.06501087540757423,TN (léger détecté)
0,0,0,12,3.96222,10,48784,4.8,5.8,1,309.4791666666667,4,6.9,50,0.8,0,2024,0.0123555077973465,0,1,0,0,0,0,0,1,0,0,0.06501087540757423,TN (léger détecté)
0,0,0,12,3.96222,10,48784,4.8,5.8,1,309.4791666666667,4,6.9,50,0.8,0,2024,0.0123555077973465,0,1,0,0,0,0,0,1,0,0,0.06501087540757423,TN (léger détecté)
0,0,0,11,3.96222,4,160526,5.4,10.0,0,309.4791666666667,4,17.4,45,0.0,0,2024,0.0123555077973465,0,0,0,1,0,0,0,0,0,0,0.05934298818831531,TN (léger détecté)
0,0,0,11,3.96222,4,160526,5.4,10.0,0,309.4791666666667,4,17.4,45,0.0,0,2024,0.0123555077973465,0,0,0,1,0,0,0,0,0,0,0.05934298818831531,TN (léger détecté)
0,0,0,11,3.96222,4,160526,5.4,10.0,0,309.4791666666667,4,17.4,45,0.0,0,2024,0.0123555077973465,0,0,0,1,0,0,0,0,0,0,0.05934298818831531,TN (léger détecté)
0,0,0,11,1.3754608928571428,4,182347,5.4,10.0,0,260.9047619047619,4,17.4,45,0.0,0,2024,0.0052517597727272,0,0,0,1,0,0,0,0,0,0,0.08505194497553506,TN (léger détecté)
0,0,0,11,1.3754608928571428,4,182347,5.4,10.0,0,260.9047619047619,4,17.4,45,0.0,0,2024,0.0052517597727272,0,0,0,1,0,0,0,0,0,0,0.08505194497553506,TN (léger détecté)
0,0,0,11,3.96222,4,57934,5.4,10.0,0,309.4791666666667,4,17.4,45,0.0,0,2024,0.0123555077973465,0,0,0,1,0,0,0,0,0,0,0.05691059747917961,TN (léger détecté)
0,0,0,11,3.96222,4,57934,5.4,10.0,0,309.4791666666667,4,17.4,45,0.0,0,2024,0.0123555077973465,0,0,0,1,0,0,0,0,0,0,0.05691059747917961,TN (léger détecté)
0,1,0,11,5.630807881944444,3,35837,9.3,9.9,6,758.9913194444443,4,11.3,44,0.0,1,2024,0.0074090423638793,0,0,0,0,0,1,0,0,0,0,0.05461728506439439,TN (léger détecté)
0,1,0,11,5.630807881944444,3,35837,9.3,9.9,6,758.9913194444443,4,11.3,44,0.0,1,2024,0.0074090423638793,0,0,0,0,0,1,0,0,0,0,0.05461728506439439,TN (léger détecté)
1,1,0,12,20.96964285714286,7,161450,7.4,9.5,5,3802.119047619048,4,11.1,49,4.0,1,2024,0.0055138013284835,0,1,0,0,1,0,0,0,0,0,0.04809971754145379,TN (léger détecté)
1,1,0,12,20.96964285714286,7,161450,7.4,9.5,5,3802.119047619048,4,11.1,49,4.0,1,2024,0.0055138013284835,0,1,0,0,1,0,0,0,0,0,0.04809971754145379,TN (léger détecté)
1,1,0,12,20.96964285714286,7,161450,7.4,9.5,5,3802.119047619048,4,11.1,49,4.0,1,2024,0.0055138013284835,0,1,0,0,1,0,0,0,0,0,0.04809971754145379,TN (léger détecté)
1,1,0,12,20.96964285714286,7,161450,7.4,9.5,5,3802.119047619048,4,11.1,49,4.0,1,2024,0.0055138013284835,0,1,0,0,1,0,0,0,0,0,0.04809971754145379,TN (léger détecté)
1,1,0,12,20.96964285714286,7,161450,7.4,9.5,5,3802.119047619048,4,11.1,49,4.0,1,2024,0.0055138013284835,0,1,0,0,1,0,0,0,0,0,0.04809971754145379,TN (léger détecté)
0,0,0,12,3.96222,9,41158,5.3,6.0,0,309.4791666666667,4,6.9,50,0.6,0,2024,0.0123555077973465,0,1,0,1,0,0,0,0,0,0,0.048074676944949074,TN (léger détecté)
0,0,0,12,3.96222,9,41158,5.3,6.0,0,309.4791666666667,4,6.9,50,0.6,0,2024,0.0123555077973465,0,1,0,1,0,0,0,0,0,0,0.048074676944949074,TN (léger détecté)
0,0,0,12,3.96222,9,41158,5.3,6.0,0,309.4791666666667,4,6.9,50,0.6,0,2024,0.0123555077973465,0,1,0,1,0,0,0,0,0,0,0.048074676944949074,TN (léger détecté)
0,0,0,12,3.96222,9,35837,5.3,6.0,0,309.4791666666667,4,6.9,50,0.6,0,2024,0.0123555077973465,0,1,0,1,0,0,0,0,0,0,0.0745708272819237,TN (léger détecté)
0,0,0,12,3.96222,9,35837,5.3,6.0,0,309.4791666666667,4,6.9,50,0.6,0,2024,0.0123555077973465,0,1,0,1,0,0,0,0,0,0,0.0745708272819237,TN (léger détecté)
1,1,0,12,3.739782857142857,8,160526,7.0,7.5,6,143.96428571428572,4,8.4,49,4.8,0,2024,0.0257979600886917,0,1,0,0,0,1,0,0,0,0,0.07939456636995813,TN (léger détecté)
1,1,0,12,3.739782857142857,8,160526,7.0,7.5,6,143.96428571428572,4,8.4,49,4.8,0,2024,0.0257979600886917,0,1,0,0,0,1,0,0,0,0,0.07939456636995813,TN (léger détecté)
0,0,0,12,4.285210119047619,9,161450,5.3,6.0,0,244.1071428571429,4,6.9,50,0.6,0,2024,0.0174830079168488,0,1,0,1,0,0,0,0,0,0,0.02991760328911134,TN (léger détecté)
0,0,0,12,4.285210119047619,9,161450,5.3,6.0,0,244.1071428571429,4,6.9,50,0.6,0,2024,0.0174830079168488,0,1,0,1,0,0,0,0,0,0,0.02991760328911134,TN (léger détecté)
0,0,0,12,4.285210119047619,9,161450,5.3,6.0,0,244.1071428571429,4,6.9,50,0.6,0,2024,0.0174830079168488,0,1,0,1,0,0,0,0,0,0,0.02991760328911134,TN (léger détecté)
0,0,0,12,4.285210119047619,9,161450,5.3,6.0,0,244.1071428571429,4,6.9,50,0.6,0,2024,0.0174830079168488,0,1,0,1,0,0,0,0,0,0,0.02991760328911134,TN (léger détecté)
0,0,0,12,4.285210119047619,9,161450,5.3,6.0,0,244.1071428571429,4,6.9,50,0.6,0,2024,0.0174830079168488,0,1,0,1,0,0,0,0,0,0,0.02991760328911134,TN (léger détecté)
0,0,0,12,3.96222,9,84310,5.3,6.0,0,309.4791666666667,4,6.9,50,0.6,0,2024,0.0123555077973465,0,1,0,1,0,0,0,0,0,1,0.04608017058008948,FN (grave RATÉ)
0,0,0,12,3.96222,9,84310,5.3,6.0,0,309.4791666666667,4,6.9,50,0.6,0,2024,0.0123555077973465,0,1,0,1,0,0,0,0,0,0,0.04608017058008948,TN (léger détecté)
0,0,0,12,2.2066354166666664,9,57934,5.3,6.0,0,439.5059523809524,4,6.9,50,0.6,1,2024,0.0050093203161948,0,1,0,1,0,0,0,0,0,0,0.0498284041871674,TN (léger détecté)
0,0,0,12,2.2066354166666664,9,57934,5.3,6.0,0,439.5059523809524,4,6.9,50,0.6,1,2024,0.0050093203161948,0,1,0,1,0,0,0,0,0,0,0.0498284041871674,TN (léger détecté)
0,1,0,11,0.6221647916666666,3,161450,9.3,9.9,6,186.05381944444443,4,11.3,44,0.0,0,2024,0.0033261271729949,0,0,0,0,0,1,0,0,0,0,0.10952415677467163,TN (léger détecté)
0,1,0,11,0.6221647916666666,3,161450,9.3,9.9,6,186.05381944444443,4,11.3,44,0.0,0,2024,0.0033261271729949,0,0,0,0,0,1,0,0,0,0,0.10952415677467163,TN (léger détecté)
0,1,0,11,7.8420929513888895,3,179566,9.3,9.9,6,402.08506944444446,4,11.3,44,0.0,1,2024,0.0194551809180065,0,0,0,0,0,1,0,0,0,0,0.08259406263158735,TN (léger détecté)
0,1,0,11,3.96222,3,179566,9.3,9.9,6,309.4791666666667,4,11.3,44,0.0,0,2024,0.0123555077973465,0,0,0,0,0,1,0,0,0,0,0.09155463760161535,TN (léger détecté)
0,1,0,11,3.96222,3,179566,9.3,9.9,6,309.4791666666667,4,11.3,44,0.0,0,2024,0.0123555077973465,0,0,0,0,0,1,0,0,0,0,0.09155463760161535,TN (léger détecté)
0,1,0,11,3.96222,3,183839,9.3,9.9,6,309.4791666666667,4,11.3,44,0.0,0,2024,0.0123555077973465,0,0,0,0,0,1,0,0,0,0,0.08483723817878351,TN (léger détecté)
0,1,0,11,3.96222,3,183839,9.3,9.9,6,309.4791666666667,4,11.3,44,0.0,0,2024,0.0123555077973465,0,0,0,0,0,1,0,0,0,0,0.08483723817878351,TN (léger détecté)
0,1,0,11,13.809461805555555,3,183839,9.3,9.9,6,4110.517361111111,4,11.3,44,0.0,1,2024,0.0033587263758564,0,0,0,0,0,1,0,0,0,1,0.05365905650287815,FN (grave RATÉ)
0,1,0,11,13.809461805555555,3,183839,9.3,9.9,6,4110.517361111111,4,11.3,44,0.0,1,2024,0.0033587263758564,0,0,0,0,0,1,0,0,0,0,0.05365905650287815,TN (léger détecté)
0,1,0,11,7.485432656249999,2,137426,10.2,11.4,5,262.2517361111111,4,12.6,44,0.0,0,2024,0.0284345044284555,0,0,0,0,1,0,0,0,0,0,0.05381111810607686,TN (léger détecté)
0,1,0,11,3.96222,2,57934,10.2,11.4,5,309.4791666666667,4,12.6,44,0.0,0,2024,0.0123555077973465,0,0,0,0,1,0,0,0,0,0,0.050672738346136253,TN (léger détecté)
0,0,1,11,3.96222,1,182347,8.9,10.4,4,309.4791666666667,4,12.4,44,0.0,0,2024,0.0123555077973465,0,0,0,0,0,0,0,0,0,0,0.05273219581678536,TN (léger détecté)
0,0,1,11,3.96222,1,182347,8.9,10.4,4,309.4791666666667,4,12.4,44,0.0,0,2024,0.0123555077973465,0,0,0,0,0,0,0,0,0,0,0.05273219581678536,TN (léger détecté)
0,0,1,11,15.910677083333333,1,160526,8.9,10.4,4,3721.4548611111113,4,12.4,44,0.0,1,2024,0.0042742431209989,0,0,0,0,0,0,0,0,0,0,0.0204516759697067,TN (léger détecté)
0,0,1,11,15.910677083333333,1,160526,8.9,10.4,4,3721.4548611111113,4,12.4,44,0.0,1,2024,0.0042742431209989,0,0,0,0,0,0,0,0,0,0,0.0204516759697067,TN (léger détecté)
0,1,0,11,2.8094784722222226,2,138887,10.2,11.4,5,239.93055555555557,4,12.6,44,0.0,0,2024,0.0116609471378336,0,0,0,0,1,0,0,0,0,0,0.022935087625988584,TN (léger détecté)
0,1,0,11,2.8094784722222226,2,138887,10.2,11.4,5,239.93055555555557,4,12.6,44,0.0,0,2024,0.0116609471378336,0,0,0,0,1,0,0,0,0,0,0.022935087625988584,TN (léger détecté)
0,1,0,11,3.96222,2,84310,10.2,11.4,5,309.4791666666667,4,12.6,44,0.0,0,2024,0.0123555077973465,0,0,0,0,1,0,0,0,0,0,0.050672738346136253,TN (léger détecté)
0,1,0,11,3.96222,2,84310,10.2,11.4,5,309.4791666666667,4,12.6,44,0.0,0,2024,0.0123555077973465,0,0,0,0,1,0,0,0,0,0,0.050672738346136253,TN (léger détecté)
0,1,0,11,3.96222,2,84310,10.2,11.4,5,309.4791666666667,4,12.6,44,0.0,0,2024,0.0123555077973465,0,0,0,0,1,0,0,0,0,0,0.050672738346136253,TN (léger détecté)
0,1,0,11,11.763995642361111,2,15207,10.2,11.4,5,869.3038194444445,4,12.6,44,0.0,1,2024,0.0135171136556319,0,0,0,0,1,0,0,0,0,0,0.03121618137358118,TN (léger détecté)
0,1,0,11,11.763995642361111,2,15207,10.2,11.4,5,869.3038194444445,4,12.6,44,0.0,1,2024,0.0135171136556319,0,0,0,0,1,0,0,0,0,0,0.03121618137358118,TN (léger détecté)
0,0,1,11,9.123762760416668,1,15207,8.9,10.4,4,1053.173611111111,4,12.4,44,0.0,1,2024,0.0086548958010816,0,0,0,0,0,0,0,0,0,0,0.01575380789349397,TN (léger détecté)
0,0,1,11,9.123762760416668,1,15207,8.9,10.4,4,1053.173611111111,4,12.4,44,0.0,1,2024,0.0086548958010816,0,0,0,0,0,0,0,0,0,0,0.01575380789349397,TN (léger détecté)
1,1,0,12,3.96222,7,57934,7.4,9.5,5,309.4791666666667,4,11.1,49,4.0,0,2024,0.0123555077973465,0,1,0,0,1,0,0,0,0,0,0.05753163052376584,TN (léger détecté)
1,1,0,12,3.96222,7,57934,7.4,9.5,5,309.4791666666667,4,11.1,49,4.0,0,2024,0.0123555077973465,0,1,0,0,1,0,0,0,0,0,0.05753163052376584,TN (léger détecté)
1,1,0,12,20.96964285714286,8,161450,7.0,7.5,6,3802.119047619048,4,8.4,49,4.8,1,2024,0.0055138013284835,0,1,0,0,0,1,0,0,0,0,0.05500228550052546,TN (léger détecté)
1,1,0,12,20.96964285714286,8,161450,7.0,7.5,6,3802.119047619048,4,8.4,49,4.8,1,2024,0.0055138013284835,0,1,0,0,0,1,0,0,0,0,0.05500228550052546,TN (léger détecté)
1,1,0,12,3.9,7,231476,7.4,9.5,5,211.29166666666663,4,11.1,49,4.0,0,2024,0.0183709519136408,0,1,0,0,1,0,0,0,0,0,0.09319650742098183,TN (léger détecté)
1,1,0,12,3.9,7,231476,7.4,9.5,5,211.29166666666663,4,11.1,49,4.0,0,2024,0.0183709519136408,0,1,0,0,1,0,0,0,0,0,0.09319650742098183,TN (léger détecté)
1,1,0,12,3.96222,7,137426,7.4,9.5,5,309.4791666666667,4,11.1,49,4.0,0,2024,0.0123555077973465,0,1,0,0,1,0,0,0,0,0,0.05936569068014005,TN (léger détecté)
1,1,0,12,3.96222,7,137426,7.4,9.5,5,309.4791666666667,4,11.1,49,4.0,0,2024,0.0123555077973465,0,1,0,0,1,0,0,0,0,1,0.05936569068014005,FN (grave RATÉ)
0,0,1,11,3.96222,1,161450,8.9,10.4,4,309.4791666666667,4,12.4,44,0.0,0,2024,0.0123555077973465,0,0,0,0,0,0,0,0,0,0,0.04904696690263787,TN (léger détecté)
0,0,1,11,3.374142951388889,1,161450,8.9,10.4,4,203.21006944444449,4,12.4,44,0.0,0,2024,0.0165229019341126,0,0,0,0,0,0,0,0,0,1,0.018287947986294635,FN (grave RATÉ)
0,0,1,11,3.374142951388889,1,161450,8.9,10.4,4,203.21006944444449,4,12.4,44,0.0,0,2024,0.0165229019341126,0,0,0,0,0,0,0,0,0,0,0.018287947986294635,TN (léger détecté)
0,0,1,11,3.374142951388889,1,161450,8.9,10.4,4,203.21006944444449,4,12.4,44,0.0,0,2024,0.0165229019341126,0,0,0,0,0,0,0,0,0,0,0.018287947986294635,TN (léger détecté)
0,0,1,11,3.374142951388889,1,161450,8.9,10.4,4,203.21006944444449,4,12.4,44,0.0,0,2024,0.0165229019341126,0,0,0,0,0,0,0,0,0,0,0.018287947986294635,TN (léger détecté)
0,0,1,11,3.96222,1,161450,8.9,10.4,4,309.4791666666667,4,12.4,44,0.0,0,2024,0.0123555077973465,0,0,0,0,0,0,0,0,0,0,0.04904696690263787,TN (léger détecté)
0,0,1,11,3.96222,1,161450,8.9,10.4,4,309.4791666666667,4,12.4,44,0.0,0,2024,0.0123555077973465,0,0,0,0,0,0,0,0,0,0,0.04904696690263787,TN (léger détecté)
0,0,1,11,3.96222,1,161450,8.9,10.4,4,309.4791666666667,4,12.4,44,0.0,0,2024,0.0123555077973465,0,0,0,0,0,0,0,0,0,0,0.04904696690263787,TN (léger détecté)
0,0,1,11,3.96222,1,161450,8.9,10.4,4,309.4791666666667,4,12.4,44,0.0,0,2024,0.0123555077973465,0,0,0,0,0,0,0,0,0,0,0.04904696690263787,TN (léger détecté)
0,0,0,10,7.485432656249999,31,137426,10.3,11.2,3,262.2517361111111,4,11.9,44,0.0,0,2024,0.0284345044284555,0,0,0,0,0,0,1,0,0,0,0.06360164891989512,TN (léger détecté)
0,0,0,10,7.485432656249999,31,137426,10.3,11.2,3,262.2517361111111,4,11.9,44,0.0,0,2024,0.0284345044284555,0,0,0,0,0,0,1,0,0,0,0.06360164891989512,TN (léger détecté)
0,0,0,10,7.485432656249999,31,137426,10.3,11.2,3,262.2517361111111,4,11.9,44,0.0,0,2024,0.0284345044284555,0,0,0,0,0,0,1,0,0,0,0.06360164891989512,TN (léger détecté)
0,0,1,11,3.601665,1,138887,8.9,10.4,4,177.16145833333331,4,12.4,44,0.0,0,2024,0.0202157359604759,0,0,0,0,0,0,0,0,0,0,0.04998819128514227,TN (léger détecté)
0,0,1,11,3.601665,1,138887,8.9,10.4,4,177.16145833333331,4,12.4,44,0.0,0,2024,0.0202157359604759,0,0,0,0,0,0,0,0,0,0,0.04998819128514227,TN (léger détecté)
0,0,1,11,5.630807881944444,1,48784,8.9,10.4,4,758.9913194444443,4,12.4,44,0.0,1,2024,0.0074090423638793,0,0,0,0,0,0,0,0,0,0,0.029365536171437584,TN (léger détecté)
0,0,1,11,5.630807881944444,1,48784,8.9,10.4,4,758.9913194444443,4,12.4,44,0.0,1,2024,0.0074090423638793,0,0,0,0,0,0,0,0,0,0,0.029365536171437584,TN (léger détecté)
0,0,1,11,5.630807881944444,1,48784,8.9,10.4,4,758.9913194444443,4,12.4,44,0.0,1,2024,0.0074090423638793,0,0,0,0,0,0,0,0,0,0,0.029365536171437584,TN (léger détecté)
1,0,0,12,3.96222,6,160526,9.4,10.0,4,309.4791666666667,4,11.8,49,6.4,0,2024,0.0123555077973465,0,1,0,0,0,0,0,0,0,0,0.04145866437561141,TN (léger détecté)
1,0,0,12,3.96222,6,160526,9.4,10.0,4,309.4791666666667,4,11.8,49,6.4,0,2024,0.0123555077973465,0,1,0,0,0,0,0,0,0,0,0.04145866437561141,TN (léger détecté)
1,0,0,12,3.96222,6,160526,9.4,10.0,4,309.4791666666667,4,11.8,49,6.4,0,2024,0.0123555077973465,0,1,0,0,0,0,0,0,0,0,0.04145866437561141,TN (léger détecté)
1,0,0,12,3.96222,6,160526,9.4,10.0,4,309.4791666666667,4,11.8,49,6.4,0,2024,0.0123555077973465,0,1,0,0,0,0,0,0,0,0,0.04145866437561141,TN (léger détecté)
1,0,0,12,3.96222,6,160526,9.4,10.0,4,309.4791666666667,4,11.8,49,6.4,0,2024,0.0123555077973465,0,1,0,0,0,0,0,0,0,0,0.04145866437561141,TN (léger détecté)
1,0,0,12,3.96222,5,183839,5.3,8.3,3,309.4791666666667,4,13.8,49,6.2,0,2024,0.0123555077973465,0,1,0,0,0,0,1,0,0,0,0.07308345267923563,TN (léger détecté)
1,0,0,12,3.96222,5,183839,5.3,8.3,3,309.4791666666667,4,13.8,49,6.2,0,2024,0.0123555077973465,0,1,0,0,0,0,1,0,0,0,0.07308345267923563,TN (léger détecté)
1,0,0,12,4.039170952380952,6,41158,9.4,10.0,4,277.375,4,11.8,49,6.4,0,2024,0.0145098193170397,0,1,0,0,0,0,0,0,0,0,0.03944455161412237,TN (léger détecté)
1,0,0,12,4.039170952380952,6,41158,9.4,10.0,4,277.375,4,11.8,49,6.4,0,2024,0.0145098193170397,0,1,0,0,0,0,0,0,0,0,0.03944455161412237,TN (léger détecté)
1,0,0,12,4.039170952380952,6,41158,9.4,10.0,4,277.375,4,11.8,49,6.4,0,2024,0.0145098193170397,0,1,0,0,0,0,0,0,0,0,0.03944455161412237,TN (léger détecté)
1,0,0,12,4.039170952380952,6,41158,9.4,10.0,4,277.375,4,11.8,49,6.4,0,2024,0.0145098193170397,0,1,0,0,0,0,0,0,0,0,0.03944455161412237,TN (léger détecté)
1,0,0,12,3.96222,6,179566,9.4,10.0,4,309.4791666666667,4,11.8,49,6.4,0,2024,0.0123555077973465,0,1,0,0,0,0,0,0,0,0,0.04736551827140252,TN (léger détecté)
1,0,0,12,3.96222,6,179566,9.4,10.0,4,309.4791666666667,4,11.8,49,6.4,0,2024,0.0123555077973465,0,1,0,0,0,0,0,0,0,0,0.04736551827140252,TN (léger détecté)
1,0,0,12,3.96222,6,179566,9.4,10.0,4,309.4791666666667,4,11.8,49,6.4,0,2024,0.0123555077973465,0,1,0,0,0,0,0,0,0,0,0.04736551827140252,TN (léger détecté)
1,1,0,12,17.01856267857143,7,35837,7.4,9.5,5,418.2619047619048,4,11.1,49,4.0,1,2024,0.0405917219887557,0,1,0,0,1,0,0,0,0,0,0.12181296725367373,FP (fausse alerte)
1,1,0,12,17.01856267857143,7,35837,7.4,9.5,5,418.2619047619048,4,11.1,49,4.0,1,2024,0.0405917219887557,0,1,0,0,1,0,0,0,0,0,0.12181296725367373,FP (fausse alerte)
1,1,0,12,17.01856267857143,7,35837,7.4,9.5,5,418.2619047619048,4,11.1,49,4.0,1,2024,0.0405917219887557,0,1,0,0,1,0,0,0,0,0,0.12181296725367373,FP (fausse alerte)
1,1,0,12,17.01856267857143,7,35837,7.4,9.5,5,418.2619047619048,4,11.1,49,4.0,1,2024,0.0405917219887557,0,1,0,0,1,0,0,0,0,0,0.12181296725367373,FP (fausse alerte)
1,1,0,12,3.96222,7,161450,7.4,9.5,5,309.4791666666667,4,11.1,49,4.0,0,2024,0.0123555077973465,0,1,0,0,1,0,0,0,0,0,0.0708993558596192,TN (léger détecté)
1,1,0,12,3.96222,7,161450,7.4,9.5,5,309.4791666666667,4,11.1,49,4.0,0,2024,0.0123555077973465,0,1,0,0,1,0,0,0,0,0,0.0708993558596192,TN (léger détecté)
1,1,0,12,3.96222,7,161450,7.4,9.5,5,309.4791666666667,4,11.1,49,4.0,0,2024,0.0123555077973465,0,1,0,0,1,0,0,0,0,0,0.0708993558596192,TN (léger détecté)
1,1,0,12,3.96222,7,161450,7.4,9.5,5,309.4791666666667,4,11.1,49,4.0,0,2024,0.0123555077973465,0,1,0,0,1,0,0,0,0,0,0.0708993558596192,TN (léger détecté)
1,1,0,12,1.5015756547619048,7,137426,7.4,9.5,5,234.27380952380952,4,11.1,49,4.0,0,2024,0.0063822473814704,0,1,0,0,1,0,0,0,0,0,0.03991993563484548,TN (léger détecté)
1,1,0,12,1.5015756547619048,7,137426,7.4,9.5,5,234.27380952380952,4,11.1,49,4.0,0,2024,0.0063822473814704,0,1,0,0,1,0,0,0,0,1,0.03991993563484548,FN (grave RATÉ)
1,1,0,12,8.324855952380952,7,138907,7.4,9.5,5,1569.107142857143,4,11.1,49,4.0,1,2024,0.0053020941852618,0,1,0,0,1,0,0,0,0,0,0.028645469560499057,TN (léger détecté)
1,1,0,12,8.324855952380952,7,138907,7.4,9.5,5,1569.107142857143,4,11.1,49,4.0,1,2024,0.0053020941852618,0,1,0,0,1,0,0,0,0,0,0.028645469560499057,TN (léger détecté)
1,1,0,12,2.2314125,7,84310,7.4,9.5,5,464.1309523809524,4,11.1,49,4.0,1,2024,0.0047973855289089,0,1,0,0,1,0,0,0,0,0,0.03414730094517751,TN (léger détecté)
1,1,0,12,2.2314125,7,84310,7.4,9.5,5,464.1309523809524,4,11.1,49,4.0,1,2024,0.0047973855289089,0,1,0,0,1,0,0,0,0,0,0.03414730094517751,TN (léger détecté)
1,1,0,12,5.607385773809524,7,35837,7.4,9.5,5,123.42261904761904,4,11.1,49,4.0,0,2024,0.0450672539826819,0,1,0,0,1,0,0,0,0,0,0.06664859576003294,TN (léger détecté)
1,1,0,12,5.607385773809524,7,35837,7.4,9.5,5,123.42261904761904,4,11.1,49,4.0,0,2024,0.0450672539826819,0,1,0,0,1,0,0,0,0,0,0.06664859576003294,TN (léger détecté)
1,1,0,12,5.607385773809524,7,35837,7.4,9.5,5,123.42261904761904,4,11.1,49,4.0,0,2024,0.0450672539826819,0,1,0,0,1,0,0,0,0,0,0.06664859576003294,TN (léger détecté)
1,1,0,12,2.5080766071428573,7,15207,7.4,9.5,5,15.125,4,11.1,49,4.0,0,2024,0.155539634551495,0,1,0,0,1,0,0,0,0,0,0.02563493940875542,TN (léger détecté)
1,1,0,12,2.5080766071428573,7,15207,7.4,9.5,5,15.125,4,11.1,49,4.0,0,2024,0.155539634551495,0,1,0,0,1,0,0,0,0,0,0.02563493940875542,TN (léger détecté)
1,1,0,12,2.5080766071428573,7,15207,7.4,9.5,5,15.125,4,11.1,49,4.0,0,2024,0.155539634551495,0,1,0,0,1,0,0,0,0,0,0.02563493940875542,TN (léger détecté)
1,0,0,12,3.96222,6,27547,9.4,10.0,4,309.4791666666667,4,11.8,49,6.4,0,2024,0.0123555077973465,0,1,0,0,0,0,0,0,0,0,0.04632639716208265,TN (léger détecté)
1,0,0,12,3.96222,6,27547,9.4,10.0,4,309.4791666666667,4,11.8,49,6.4,0,2024,0.0123555077973465,0,1,0,0,0,0,0,0,0,0,0.04632639716208265,TN (léger détecté)
0,0,0,10,3.96222,30,161450,10.0,13.0,2,309.4791666666667,4,14.5,44,0.0,0,2024,0.0123555077973465,0,0,0,0,0,0,0,0,1,0,0.10505558131921798,TN (léger détecté)
0,0,0,10,3.96222,30,161450,10.0,13.0,2,309.4791666666667,4,14.5,44,0.0,0,2024,0.0123555077973465,0,0,0,0,0,0,0,0,1,0,0.10505558131921798,TN (léger détecté)
0,0,0,10,7.485432656249999,31,137426,10.3,11.2,3,262.2517361111111,4,11.9,44,0.0,0,2024,0.0284345044284555,0,0,0,0,0,0,1,0,0,0,0.06360164891989512,TN (léger détecté)
0,0,0,10,7.485432656249999,31,137426,10.3,11.2,3,262.2517361111111,4,11.9,44,0.0,0,2024,0.0284345044284555,0,0,0,0,0,0,1,0,0,0,0.06360164891989512,TN (léger détecté)
0,0,0,10,3.374142951388889,31,161450,10.3,11.2,3,203.21006944444449,4,11.9,44,0.0,0,2024,0.0165229019341126,0,0,0,0,0,0,1,0,0,0,0.03652033084891768,TN (léger détecté)
0,0,0,10,3.374142951388889,31,161450,10.3,11.2,3,203.21006944444449,4,11.9,44,0.0,0,2024,0.0165229019341126,0,0,0,0,0,0,1,0,0,1,0.03652033084891768,FN (grave RATÉ)
0,0,0,10,3.601665,30,55932,10.0,13.0,2,173.08333333333331,4,14.5,44,0.0,0,2024,0.0206893154619435,0,0,0,0,0,0,0,0,1,0,0.2008154383134727,FP (fausse alerte)
0,0,0,10,3.601665,30,55932,10.0,13.0,2,173.08333333333331,4,14.5,44,0.0,0,2024,0.0206893154619435,0,0,0,0,0,0,0,0,1,0,0.2008154383134727,FP (fausse alerte)
0,0,0,10,3.601665,30,55932,10.0,13.0,2,173.08333333333331,4,14.5,44,0.0,0,2024,0.0206893154619435,0,0,0,0,0,0,0,0,1,0,0.2008154383134727,FP (fausse alerte)
0,0,0,10,3.96222,31,138907,10.3,11.2,3,309.4791666666667,4,11.9,44,0.0,0,2024,0.0123555077973465,0,0,0,0,0,0,1,0,0,0,0.05131786929406895,TN (léger détecté)
0,0,0,10,3.96222,31,138907,10.3,11.2,3,309.4791666666667,4,11.9,44,0.0,0,2024,0.0123555077973465,0,0,0,0,0,0,1,0,0,0,0.05131786929406895,TN (léger détecté)
0,0,0,10,3.7573253645833335,31,32386,10.3,11.2,3,353.89409722222223,4,11.9,44,0.0,1,2024,0.0105871734525655,0,0,0,0,0,0,1,0,0,0,0.15648544705799433,FP (fausse alerte)
0,0,0,10,3.7573253645833335,31,32386,10.3,11.2,3,353.89409722222223,4,11.9,44,0.0,1,2024,0.0105871734525655,0,0,0,0,0,0,1,0,0,1,0.15648544705799433,TP (grave détecté)
1,0,0,12,3.96222,5,161450,5.3,8.3,3,309.4791666666667,4,13.8,49,6.2,0,2024,0.0123555077973465,0,1,0,0,0,0,1,0,0,1,0.05123213578632983,FN (grave RATÉ)
1,0,0,12,3.96222,5,161450,5.3,8.3,3,309.4791666666667,4,13.8,49,6.2,0,2024,0.0123555077973465,0,1,0,0,0,0,1,0,0,0,0.05123213578632983,TN (léger détecté)
1,0,0,12,3.96222,5,161450,5.3,8.3,3,309.4791666666667,4,13.8,49,6.2,0,2024,0.0123555077973465,0,1,0,0,0,0,1,0,0,0,0.05123213578632983,TN (léger détecté)
0,0,0,12,6.843093392857143,4,185914,3.6,6.2,2,274.70238095238096,4,9.4,49,0.0,0,2024,0.0248205814154324,0,1,0,0,0,0,0,0,1,0,0.11644070129258252,FP (fausse alerte)
0,0,0,12,6.843093392857143,4,185914,3.6,6.2,2,274.70238095238096,4,9.4,49,0.0,0,2024,0.0248205814154324,0,1,0,0,0,0,0,0,1,1,0.11644070129258252,TP (grave détecté)
1,0,0,12,3.345639285714286,6,179566,9.4,10.0,4,304.0595238095238,4,11.8,49,6.4,0,2024,0.0109671687804878,0,1,0,0,0,0,0,0,0,0,0.028422445262285732,TN (léger détecté)
1,0,0,12,8.498771488095239,5,183839,5.3,8.3,3,452.1369047619048,4,13.8,49,6.2,1,2024,0.0187554167378196,0,1,0,0,0,0,1,0,0,0,0.0505522032620651,TN (léger détecté)
1,0,0,12,8.498771488095239,5,183839,5.3,8.3,3,452.1369047619048,4,13.8,49,6.2,1,2024,0.0187554167378196,0,1,0,0,0,0,1,0,0,0,0.0505522032620651,TN (léger détecté)
1,0,0,12,3.96222,6,160526,9.4,10.0,4,309.4791666666667,4,11.8,49,6.4,0,2024,0.0123555077973465,0,1,0,0,0,0,0,0,0,0,0.04145866437561141,TN (léger détecté)
1,0,0,12,3.96222,6,160526,9.4,10.0,4,309.4791666666667,4,11.8,49,6.4,0,2024,0.0123555077973465,0,1,0,0,0,0,0,0,0,0,0.04145866437561141,TN (léger détecté)
0,0,0,12,12.425711964285714,4,231476,3.6,6.2,2,402.07142857142856,4,9.4,49,0.0,1,2024,0.0308275682261208,0,1,0,0,0,0,0,0,1,0,0.10175856069081014,TN (léger détecté)
0,0,0,12,12.425711964285714,4,231476,3.6,6.2,2,402.07142857142856,4,9.4,49,0.0,1,2024,0.0308275682261208,0,1,0,0,0,0,0,0,1,0,0.10175856069081014,TN (léger détecté)
1,0,0,12,3.96222,5,137426,5.3,8.3,3,309.4791666666667,4,13.8,49,6.2,0,2024,0.0123555077973465,0,1,0,0,0,0,1,0,0,0,0.04138294749795777,TN (léger détecté)
1,0,0,12,3.96222,5,137426,5.3,8.3,3,309.4791666666667,4,13.8,49,6.2,0,2024,0.0123555077973465,0,1,0,0,0,0,1,0,0,0,0.04138294749795777,TN (léger détecté)
1,0,0,12,3.96222,6,182347,9.4,10.0,4,309.4791666666667,4,11.8,49,6.4,0,2024,0.0123555077973465,0,1,0,0,0,0,0,0,0,0,0.047122130006020675,TN (léger détecté)
1,0,0,12,3.96222,6,182347,9.4,10.0,4,309.4791666666667,4,11.8,49,6.4,0,2024,0.0123555077973465,0,1,0,0,0,0,0,0,0,0,0.047122130006020675,TN (léger détecté)
1,0,0,12,19.23143976190476,6,84310,9.4,10.0,4,666.3392857142857,4,11.8,49,6.4,1,2024,0.0288180842542791,0,1,0,0,0,0,0,0,0,0,0.028796942106229767,TN (léger détecté)
1,0,0,12,19.23143976190476,6,84310,9.4,10.0,4,666.3392857142857,4,11.8,49,6.4,1,2024,0.0288180842542791,0,1,0,0,0,0,0,0,0,0,0.028796942106229767,TN (léger détecté)
1,0,0,12,5.607385773809524,6,35837,9.4,10.0,4,123.42261904761904,4,11.8,49,6.4,0,2024,0.0450672539826819,0,1,0,0,0,0,0,0,0,0,0.06435066262133839,TN (léger détecté)
1,0,0,12,5.607385773809524,6,35837,9.4,10.0,4,123.42261904761904,4,11.8,49,6.4,0,2024,0.0450672539826819,0,1,0,0,0,0,0,0,0,0,0.06435066262133839,TN (léger détecté)
1,0,0,12,3.96222,6,35837,9.4,10.0,4,309.4791666666667,4,11.8,49,6.4,0,2024,0.0123555077973465,0,1,0,0,0,0,0,0,0,1,0.044916707314630544,FN (grave RATÉ)
1,0,0,12,3.96222,6,27547,9.4,10.0,4,309.4791666666667,4,11.8,49,6.4,0,2024,0.0123555077973465,0,1,0,0,0,0,0,0,0,0,0.04632639716208265,TN (léger détecté)
1,0,0,12,3.96222,6,27547,9.4,10.0,4,309.4791666666667,4,11.8,49,6.4,0,2024,0.0123555077973465,0,1,0,0,0,0,0,0,0,0,0.04632639716208265,TN (léger détecté)
1,0,0,12,3.96222,6,19979,9.4,10.0,4,309.4791666666667,4,11.8,49,6.4,0,2024,0.0123555077973465,0,1,0,0,0,0,0,0,0,0,0.03631422398697964,TN (léger détecté)
0,0,0,10,1.198981840277778,30,182347,10.0,13.0,2,144.69270833333334,4,14.5,44,0.0,0,2024,0.0082295253756598,0,0,0,0,0,0,0,0,1,0,0.1024541895824017,TN (léger détecté)
0,0,0,10,3.96222,30,182347,10.0,13.0,2,309.4791666666667,4,14.5,44,0.0,0,2024,0.0123555077973465,0,0,0,0,0,0,0,0,1,0,0.13120418838202116,FP (fausse alerte)
0,0,0,10,3.96222,30,182347,10.0,13.0,2,309.4791666666667,4,14.5,44,0.0,0,2024,0.0123555077973465,0,0,0,0,0,0,0,0,1,0,0.13120418838202116,FP (fausse alerte)
0,0,0,10,3.601665,30,183839,10.0,13.0,2,223.015625,4,14.5,44,0.0,0,2024,0.0160777401129943,0,0,0,0,0,0,0,0,1,0,0.11045172218821943,TN (léger détecté)
0,0,0,10,3.601665,30,183839,10.0,13.0,2,223.015625,4,14.5,44,0.0,0,2024,0.0160777401129943,0,0,0,0,0,0,0,0,1,0,0.11045172218821943,TN (léger détecté)
0,0,0,10,3.601665,30,183839,10.0,13.0,2,223.015625,4,14.5,44,0.0,0,2024,0.0160777401129943,0,0,0,0,0,0,0,0,1,0,0.11045172218821943,TN (léger détecté)
0,0,0,10,3.96222,30,161450,10.0,13.0,2,309.4791666666667,4,14.5,44,0.0,0,2024,0.0123555077973465,0,0,0,0,0,0,0,0,1,0,0.10505558131921798,TN (léger détecté)
0,0,0,10,3.96222,30,161450,10.0,13.0,2,309.4791666666667,4,14.5,44,0.0,0,2024,0.0123555077973465,0,0,0,0,0,0,0,0,1,1,0.10505558131921798,FN (grave RATÉ)
0,0,0,10,3.96222,30,137426,10.0,13.0,2,309.4791666666667,4,14.5,44,0.0,0,2024,0.0123555077973465,0,0,0,0,0,0,0,0,1,0,0.10228446023347247,TN (léger détecté)
0,0,0,10,3.96222,30,137426,10.0,13.0,2,309.4791666666667,4,14.5,44,0.0,0,2024,0.0123555077973465,0,0,0,0,0,0,0,0,1,0,0.10228446023347247,TN (léger détecté)
0,0,0,10,4.295530225694445,30,182347,10.0,13.0,2,425.97222222222223,4,14.5,44,0.0,1,2024,0.0100604442212608,0,0,0,0,0,0,0,0,1,0,0.05071976201819182,TN (léger détecté)
0,0,0,10,4.295530225694445,30,182347,10.0,13.0,2,425.97222222222223,4,14.5,44,0.0,1,2024,0.0100604442212608,0,0,0,0,0,0,0,0,1,0,0.05071976201819182,TN (léger détecté)
0,0,0,10,3.670534635416667,30,138887,10.0,13.0,2,167.79513888888889,4,14.5,44,0.0,0,2024,0.0217454996605846,0,0,0,0,0,0,0,0,1,0,0.2869234562455017,FP (fausse alerte)
0,0,0,10,3.670534635416667,30,138887,10.0,13.0,2,167.79513888888889,4,14.5,44,0.0,0,2024,0.0217454996605846,0,0,0,0,0,0,0,0,1,0,0.2869234562455017,FP (fausse alerte)
1,0,0,12,4.241929345238096,6,182347,9.4,10.0,4,416.9642857142857,4,11.8,49,6.4,1,2024,0.0101490234697655,0,1,0,0,0,0,0,0,0,0,0.04320581624696408,TN (léger détecté)
0,0,0,12,3.96222,4,138907,3.6,6.2,2,309.4791666666667,4,9.4,49,0.0,0,2024,0.0123555077973465,0,1,0,0,0,0,0,0,1,0,0.04447448023602315,TN (léger détecté)
0,0,0,12,3.96222,4,138907,3.6,6.2,2,309.4791666666667,4,9.4,49,0.0,0,2024,0.0123555077973465,0,1,0,0,0,0,0,0,1,0,0.04447448023602315,TN (léger détecté)
1,0,0,12,3.9,5,182347,5.3,8.3,3,416.3095238095238,4,13.8,49,6.2,1,2024,0.0093455811034404,0,1,0,0,0,0,1,0,0,1,0.049133916589938126,FN (grave RATÉ)
1,0,0,12,3.9,5,182347,5.3,8.3,3,416.3095238095238,4,13.8,49,6.2,1,2024,0.0093455811034404,0,1,0,0,0,0,1,0,0,0,0.049133916589938126,TN (léger détecté)
1,0,0,12,3.96222,5,185914,5.3,8.3,3,309.4791666666667,4,13.8,49,6.2,0,2024,0.0123555077973465,0,1,0,0,0,0,1,0,0,0,0.1420818784089846,FP (fausse alerte)
1,0,0,12,3.96222,5,185914,5.3,8.3,3,309.4791666666667,4,13.8,49,6.2,0,2024,0.0123555077973465,0,1,0,0,0,0,1,0,0,0,0.1420818784089846,FP (fausse alerte)
1,0,0,12,4.345586726190477,5,179566,5.3,8.3,3,327.25,4,13.8,49,6.2,1,2024,0.0132386495847386,0,1,0,0,0,0,1,0,0,0,0.052161444163808086,TN (léger détecté)
1,0,0,12,4.345586726190477,5,179566,5.3,8.3,3,327.25,4,13.8,49,6.2,1,2024,0.0132386495847386,0,1,0,0,0,0,1,0,0,0,0.052161444163808086,TN (léger détecté)
1,0,0,12,3.96222,5,160526,5.3,8.3,3,309.4791666666667,4,13.8,49,6.2,0,2024,0.0123555077973465,0,1,0,0,0,0,1,0,0,0,0.05123213578632983,TN (léger détecté)
1,0,0,12,3.96222,5,160526,5.3,8.3,3,309.4791666666667,4,13.8,49,6.2,0,2024,0.0123555077973465,0,1,0,0,0,0,1,0,0,0,0.05123213578632983,TN (léger détecté)
1,0,0,12,2.895649404761905,5,231476,5.3,8.3,3,516.452380952381,4,13.8,49,6.2,1,2024,0.0055959727143054,0,1,0,0,0,0,1,0,0,0,0.062427922915750146,TN (léger détecté)
1,0,0,12,2.895649404761905,5,231476,5.3,8.3,3,516.452380952381,4,13.8,49,6.2,1,2024,0.0055959727143054,0,1,0,0,0,0,1,0,0,0,0.062427922915750146,TN (léger détecté)
1,0,0,12,17.159472083333334,5,231476,5.3,8.3,3,370.6785714285714,4,13.8,49,6.2,1,2024,0.046167504404087,0,1,0,0,0,0,1,0,0,0,0.36627484776812635,FP (fausse alerte)
1,0,0,12,17.159472083333334,5,231476,5.3,8.3,3,370.6785714285714,4,13.8,49,6.2,1,2024,0.046167504404087,0,1,0,0,0,0,1,0,0,0,0.36627484776812635,FP (fausse alerte)
1,0,0,12,17.159472083333334,5,231476,5.3,8.3,3,370.6785714285714,4,13.8,49,6.2,1,2024,0.046167504404087,0,1,0,0,0,0,1,0,0,0,0.36627484776812635,FP (fausse alerte)
1,0,0,12,17.159472083333334,5,231476,5.3,8.3,3,370.6785714285714,4,13.8,49,6.2,1,2024,0.046167504404087,0,1,0,0,0,0,1,0,0,0,0.36627484776812635,FP (fausse alerte)
0,0,0,12,3.9,4,231476,3.6,6.2,2,211.29166666666663,4,9.4,49,0.0,0,2024,0.0183709519136408,0,1,0,0,0,0,0,0,1,0,0.029795593013394926,TN (léger détecté)
0,0,0,12,3.9,4,231476,3.6,6.2,2,211.29166666666663,4,9.4,49,0.0,0,2024,0.0183709519136408,0,1,0,0,0,0,0,0,1,0,0.029795593013394926,TN (léger détecté)
0,0,0,12,0.4753124404761905,4,137426,3.6,6.2,2,521.5357142857143,4,9.4,49,0.0,1,2024,0.0009096267058528,0,1,0,0,0,0,0,0,1,0,0.031716893085620305,TN (léger détecté)
0,0,0,12,0.4753124404761905,4,137426,3.6,6.2,2,521.5357142857143,4,9.4,49,0.0,1,2024,0.0009096267058528,0,1,0,0,0,0,0,0,1,0,0.031716893085620305,TN (léger détecté)
1,0,0,12,0.8210032738095239,5,182347,5.3,8.3,3,97.88095238095238,4,13.8,49,6.2,0,2024,0.0083029466650614,0,1,0,0,0,0,1,0,0,0,0.02067866238478467,TN (léger détecté)
1,0,0,12,0.8210032738095239,5,182347,5.3,8.3,3,97.88095238095238,4,13.8,49,6.2,0,2024,0.0083029466650614,0,1,0,0,0,0,1,0,0,0,0.02067866238478467,TN (léger détecté)
1,0,0,12,4.241929345238096,5,182347,5.3,8.3,3,416.9642857142857,4,13.8,49,6.2,1,2024,0.0101490234697655,0,1,0,0,0,0,1,0,0,0,0.04942663091082053,TN (léger détecté)
1,0,0,12,4.241929345238096,5,182347,5.3,8.3,3,416.9642857142857,4,13.8,49,6.2,1,2024,0.0101490234697655,0,1,0,0,0,0,1,0,0,0,0.04942663091082053,TN (léger détecté)
1,0,0,12,3.96222,5,138887,5.3,8.3,3,309.4791666666667,4,13.8,49,6.2,0,2024,0.0123555077973465,0,1,0,0,0,0,1,0,0,0,0.041742025379697276,TN (léger détecté)
1,0,0,12,3.96222,5,138887,5.3,8.3,3,309.4791666666667,4,13.8,49,6.2,0,2024,0.0123555077973465,0,1,0,0,0,0,1,0,0,0,0.041742025379697276,TN (léger détecté)
1,0,0,12,19.23143976190476,5,84310,5.3,8.3,3,666.3392857142857,4,13.8,49,6.2,1,2024,0.0288180842542791,0,1,0,0,0,0,1,0,0,0,0.02834354523887031,TN (léger détecté)
1,0,0,12,19.23143976190476,5,84310,5.3,8.3,3,666.3392857142857,4,13.8,49,6.2,1,2024,0.0288180842542791,0,1,0,0,0,0,1,0,0,0,0.02834354523887031,TN (léger détecté)
1,0,0,12,3.96222,5,84310,5.3,8.3,3,309.4791666666667,4,13.8,49,6.2,0,2024,0.0123555077973465,0,1,0,0,0,0,1,0,0,0,0.040080778426665575,TN (léger détecté)
1,0,0,12,3.96222,5,84310,5.3,8.3,3,309.4791666666667,4,13.8,49,6.2,0,2024,0.0123555077973465,0,1,0,0,0,0,1,0,0,0,0.040080778426665575,TN (léger détecté)
1,0,0,12,3.96222,5,35837,5.3,8.3,3,309.4791666666667,4,13.8,49,6.2,0,2024,0.0123555077973465,0,1,0,0,0,0,1,0,0,0,0.06369037779023871,TN (léger détecté)
1,0,0,12,3.96222,5,35837,5.3,8.3,3,309.4791666666667,4,13.8,49,6.2,0,2024,0.0123555077973465,0,1,0,0,0,0,1,0,0,0,0.06369037779023871,TN (léger détecté)
0,0,0,10,15.80269097222222,29,231476,11.0,12.0,1,3394.7916666666665,4,14.2,44,0.0,1,2024,0.0046536102692466,0,0,0,0,0,0,0,1,0,0,0.23414958349271597,FP (fausse alerte)
0,0,0,10,15.80269097222222,29,231476,11.0,12.0,1,3394.7916666666665,4,14.2,44,0.0,1,2024,0.0046536102692466,0,0,0,0,0,0,0,1,0,0,0.23414958349271597,FP (fausse alerte)
0,0,0,10,3.96222,29,183839,11.0,12.0,1,309.4791666666667,4,14.2,44,0.0,0,2024,0.0123555077973465,0,0,0,0,0,0,0,1,0,0,0.08326547206157826,TN (léger détecté)
0,0,0,10,3.96222,29,183839,11.0,12.0,1,309.4791666666667,4,14.2,44,0.0,0,2024,0.0123555077973465,0,0,0,0,0,0,0,1,0,0,0.08326547206157826,TN (léger détecté)
0,0,0,10,3.601665,28,137426,11.4,13.8,0,542.6380208333333,4,17.6,44,0.2,1,2024,0.0066251160919154,0,0,0,1,0,0,0,0,0,0,0.035085816507723105,TN (léger détecté)
0,0,0,10,3.601665,28,137426,11.4,13.8,0,542.6380208333333,4,17.6,44,0.2,1,2024,0.0066251160919154,0,0,0,1,0,0,0,0,0,0,0.035085816507723105,TN (léger détecté)
0,0,0,10,4.295530225694445,28,182347,11.4,13.8,0,425.97222222222223,4,17.6,44,0.2,1,2024,0.0100604442212608,0,0,0,1,0,0,0,0,0,0,0.046147263158864825,TN (léger détecté)
0,0,0,10,4.295530225694445,28,182347,11.4,13.8,0,425.97222222222223,4,17.6,44,0.2,1,2024,0.0100604442212608,0,0,0,1,0,0,0,0,0,0,0.046147263158864825,TN (léger détecté)
0,0,0,10,7.8420929513888895,29,179566,11.0,12.0,1,402.08506944444446,4,14.2,44,0.0,1,2024,0.0194551809180065,0,0,0,0,0,0,0,1,0,0,0.0643205190283152,TN (léger détecté)
0,0,0,10,7.8420929513888895,29,179566,11.0,12.0,1,402.08506944444446,4,14.2,44,0.0,1,2024,0.0194551809180065,0,0,0,0,0,0,0,1,0,0,0.0643205190283152,TN (léger détecté)
0,0,0,10,3.96222,29,183839,11.0,12.0,1,309.4791666666667,4,14.2,44,0.0,0,2024,0.0123555077973465,0,0,0,0,0,0,0,1,0,0,0.08326547206157826,TN (léger détecté)
0,0,0,10,3.96222,29,183839,11.0,12.0,1,309.4791666666667,4,14.2,44,0.0,0,2024,0.0123555077973465,0,0,0,0,0,0,0,1,0,0,0.08326547206157826,TN (léger détecté)
0,0,0,10,3.96222,28,160526,11.4,13.8,0,309.4791666666667,4,17.6,44,0.2,0,2024,0.0123555077973465,0,0,0,1,0,0,0,0,0,0,0.04305154535620342,TN (léger détecté)
0,0,0,10,3.96222,28,160526,11.4,13.8,0,309.4791666666667,4,17.6,44,0.2,0,2024,0.0123555077973465,0,0,0,1,0,0,0,0,0,0,0.04305154535620342,TN (léger détecté)
0,0,0,10,3.96222,28,160526,11.4,13.8,0,309.4791666666667,4,17.6,44,0.2,0,2024,0.0123555077973465,0,0,0,1,0,0,0,0,0,0,0.04305154535620342,TN (léger détecté)
0,0,0,10,14.367881944444443,28,137426,11.4,13.8,0,1375.1805555555557,4,17.6,44,0.2,1,2024,0.0104404047030327,0,0,0,1,0,0,0,0,0,0,0.018500637028153112,TN (léger détecté)
0,0,0,10,3.96222,28,57934,11.4,13.8,0,309.4791666666667,4,17.6,44,0.2,0,2024,0.0123555077973465,0,0,0,1,0,0,0,0,0,0,0.03979272249908798,TN (léger détecté)
0,0,0,10,3.96222,28,57934,11.4,13.8,0,309.4791666666667,4,17.6,44,0.2,0,2024,0.0123555077973465,0,0,0,1,0,0,0,0,0,0,0.03979272249908798,TN (léger détecté)
0,0,0,10,3.96222,29,35837,11.0,12.0,1,309.4791666666667,4,14.2,44,0.0,0,2024,0.0123555077973465,0,0,0,0,0,0,0,1,0,0,0.10139855733467845,TN (léger détecté)
0,0,0,10,3.96222,29,35837,11.0,12.0,1,309.4791666666667,4,14.2,44,0.0,0,2024,0.0123555077973465,0,0,0,0,0,0,0,1,0,0,0.10139855733467845,TN (léger détecté)
0,0,0,10,3.96222,29,15207,11.0,12.0,1,309.4791666666667,4,14.2,44,0.0,0,2024,0.0123555077973465,0,0,0,0,0,0,0,1,0,0,0.06838987817230871,TN (léger détecté)
0,0,0,10,3.96222,29,15207,11.0,12.0,1,309.4791666666667,4,14.2,44,0.0,0,2024,0.0123555077973465,0,0,0,0,0,0,0,1,0,0,0.06838987817230871,TN (léger détecté)
0,0,0,10,3.96222,29,32386,11.0,12.0,1,309.4791666666667,4,14.2,44,0.0,0,2024,0.0123555077973465,0,0,0,0,0,0,0,1,0,0,0.09700759919359266,TN (léger détecté)
0,0,0,10,3.96222,29,32386,11.0,12.0,1,309.4791666666667,4,14.2,44,0.0,0,2024,0.0123555077973465,0,0,0,0,0,0,0,1,0,0,0.09700759919359266,TN (léger détecté)
0,0,0,10,11.763995642361111,28,15207,11.4,13.8,0,869.3038194444445,4,17.6,44,0.2,1,2024,0.0135171136556319,0,0,0,1,0,0,0,0,0,0,0.04016229925777893,TN (léger détecté)
0,0,0,10,11.763995642361111,28,15207,11.4,13.8,0,869.3038194444445,4,17.6,44,0.2,1,2024,0.0135171136556319,0,0,0,1,0,0,0,0,0,0,0.04016229925777893,TN (léger détecté)
0,0,0,10,3.601665,28,19979,11.4,13.8,0,983.6232638888888,4,17.6,44,0.2,1,2024,0.003657911743599,0,0,0,1,0,0,0,0,0,0,0.08957405491255889,TN (léger détecté)
0,0,0,10,3.601665,28,19979,11.4,13.8,0,983.6232638888888,4,17.6,44,0.2,1,2024,0.003657911743599,0,0,0,1,0,0,0,0,0,0,0.08957405491255889,TN (léger détecté)
0,0,0,12,3.96222,4,41158,3.6,6.2,2,309.4791666666667,4,9.4,49,0.0,0,2024,0.0123555077973465,0,1,0,0,0,0,0,0,1,0,0.0442747692341463,TN (léger détecté)
0,0,0,12,3.96222,4,41158,3.6,6.2,2,309.4791666666667,4,9.4,49,0.0,0,2024,0.0123555077973465,0,1,0,0,0,0,0,0,1,0,0.0442747692341463,TN (léger détecté)
0,0,0,12,3.96222,4,160526,3.6,6.2,2,309.4791666666667,4,9.4,49,0.0,0,2024,0.0123555077973465,0,1,0,0,0,0,0,0,1,0,0.044074670415136005,TN (léger détecté)
0,0,0,12,3.96222,4,160526,3.6,6.2,2,309.4791666666667,4,9.4,49,0.0,0,2024,0.0123555077973465,0,1,0,0,0,0,0,0,1,0,0.044074670415136005,TN (léger détecté)
0,0,0,12,17.01856267857143,4,160526,3.6,6.2,2,418.2619047619048,4,9.4,49,0.0,1,2024,0.0405917219887557,0,1,0,0,0,0,0,0,1,0,0.12523878888835627,FP (fausse alerte)
0,0,0,12,17.01856267857143,4,160526,3.6,6.2,2,418.2619047619048,4,9.4,49,0.0,1,2024,0.0405917219887557,0,1,0,0,0,0,0,0,1,0,0.12523878888835627,FP (fausse alerte)
1,0,0,12,3.96222,3,160526,6.7,7.4,1,309.4791666666667,4,8.9,49,1.2,0,2024,0.0123555077973465,0,1,0,0,0,0,0,1,0,0,0.0689207261851349,TN (léger détecté)
1,0,0,12,3.96222,3,160526,6.7,7.4,1,309.4791666666667,4,8.9,49,1.2,0,2024,0.0123555077973465,0,1,0,0,0,0,0,1,0,0,0.0689207261851349,TN (léger détecté)
1,0,0,12,3.96222,3,160526,6.7,7.4,1,309.4791666666667,4,8.9,49,1.2,0,2024,0.0123555077973465,0,1,0,0,0,0,0,1,0,0,0.0689207261851349,TN (léger détecté)
0,0,0,12,3.96222,4,161450,3.6,6.2,2,309.4791666666667,4,9.4,49,0.0,0,2024,0.0123555077973465,0,1,0,0,0,0,0,0,1,1,0.04222096162015416,FN (grave RATÉ)
0,0,0,12,3.96222,4,35837,3.6,6.2,2,309.4791666666667,4,9.4,49,0.0,0,2024,0.0123555077973465,0,1,0,0,0,0,0,0,1,0,0.07307216324567956,TN (léger détecté)
0,0,0,12,3.96222,4,35837,3.6,6.2,2,309.4791666666667,4,9.4,49,0.0,0,2024,0.0123555077973465,0,1,0,0,0,0,0,0,1,0,0.07307216324567956,TN (léger détecté)
1,0,0,12,1.4907553571428571,3,160526,6.7,7.4,1,95.97619047619048,4,8.9,49,1.2,0,2024,0.0153723852197397,0,1,0,0,0,0,0,1,0,0,0.029544524281281983,TN (léger détecté)
1,0,0,12,1.4907553571428571,3,160526,6.7,7.4,1,95.97619047619048,4,8.9,49,1.2,0,2024,0.0153723852197397,0,1,0,0,0,0,0,1,0,0,0.029544524281281983,TN (léger détecté)
1,0,0,12,1.4907553571428571,3,160526,6.7,7.4,1,95.97619047619048,4,8.9,49,1.2,0,2024,0.0153723852197397,0,1,0,0,0,0,0,1,0,0,0.029544524281281983,TN (léger détecté)
0,0,0,12,4.591581904761905,4,48784,3.6,6.2,2,513.9345238095239,4,9.4,49,0.0,1,2024,0.0089168266885526,0,1,0,0,0,0,0,0,1,0,0.02721178056667964,TN (léger détecté)
0,0,0,12,4.591581904761905,4,48784,3.6,6.2,2,513.9345238095239,4,9.4,49,0.0,1,2024,0.0089168266885526,0,1,0,0,0,0,0,0,1,0,0.02721178056667964,TN (léger détecté)
1,0,0,12,3.96222,3,27547,6.7,7.4,1,309.4791666666667,4,8.9,49,1.2,0,2024,0.0123555077973465,0,1,0,0,0,0,0,1,0,0,0.07697967181224455,TN (léger détecté)
1,0,0,12,3.96222,3,27547,6.7,7.4,1,309.4791666666667,4,8.9,49,1.2,0,2024,0.0123555077973465,0,1,0,0,0,0,0,1,0,0,0.07697967181224455,TN (léger détecté)
1,0,0,12,3.96222,3,27547,6.7,7.4,1,309.4791666666667,4,8.9,49,1.2,0,2024,0.0123555077973465,0,1,0,0,0,0,0,1,0,0,0.07697967181224455,TN (léger détecté)
0,0,0,12,3.96222,2,15207,7.4,11.1,0,309.4791666666667,4,13.8,49,0.0,0,2024,0.0123555077973465,0,1,0,1,0,0,0,0,0,0,0.042466506895831,TN (léger détecté)
0,0,0,12,3.96222,2,27547,7.4,11.1,0,309.4791666666667,4,13.8,49,0.0,0,2024,0.0123555077973465,0,1,0,1,0,0,0,0,0,0,0.06572958869275579,TN (léger détecté)
0,0,0,12,3.96222,2,27547,7.4,11.1,0,309.4791666666667,4,13.8,49,0.0,0,2024,0.0123555077973465,0,1,0,1,0,0,0,0,0,1,0.06572958869275579,FN (grave RATÉ)
0,0,0,10,3.7573253645833335,28,84310,11.4,13.8,0,353.89409722222223,4,17.6,44,0.2,1,2024,0.0105871734525655,0,0,0,1,0,0,0,0,0,0,0.045235361140046317,TN (léger détecté)
0,0,0,10,3.7573253645833335,28,84310,11.4,13.8,0,353.89409722222223,4,17.6,44,0.2,1,2024,0.0105871734525655,0,0,0,1,0,0,0,0,0,0,0.045235361140046317,TN (léger détecté)
0,1,0,10,3.96222,27,41158,13.8,15.0,6,309.4791666666667,4,17.4,43,0.0,0,2024,0.0123555077973465,0,0,0,0,0,1,0,0,0,0,0.042579134966314255,TN (léger détecté)
0,1,0,10,3.96222,27,41158,13.8,15.0,6,309.4791666666667,4,17.4,43,0.0,0,2024,0.0123555077973465,0,0,0,0,0,1,0,0,0,0,0.042579134966314255,TN (léger détecté)
0,1,0,10,3.96222,27,41158,13.8,15.0,6,309.4791666666667,4,17.4,43,0.0,0,2024,0.0123555077973465,0,0,0,0,0,1,0,0,0,0,0.042579134966314255,TN (léger détecté)
0,1,0,10,3.96222,27,41158,13.8,15.0,6,309.4791666666667,4,17.4,43,0.0,0,2024,0.0123555077973465,0,0,0,0,0,1,0,0,0,0,0.042579134966314255,TN (léger détecté)
0,1,0,10,3.96222,27,41158,13.8,15.0,6,309.4791666666667,4,17.4,43,0.0,0,2024,0.0123555077973465,0,0,0,0,0,1,0,0,0,0,0.042579134966314255,TN (léger détecté)
0,0,0,10,3.96222,28,160526,11.4,13.8,0,309.4791666666667,4,17.6,44,0.2,0,2024,0.0123555077973465,0,0,0,1,0,0,0,0,0,0,0.04305154535620342,TN (léger détecté)
0,0,0,10,3.96222,28,160526,11.4,13.8,0,309.4791666666667,4,17.6,44,0.2,0,2024,0.0123555077973465,0,0,0,1,0,0,0,0,0,0,0.04305154535620342,TN (léger détecté)
0,0,0,10,3.96222,28,231476,11.4,13.8,0,309.4791666666667,4,17.6,44,0.2,0,2024,0.0123555077973465,0,0,0,1,0,0,0,0,0,0,0.035213736878126366,TN (léger détecté)
0,0,0,10,3.96222,28,231476,11.4,13.8,0,309.4791666666667,4,17.6,44,0.2,0,2024,0.0123555077973465,0,0,0,1,0,0,0,0,0,0,0.035213736878126366,TN (léger détecté)
0,0,0,10,5.630807881944444,28,35837,11.4,13.8,0,758.9913194444443,4,17.6,44,0.2,1,2024,0.0074090423638793,0,0,0,1,0,0,0,0,0,0,0.030936584166240184,TN (léger détecté)
0,0,0,10,5.630807881944444,28,35837,11.4,13.8,0,758.9913194444443,4,17.6,44,0.2,1,2024,0.0074090423638793,0,0,0,1,0,0,0,0,0,0,0.030936584166240184,TN (léger détecté)
0,0,0,10,4.391113402777778,28,48784,11.4,13.8,0,493.6284722222222,4,17.6,44,0.2,1,2024,0.008877599348557,0,0,0,1,0,0,0,0,0,0,0.027176849514679264,TN (léger détecté)
0,0,0,10,4.391113402777778,28,48784,11.4,13.8,0,493.6284722222222,4,17.6,44,0.2,1,2024,0.008877599348557,0,0,0,1,0,0,0,0,0,0,0.027176849514679264,TN (léger détecté)
0,0,0,10,3.96222,28,19979,11.4,13.8,0,309.4791666666667,4,17.6,44,0.2,0,2024,0.0123555077973465,0,0,0,1,0,0,0,0,0,0,0.04691269273456443,TN (léger détecté)
0,0,0,10,3.96222,28,19979,11.4,13.8,0,309.4791666666667,4,17.6,44,0.2,0,2024,0.0123555077973465,0,0,0,1,0,0,0,0,0,0,0.04691269273456443,TN (léger détecté)
0,1,0,10,3.96222,27,179566,13.8,15.0,6,309.4791666666667,4,17.4,43,0.0,0,2024,0.0123555077973465,0,0,0,0,0,1,0,0,0,0,0.05549299190942515,TN (léger détecté)
0,1,0,10,3.96222,27,179566,13.8,15.0,6,309.4791666666667,4,17.4,43,0.0,0,2024,0.0123555077973465,0,0,0,0,0,1,0,0,0,0,0.05549299190942515,TN (léger détecté)
0,1,0,10,3.96222,27,161450,13.8,15.0,6,309.4791666666667,4,17.4,43,0.0,0,2024,0.0123555077973465,0,0,0,0,0,1,0,0,0,0,0.04608059023144679,TN (léger détecté)
0,1,0,10,3.96222,27,161450,13.8,15.0,6,309.4791666666667,4,17.4,43,0.0,0,2024,0.0123555077973465,0,0,0,0,0,1,0,0,0,0,0.04608059023144679,TN (léger détecté)
0,1,0,10,3.96222,26,231476,14.3,15.8,5,309.4791666666667,4,21.3,43,1.0,0,2024,0.0123555077973465,0,0,0,0,1,0,0,0,0,0,0.051596492757515836,TN (léger détecté)
0,1,0,10,3.96222,26,231476,14.3,15.8,5,309.4791666666667,4,21.3,43,1.0,0,2024,0.0123555077973465,0,0,0,0,1,0,0,0,0,0,0.051596492757515836,TN (léger détecté)
0,1,0,10,3.994859583333333,26,84310,14.3,15.8,5,371.5238095238095,4,21.3,43,1.0,1,2024,0.0107237698133708,0,0,0,0,1,0,0,0,0,0,0.05010337622404398,TN (léger détecté)
0,1,0,10,3.994859583333333,26,84310,14.3,15.8,5,371.5238095238095,4,21.3,43,1.0,1,2024,0.0107237698133708,0,0,0,0,1,0,0,0,0,1,0.05010337622404398,FN (grave RATÉ)
0,1,0,10,3.994859583333333,26,84310,14.3,15.8,5,371.5238095238095,4,21.3,43,1.0,1,2024,0.0107237698133708,0,0,0,0,1,0,0,0,0,0,0.05010337622404398,TN (léger détecté)
0,1,0,10,4.1081754761904765,27,35837,13.8,15.0,6,102.22619047619048,4,17.4,43,0.0,0,2024,0.0397978018682966,0,0,0,0,0,1,0,0,0,0,0.06914699302791237,TN (léger détecté)
0,1,0,10,4.1081754761904765,27,35837,13.8,15.0,6,102.22619047619048,4,17.4,43,0.0,0,2024,0.0397978018682966,0,0,0,0,0,1,0,0,0,0,0.06914699302791237,TN (léger détecté)
0,1,0,10,4.513599047619048,27,48784,13.8,15.0,6,533.547619047619,4,17.4,43,0.0,1,2024,0.0084437735512894,0,0,0,0,0,1,0,0,0,0,0.031951539738381884,TN (léger détecté)
0,1,0,10,4.513599047619048,27,48784,13.8,15.0,6,533.547619047619,4,17.4,43,0.0,1,2024,0.0084437735512894,0,0,0,0,0,1,0,0,0,0,0.031951539738381884,TN (léger détecté)
0,1,0,10,4.513599047619048,27,48784,13.8,15.0,6,533.547619047619,4,17.4,43,0.0,1,2024,0.0084437735512894,0,0,0,0,0,1,0,0,0,0,0.031951539738381884,TN (léger détecté)
0,1,0,10,4.513599047619048,27,48784,13.8,15.0,6,533.547619047619,4,17.4,43,0.0,1,2024,0.0084437735512894,0,0,0,0,0,1,0,0,0,0,0.031951539738381884,TN (léger détecté)
0,1,0,10,3.96222,27,15207,13.8,15.0,6,309.4791666666667,4,17.4,43,0.0,0,2024,0.0123555077973465,0,0,0,0,0,1,0,0,0,0,0.03126528795764896,TN (léger détecté)
0,1,0,10,3.96222,27,15207,13.8,15.0,6,309.4791666666667,4,17.4,43,0.0,0,2024,0.0123555077973465,0,0,0,0,0,1,0,0,0,0,0.03126528795764896,TN (léger détecté)
1,0,0,12,23.491964285714285,3,138907,6.7,7.4,1,4067.875,4,8.9,49,1.2,1,2024,0.0057735772875092,0,1,0,0,0,0,0,1,0,0,0.11926361671334956,FP (fausse alerte)
1,0,0,12,23.491964285714285,3,138907,6.7,7.4,1,4067.875,4,8.9,49,1.2,1,2024,0.0057735772875092,0,1,0,0,0,0,0,1,0,0,0.11926361671334956,FP (fausse alerte)
1,0,0,12,4.991496011904762,3,179566,6.7,7.4,1,497.1309523809524,4,8.9,49,1.2,1,2024,0.0100204494180627,0,1,0,0,0,0,0,1,0,0,0.05142064591230776,TN (léger détecté)
1,0,0,12,4.991496011904762,3,179566,6.7,7.4,1,497.1309523809524,4,8.9,49,1.2,1,2024,0.0100204494180627,0,1,0,0,0,0,0,1,0,1,0.05142064591230776,FN (grave RATÉ)
0,0,0,12,2.3324679761904763,2,185914,7.4,11.1,0,65.35714285714286,4,13.8,49,0.0,0,2024,0.0351502170792967,0,1,0,1,0,0,0,0,0,1,0.16459825874192602,TP (grave détecté)
0,0,0,12,2.3324679761904763,2,185914,7.4,11.1,0,65.35714285714286,4,13.8,49,0.0,0,2024,0.0351502170792967,0,1,0,1,0,0,0,0,0,0,0.16459825874192602,FP (fausse alerte)
1,0,0,12,3.96222,3,41158,6.7,7.4,1,309.4791666666667,4,8.9,49,1.2,0,2024,0.0123555077973465,0,1,0,0,0,0,0,1,0,0,0.066543697846894,TN (léger détecté)
1,0,0,12,3.96222,3,41158,6.7,7.4,1,309.4791666666667,4,8.9,49,1.2,0,2024,0.0123555077973465,0,1,0,0,0,0,0,1,0,0,0.066543697846894,TN (léger détecté)
1,0,0,12,20.96964285714286,3,161450,6.7,7.4,1,3802.119047619048,4,8.9,49,1.2,1,2024,0.0055138013284835,0,1,0,0,0,0,0,1,0,0,0.12246634693786922,FP (fausse alerte)
1,0,0,12,20.96964285714286,3,161450,6.7,7.4,1,3802.119047619048,4,8.9,49,1.2,1,2024,0.0055138013284835,0,1,0,0,0,0,0,1,0,0,0.12246634693786922,FP (fausse alerte)
1,0,0,12,15.81815476190476,3,161450,6.7,7.4,1,4450.410714285715,4,8.9,49,1.2,1,2024,0.003553515003938,0,1,0,0,0,0,0,1,0,0,0.07887355309033474,TN (léger détecté)
1,0,0,12,15.81815476190476,3,161450,6.7,7.4,1,4450.410714285715,4,8.9,49,1.2,1,2024,0.003553515003938,0,1,0,0,0,0,0,1,0,0,0.07887355309033474,TN (léger détecté)
1,0,0,12,3.9,3,231476,6.7,7.4,1,211.29166666666663,4,8.9,49,1.2,0,2024,0.0183709519136408,0,1,0,0,0,0,0,1,0,0,0.0556297277899695,TN (léger détecté)
1,0,0,12,3.9,3,231476,6.7,7.4,1,211.29166666666663,4,8.9,49,1.2,0,2024,0.0183709519136408,0,1,0,0,0,0,0,1,0,0,0.0556297277899695,TN (léger détecté)
1,0,0,12,3.96222,3,137426,6.7,7.4,1,309.4791666666667,4,8.9,49,1.2,0,2024,0.0123555077973465,0,1,0,0,0,0,0,1,0,0,0.06585528268969223,TN (léger détecté)
1,0,0,12,3.96222,3,137426,6.7,7.4,1,309.4791666666667,4,8.9,49,1.2,0,2024,0.0123555077973465,0,1,0,0,0,0,0,1,0,0,0.06585528268969223,TN (léger détecté)
0,0,0,12,5.267315773809524,2,48784,7.4,11.1,0,762.3035714285714,4,13.8,49,0.0,1,2024,0.0069006827309236,0,1,0,1,0,0,0,0,0,0,0.03351970483033076,TN (léger détecté)
0,1,0,10,3.96222,26,137426,14.3,15.8,5,309.4791666666667,4,21.3,43,1.0,0,2024,0.0123555077973465,0,0,0,0,1,0,0,0,0,0,0.05352239514065435,TN (léger détecté)
0,1,0,10,3.96222,26,137426,14.3,15.8,5,309.4791666666667,4,21.3,43,1.0,0,2024,0.0123555077973465,0,0,0,0,1,0,0,0,0,0,0.05352239514065435,TN (léger détecté)
0,1,0,10,3.96222,26,137426,14.3,15.8,5,309.4791666666667,4,21.3,43,1.0,0,2024,0.0123555077973465,0,0,0,0,1,0,0,0,0,1,0.05352239514065435,FN (grave RATÉ)
0,1,0,10,3.96222,26,183839,14.3,15.8,5,309.4791666666667,4,21.3,43,1.0,0,2024,0.0123555077973465,0,0,0,0,1,0,0,0,0,0,0.07546516363033004,TN (léger détecté)
0,1,0,10,3.96222,26,183839,14.3,15.8,5,309.4791666666667,4,21.3,43,1.0,0,2024,0.0123555077973465,0,0,0,0,1,0,0,0,0,0,0.07546516363033004,TN (léger détecté)
0,1,0,10,3.96222,26,160526,14.3,15.8,5,309.4791666666667,4,21.3,43,1.0,0,2024,0.0123555077973465,0,0,0,0,1,0,0,0,0,0,0.056048209293640544,TN (léger détecté)
0,1,0,10,3.96222,26,160526,14.3,15.8,5,309.4791666666667,4,21.3,43,1.0,0,2024,0.0123555077973465,0,0,0,0,1,0,0,0,0,0,0.056048209293640544,TN (léger détecté)
0,1,0,10,3.96222,26,160526,14.3,15.8,5,309.4791666666667,4,21.3,43,1.0,0,2024,0.0123555077973465,0,0,0,0,1,0,0,0,0,0,0.056048209293640544,TN (léger détecté)
1,0,0,10,3.96222,25,161450,11.7,15.6,4,309.4791666666667,4,20.8,43,3.4,0,2024,0.0123555077973465,0,0,0,0,0,0,0,0,0,0,0.05792239124711818,TN (léger détecté)
1,0,0,10,3.96222,25,161450,11.7,15.6,4,309.4791666666667,4,20.8,43,3.4,0,2024,0.0123555077973465,0,0,0,0,0,0,0,0,0,0,0.05792239124711818,TN (léger détecté)
1,0,0,10,3.96222,25,161450,11.7,15.6,4,309.4791666666667,4,20.8,43,3.4,0,2024,0.0123555077973465,0,0,0,0,0,0,0,0,0,0,0.05792239124711818,TN (léger détecté)
0,1,0,10,0.9854043452380952,26,138907,14.3,15.8,5,257.05357142857144,4,21.3,43,1.0,0,2024,0.0038186037875118,0,0,0,0,1,0,0,0,0,0,0.030192227861779056,TN (léger détecté)
0,1,0,10,0.9854043452380952,26,138907,14.3,15.8,5,257.05357142857144,4,21.3,43,1.0,0,2024,0.0038186037875118,0,0,0,0,1,0,0,0,0,0,0.030192227861779056,TN (léger détecté)
0,1,0,10,3.909826011904762,26,138887,14.3,15.8,5,165.71428571428572,4,21.3,43,1.0,0,2024,0.0234522554270208,0,0,0,0,1,0,0,0,0,0,0.04332978344375498,TN (léger détecté)
0,1,0,10,3.909826011904762,26,138887,14.3,15.8,5,165.71428571428572,4,21.3,43,1.0,0,2024,0.0234522554270208,0,0,0,0,1,0,0,0,0,0,0.04332978344375498,TN (léger détecté)
0,1,0,10,3.909826011904762,26,138887,14.3,15.8,5,165.71428571428572,4,21.3,43,1.0,0,2024,0.0234522554270208,0,0,0,0,1,0,0,0,0,0,0.04332978344375498,TN (léger détecté)
0,1,0,10,3.994859583333333,26,84310,14.3,15.8,5,371.5238095238095,4,21.3,43,1.0,1,2024,0.0107237698133708,0,0,0,0,1,0,0,0,0,0,0.05010337622404398,TN (léger détecté)
0,1,0,10,3.994859583333333,26,84310,14.3,15.8,5,371.5238095238095,4,21.3,43,1.0,1,2024,0.0107237698133708,0,0,0,0,1,0,0,0,0,0,0.05010337622404398,TN (léger détecté)
0,1,0,10,3.96222,26,48784,14.3,15.8,5,309.4791666666667,4,21.3,43,1.0,0,2024,0.0123555077973465,0,0,0,0,1,0,0,0,0,0,0.05234741239100217,TN (léger détecté)
0,1,0,10,3.96222,26,48784,14.3,15.8,5,309.4791666666667,4,21.3,43,1.0,0,2024,0.0123555077973465,0,0,0,0,1,0,0,0,0,0,0.05234741239100217,TN (léger détecté)
0,1,0,10,10.41762351190476,26,15207,14.3,15.8,5,1008.4880952380952,4,21.3,43,1.0,1,2024,0.0103197091288606,0,0,0,0,1,0,0,0,0,1,0.025304579195499853,FN (grave RATÉ)
1,0,0,10,13.101142321428572,25,15207,11.7,15.6,4,797.7142857142857,4,20.8,43,3.4,1,2024,0.0164027895278125,0,0,0,0,0,0,0,0,0,0,0.04882454104334639,TN (léger détecté)
0,0,0,12,4.875427678571429,2,161450,7.4,11.1,0,217.9642857142857,4,13.8,49,0.0,0,2024,0.022265857935084,0,1,0,1,0,0,0,0,0,0,0.053848880784246766,TN (léger détecté)
0,0,0,12,4.875427678571429,2,161450,7.4,11.1,0,217.9642857142857,4,13.8,49,0.0,0,2024,0.022265857935084,0,1,0,1,0,0,0,0,0,0,0.053848880784246766,TN (léger détecté)
0,0,0,12,3.96222,2,185914,7.4,11.1,0,309.4791666666667,4,13.8,49,0.0,0,2024,0.0123555077973465,0,1,0,1,0,0,0,0,0,0,0.11251944950525697,FP (fausse alerte)
0,0,0,12,3.96222,2,185914,7.4,11.1,0,309.4791666666667,4,13.8,49,0.0,0,2024,0.0123555077973465,0,1,0,1,0,0,0,0,0,0,0.11251944950525697,FP (fausse alerte)
0,1,0,11,5.105084469696969,30,185914,2.1,3.8,5,202.07828282828285,4,8.1,48,0.0,0,2024,0.025138505203994,0,0,0,0,1,0,0,0,0,1,0.11520724714542867,TP (grave détecté)
0,1,0,11,5.105084469696969,30,185914,2.1,3.8,5,202.07828282828285,4,8.1,48,0.0,0,2024,0.025138505203994,0,0,0,0,1,0,0,0,0,0,0.11520724714542867,FP (fausse alerte)
0,1,0,11,3.96222,30,179566,2.1,3.8,5,309.4791666666667,4,8.1,48,0.0,0,2024,0.0123555077973465,0,0,0,0,1,0,0,0,0,0,0.0689005739451603,TN (léger détecté)
0,1,0,11,3.96222,30,179566,2.1,3.8,5,309.4791666666667,4,8.1,48,0.0,0,2024,0.0123555077973465,0,0,0,0,1,0,0,0,0,0,0.0689005739451603,TN (léger détecté)
0,1,0,11,3.96222,30,179566,2.1,3.8,5,309.4791666666667,4,8.1,48,0.0,0,2024,0.0123555077973465,0,0,0,0,1,0,0,0,0,0,0.0689005739451603,TN (léger détecté)
0,0,0,12,5.267315773809524,2,48784,7.4,11.1,0,762.3035714285714,4,13.8,49,0.0,1,2024,0.0069006827309236,0,1,0,1,0,0,0,0,0,0,0.03351970483033076,TN (léger détecté)
0,0,0,12,5.267315773809524,2,48784,7.4,11.1,0,762.3035714285714,4,13.8,49,0.0,1,2024,0.0069006827309236,0,1,0,1,0,0,0,0,0,0,0.03351970483033076,TN (léger détecté)
0,0,0,12,5.267315773809524,2,48784,7.4,11.1,0,762.3035714285714,4,13.8,49,0.0,1,2024,0.0069006827309236,0,1,0,1,0,0,0,0,0,0,0.03351970483033076,TN (léger détecté)
0,0,0,12,5.267315773809524,2,48784,7.4,11.1,0,762.3035714285714,4,13.8,49,0.0,1,2024,0.0069006827309236,0,1,0,1,0,0,0,0,0,0,0.03351970483033076,TN (léger détecté)
0,0,0,12,4.039170952380952,2,41158,7.4,11.1,0,277.375,4,13.8,49,0.0,0,2024,0.0145098193170397,0,1,0,1,0,0,0,0,0,0,0.046460867304544816,TN (léger détecté)
0,0,0,12,6.843093392857143,2,185914,7.4,11.1,0,274.70238095238096,4,13.8,49,0.0,0,2024,0.0248205814154324,0,1,0,1,0,0,0,0,0,0,0.1333608304931377,FP (fausse alerte)
0,0,0,12,6.843093392857143,2,185914,7.4,11.1,0,274.70238095238096,4,13.8,49,0.0,0,2024,0.0248205814154324,0,1,0,1,0,0,0,0,0,0,0.1333608304931377,FP (fausse alerte)
0,0,0,12,3.96222,2,161450,7.4,11.1,0,309.4791666666667,4,13.8,49,0.0,0,2024,0.0123555077973465,0,1,0,1,0,0,0,0,0,0,0.055747404384949,TN (léger détecté)
0,0,0,12,3.96222,2,161450,7.4,11.1,0,309.4791666666667,4,13.8,49,0.0,0,2024,0.0123555077973465,0,1,0,1,0,0,0,0,0,0,0.055747404384949,TN (léger détecté)
0,1,0,10,2.9494717857142856,26,182347,14.3,15.8,5,413.9166666666667,4,21.3,43,1.0,1,2024,0.0071085883568128,0,0,0,0,1,0,0,0,0,0,0.04655646140753258,TN (léger détecté)
0,0,0,12,17.159472083333334,2,231476,7.4,11.1,0,370.6785714285714,4,13.8,49,0.0,1,2024,0.046167504404087,0,1,0,1,0,0,0,0,0,0,0.26578665983846583,FP (fausse alerte)
0,0,0,12,17.159472083333334,2,231476,7.4,11.1,0,370.6785714285714,4,13.8,49,0.0,1,2024,0.046167504404087,0,1,0,1,0,0,0,0,0,0,0.26578665983846583,FP (fausse alerte)
0,0,0,12,3.96222,2,138907,7.4,11.1,0,309.4791666666667,4,13.8,49,0.0,0,2024,0.0123555077973465,0,1,0,1,0,0,0,0,0,1,0.054279879361652156,FN (grave RATÉ)
0,0,0,12,3.96222,2,138907,7.4,11.1,0,309.4791666666667,4,13.8,49,0.0,0,2024,0.0123555077973465,0,1,0,1,0,0,0,0,0,0,0.054279879361652156,TN (léger détecté)
0,0,0,12,6.461575,2,84310,7.4,11.1,0,392.0416666666667,4,13.8,49,0.0,1,2024,0.0164399236722145,0,1,0,1,0,0,0,0,0,0,0.05304526316577012,TN (léger détecté)
0,0,0,12,6.461575,2,84310,7.4,11.1,0,392.0416666666667,4,13.8,49,0.0,1,2024,0.0164399236722145,0,1,0,1,0,0,0,0,0,0,0.05304526316577012,TN (léger détecté)
0,0,0,12,8.321757083333333,2,57934,7.4,11.1,0,204.1071428571429,4,13.8,49,0.0,0,2024,0.0405727317313831,0,1,0,1,0,0,0,0,0,0,0.08004605715361812,TN (léger détecté)
0,0,0,12,8.321757083333333,2,57934,7.4,11.1,0,204.1071428571429,4,13.8,49,0.0,0,2024,0.0405727317313831,0,1,0,1,0,0,0,0,0,0,0.08004605715361812,TN (léger détecté)
0,0,0,12,3.96222,2,15207,7.4,11.1,0,309.4791666666667,4,13.8,49,0.0,0,2024,0.0123555077973465,0,1,0,1,0,0,0,0,0,0,0.042466506895831,TN (léger détecté)
0,0,0,12,3.96222,2,15207,7.4,11.1,0,309.4791666666667,4,13.8,49,0.0,0,2024,0.0123555077973465,0,1,0,1,0,0,0,0,0,0,0.042466506895831,TN (léger détecté)
1,0,0,10,3.96222,25,185914,11.7,15.6,4,309.4791666666667,4,20.8,43,3.4,0,2024,0.0123555077973465,0,0,0,0,0,0,0,0,0,0,0.08981990579046929,TN (léger détecté)
1,0,0,10,3.96222,25,185914,11.7,15.6,4,309.4791666666667,4,20.8,43,3.4,0,2024,0.0123555077973465,0,0,0,0,0,0,0,0,0,0,0.08981990579046929,TN (léger détecté)
1,0,0,10,3.96222,25,179566,11.7,15.6,4,309.4791666666667,4,20.8,43,3.4,0,2024,0.0123555077973465,0,0,0,0,0,0,0,0,0,0,0.06861465555485942,TN (léger détecté)
1,0,0,10,3.96222,25,179566,11.7,15.6,4,309.4791666666667,4,20.8,43,3.4,0,2024,0.0123555077973465,0,0,0,0,0,0,0,0,0,0,0.06861465555485942,TN (léger détecté)
1,0,0,10,3.96222,25,160526,11.7,15.6,4,309.4791666666667,4,20.8,43,3.4,0,2024,0.0123555077973465,0,0,0,0,0,0,0,0,0,0,0.058965747754148784,TN (léger détecté)
1,0,0,10,3.96222,25,161450,11.7,15.6,4,309.4791666666667,4,20.8,43,3.4,0,2024,0.0123555077973465,0,0,0,0,0,0,0,0,0,0,0.05792239124711818,TN (léger détecté)
1,0,0,10,3.96222,25,161450,11.7,15.6,4,309.4791666666667,4,20.8,43,3.4,0,2024,0.0123555077973465,0,0,0,0,0,0,0,0,0,0,0.05792239124711818,TN (léger détecté)
1,0,0,10,3.96222,25,231476,11.7,15.6,4,309.4791666666667,4,20.8,43,3.4,0,2024,0.0123555077973465,0,0,0,0,0,0,0,0,0,0,0.054822037079339456,TN (léger détecté)
1,0,0,10,3.96222,25,231476,11.7,15.6,4,309.4791666666667,4,20.8,43,3.4,0,2024,0.0123555077973465,0,0,0,0,0,0,0,0,0,0,0.054822037079339456,TN (léger détecté)
1,0,0,10,9.256181964285714,25,231476,11.7,15.6,4,300.2142857142857,4,20.8,43,3.4,0,2024,0.0307295583353094,0,0,0,0,0,0,0,0,0,0,0.05113299109108333,TN (léger détecté)
1,0,0,10,9.256181964285714,25,231476,11.7,15.6,4,300.2142857142857,4,20.8,43,3.4,0,2024,0.0307295583353094,0,0,0,0,0,0,0,0,0,0,0.05113299109108333,TN (léger détecté)
1,0,0,10,3.96222,25,137426,11.7,15.6,4,309.4791666666667,4,20.8,43,3.4,0,2024,0.0123555077973465,0,0,0,0,0,0,0,0,0,0,0.056316298700277254,TN (léger détecté)
0,0,0,10,9.256181964285714,24,137426,8.3,13.3,3,300.2142857142857,4,20.2,43,0.2,0,2024,0.0307295583353094,0,0,0,0,0,0,1,0,0,0,0.03452041121381694,TN (léger détecté)
0,0,0,10,9.256181964285714,24,137426,8.3,13.3,3,300.2142857142857,4,20.2,43,0.2,0,2024,0.0307295583353094,0,0,0,0,0,0,1,0,0,0,0.03452041121381694,TN (léger détecté)
1,0,0,10,1.3524551785714285,25,138907,11.7,15.6,4,266.69642857142856,4,20.8,43,3.4,0,2024,0.005052197318391,0,0,0,0,0,0,0,0,0,0,0.09480273048020442,TN (léger détecté)
1,0,0,10,1.3524551785714285,25,138907,11.7,15.6,4,266.69642857142856,4,20.8,43,3.4,0,2024,0.005052197318391,0,0,0,0,0,0,0,0,0,1,0.09480273048020442,FN (grave RATÉ)
1,0,0,10,3.96222,25,19979,11.7,15.6,4,309.4791666666667,4,20.8,43,3.4,0,2024,0.0123555077973465,0,0,0,0,0,0,0,0,0,0,0.0637505275811187,TN (léger détecté)
1,0,0,10,3.96222,25,19979,11.7,15.6,4,309.4791666666667,4,20.8,43,3.4,0,2024,0.0123555077973465,0,0,0,0,0,0,0,0,0,0,0.0637505275811187,TN (léger détecté)
0,1,0,11,3.96222,30,183839,2.1,3.8,5,309.4791666666667,4,8.1,48,0.0,0,2024,0.0123555077973465,0,0,0,0,1,0,0,0,0,0,0.07618995753781119,TN (léger détecté)
0,1,0,11,3.96222,30,183839,2.1,3.8,5,309.4791666666667,4,8.1,48,0.0,0,2024,0.0123555077973465,0,0,0,0,1,0,0,0,0,0,0.07618995753781119,TN (léger détecté)
0,1,0,12,3.96222,1,179566,1.0,5.6,6,309.4791666666667,4,11.7,48,0.0,0,2024,0.0123555077973465,0,1,0,0,0,1,0,0,0,0,0.05649262431955538,TN (léger détecté)
0,1,0,12,3.96222,1,179566,1.0,5.6,6,309.4791666666667,4,11.7,48,0.0,0,2024,0.0123555077973465,0,1,0,0,0,1,0,0,0,0,0.05649262431955538,TN (léger détecté)
0,1,0,12,3.96222,1,231476,1.0,5.6,6,309.4791666666667,4,11.7,48,0.0,0,2024,0.0123555077973465,0,1,0,0,0,1,0,0,0,0,0.06271383778381691,TN (léger détecté)
0,1,0,12,3.96222,1,231476,1.0,5.6,6,309.4791666666667,4,11.7,48,0.0,0,2024,0.0123555077973465,0,1,0,0,0,1,0,0,0,0,0.06271383778381691,TN (léger détecté)
0,1,0,12,3.96222,1,231476,1.0,5.6,6,309.4791666666667,4,11.7,48,0.0,0,2024,0.0123555077973465,0,1,0,0,0,1,0,0,0,0,0.06271383778381691,TN (léger détecté)
0,1,0,12,6.0985615151515145,1,182347,1.0,5.6,6,292.6338383838384,4,11.7,48,0.0,0,2024,0.0207692735575641,0,1,0,0,0,1,0,0,0,0,0.05284931727908561,TN (léger détecté)
0,1,0,11,3.024674671717172,30,182347,2.1,3.8,5,369.9949494949496,4,8.1,48,0.0,1,2024,0.008152872905237,0,0,0,0,1,0,0,0,0,0,0.03973712716960273,TN (léger détecté)
0,1,0,11,3.024674671717172,30,182347,2.1,3.8,5,369.9949494949496,4,8.1,48,0.0,1,2024,0.008152872905237,0,0,0,0,1,0,0,0,0,0,0.03973712716960273,TN (léger détecté)
0,1,0,12,3.96222,1,138887,1.0,5.6,6,309.4791666666667,4,11.7,48,0.0,0,2024,0.0123555077973465,0,1,0,0,0,1,0,0,0,0,0.06829689070219275,TN (léger détecté)
0,1,0,12,3.96222,1,138887,1.0,5.6,6,309.4791666666667,4,11.7,48,0.0,0,2024,0.0123555077973465,0,1,0,0,0,1,0,0,0,0,0.06829689070219275,TN (léger détecté)
0,1,0,12,14.586830707070709,1,84310,1.0,5.6,6,601.4898989898991,4,11.7,48,0.0,1,2024,0.0242109132975111,0,1,0,0,0,1,0,0,0,0,0.08046300839220828,TN (léger détecté)
0,1,0,12,14.586830707070709,1,84310,1.0,5.6,6,601.4898989898991,4,11.7,48,0.0,1,2024,0.0242109132975111,0,1,0,0,0,1,0,0,0,0,0.08046300839220828,TN (léger détecté)
0,1,0,11,1.7993441414141418,30,57934,2.1,3.8,5,394.50505050505046,4,8.1,48,0.0,1,2024,0.0045494846124377,0,0,0,0,1,0,0,0,0,0,0.04389326337975377,TN (léger détecté)
0,1,0,11,1.7993441414141418,30,57934,2.1,3.8,5,394.50505050505046,4,8.1,48,0.0,1,2024,0.0045494846124377,0,0,0,0,1,0,0,0,0,0,0.04389326337975377,TN (léger détecté)
0,1,0,12,3.96222,1,35837,1.0,5.6,6,309.4791666666667,4,11.7,48,0.0,0,2024,0.0123555077973465,0,1,0,0,0,1,0,0,0,0,0.12027746569864621,FP (fausse alerte)
0,1,0,12,3.96222,1,35837,1.0,5.6,6,309.4791666666667,4,11.7,48,0.0,0,2024,0.0123555077973465,0,1,0,0,0,1,0,0,0,0,0.12027746569864621,FP (fausse alerte)
0,1,0,12,15.909342095959598,1,231476,1.0,5.6,6,304.97222222222223,4,11.7,48,0.0,0,2024,0.0519960340857508,0,1,0,0,0,1,0,0,0,0,0.16366352367345366,FP (fausse alerte)
0,1,0,12,15.909342095959598,1,231476,1.0,5.6,6,304.97222222222223,4,11.7,48,0.0,0,2024,0.0519960340857508,0,1,0,0,0,1,0,0,0,0,0.16366352367345366,FP (fausse alerte)
0,1,0,11,3.3522465909090906,30,48784,2.1,3.8,5,673.6388888888889,4,8.1,48,0.0,1,2024,0.0049689495315488,0,0,0,0,1,0,0,0,0,0,0.026435743116122457,TN (léger détecté)
0,1,0,11,3.3522465909090906,30,48784,2.1,3.8,5,673.6388888888889,4,8.1,48,0.0,1,2024,0.0049689495315488,0,0,0,0,1,0,0,0,0,0,0.026435743116122457,TN (léger détecté)
0,1,0,11,3.3522465909090906,30,48784,2.1,3.8,5,673.6388888888889,4,8.1,48,0.0,1,2024,0.0049689495315488,0,0,0,0,1,0,0,0,0,0,0.026435743116122457,TN (léger détecté)
0,1,0,12,2.89917,1,32386,1.0,5.6,6,694.6287878787879,4,11.7,48,0.0,1,2024,0.0041676969822375,0,1,0,0,0,1,0,0,0,0,0.0644279501999957,TN (léger détecté)
0,1,0,12,2.89917,1,32386,1.0,5.6,6,694.6287878787879,4,11.7,48,0.0,1,2024,0.0041676969822375,0,1,0,0,0,1,0,0,0,0,0.0644279501999957,TN (léger détecté)
0,1,0,12,10.466537095959596,1,15207,1.0,5.6,6,173.25252525252523,4,11.7,48,0.0,0,2024,0.0600653395455335,0,1,0,0,0,1,0,0,0,0,0.5741292018181171,FP (fausse alerte)
0,1,0,12,10.466537095959596,1,15207,1.0,5.6,6,173.25252525252523,4,11.7,48,0.0,0,2024,0.0600653395455335,0,1,0,0,0,1,0,0,0,0,0.5741292018181171,FP (fausse alerte)
0,1,0,11,2.89917,30,27547,2.1,3.8,5,114.32323232323232,4,8.1,48,0.0,0,2024,0.0251395138828063,0,0,0,0,1,0,0,0,0,0,0.1340246403563347,FP (fausse alerte)
0,1,0,11,2.89917,30,27547,2.1,3.8,5,114.32323232323232,4,8.1,48,0.0,0,2024,0.0251395138828063,0,0,0,0,1,0,0,0,0,0,0.1340246403563347,FP (fausse alerte)
0,0,0,10,3.96222,24,182347,8.3,13.3,3,309.4791666666667,4,20.2,43,0.2,0,2024,0.0123555077973465,0,0,0,0,0,0,1,0,0,0,0.055510737767456686,TN (léger détecté)
0,0,0,10,3.96222,24,182347,8.3,13.3,3,309.4791666666667,4,20.2,43,0.2,0,2024,0.0123555077973465,0,0,0,0,0,0,1,0,0,0,0.055510737767456686,TN (léger détecté)
0,0,0,10,3.96222,24,182347,8.3,13.3,3,309.4791666666667,4,20.2,43,0.2,0,2024,0.0123555077973465,0,0,0,0,0,0,1,0,0,0,0.055510737767456686,TN (léger détecté)
0,0,0,10,3.96222,24,182347,8.3,13.3,3,309.4791666666667,4,20.2,43,0.2,0,2024,0.0123555077973465,0,0,0,0,0,0,1,0,0,0,0.055510737767456686,TN (léger détecté)
0,0,0,10,18.91785714285714,24,161450,8.3,13.3,3,3922.363095238096,4,20.2,43,0.2,1,2024,0.0048218471458372,0,0,0,0,0,0,1,0,0,0,0.018986057134736396,TN (léger détecté)
0,0,0,10,18.91785714285714,24,161450,8.3,13.3,3,3922.363095238096,4,20.2,43,0.2,1,2024,0.0048218471458372,0,0,0,0,0,0,1,0,0,0,0.018986057134736396,TN (léger détecté)
0,0,0,10,3.85667,23,137426,8.1,12.7,2,125.04761904761904,4,19.9,43,0.2,0,2024,0.0305969285984133,0,0,0,0,0,0,0,0,1,0,0.030659239690815486,TN (léger détecté)
0,0,0,10,3.85667,23,137426,8.1,12.7,2,125.04761904761904,4,19.9,43,0.2,0,2024,0.0305969285984133,0,0,0,0,0,0,0,0,1,0,0.030659239690815486,TN (léger détecté)
0,0,0,10,3.96222,23,161450,8.1,12.7,2,309.4791666666667,4,19.9,43,0.2,0,2024,0.0123555077973465,0,0,0,0,0,0,0,0,1,0,0.045523627040092156,TN (léger détecté)
0,0,0,10,3.96222,23,161450,8.1,12.7,2,309.4791666666667,4,19.9,43,0.2,0,2024,0.0123555077973465,0,0,0,0,0,0,0,0,1,1,0.045523627040092156,FN (grave RATÉ)
0,0,0,10,3.96222,24,41158,8.3,13.3,3,309.4791666666667,4,20.2,43,0.2,0,2024,0.0123555077973465,0,0,0,0,0,0,1,0,0,0,0.04275938286788149,TN (léger détecté)
0,0,0,10,3.96222,24,41158,8.3,13.3,3,309.4791666666667,4,20.2,43,0.2,0,2024,0.0123555077973465,0,0,0,0,0,0,1,0,0,0,0.04275938286788149,TN (léger détecté)
0,0,0,10,3.96222,23,41158,8.1,12.7,2,309.4791666666667,4,19.9,43,0.2,0,2024,0.0123555077973465,0,0,0,0,0,0,0,0,1,0,0.04305128348690811,TN (léger détecté)
0,0,0,10,3.96222,23,41158,8.1,12.7,2,309.4791666666667,4,19.9,43,0.2,0,2024,0.0123555077973465,0,0,0,0,0,0,0,0,1,1,0.04305128348690811,FN (grave RATÉ)
0,0,0,10,2.961118869047619,24,179566,8.3,13.3,3,219.35119047619048,4,20.2,43,0.2,0,2024,0.0134381795834571,0,0,0,0,0,0,1,0,0,0,0.028447659053735377,TN (léger détecté)
0,0,0,10,2.961118869047619,24,179566,8.3,13.3,3,219.35119047619048,4,20.2,43,0.2,0,2024,0.0134381795834571,0,0,0,0,0,0,1,0,0,0,0.028447659053735377,TN (léger détecté)
0,0,0,10,2.684164583333333,24,179566,8.3,13.3,3,309.1428571428572,4,20.2,43,0.2,0,2024,0.00865460713189,0,0,0,0,0,0,1,0,0,0,0.031232927281865868,TN (léger détecté)
0,0,0,10,2.684164583333333,24,179566,8.3,13.3,3,309.1428571428572,4,20.2,43,0.2,0,2024,0.00865460713189,0,0,0,0,0,0,1,0,0,0,0.031232927281865868,TN (léger détecté)
0,0,0,10,3.50145625,24,160526,8.3,13.3,3,213.27380952380952,4,20.2,43,0.2,0,2024,0.0163410370020556,0,0,0,0,0,0,1,0,0,0,0.021392406220809256,TN (léger détecté)
0,0,0,10,3.50145625,24,160526,8.3,13.3,3,213.27380952380952,4,20.2,43,0.2,0,2024,0.0163410370020556,0,0,0,0,0,0,1,0,0,0,0.021392406220809256,TN (léger détecté)
0,0,0,10,7.927759226190476,24,231476,8.3,13.3,3,195.875,4,20.2,43,0.2,0,2024,0.0402679833711262,0,0,0,0,0,0,1,0,0,0,0.036099411609797336,TN (léger détecté)
0,0,0,10,7.927759226190476,24,231476,8.3,13.3,3,195.875,4,20.2,43,0.2,0,2024,0.0402679833711262,0,0,0,0,0,0,1,0,0,0,0.036099411609797336,TN (léger détecté)
0,0,0,10,4.806443095238095,23,231476,8.1,12.7,2,224.79166666666663,4,19.9,43,0.2,0,2024,0.0212870703608994,0,0,0,0,0,0,0,0,1,0,0.04153474744175118,TN (léger détecté)
0,0,0,10,3.96222,24,137426,8.3,13.3,3,309.4791666666667,4,20.2,43,0.2,0,2024,0.0123555077973465,0,0,0,0,0,0,1,0,0,0,0.04436301185997629,TN (léger détecté)
0,0,0,10,3.96222,24,137426,8.3,13.3,3,309.4791666666667,4,20.2,43,0.2,0,2024,0.0123555077973465,0,0,0,0,0,0,1,0,0,0,0.04436301185997629,TN (léger détecté)
0,0,0,10,3.85667,23,137426,8.1,12.7,2,554.1339285714286,4,19.9,43,0.2,1,2024,0.0069472784881383,0,0,0,0,0,0,0,0,1,0,0.032814305032207135,TN (léger détecté)
0,0,0,10,3.85667,23,137426,8.1,12.7,2,554.1339285714286,4,19.9,43,0.2,1,2024,0.0069472784881383,0,0,0,0,0,0,0,0,1,0,0.032814305032207135,TN (léger détecté)
0,0,0,10,3.96222,22,137426,11.0,13.5,1,309.4791666666667,4,19.2,43,0.2,0,2024,0.0123555077973465,0,0,0,0,0,0,0,1,0,0,0.05372966350996533,TN (léger détecté)
0,0,0,10,3.96222,22,137426,11.0,13.5,1,309.4791666666667,4,19.2,43,0.2,0,2024,0.0123555077973465,0,0,0,0,0,0,0,1,0,0,0.05372966350996533,TN (léger détecté)
0,0,0,10,3.85667,24,137426,8.3,13.3,3,125.04761904761904,4,20.2,43,0.2,0,2024,0.0305969285984133,0,0,0,0,0,0,1,0,0,0,0.028076561960961845,TN (léger détecté)
0,0,0,10,3.85667,24,137426,8.3,13.3,3,125.04761904761904,4,20.2,43,0.2,0,2024,0.0305969285984133,0,0,0,0,0,0,1,0,0,0,0.028076561960961845,TN (léger détecté)
0,0,0,10,3.96222,23,48784,8.1,12.7,2,309.4791666666667,4,19.9,43,0.2,0,2024,0.0123555077973465,0,0,0,0,0,0,0,0,1,0,0.04206262675495608,TN (léger détecté)
0,0,0,10,3.96222,23,48784,8.1,12.7,2,309.4791666666667,4,19.9,43,0.2,0,2024,0.0123555077973465,0,0,0,0,0,0,0,0,1,0,0.04206262675495608,TN (léger détecté)
0,0,0,10,3.96222,24,19979,8.3,13.3,3,309.4791666666667,4,20.2,43,0.2,0,2024,0.0123555077973465,0,0,0,0,0,0,1,0,0,0,0.052946249878455406,TN (léger détecté)
0,0,0,10,3.96222,24,19979,8.3,13.3,3,309.4791666666667,4,20.2,43,0.2,0,2024,0.0123555077973465,0,0,0,0,0,0,1,0,0,0,0.052946249878455406,TN (léger détecté)
0,1,0,11,3.96222,30,161450,2.1,3.8,5,309.4791666666667,4,8.1,48,0.0,0,2024,0.0123555077973465,0,0,0,0,1,0,0,0,0,0,0.06413357457680442,TN (léger détecté)
0,1,0,11,3.96222,30,161450,2.1,3.8,5,309.4791666666667,4,8.1,48,0.0,0,2024,0.0123555077973465,0,0,0,0,1,0,0,0,0,0,0.06413357457680442,TN (léger détecté)
0,1,0,11,3.96222,30,161450,2.1,3.8,5,309.4791666666667,4,8.1,48,0.0,0,2024,0.0123555077973465,0,0,0,0,1,0,0,0,0,0,0.06413357457680442,TN (léger détecté)
0,0,0,11,14.608333333333334,29,160526,2.2,5.2,4,3364.9065656565654,4,9.4,48,0.0,1,2024,0.0043400887839213,0,0,0,0,0,0,0,0,0,1,0.08543356217903024,FN (grave RATÉ)
0,0,0,11,14.608333333333334,29,160526,2.2,5.2,4,3364.9065656565654,4,9.4,48,0.0,1,2024,0.0043400887839213,0,0,0,0,0,0,0,0,0,0,0.08543356217903024,TN (léger détecté)
0,0,0,11,6.531225782828283,29,41158,2.2,5.2,4,249.1969696969697,4,9.4,48,0.0,0,2024,0.0261043360786451,0,0,0,0,0,0,0,0,0,1,0.07986200717043185,FN (grave RATÉ)
0,1,0,11,3.96222,30,41158,2.1,3.8,5,309.4791666666667,4,8.1,48,0.0,0,2024,0.0123555077973465,0,0,0,0,1,0,0,0,0,0,0.06843768215675738,TN (léger détecté)
0,1,0,11,3.96222,30,41158,2.1,3.8,5,309.4791666666667,4,8.1,48,0.0,0,2024,0.0123555077973465,0,0,0,0,1,0,0,0,0,0,0.06843768215675738,TN (léger détecté)
0,1,0,11,3.96222,30,41158,2.1,3.8,5,309.4791666666667,4,8.1,48,0.0,0,2024,0.0123555077973465,0,0,0,0,1,0,0,0,0,0,0.06843768215675738,TN (léger détecté)
0,1,0,11,1.5516174494949495,30,185914,2.1,3.8,5,51.72979797979798,4,8.1,48,0.0,0,2024,0.0294258182079402,0,0,0,0,1,0,0,0,0,0,0.17124446200430987,FP (fausse alerte)
0,1,0,11,1.5516174494949495,30,185914,2.1,3.8,5,51.72979797979798,4,8.1,48,0.0,0,2024,0.0294258182079402,0,0,0,0,1,0,0,0,0,1,0.17124446200430987,TP (grave détecté)
0,1,0,11,3.96222,30,160526,2.1,3.8,5,309.4791666666667,4,8.1,48,0.0,0,2024,0.0123555077973465,0,0,0,0,1,0,0,0,0,0,0.066127997845457,TN (léger détecté)
0,1,0,11,3.96222,30,160526,2.1,3.8,5,309.4791666666667,4,8.1,48,0.0,0,2024,0.0123555077973465,0,0,0,0,1,0,0,0,0,0,0.066127997845457,TN (léger détecté)
0,1,0,11,3.96222,30,160526,2.1,3.8,5,309.4791666666667,4,8.1,48,0.0,0,2024,0.0123555077973465,0,0,0,0,1,0,0,0,0,0,0.066127997845457,TN (léger détecté)
0,1,0,11,3.96222,30,160526,2.1,3.8,5,309.4791666666667,4,8.1,48,0.0,0,2024,0.0123555077973465,0,0,0,0,1,0,0,0,0,0,0.066127997845457,TN (léger détecté)
0,1,0,11,14.608333333333334,30,161450,2.1,3.8,5,3364.9065656565654,4,8.1,48,0.0,1,2024,0.0043400887839213,0,0,0,0,1,0,0,0,0,0,0.09163275661896696,TN (léger détecté)
0,1,0,11,14.608333333333334,30,161450,2.1,3.8,5,3364.9065656565654,4,8.1,48,0.0,1,2024,0.0043400887839213,0,0,0,0,1,0,0,0,0,0,0.09163275661896696,TN (léger détecté)
0,1,0,11,14.608333333333334,30,161450,2.1,3.8,5,3364.9065656565654,4,8.1,48,0.0,1,2024,0.0043400887839213,0,0,0,0,1,0,0,0,0,0,0.09163275661896696,TN (léger détecté)
0,1,0,11,3.96222,30,161450,2.1,3.8,5,309.4791666666667,4,8.1,48,0.0,0,2024,0.0123555077973465,0,0,0,0,1,0,0,0,0,0,0.06413357457680442,TN (léger détecté)
0,1,0,11,3.96222,30,161450,2.1,3.8,5,309.4791666666667,4,8.1,48,0.0,0,2024,0.0123555077973465,0,0,0,0,1,0,0,0,0,0,0.06413357457680442,TN (léger détecté)
0,1,0,11,2.89917,30,231476,2.1,3.8,5,158.30050505050502,4,8.1,48,0.0,0,2024,0.0181993773282817,0,0,0,0,1,0,0,0,0,0,0.036859065480185256,TN (léger détecté)
0,1,0,11,2.89917,30,231476,2.1,3.8,5,158.30050505050502,4,8.1,48,0.0,0,2024,0.0181993773282817,0,0,0,0,1,0,0,0,0,0,0.036859065480185256,TN (léger détecté)
0,1,0,11,9.915412297979795,30,137426,2.1,3.8,5,150.85353535353534,4,8.1,48,0.0,0,2024,0.0652958936708018,0,0,0,0,1,0,0,0,0,0,0.04364197100787217,TN (léger détecté)
0,1,0,11,9.915412297979795,30,137426,2.1,3.8,5,150.85353535353534,4,8.1,48,0.0,0,2024,0.0652958936708018,0,0,0,0,1,0,0,0,0,0,0.04364197100787217,TN (léger détecté)
0,1,0,11,0.8132974747474746,30,138907,2.1,3.8,5,240.020202020202,4,8.1,48,0.0,0,2024,0.0033743954570219,0,0,0,0,1,0,0,0,0,0,0.06596532710344069,TN (léger détecté)
0,1,0,11,0.8132974747474746,30,138907,2.1,3.8,5,240.020202020202,4,8.1,48,0.0,0,2024,0.0033743954570219,0,0,0,0,1,0,0,0,0,0,0.06596532710344069,TN (léger détecté)
0,1,0,11,0.8132974747474746,30,138907,2.1,3.8,5,240.020202020202,4,8.1,48,0.0,0,2024,0.0033743954570219,0,0,0,0,1,0,0,0,0,0,0.06596532710344069,TN (léger détecté)
0,1,0,11,2.89917,30,84310,2.1,3.8,5,694.6287878787879,4,8.1,48,0.0,1,2024,0.0041676969822375,0,0,0,0,1,0,0,0,0,0,0.027281224510647812,TN (léger détecté)
0,1,0,11,2.89917,30,84310,2.1,3.8,5,694.6287878787879,4,8.1,48,0.0,1,2024,0.0041676969822375,0,0,0,0,1,0,0,0,0,0,0.027281224510647812,TN (léger détecté)
0,1,0,11,3.3522465909090906,30,48784,2.1,3.8,5,673.6388888888889,4,8.1,48,0.0,1,2024,0.0049689495315488,0,0,0,0,1,0,0,0,0,0,0.026435743116122457,TN (léger détecté)
0,1,0,11,3.3522465909090906,30,48784,2.1,3.8,5,673.6388888888889,4,8.1,48,0.0,1,2024,0.0049689495315488,0,0,0,0,1,0,0,0,0,0,0.026435743116122457,TN (léger détecté)
0,1,0,11,5.6181956818181815,30,32386,2.1,3.8,5,321.29292929292933,4,8.1,48,0.0,1,2024,0.017431954508415,0,0,0,0,1,0,0,0,0,0,0.075566300994067,TN (léger détecté)
0,1,0,11,5.6181956818181815,30,32386,2.1,3.8,5,321.29292929292933,4,8.1,48,0.0,1,2024,0.017431954508415,0,0,0,0,1,0,0,0,0,0,0.075566300994067,TN (léger détecté)
