is_pluie,is_weekend,is_ferie,mois,k_moyen,jour,population,meteo_temp_min,meteo_temp_moy,jour_semaine_num,q_moyen,trimestre,meteo_temp_max,semaine_annee,meteo_precipitations,trafic_eleve,annee,ratio_saturation,saison_ete,saison_hiver,saison_printemps,jour_semaine_Monday,jour_semaine_Saturday,jour_semaine_Sunday,jour_semaine_Thursday,jour_semaine_Tuesday,jour_semaine_Wednesday
0,1,0,3,3.96222,24,138907,5.3,8.6,6,309.4791666666667,1,13.9,12,0.2,0,2024,0.012355507797346572,0,0,1,0,0,1,0,0,0
0,1,0,3,3.96222,24,138907,5.3,8.6,6,309.4791666666667,1,13.9,12,0.2,0,2024,0.012355507797346572,0,0,1,0,0,1,0,0,0
0,1,0,3,3.96222,24,138907,5.3,8.6,6,309.4791666666667,1,13.9,12,0.2,0,2024,0.012355507797346572,0,0,1,0,0,1,0,0,0
0,1,0,3,3.96222,24,138907,5.3,8.6,6,309.4791666666667,1,13.9,12,0.2,0,2024,0.012355507797346572,0,0,1,0,0,1,0,0,0
0,1,0,3,3.96222,24,138907,5.3,8.6,6,309.4791666666667,1,13.9,12,0.2,0,2024,0.012355507797346572,0,0,1,0,0,1,0,0,0
0,1,0,3,3.96222,24,138907,5.3,8.6,6,309.4791666666667,1,13.9,12,0.2,0,2024,0.012355507797346572,0,0,1,0,0,1,0,0,0
0,1,0,3,3.96222,24,138907,5.3,8.6,6,309.4791666666667,1,13.9,12,0.2,0,2024,0.012355507797346572,0,0,1,0,0,1,0,0,0
0,1,0,3,3.96222,24,160526,5.3,8.6,6,309.4791666666667,1,13.9,12,0.2,0,2024,0.012355507797346572,0,0,1,0,0,1,0,0,0
0,0,0,3,3.96222,25,179566,4.1,9.9,0,309.4791666666667,1,14.9,13,0.4,0,2024,0.012355507797346572,0,0,1,1,0,0,0,0,0
0,0,0,3,3.96222,25,179566,4.1,9.9,0,309.4791666666667,1,14.9,13,0.4,0,2024,0.012355507797346572,0,0,1,1,0,0,0,0,0
0,0,0,3,5.878194,25,179566,4.1,9.9,0,377.76,1,14.9,13,0.4,1,2024,0.01551957440067589,0,0,1,1,0,0,0,0,0
0,0,0,3,5.878194,25,179566,4.1,9.9,0,377.76,1,14.9,13,0.4,1,2024,0.01551957440067589,0,0,1,1,0,0,0,0,0
0,0,0,3,3.96222,25,179566,4.1,9.9,0,309.4791666666667,1,14.9,13,0.4,0,2024,0.012355507797346572,0,0,1,1,0,0,0,0,0
0,0,0,3,3.96222,25,179566,4.1,9.9,0,309.4791666666667,1,14.9,13,0.4,0,2024,0.012355507797346572,0,0,1,1,0,0,0,0,0
0,0,0,3,7.171868266666667,25,183839,4.1,9.9,0,420.88,1,14.9,13,0.4,1,2024,0.016999782560601754,0,0,1,1,0,0,0,0,0
0,0,0,3,7.171868266666667,25,183839,4.1,9.9,0,420.88,1,14.9,13,0.4,1,2024,0.016999782560601754,0,0,1,1,0,0,0,0,0
0,0,0,3,7.171868266666667,25,183839,4.1,9.9,0,420.88,1,14.9,13,0.4,1,2024,0.016999782560601754,0,0,1,1,0,0,0,0,0
0,0,0,3,3.96222,25,160526,4.1,9.9,0,309.4791666666667,1,14.9,13,0.4,0,2024,0.012355507797346572,0,0,1,1,0,0,0,0,0
0,0,0,3,3.96222,25,160526,4.1,9.9,0,309.4791666666667,1,14.9,13,0.4,0,2024,0.012355507797346572,0,0,1,1,0,0,0,0,0
0,0,0,3,3.96222,25,231476,4.1,9.9,0,419.26666666666665,1,14.9,13,0.4,1,2024,0.009427871192893402,0,0,1,1,0,0,0,0,0
0,0,0,3,3.96222,25,231476,4.1,9.9,0,419.26666666666665,1,14.9,13,0.4,1,2024,0.009427871192893402,0,0,1,1,0,0,0,0,0
0,1,0,3,3.95722,24,19979,5.3,8.6,6,969.9821428571428,1,13.9,12,0.2,1,2024,0.004075481747126437,0,0,1,0,0,1,0,0,0
0,1,0,3,3.95722,24,19979,5.3,8.6,6,969.9821428571428,1,13.9,12,0.2,1,2024,0.004075481747126437,0,0,1,0,0,1,0,0,0
0,1,0,3,2.892064404761905,24,138907,5.3,8.6,6,167.2797619047619,1,13.9,12,0.2,0,2024,0.017186050015917373,0,0,1,0,0,1,0,0,0
0,1,0,3,2.892064404761905,24,138907,5.3,8.6,6,167.2797619047619,1,13.9,12,0.2,0,2024,0.017186050015917373,0,0,1,0,0,1,0,0,0
0,1,0,3,2.892064404761905,24,138907,5.3,8.6,6,167.2797619047619,1,13.9,12,0.2,0,2024,0.017186050015917373,0,0,1,0,0,1,0,0,0
0,1,0,3,2.892064404761905,24,138907,5.3,8.6,6,167.2797619047619,1,13.9,12,0.2,0,2024,0.017186050015917373,0,0,1,0,0,1,0,0,0
0,1,0,3,3.96222,24,41158,5.3,8.6,6,309.4791666666667,1,13.9,12,0.2,0,2024,0.012355507797346572,0,0,1,0,0,1,0,0,0
0,1,0,3,3.96222,24,41158,5.3,8.6,6,309.4791666666667,1,13.9,12,0.2,0,2024,0.012355507797346572,0,0,1,0,0,1,0,0,0
1,1,0,3,3.96222,23,161450,5.4,8.0,5,309.4791666666667,1,13.0,12,7.4,0,2024,0.012355507797346572,0,0,1,0,1,0,0,0,0
1,1,0,3,3.96222,23,161450,5.4,8.0,5,309.4791666666667,1,13.0,12,7.4,0,2024,0.012355507797346572,0,0,1,0,1,0,0,0,0
1,1,0,3,3.96222,23,161450,5.4,8.0,5,309.4791666666667,1,13.0,12,7.4,0,2024,0.012355507797346572,0,0,1,0,1,0,0,0,0
0,1,0,3,13.965178571428572,24,137426,5.3,8.6,6,1439.6190476190477,1,13.9,12,0.2,1,2024,0.00969387333487588,0,0,1,0,0,1,0,0,0
0,1,0,3,13.965178571428572,24,137426,5.3,8.6,6,1439.6190476190477,1,13.9,12,0.2,1,2024,0.00969387333487588,0,0,1,0,0,1,0,0,0
0,1,0,3,2.892064404761905,24,182347,5.3,8.6,6,167.2797619047619,1,13.9,12,0.2,0,2024,0.017186050015917373,0,0,1,0,0,1,0,0,0
0,1,0,3,2.892064404761905,24,182347,5.3,8.6,6,167.2797619047619,1,13.9,12,0.2,0,2024,0.017186050015917373,0,0,1,0,0,1,0,0,0
0,1,0,3,3.4146544047619045,24,138907,5.3,8.6,6,359.2916666666667,1,13.9,12,0.2,1,2024,0.009477472616431792,0,0,1,0,0,1,0,0,0
0,1,0,3,3.4146544047619045,24,138907,5.3,8.6,6,359.2916666666667,1,13.9,12,0.2,1,2024,0.009477472616431792,0,0,1,0,0,1,0,0,0
0,1,0,3,15.440377857142856,24,84310,5.3,8.6,6,680.1845238095239,1,13.9,12,0.2,1,2024,0.02266695339875392,0,0,1,0,0,1,0,0,0
0,1,0,3,15.440377857142856,24,84310,5.3,8.6,6,680.1845238095239,1,13.9,12,0.2,1,2024,0.02266695339875392,0,0,1,0,0,1,0,0,0
0,1,0,3,3.96222,24,160526,5.3,8.6,6,309.4791666666667,1,13.9,12,0.2,0,2024,0.012355507797346572,0,0,1,0,0,1,0,0,0
0,1,0,3,3.96222,24,160526,5.3,8.6,6,309.4791666666667,1,13.9,12,0.2,0,2024,0.012355507797346572,0,0,1,0,0,1,0,0,0
1,0,0,3,3.96222,22,161450,10.1,14.2,4,309.4791666666667,1,20.4,12,3.0,0,2024,0.012355507797346572,0,0,1,0,0,0,0,0,0
1,0,0,3,3.96222,22,161450,10.1,14.2,4,309.4791666666667,1,20.4,12,3.0,0,2024,0.012355507797346572,0,0,1,0,0,0,0,0,0
0,0,0,9,1.7457419642857144,19,138907,14.0,20.0,3,294.86309523809524,3,27.3,38,0.0,0,2024,0.005900505985313349,0,0,0,0,0,0,1,0,0
0,0,0,9,1.7457419642857144,19,138907,14.0,20.0,3,294.86309523809524,3,27.3,38,0.0,0,2024,0.005900505985313349,0,0,0,0,0,0,1,0,0
0,0,0,9,3.96222,18,231476,13.3,19.2,2,309.4791666666667,3,25.6,38,0.0,0,2024,0.012355507797346572,0,0,0,0,0,0,0,0,1
0,0,0,9,3.96222,18,231476,13.3,19.2,2,309.4791666666667,3,25.6,38,0.0,0,2024,0.012355507797346572,0,0,0,0,0,0,0,0,1
0,0,0,9,1.7457419642857144,18,138907,13.3,19.2,2,294.86309523809524,3,25.6,38,0.0,0,2024,0.005900505985313349,0,0,0,0,0,0,0,0,1
0,0,0,9,1.7457419642857144,18,138907,13.3,19.2,2,294.86309523809524,3,25.6,38,0.0,0,2024,0.005900505985313349,0,0,0,0,0,0,0,0,1
0,0,0,9,1.7457419642857144,18,138907,13.3,19.2,2,294.86309523809524,3,25.6,38,0.0,0,2024,0.005900505985313349,0,0,0,0,0,0,0,0,1
0,0,0,9,3.85167,18,137426,13.3,19.2,2,531.2767857142857,3,25.6,38,0.0,1,2024,0.007236216388492829,0,0,0,0,0,0,0,0,1
0,0,0,9,3.85167,18,137426,13.3,19.2,2,531.2767857142857,3,25.6,38,0.0,1,2024,0.007236216388492829,0,0,0,0,0,0,0,0,1
0,0,0,9,3.96222,19,55932,14.0,20.0,3,309.4791666666667,3,27.3,38,0.0,0,2024,0.012355507797346572,0,0,0,0,0,0,1,0,0
0,0,0,9,3.96222,19,185914,14.0,20.0,3,309.4791666666667,3,27.3,38,0.0,0,2024,0.012355507797346572,0,0,0,0,0,0,1,0,0
0,0,0,9,3.96222,19,185914,14.0,20.0,3,309.4791666666667,3,27.3,38,0.0,0,2024,0.012355507797346572,0,0,0,0,0,0,1,0,0
0,0,0,9,6.557971071428571,18,185914,13.3,19.2,2,328.7440476190476,3,25.6,38,0.0,1,2024,0.019888065057674605,0,0,0,0,0,0,0,0,1
0,0,0,9,3.96222,19,179566,14.0,20.0,3,309.4791666666667,3,27.3,38,0.0,0,2024,0.012355507797346572,0,0,0,0,0,0,1,0,0
0,0,0,9,3.96222,19,179566,14.0,20.0,3,309.4791666666667,3,27.3,38,0.0,0,2024,0.012355507797346572,0,0,0,0,0,0,1,0,0
0,0,0,9,3.96222,19,179566,14.0,20.0,3,309.4791666666667,3,27.3,38,0.0,0,2024,0.012355507797346572,0,0,0,0,0,0,1,0,0
0,0,0,9,3.96222,19,179566,14.0,20.0,3,309.4791666666667,3,27.3,38,0.0,0,2024,0.012355507797346572,0,0,0,0,0,0,1,0,0
0,0,0,9,3.96222,18,179566,13.3,19.2,2,309.4791666666667,3,25.6,38,0.0,0,2024,0.012355507797346572,0,0,0,0,0,0,0,0,1
0,0,0,9,3.96222,18,179566,13.3,19.2,2,309.4791666666667,3,25.6,38,0.0,0,2024,0.012355507797346572,0,0,0,0,0,0,0,0,1
0,0,0,9,3.484353154761904,19,183839,14.0,20.0,3,185.28571428571428,3,27.3,38,0.0,0,2024,0.018704349757157464,0,0,0,0,0,0,1,0,0
0,0,0,9,3.484353154761904,19,183839,14.0,20.0,3,185.28571428571428,3,27.3,38,0.0,0,2024,0.018704349757157464,0,0,0,0,0,0,1,0,0
0,0,0,9,3.484353154761904,19,183839,14.0,20.0,3,185.28571428571428,3,27.3,38,0.0,0,2024,0.018704349757157464,0,0,0,0,0,0,1,0,0
0,0,0,9,3.96222,19,160526,14.0,20.0,3,309.4791666666667,3,27.3,38,0.0,0,2024,0.012355507797346572,0,0,0,0,0,0,1,0,0
0,0,0,9,3.96222,19,160526,14.0,20.0,3,309.4791666666667,3,27.3,38,0.0,0,2024,0.012355507797346572,0,0,0,0,0,0,1,0,0
0,0,0,9,3.96222,19,161450,14.0,20.0,3,309.4791666666667,3,27.3,38,0.0,0,2024,0.012355507797346572,0,0,0,0,0,0,1,0,0
0,0,0,9,3.96222,19,161450,14.0,20.0,3,309.4791666666667,3,27.3,38,0.0,0,2024,0.012355507797346572,0,0,0,0,0,0,1,0,0
0,0,0,9,3.96222,19,182347,14.0,20.0,3,309.4791666666667,3,27.3,38,0.0,0,2024,0.012355507797346572,0,0,0,0,0,0,1,0,0
0,0,0,9,3.490411547619048,19,182347,14.0,20.0,3,427.9583333333333,3,27.3,38,0.0,1,2024,0.00813694775549851,0,0,0,0,0,0,1,0,0
0,0,0,9,3.490411547619048,19,182347,14.0,20.0,3,427.9583333333333,3,27.3,38,0.0,1,2024,0.00813694775549851,0,0,0,0,0,0,1,0,0
0,0,0,9,20.96476666666667,19,84310,14.0,20.0,3,696.0714285714286,3,27.3,38,0.0,1,2024,0.030075492707586166,0,0,0,0,0,0,1,0,0
0,0,0,9,20.96476666666667,19,84310,14.0,20.0,3,696.0714285714286,3,27.3,38,0.0,1,2024,0.030075492707586166,0,0,0,0,0,0,1,0,0
0,0,0,9,3.96222,19,48784,14.0,20.0,3,309.4791666666667,3,27.3,38,0.0,0,2024,0.012355507797346572,0,0,0,0,0,0,1,0,0
0,0,0,9,3.96222,19,48784,14.0,20.0,3,309.4791666666667,3,27.3,38,0.0,0,2024,0.012355507797346572,0,0,0,0,0,0,1,0,0
0,0,0,9,3.96222,19,32386,14.0,20.0,3,309.4791666666667,3,27.3,38,0.0,0,2024,0.012355507797346572,0,0,0,0,0,0,1,0,0
0,0,0,9,3.96222,19,32386,14.0,20.0,3,309.4791666666667,3,27.3,38,0.0,0,2024,0.012355507797346572,0,0,0,0,0,0,1,0,0
0,0,0,9,3.96222,19,19979,14.0,20.0,3,309.4791666666667,3,27.3,38,0.0,0,2024,0.012355507797346572,0,0,0,0,0,0,1,0,0
0,0,0,9,3.96222,19,19979,14.0,20.0,3,309.4791666666667,3,27.3,38,0.0,0,2024,0.012355507797346572,0,0,0,0,0,0,1,0,0
0,0,0,9,3.96222,19,138907,14.0,20.0,3,309.4791666666667,3,27.3,38,0.0,0,2024,0.012355507797346572,0,0,0,0,0,0,1,0,0
0,0,0,9,3.96222,19,138907,14.0,20.0,3,309.4791666666667,3,27.3,38,0.0,0,2024,0.012355507797346572,0,0,0,0,0,0,1,0,0
0,0,0,9,3.96222,19,138907,14.0,20.0,3,309.4791666666667,3,27.3,38,0.0,0,2024,0.012355507797346572,0,0,0,0,0,0,1,0,0
0,0,0,9,3.96222,19,138907,14.0,20.0,3,309.4791666666667,3,27.3,38,0.0,0,2024,0.012355507797346572,0,0,0,0,0,0,1,0,0
0,0,0,9,3.96222,19,138907,14.0,20.0,3,309.4791666666667,3,27.3,38,0.0,0,2024,0.012355507797346572,0,0,0,0,0,0,1,0,0
1,0,0,7,3.96222,9,48784,16.3,21.6,1,309.4791666666667,3,26.8,28,3.0,0,2024,0.012355507797346572,1,0,0,0,0,0,0,1,0
1,0,0,7,3.96222,9,48784,16.3,21.6,1,309.4791666666667,3,26.8,28,3.0,0,2024,0.012355507797346572,1,0,0,0,0,0,0,1,0
1,0,1,5,11.9365625,1,183839,13.4,16.8,2,4294.333333333333,2,21.4,18,9.2,1,2024,0.0027789606937761915,0,0,1,0,0,0,0,0,1
1,0,1,5,11.9365625,1,183839,13.4,16.8,2,4294.333333333333,2,21.4,18,9.2,1,2024,0.0027789606937761915,0,0,1,0,0,0,0,0,1
1,0,1,5,0.8043569583333333,1,161450,13.4,16.8,2,255.00833333333333,2,21.4,18,9.2,0,2024,0.0031419170925425606,0,0,1,0,0,0,0,0,1
1,0,1,5,3.96222,1,138887,13.4,16.8,2,309.4791666666667,2,21.4,18,9.2,0,2024,0.012355507797346572,0,0,1,0,0,0,0,0,1
1,0,1,5,3.96222,1,138887,13.4,16.8,2,309.4791666666667,2,21.4,18,9.2,0,2024,0.012355507797346572,0,0,1,0,0,0,0,0,1
1,0,1,5,3.96222,1,48784,13.4,16.8,2,309.4791666666667,2,21.4,18,9.2,0,2024,0.012355507797346572,0,0,1,0,0,0,0,0,1
1,0,1,5,3.96222,1,48784,13.4,16.8,2,309.4791666666667,2,21.4,18,9.2,0,2024,0.012355507797346572,0,0,1,0,0,0,0,0,1
1,0,1,5,3.96222,1,48784,13.4,16.8,2,309.4791666666667,2,21.4,18,9.2,0,2024,0.012355507797346572,0,0,1,0,0,0,0,0,1
1,0,1,5,3.96222,1,48784,13.4,16.8,2,309.4791666666667,2,21.4,18,9.2,0,2024,0.012355507797346572,0,0,1,0,0,0,0,0,1
1,0,1,5,3.96222,1,48784,13.4,16.8,2,309.4791666666667,2,21.4,18,9.2,0,2024,0.012355507797346572,0,0,1,0,0,0,0,0,1
0,0,0,4,3.80917,30,231476,12.6,15.6,1,210.27083333333331,2,20.5,18,0.6,0,2024,0.01802979587811853,0,0,1,0,0,0,0,1,0
0,0,0,4,3.80917,30,231476,12.6,15.6,1,210.27083333333331,2,20.5,18,0.6,0,2024,0.01802979587811853,0,0,1,0,0,0,0,1,0
0,0,0,9,3.96222,18,179566,13.3,19.2,2,309.4791666666667,3,25.6,38,0.0,0,2024,0.012355507797346572,0,0,0,0,0,0,0,0,1
0,0,0,9,3.96222,18,179566,13.3,19.2,2,309.4791666666667,3,25.6,38,0.0,0,2024,0.012355507797346572,0,0,0,0,0,0,0,0,1
0,0,0,9,10.322372321428572,18,179566,13.3,19.2,2,433.70238095238096,3,25.6,38,0.0,1,2024,0.023745838011775985,0,0,0,0,0,0,0,0,1
0,0,0,9,10.322372321428572,18,179566,13.3,19.2,2,433.70238095238096,3,25.6,38,0.0,1,2024,0.023745838011775985,0,0,0,0,0,0,0,0,1
0,0,0,9,3.96222,17,183839,13.5,16.9,1,309.4791666666667,3,23.9,38,0.0,0,2024,0.012355507797346572,0,0,0,0,0,0,0,1,0
0,0,0,9,3.96222,17,183839,13.5,16.9,1,309.4791666666667,3,23.9,38,0.0,0,2024,0.012355507797346572,0,0,0,0,0,0,0,1,0
0,0,0,9,3.96222,18,161450,13.3,19.2,2,309.4791666666667,3,25.6,38,0.0,0,2024,0.012355507797346572,0,0,0,0,0,0,0,0,1
0,0,0,9,3.96222,18,161450,13.3,19.2,2,309.4791666666667,3,25.6,38,0.0,0,2024,0.012355507797346572,0,0,0,0,0,0,0,0,1
0,0,0,9,12.703869047619047,18,161450,13.3,19.2,2,4778.898809523809,3,25.6,38,0.0,1,2024,0.0026577694536769184,0,0,0,0,0,0,0,0,1
0,0,0,9,12.703869047619047,18,161450,13.3,19.2,2,4778.898809523809,3,25.6,38,0.0,1,2024,0.0026577694536769184,0,0,0,0,0,0,0,0,1
0,0,0,9,3.85167,18,161450,13.3,19.2,2,263.875,3,25.6,38,0.0,0,2024,0.01454146295422369,0,0,0,0,0,0,0,0,1
0,0,0,9,3.85167,18,161450,13.3,19.2,2,263.875,3,25.6,38,0.0,0,2024,0.01454146295422369,0,0,0,0,0,0,0,0,1
0,0,0,9,3.85167,18,161450,13.3,19.2,2,263.875,3,25.6,38,0.0,0,2024,0.01454146295422369,0,0,0,0,0,0,0,0,1
0,0,0,9,3.85167,18,231476,13.3,19.2,2,189.4642857142857,3,25.6,38,0.0,0,2024,0.020222531408213014,0,0,0,0,0,0,0,0,1
0,0,0,9,10.88477011904762,17,137426,13.5,16.9,1,325.9642857142857,3,23.9,38,0.0,1,2024,0.03329039468414346,0,0,0,0,0,0,0,1,0
0,0,0,9,10.88477011904762,17,137426,13.5,16.9,1,325.9642857142857,3,23.9,38,0.0,1,2024,0.03329039468414346,0,0,0,0,0,0,0,1,0
0,0,0,9,10.88477011904762,17,137426,13.5,16.9,1,325.9642857142857,3,23.9,38,0.0,1,2024,0.03329039468414346,0,0,0,0,0,0,0,1,0
0,0,0,8,3.96222,13,231476,20.6,23.7,1,309.4791666666667,3,27.6,33,0.0,0,2024,0.012355507797346572,1,0,0,0,0,0,0,1,0
0,0,0,8,3.96222,13,231476,20.6,23.7,1,309.4791666666667,3,27.6,33,0.0,0,2024,0.012355507797346572,1,0,0,0,0,0,0,1,0
0,0,0,8,3.96222,13,231476,20.6,23.7,1,309.4791666666667,3,27.6,33,0.0,0,2024,0.012355507797346572,1,0,0,0,0,0,0,1,0
0,0,0,8,7.394345238095238,12,183839,21.1,28.9,0,3077.8571428571427,3,37.6,33,0.0,1,2024,0.0024016525921801537,1,0,0,1,0,0,0,0,0
0,0,0,8,7.394345238095238,12,183839,21.1,28.9,0,3077.8571428571427,3,37.6,33,0.0,1,2024,0.0024016525921801537,1,0,0,1,0,0,0,0,0
0,0,0,8,7.394345238095238,12,183839,21.1,28.9,0,3077.8571428571427,3,37.6,33,0.0,1,2024,0.0024016525921801537,1,0,0,1,0,0,0,0,0
0,0,0,8,7.394345238095238,12,183839,21.1,28.9,0,3077.8571428571427,3,37.6,33,0.0,1,2024,0.0024016525921801537,1,0,0,1,0,0,0,0,0
0,0,0,8,3.96222,12,183839,21.1,28.9,0,309.4791666666667,3,37.6,33,0.0,0,2024,0.012355507797346572,1,0,0,1,0,0,0,0,0
0,0,0,8,3.96222,12,183839,21.1,28.9,0,309.4791666666667,3,37.6,33,0.0,0,2024,0.012355507797346572,1,0,0,1,0,0,0,0,0
0,0,0,8,3.96222,12,183839,21.1,28.9,0,309.4791666666667,3,37.6,33,0.0,0,2024,0.012355507797346572,1,0,0,1,0,0,0,0,0
0,0,0,8,3.96222,12,185914,21.1,28.9,0,309.4791666666667,3,37.6,33,0.0,0,2024,0.012355507797346572,1,0,0,1,0,0,0,0,0
0,0,0,8,3.96222,12,185914,21.1,28.9,0,309.4791666666667,3,37.6,33,0.0,0,2024,0.012355507797346572,1,0,0,1,0,0,0,0,0
0,0,0,8,7.394345238095238,13,183839,20.6,23.7,1,3077.8571428571427,3,27.6,33,0.0,1,2024,0.0024016525921801537,1,0,0,0,0,0,0,1,0
0,0,0,8,7.394345238095238,13,183839,20.6,23.7,1,3077.8571428571427,3,27.6,33,0.0,1,2024,0.0024016525921801537,1,0,0,0,0,0,0,1,0
0,0,0,8,7.394345238095238,13,183839,20.6,23.7,1,3077.8571428571427,3,27.6,33,0.0,1,2024,0.0024016525921801537,1,0,0,0,0,0,0,1,0
0,0,0,8,3.96222,13,160526,20.6,23.7,1,309.4791666666667,3,27.6,33,0.0,0,2024,0.012355507797346572,1,0,0,0,0,0,0,1,0
0,0,0,8,3.96222,13,160526,20.6,23.7,1,309.4791666666667,3,27.6,33,0.0,0,2024,0.012355507797346572,1,0,0,0,0,0,0,1,0
0,0,0,8,3.96222,13,160526,20.6,23.7,1,309.4791666666667,3,27.6,33,0.0,0,2024,0.012355507797346572,1,0,0,0,0,0,0,1,0
0,0,0,8,3.96222,13,160526,20.6,23.7,1,309.4791666666667,3,27.6,33,0.0,0,2024,0.012355507797346572,1,0,0,0,0,0,0,1,0
0,0,0,8,3.96222,13,182347,20.6,23.7,1,309.4791666666667,3,27.6,33,0.0,0,2024,0.012355507797346572,1,0,0,0,0,0,0,1,0
0,0,0,8,3.96222,13,182347,20.6,23.7,1,309.4791666666667,3,27.6,33,0.0,0,2024,0.012355507797346572,1,0,0,0,0,0,0,1,0
0,0,0,8,3.96222,13,138907,20.6,23.7,1,309.4791666666667,3,27.6,33,0.0,0,2024,0.012355507797346572,1,0,0,0,0,0,0,1,0
0,0,0,8,3.96222,13,138907,20.6,23.7,1,309.4791666666667,3,27.6,33,0.0,0,2024,0.012355507797346572,1,0,0,0,0,0,0,1,0
0,0,0,4,2.4250508749999997,30,138907,12.6,15.6,1,150.86249999999998,2,20.5,18,0.6,0,2024,0.015968727467281257,0,0,1,0,0,0,0,1,0
0,0,0,4,2.4250508749999997,30,138907,12.6,15.6,1,150.86249999999998,2,20.5,18,0.6,0,2024,0.015968727467281257,0,0,1,0,0,0,0,1,0
0,0,0,4,3.96222,30,161450,12.6,15.6,1,309.4791666666667,2,20.5,18,0.6,0,2024,0.012355507797346572,0,0,1,0,0,0,0,1,0
0,0,0,4,3.96222,30,161450,12.6,15.6,1,309.4791666666667,2,20.5,18,0.6,0,2024,0.012355507797346572,0,0,1,0,0,0,0,1,0
0,0,0,4,0.711348375,30,138907,12.6,15.6,1,256.5854166666667,2,20.5,18,0.6,0,2024,0.00276160189581126,0,0,1,0,0,0,0,1,0
0,0,0,4,0.711348375,30,138907,12.6,15.6,1,256.5854166666667,2,20.5,18,0.6,0,2024,0.00276160189581126,0,0,1,0,0,0,0,1,0
0,0,0,4,18.902182708333335,30,55932,12.6,15.6,1,140.74791666666667,2,20.5,18,0.6,0,2024,0.13335069151516044,0,0,1,0,0,0,0,1,0
0,0,0,4,18.902182708333335,30,55932,12.6,15.6,1,140.74791666666667,2,20.5,18,0.6,0,2024,0.13335069151516044,0,0,1,0,0,0,0,1,0
0,0,0,4,3.96222,30,185914,12.6,15.6,1,309.4791666666667,2,20.5,18,0.6,0,2024,0.012355507797346572,0,0,1,0,0,0,0,1,0
0,0,0,4,3.96222,30,185914,12.6,15.6,1,309.4791666666667,2,20.5,18,0.6,0,2024,0.012355507797346572,0,0,1,0,0,0,0,1,0
0,0,0,4,1.1072138333333332,30,185914,12.6,15.6,1,227.29791666666665,2,20.5,18,0.6,0,2024,0.0048498639387496234,0,0,1,0,0,0,0,1,0
0,0,0,4,1.1072138333333332,30,185914,12.6,15.6,1,227.29791666666665,2,20.5,18,0.6,0,2024,0.0048498639387496234,0,0,1,0,0,0,0,1,0
0,0,0,4,3.96222,30,185914,12.6,15.6,1,309.4791666666667,2,20.5,18,0.6,0,2024,0.012355507797346572,0,0,1,0,0,0,0,1,0
0,0,0,4,3.96222,30,185914,12.6,15.6,1,309.4791666666667,2,20.5,18,0.6,0,2024,0.012355507797346572,0,0,1,0,0,0,0,1,0
0,0,0,4,3.96222,30,231476,12.6,15.6,1,309.4791666666667,2,20.5,18,0.6,0,2024,0.012355507797346572,0,0,1,0,0,0,0,1,0
0,0,0,4,3.96222,30,231476,12.6,15.6,1,309.4791666666667,2,20.5,18,0.6,0,2024,0.012355507797346572,0,0,1,0,0,0,0,1,0
0,0,0,4,3.96222,30,231476,12.6,15.6,1,309.4791666666667,2,20.5,18,0.6,0,2024,0.012355507797346572,0,0,1,0,0,0,0,1,0
0,0,0,4,3.96222,29,137426,7.6,14.7,0,309.4791666666667,2,19.5,18,0.2,0,2024,0.012355507797346572,0,0,1,1,0,0,0,0,0
0,0,0,4,3.96222,29,137426,7.6,14.7,0,309.4791666666667,2,19.5,18,0.2,0,2024,0.012355507797346572,0,0,1,1,0,0,0,0,0
0,0,0,4,3.96222,29,137426,7.6,14.7,0,309.4791666666667,2,19.5,18,0.2,0,2024,0.012355507797346572,0,0,1,1,0,0,0,0,0
0,0,0,4,3.80917,29,138907,7.6,14.7,0,161.23125,2,19.5,18,0.2,0,2024,0.023479878260199562,0,0,1,1,0,0,0,0,0
0,0,0,4,3.80917,29,138907,7.6,14.7,0,161.23125,2,19.5,18,0.2,0,2024,0.023479878260199562,0,0,1,1,0,0,0,0,0
0,0,0,4,3.80917,29,138907,7.6,14.7,0,161.23125,2,19.5,18,0.2,0,2024,0.023479878260199562,0,0,1,1,0,0,0,0,0
0,0,0,4,3.96222,29,35837,7.6,14.7,0,309.4791666666667,2,19.5,18,0.2,0,2024,0.012355507797346572,0,0,1,1,0,0,0,0,0
0,0,0,4,3.96222,29,35837,7.6,14.7,0,309.4791666666667,2,19.5,18,0.2,0,2024,0.012355507797346572,0,0,1,1,0,0,0,0,0
0,0,0,4,3.80917,29,32386,7.6,14.7,0,894.0958333333334,2,19.5,18,0.2,1,2024,0.004255600191785796,0,0,1,1,0,0,0,0,0
0,0,0,4,3.80917,29,32386,7.6,14.7,0,894.0958333333334,2,19.5,18,0.2,1,2024,0.004255600191785796,0,0,1,1,0,0,0,0,0
0,0,0,4,3.80917,29,32386,7.6,14.7,0,894.0958333333334,2,19.5,18,0.2,1,2024,0.004255600191785796,0,0,1,1,0,0,0,0,0
0,0,0,8,1.7651073214285713,13,182347,20.6,23.7,1,323.1845238095238,3,27.6,33,0.0,1,2024,0.005444761214035216,1,0,0,0,0,0,0,1,0
0,0,0,8,1.7651073214285713,13,182347,20.6,23.7,1,323.1845238095238,3,27.6,33,0.0,1,2024,0.005444761214035216,1,0,0,0,0,0,0,1,0
1,1,0,2,17.70714285714286,10,160526,8.0,9.1,5,3951.875,1,10.6,6,5.2,1,2024,0.004479560536860603,0,1,0,0,1,0,0,0,0
1,1,0,2,17.70714285714286,10,160526,8.0,9.1,5,3951.875,1,10.6,6,5.2,1,2024,0.004479560536860603,0,1,0,0,1,0,0,0,0
1,1,0,2,17.70714285714286,10,160526,8.0,9.1,5,3951.875,1,10.6,6,5.2,1,2024,0.004479560536860603,0,1,0,0,1,0,0,0,0
0,0,0,2,3.96222,12,160526,6.7,8.5,0,309.4791666666667,1,13.9,7,0.0,0,2024,0.012355507797346572,0,1,0,1,0,0,0,0,0
0,0,0,2,3.96222,12,160526,6.7,8.5,0,309.4791666666667,1,13.9,7,0.0,0,2024,0.012355507797346572,0,1,0,1,0,0,0,0,0
0,0,0,2,3.96222,12,160526,6.7,8.5,0,309.4791666666667,1,13.9,7,0.0,0,2024,0.012355507797346572,0,1,0,1,0,0,0,0,0
0,0,0,2,3.94667,12,231476,6.7,8.5,0,345.4642857142857,1,13.9,7,0.0,1,2024,0.011391275126275642,0,1,0,1,0,0,0,0,0
0,0,0,2,3.96222,12,84310,6.7,8.5,0,309.4791666666667,1,13.9,7,0.0,0,2024,0.012355507797346572,0,1,0,1,0,0,0,0,0
0,0,0,2,3.96222,12,84310,6.7,8.5,0,309.4791666666667,1,13.9,7,0.0,0,2024,0.012355507797346572,0,1,0,1,0,0,0,0,0
0,0,0,2,3.96222,12,27547,6.7,8.5,0,309.4791666666667,1,13.9,7,0.0,0,2024,0.012355507797346572,0,1,0,1,0,0,0,0,0
0,0,0,2,3.96222,12,27547,6.7,8.5,0,309.4791666666667,1,13.9,7,0.0,0,2024,0.012355507797346572,0,1,0,1,0,0,0,0,0
0,0,0,2,3.96222,9,160526,10.5,12.0,4,309.4791666666667,1,14.4,6,0.0,0,2024,0.012355507797346572,0,1,0,0,0,0,0,0,0
0,0,0,2,3.96222,9,160526,10.5,12.0,4,309.4791666666667,1,14.4,6,0.0,0,2024,0.012355507797346572,0,1,0,0,0,0,0,0,0
0,1,0,2,3.96222,11,179566,7.7,9.5,6,309.4791666666667,1,11.2,6,0.8,0,2024,0.012355507797346572,0,1,0,0,0,1,0,0,0
0,1,0,2,3.96222,11,179566,7.7,9.5,6,309.4791666666667,1,11.2,6,0.8,0,2024,0.012355507797346572,0,1,0,0,0,1,0,0,0
1,1,0,2,3.96222,10,160526,8.0,9.1,5,309.4791666666667,1,10.6,6,5.2,0,2024,0.012355507797346572,0,1,0,0,1,0,0,0,0
1,1,0,2,3.96222,10,160526,8.0,9.1,5,309.4791666666667,1,10.6,6,5.2,0,2024,0.012355507797346572,0,1,0,0,1,0,0,0,0
0,1,0,2,3.92833,11,231476,7.7,9.5,6,222.17261904761904,1,11.2,6,0.8,0,2024,0.017602204144773693,0,1,0,0,0,1,0,0,0
0,1,0,2,3.92833,11,231476,7.7,9.5,6,222.17261904761904,1,11.2,6,0.8,0,2024,0.017602204144773693,0,1,0,0,0,1,0,0,0
1,1,0,2,3.92833,10,231476,8.0,9.1,5,222.17261904761904,1,10.6,6,5.2,0,2024,0.017602204144773693,0,1,0,0,1,0,0,0,0
1,1,0,2,3.92833,10,231476,8.0,9.1,5,222.17261904761904,1,10.6,6,5.2,0,2024,0.017602204144773693,0,1,0,0,1,0,0,0,0
0,1,0,2,3.96222,11,231476,7.7,9.5,6,309.4791666666667,1,11.2,6,0.8,0,2024,0.012355507797346572,0,1,0,0,0,1,0,0,0
0,1,0,2,3.96222,11,231476,7.7,9.5,6,309.4791666666667,1,11.2,6,0.8,0,2024,0.012355507797346572,0,1,0,0,0,1,0,0,0
0,0,0,2,3.4490886904761906,9,138907,10.5,12.0,4,384.4821428571428,1,14.4,6,0.0,1,2024,0.008947466839610261,0,1,0,0,0,0,0,0,0
0,0,0,2,3.4490886904761906,9,138907,10.5,12.0,4,384.4821428571428,1,14.4,6,0.0,1,2024,0.008947466839610261,0,1,0,0,0,0,0,0,0
0,0,0,2,3.4490886904761906,9,138907,10.5,12.0,4,384.4821428571428,1,14.4,6,0.0,1,2024,0.008947466839610261,0,1,0,0,0,0,0,0,0
0,1,0,2,3.96222,11,84310,7.7,9.5,6,309.4791666666667,1,11.2,6,0.8,0,2024,0.012355507797346572,0,1,0,0,0,1,0,0,0
0,1,0,2,3.96222,11,84310,7.7,9.5,6,309.4791666666667,1,11.2,6,0.8,0,2024,0.012355507797346572,0,1,0,0,0,1,0,0,0
0,1,0,2,3.96222,11,35837,7.7,9.5,6,309.4791666666667,1,11.2,6,0.8,0,2024,0.012355507797346572,0,1,0,0,0,1,0,0,0
0,1,0,2,3.96222,11,35837,7.7,9.5,6,309.4791666666667,1,11.2,6,0.8,0,2024,0.012355507797346572,0,1,0,0,0,1,0,0,0
1,1,0,2,4.8826069047619045,10,48784,8.0,9.1,5,560.0357142857143,1,10.6,6,5.2,1,2024,0.008702845078192967,0,1,0,0,1,0,0,0,0
1,1,0,2,4.8826069047619045,10,48784,8.0,9.1,5,560.0357142857143,1,10.6,6,5.2,1,2024,0.008702845078192967,0,1,0,0,1,0,0,0,0
1,1,0,2,4.8826069047619045,10,48784,8.0,9.1,5,560.0357142857143,1,10.6,6,5.2,1,2024,0.008702845078192967,0,1,0,0,1,0,0,0,0
0,0,0,6,3.96222,6,179566,9.4,17.0,3,309.4791666666667,2,23.7,23,0.0,0,2024,0.012355507797346572,1,0,0,0,0,0,1,0,0
0,0,0,6,3.96222,6,179566,9.4,17.0,3,309.4791666666667,2,23.7,23,0.0,0,2024,0.012355507797346572,1,0,0,0,0,0,1,0,0
0,0,0,6,2.639563832335329,7,179566,9.8,17.4,4,321.91616766467064,2,24.1,23,0.0,1,2024,0.00817414578967864,1,0,0,0,0,0,0,0,0
0,0,0,6,2.639563832335329,7,179566,9.8,17.4,4,321.91616766467064,2,24.1,23,0.0,1,2024,0.00817414578967864,1,0,0,0,0,0,0,0,0
0,0,0,6,2.639563832335329,7,179566,9.8,17.4,4,321.91616766467064,2,24.1,23,0.0,1,2024,0.00817414578967864,1,0,0,0,0,0,0,0,0
0,0,0,6,3.96222,7,183839,9.8,17.4,4,309.4791666666667,2,24.1,23,0.0,0,2024,0.012355507797346572,1,0,0,0,0,0,0,0,0
0,0,0,6,3.96222,7,183839,9.8,17.4,4,309.4791666666667,2,24.1,23,0.0,0,2024,0.012355507797346572,1,0,0,0,0,0,0,0,0
0,0,0,6,3.96222,7,161450,9.8,17.4,4,309.4791666666667,2,24.1,23,0.0,0,2024,0.012355507797346572,1,0,0,0,0,0,0,0,0
0,0,0,6,3.96222,7,161450,9.8,17.4,4,309.4791666666667,2,24.1,23,0.0,0,2024,0.012355507797346572,1,0,0,0,0,0,0,0,0
0,0,0,6,4.686251976047904,4,161450,13.3,19.5,1,279.5568862275449,2,25.2,23,0.0,0,2024,0.016703393165859177,1,0,0,0,0,0,0,1,0
0,0,0,6,4.686251976047904,4,161450,13.3,19.5,1,279.5568862275449,2,25.2,23,0.0,0,2024,0.016703393165859177,1,0,0,0,0,0,0,1,0
0,0,0,6,13.82245508982036,6,137426,9.4,17.0,3,1482.2335329341315,2,23.7,23,0.0,1,2024,0.009319136051675416,1,0,0,0,0,0,1,0,0
0,0,0,6,13.82245508982036,6,137426,9.4,17.0,3,1482.2335329341315,2,23.7,23,0.0,1,2024,0.009319136051675416,1,0,0,0,0,0,1,0,0
1,0,0,5,0.573567875,31,138907,12.6,14.3,4,288.5708333333333,2,18.0,22,4.0,0,2024,0.001980751543232082,0,0,1,0,0,0,0,0,0
1,0,0,5,0.573567875,31,138907,12.6,14.3,4,288.5708333333333,2,18.0,22,4.0,0,2024,0.001980751543232082,0,0,1,0,0,0,0,0,0
0,0,0,6,3.96222,7,138887,9.8,17.4,4,309.4791666666667,2,24.1,23,0.0,0,2024,0.012355507797346572,1,0,0,0,0,0,0,0,0
0,0,0,6,3.96222,7,138887,9.8,17.4,4,309.4791666666667,2,24.1,23,0.0,0,2024,0.012355507797346572,1,0,0,0,0,0,0,0,0
0,0,0,6,3.96222,7,84310,9.8,17.4,4,309.4791666666667,2,24.1,23,0.0,0,2024,0.012355507797346572,1,0,0,0,0,0,0,0,0
0,0,0,6,3.96222,7,84310,9.8,17.4,4,309.4791666666667,2,24.1,23,0.0,0,2024,0.012355507797346572,1,0,0,0,0,0,0,0,0
0,0,0,6,3.96222,7,84310,9.8,17.4,4,309.4791666666667,2,24.1,23,0.0,0,2024,0.012355507797346572,1,0,0,0,0,0,0,0,0
0,0,0,6,3.96222,6,57934,9.4,17.0,3,309.4791666666667,2,23.7,23,0.0,0,2024,0.012355507797346572,1,0,0,0,0,0,1,0,0
0,0,0,6,3.96222,6,57934,9.4,17.0,3,309.4791666666667,2,23.7,23,0.0,0,2024,0.012355507797346572,1,0,0,0,0,0,1,0,0
0,0,0,6,3.96222,7,161450,9.8,17.4,4,309.4791666666667,2,24.1,23,0.0,0,2024,0.012355507797346572,1,0,0,0,0,0,0,0,0
0,0,0,6,3.96222,7,161450,9.8,17.4,4,309.4791666666667,2,24.1,23,0.0,0,2024,0.012355507797346572,1,0,0,0,0,0,0,0,0
0,0,0,6,3.96222,7,48784,9.8,17.4,4,309.4791666666667,2,24.1,23,0.0,0,2024,0.012355507797346572,1,0,0,0,0,0,0,0,0
0,0,0,6,3.96222,7,48784,9.8,17.4,4,309.4791666666667,2,24.1,23,0.0,0,2024,0.012355507797346572,1,0,0,0,0,0,0,0,0
0,0,0,6,4.688554251497006,7,48784,9.8,17.4,4,977.248502994012,2,24.1,23,0.0,1,2024,0.004792804933661836,1,0,0,0,0,0,0,0,0
0,0,0,6,4.688554251497006,7,48784,9.8,17.4,4,977.248502994012,2,24.1,23,0.0,1,2024,0.004792804933661836,1,0,0,0,0,0,0,0,0
0,0,0,6,4.688554251497006,7,48784,9.8,17.4,4,977.248502994012,2,24.1,23,0.0,1,2024,0.004792804933661836,1,0,0,0,0,0,0,0,0
0,0,0,6,3.96222,7,48784,9.8,17.4,4,309.4791666666667,2,24.1,23,0.0,0,2024,0.012355507797346572,1,0,0,0,0,0,0,0,0
1,1,0,3,14.382142857142856,23,231476,5.4,8.0,5,3818.696428571429,1,13.0,12,7.4,1,2024,0.003765258084271842,0,0,1,0,1,0,0,0,0
1,1,0,3,14.382142857142856,23,231476,5.4,8.0,5,3818.696428571429,1,13.0,12,7.4,1,2024,0.003765258084271842,0,0,1,0,1,0,0,0,0
1,0,0,3,3.96222,22,137426,10.1,14.2,4,309.4791666666667,1,20.4,12,3.0,0,2024,0.012355507797346572,0,0,1,0,0,0,0,0,0
1,0,0,3,3.96222,22,137426,10.1,14.2,4,309.4791666666667,1,20.4,12,3.0,0,2024,0.012355507797346572,0,0,1,0,0,0,0,0,0
1,1,0,3,8.247528035714286,23,183839,5.4,8.0,5,459.25,1,13.0,12,7.4,1,2024,0.017919669822301545,0,0,1,0,1,0,0,0,0
1,1,0,3,8.247528035714286,23,183839,5.4,8.0,5,459.25,1,13.0,12,7.4,1,2024,0.017919669822301545,0,0,1,0,1,0,0,0,0
1,1,0,3,3.96222,23,161450,5.4,8.0,5,309.4791666666667,1,13.0,12,7.4,0,2024,0.012355507797346572,0,0,1,0,1,0,0,0,0
1,1,0,3,3.96222,23,161450,5.4,8.0,5,309.4791666666667,1,13.0,12,7.4,0,2024,0.012355507797346572,0,0,1,0,1,0,0,0,0
1,1,0,3,3.96222,23,161450,5.4,8.0,5,309.4791666666667,1,13.0,12,7.4,0,2024,0.012355507797346572,0,0,1,0,1,0,0,0,0
1,1,0,3,3.96222,23,231476,5.4,8.0,5,309.4791666666667,1,13.0,12,7.4,0,2024,0.012355507797346572,0,0,1,0,1,0,0,0,0
1,1,0,3,3.96222,23,231476,5.4,8.0,5,309.4791666666667,1,13.0,12,7.4,0,2024,0.012355507797346572,0,0,1,0,1,0,0,0,0
1,0,0,3,3.95722,22,137426,10.1,14.2,4,235.3869047619048,1,20.4,12,3.0,0,2024,0.016740436632840628,0,0,1,0,0,0,0,0,0
1,0,0,3,3.95722,22,137426,10.1,14.2,4,235.3869047619048,1,20.4,12,3.0,0,2024,0.016740436632840628,0,0,1,0,0,0,0,0,0
1,1,0,3,7.0979044642857145,23,57934,5.4,8.0,5,158.22619047619048,1,13.0,12,7.4,0,2024,0.04457749345794393,0,0,1,0,1,0,0,0,0
1,1,0,3,7.0979044642857145,23,57934,5.4,8.0,5,158.22619047619048,1,13.0,12,7.4,0,2024,0.04457749345794393,0,0,1,0,1,0,0,0,0
1,1,0,3,3.96222,23,35837,5.4,8.0,5,309.4791666666667,1,13.0,12,7.4,0,2024,0.012355507797346572,0,0,1,0,1,0,0,0,0
1,1,0,3,3.96222,23,35837,5.4,8.0,5,309.4791666666667,1,13.0,12,7.4,0,2024,0.012355507797346572,0,0,1,0,1,0,0,0,0
1,1,0,3,2.8790305357142856,23,48784,5.4,8.0,5,772.7083333333334,1,13.0,12,7.4,1,2024,0.003721079910449828,0,0,1,0,1,0,0,0,0
1,1,0,3,2.8790305357142856,23,48784,5.4,8.0,5,772.7083333333334,1,13.0,12,7.4,1,2024,0.003721079910449828,0,0,1,0,1,0,0,0,0
0,0,0,3,2.707746011904762,21,179566,10.3,15.8,3,179.45833333333334,1,22.0,12,0.0,0,2024,0.015004826664907477,0,0,1,0,0,0,1,0,0
0,0,0,3,2.707746011904762,21,179566,10.3,15.8,3,179.45833333333334,1,22.0,12,0.0,0,2024,0.015004826664907477,0,0,1,0,0,0,1,0,0
1,0,0,3,7.076455952380952,22,55932,10.1,14.2,4,179.88095238095238,1,20.4,12,3.0,0,2024,0.03912217322627353,0,0,1,0,0,0,0,0,0
1,0,0,3,7.076455952380952,22,55932,10.1,14.2,4,179.88095238095238,1,20.4,12,3.0,0,2024,0.03912217322627353,0,0,1,0,0,0,0,0,0
0,0,0,3,3.96222,21,185914,10.3,15.8,3,309.4791666666667,1,22.0,12,0.0,0,2024,0.012355507797346572,0,0,1,0,0,0,1,0,0
0,0,0,3,3.96222,21,185914,10.3,15.8,3,309.4791666666667,1,22.0,12,0.0,0,2024,0.012355507797346572,0,0,1,0,0,0,1,0,0
1,0,0,3,3.95722,22,160526,10.1,14.2,4,375.2083333333333,1,20.4,12,3.0,1,2024,0.010518693100011077,0,0,1,0,0,0,0,0,0
1,0,0,3,3.95722,22,160526,10.1,14.2,4,375.2083333333333,1,20.4,12,3.0,1,2024,0.010518693100011077,0,0,1,0,0,0,0,0,0
1,0,0,3,3.95722,22,160526,10.1,14.2,4,406.32142857142856,1,20.4,12,3.0,1,2024,0.009715226654975888,0,0,1,0,0,0,0,0,0
1,0,0,3,3.96222,22,161450,10.1,14.2,4,309.4791666666667,1,20.4,12,3.0,0,2024,0.012355507797346572,0,0,1,0,0,0,0,0,0
1,0,0,3,3.96222,22,161450,10.1,14.2,4,309.4791666666667,1,20.4,12,3.0,0,2024,0.012355507797346572,0,0,1,0,0,0,0,0,0
1,0,0,3,3.96222,22,161450,10.1,14.2,4,309.4791666666667,1,20.4,12,3.0,0,2024,0.012355507797346572,0,0,1,0,0,0,0,0,0
1,0,0,3,3.96222,22,161450,10.1,14.2,4,309.4791666666667,1,20.4,12,3.0,0,2024,0.012355507797346572,0,0,1,0,0,0,0,0,0
1,0,0,3,3.96222,22,161450,10.1,14.2,4,309.4791666666667,1,20.4,12,3.0,0,2024,0.012355507797346572,0,0,1,0,0,0,0,0,0
0,0,0,3,3.95722,21,137426,10.3,15.8,3,543.2767857142857,1,22.0,12,0.0,1,2024,0.007270602208041471,0,0,1,0,0,0,1,0,0
0,0,0,3,13.965178571428572,21,137426,10.3,15.8,3,1439.6190476190477,1,22.0,12,0.0,1,2024,0.00969387333487588,0,0,1,0,0,0,1,0,0
0,0,0,3,13.965178571428572,21,137426,10.3,15.8,3,1439.6190476190477,1,22.0,12,0.0,1,2024,0.00969387333487588,0,0,1,0,0,0,1,0,0
0,0,0,9,3.85167,17,137426,13.5,16.9,1,174.16666666666666,3,23.9,38,0.0,0,2024,0.021988601332064702,0,0,0,0,0,0,0,1,0
0,0,0,9,1.4075935714285714,18,182347,13.3,19.2,2,267.9761904761905,3,25.6,38,0.0,0,2024,0.005233153049482163,0,0,0,0,0,0,0,0,1
0,0,0,9,1.4075935714285714,18,182347,13.3,19.2,2,267.9761904761905,3,25.6,38,0.0,0,2024,0.005233153049482163,0,0,0,0,0,0,0,0,1
0,0,0,9,3.85167,18,138887,13.3,19.2,2,165.08928571428572,3,25.6,38,0.0,0,2024,0.023190358026018706,0,0,0,0,0,0,0,0,1
0,0,0,9,3.85167,18,138887,13.3,19.2,2,165.08928571428572,3,25.6,38,0.0,0,2024,0.023190358026018706,0,0,0,0,0,0,0,0,1
1,0,0,7,6.01928744047619,9,137426,16.3,21.6,1,250.8452380952381,3,26.8,28,3.0,0,2024,0.023900739541479553,1,0,0,0,0,0,0,1,0
1,0,0,7,6.01928744047619,9,137426,16.3,21.6,1,250.8452380952381,3,26.8,28,3.0,0,2024,0.023900739541479553,1,0,0,0,0,0,0,1,0
0,0,0,9,3.96222,18,35837,13.3,19.2,2,309.4791666666667,3,25.6,38,0.0,0,2024,0.012355507797346572,0,0,0,0,0,0,0,0,1
0,0,0,9,3.96222,18,35837,13.3,19.2,2,309.4791666666667,3,25.6,38,0.0,0,2024,0.012355507797346572,0,0,0,0,0,0,0,0,1
0,0,0,7,1.9310166071428567,8,179566,12.8,20.0,0,280.11309523809524,3,26.3,28,0.0,0,2024,0.006869180553496939,1,0,0,1,0,0,0,0,0
0,0,0,7,1.9310166071428567,8,179566,12.8,20.0,0,280.11309523809524,3,26.3,28,0.0,0,2024,0.006869180553496939,1,0,0,1,0,0,0,0,0
0,0,0,7,1.9310166071428567,8,179566,12.8,20.0,0,280.11309523809524,3,26.3,28,0.0,0,2024,0.006869180553496939,1,0,0,1,0,0,0,0,0
1,0,0,7,3.96222,9,182347,16.3,21.6,1,309.4791666666667,3,26.8,28,3.0,0,2024,0.012355507797346572,1,0,0,0,0,0,0,1,0
1,0,0,7,3.96222,9,182347,16.3,21.6,1,309.4791666666667,3,26.8,28,3.0,0,2024,0.012355507797346572,1,0,0,0,0,0,0,1,0
1,0,0,7,3.96222,9,182347,16.3,21.6,1,309.4791666666667,3,26.8,28,3.0,0,2024,0.012355507797346572,1,0,0,0,0,0,0,1,0
1,0,0,7,3.96222,9,182347,16.3,21.6,1,309.4791666666667,3,26.8,28,3.0,0,2024,0.012355507797346572,1,0,0,0,0,0,0,1,0
1,0,0,7,3.96222,9,182347,16.3,21.6,1,309.4791666666667,3,26.8,28,3.0,0,2024,0.012355507797346572,1,0,0,0,0,0,0,1,0
1,0,0,7,3.96222,9,182347,16.3,21.6,1,309.4791666666667,3,26.8,28,3.0,0,2024,0.012355507797346572,1,0,0,0,0,0,0,1,0
1,0,0,7,3.96222,9,182347,16.3,21.6,1,309.4791666666667,3,26.8,28,3.0,0,2024,0.012355507797346572,1,0,0,0,0,0,0,1,0
1,0,0,7,3.96222,9,182347,16.3,21.6,1,309.4791666666667,3,26.8,28,3.0,0,2024,0.012355507797346572,1,0,0,0,0,0,0,1,0
1,0,0,7,3.96222,9,182347,16.3,21.6,1,309.4791666666667,3,26.8,28,3.0,0,2024,0.012355507797346572,1,0,0,0,0,0,0,1,0
1,0,0,7,3.96222,9,182347,16.3,21.6,1,309.4791666666667,3,26.8,28,3.0,0,2024,0.012355507797346572,1,0,0,0,0,0,0,1,0
1,0,0,7,3.96222,9,182347,16.3,21.6,1,309.4791666666667,3,26.8,28,3.0,0,2024,0.012355507797346572,1,0,0,0,0,0,0,1,0
1,0,0,7,3.96222,9,182347,16.3,21.6,1,309.4791666666667,3,26.8,28,3.0,0,2024,0.012355507797346572,1,0,0,0,0,0,0,1,0
1,0,0,7,3.96222,9,182347,16.3,21.6,1,309.4791666666667,3,26.8,28,3.0,0,2024,0.012355507797346572,1,0,0,0,0,0,0,1,0
1,0,0,7,3.96222,9,182347,16.3,21.6,1,309.4791666666667,3,26.8,28,3.0,0,2024,0.012355507797346572,1,0,0,0,0,0,0,1,0
0,0,0,7,3.96222,8,179566,12.8,20.0,0,309.4791666666667,3,26.3,28,0.0,0,2024,0.012355507797346572,1,0,0,1,0,0,0,0,0
0,0,0,7,3.96222,8,179566,12.8,20.0,0,309.4791666666667,3,26.3,28,0.0,0,2024,0.012355507797346572,1,0,0,1,0,0,0,0,0
1,0,0,7,12.194558273809523,9,160526,16.3,21.6,1,454.0833333333333,3,26.8,28,3.0,1,2024,0.026796319224631805,1,0,0,0,0,0,0,1,0
1,0,0,7,12.194558273809523,9,160526,16.3,21.6,1,454.0833333333333,3,26.8,28,3.0,1,2024,0.026796319224631805,1,0,0,0,0,0,0,1,0
1,0,0,7,3.96222,9,160526,16.3,21.6,1,309.4791666666667,3,26.8,28,3.0,0,2024,0.012355507797346572,1,0,0,0,0,0,0,1,0
1,0,0,7,3.96222,9,160526,16.3,21.6,1,309.4791666666667,3,26.8,28,3.0,0,2024,0.012355507797346572,1,0,0,0,0,0,0,1,0
0,0,0,7,3.96222,8,160526,12.8,20.0,0,309.4791666666667,3,26.3,28,0.0,0,2024,0.012355507797346572,1,0,0,1,0,0,0,0,0
0,0,0,7,3.96222,8,160526,12.8,20.0,0,309.4791666666667,3,26.3,28,0.0,0,2024,0.012355507797346572,1,0,0,1,0,0,0,0,0
0,0,0,7,3.96222,8,160526,12.8,20.0,0,309.4791666666667,3,26.3,28,0.0,0,2024,0.012355507797346572,1,0,0,1,0,0,0,0,0
1,0,0,7,5.592349285714286,9,161450,16.3,21.6,1,306.375,3,26.8,28,3.0,0,2024,0.018193897635508046,1,0,0,0,0,0,0,1,0
1,0,0,7,5.592349285714286,9,161450,16.3,21.6,1,306.375,3,26.8,28,3.0,0,2024,0.018193897635508046,1,0,0,0,0,0,0,1,0
1,0,0,7,3.96222,9,161450,16.3,21.6,1,309.4791666666667,3,26.8,28,3.0,0,2024,0.012355507797346572,1,0,0,0,0,0,0,1,0
1,0,0,7,3.96222,9,161450,16.3,21.6,1,309.4791666666667,3,26.8,28,3.0,0,2024,0.012355507797346572,1,0,0,0,0,0,0,1,0
0,0,0,7,3.96222,8,161450,12.8,20.0,0,309.4791666666667,3,26.3,28,0.0,0,2024,0.012355507797346572,1,0,0,1,0,0,0,0,0
0,0,0,7,3.96222,8,161450,12.8,20.0,0,309.4791666666667,3,26.3,28,0.0,0,2024,0.012355507797346572,1,0,0,1,0,0,0,0,0
1,0,0,7,3.96222,9,182347,16.3,21.6,1,309.4791666666667,3,26.8,28,3.0,0,2024,0.012355507797346572,1,0,0,0,0,0,0,1,0
1,0,0,7,3.96222,9,182347,16.3,21.6,1,309.4791666666667,3,26.8,28,3.0,0,2024,0.012355507797346572,1,0,0,0,0,0,0,1,0
1,0,0,4,3.96222,15,183839,8.6,11.0,0,309.4791666666667,2,15.4,16,3.4,0,2024,0.012355507797346572,0,0,1,1,0,0,0,0,0
1,0,0,4,3.96222,15,183839,8.6,11.0,0,309.4791666666667,2,15.4,16,3.4,0,2024,0.012355507797346572,0,0,1,1,0,0,0,0,0
0,0,0,7,3.96222,8,138907,12.8,20.0,0,309.4791666666667,3,26.3,28,0.0,0,2024,0.012355507797346572,1,0,0,1,0,0,0,0,0
0,0,0,7,3.96222,8,138907,12.8,20.0,0,309.4791666666667,3,26.3,28,0.0,0,2024,0.012355507797346572,1,0,0,1,0,0,0,0,0
0,0,0,7,3.96222,8,138907,12.8,20.0,0,309.4791666666667,3,26.3,28,0.0,0,2024,0.012355507797346572,1,0,0,1,0,0,0,0,0
0,0,0,7,3.96222,8,138907,12.8,20.0,0,309.4791666666667,3,26.3,28,0.0,0,2024,0.012355507797346572,1,0,0,1,0,0,0,0,0
0,0,0,6,4.15,28,138887,15.3,19.8,4,184.1369047619048,2,26.5,26,0.0,0,2024,0.02241584413079124,1,0,0,0,0,0,0,0,0
0,0,0,6,4.15,28,138887,15.3,19.8,4,184.1369047619048,2,26.5,26,0.0,0,2024,0.02241584413079124,1,0,0,0,0,0,0,0,0
1,0,0,7,3.96222,9,84310,16.3,21.6,1,309.4791666666667,3,26.8,28,3.0,0,2024,0.012355507797346572,1,0,0,0,0,0,0,1,0
1,0,0,7,3.96222,9,84310,16.3,21.6,1,309.4791666666667,3,26.8,28,3.0,0,2024,0.012355507797346572,1,0,0,0,0,0,0,1,0
1,0,0,7,3.96222,9,84310,16.3,21.6,1,309.4791666666667,3,26.8,28,3.0,0,2024,0.012355507797346572,1,0,0,0,0,0,0,1,0
1,0,0,7,3.96222,9,84310,16.3,21.6,1,309.4791666666667,3,26.8,28,3.0,0,2024,0.012355507797346572,1,0,0,0,0,0,0,1,0
1,0,0,7,3.96222,9,57934,16.3,21.6,1,309.4791666666667,3,26.8,28,3.0,0,2024,0.012355507797346572,1,0,0,0,0,0,0,1,0
1,0,0,7,3.96222,9,57934,16.3,21.6,1,309.4791666666667,3,26.8,28,3.0,0,2024,0.012355507797346572,1,0,0,0,0,0,0,1,0
1,0,0,7,3.96222,9,35837,16.3,21.6,1,309.4791666666667,3,26.8,28,3.0,0,2024,0.012355507797346572,1,0,0,0,0,0,0,1,0
1,0,0,7,3.96222,9,35837,16.3,21.6,1,309.4791666666667,3,26.8,28,3.0,0,2024,0.012355507797346572,1,0,0,0,0,0,0,1,0
1,0,0,7,9.04621505952381,9,15207,16.3,21.6,1,1075.184523809524,3,26.8,28,3.0,1,2024,0.00840582154768555,1,0,0,0,0,0,0,1,0
1,0,0,7,9.04621505952381,9,15207,16.3,21.6,1,1075.184523809524,3,26.8,28,3.0,1,2024,0.00840582154768555,1,0,0,0,0,0,0,1,0
1,0,0,7,9.394214107142856,9,15207,16.3,21.6,1,309.42261904761904,3,26.8,28,3.0,0,2024,0.030262659776418475,1,0,0,0,0,0,0,1,0
1,0,0,7,9.394214107142856,9,15207,16.3,21.6,1,309.42261904761904,3,26.8,28,3.0,0,2024,0.030262659776418475,1,0,0,0,0,0,0,1,0
0,0,0,9,15.872619047619049,17,160526,13.5,16.9,1,4442.446428571428,3,23.9,38,0.0,1,2024,0.0035721414228284303,0,0,0,0,0,0,0,1,0
0,0,0,9,15.872619047619049,17,160526,13.5,16.9,1,4442.446428571428,3,23.9,38,0.0,1,2024,0.0035721414228284303,0,0,0,0,0,0,0,1,0
0,0,0,9,21.079994642857145,17,160526,13.5,16.9,1,460.5357142857143,3,23.9,38,0.0,1,2024,0.04567359359281901,0,0,0,0,0,0,0,1,0
0,0,0,9,21.079994642857145,17,160526,13.5,16.9,1,460.5357142857143,3,23.9,38,0.0,1,2024,0.04567359359281901,0,0,0,0,0,0,0,1,0
0,0,0,9,3.96222,17,41158,13.5,16.9,1,309.4791666666667,3,23.9,38,0.0,0,2024,0.012355507797346572,0,0,0,0,0,0,0,1,0
0,0,0,9,3.96222,17,41158,13.5,16.9,1,309.4791666666667,3,23.9,38,0.0,0,2024,0.012355507797346572,0,0,0,0,0,0,0,1,0
0,0,0,9,10.322372321428572,17,179566,13.5,16.9,1,433.70238095238096,3,23.9,38,0.0,1,2024,0.023745838011775985,0,0,0,0,0,0,0,1,0
0,0,0,9,10.322372321428572,17,179566,13.5,16.9,1,433.70238095238096,3,23.9,38,0.0,1,2024,0.023745838011775985,0,0,0,0,0,0,0,1,0
0,0,0,9,3.96222,17,160526,13.5,16.9,1,309.4791666666667,3,23.9,38,0.0,0,2024,0.012355507797346572,0,0,0,0,0,0,0,1,0
0,0,0,9,3.96222,17,160526,13.5,16.9,1,309.4791666666667,3,23.9,38,0.0,0,2024,0.012355507797346572,0,0,0,0,0,0,0,1,0
0,0,0,9,1.1757622023809524,16,160526,11.8,16.9,0,76.71428571428571,3,22.0,38,0.0,0,2024,0.01512929304534314,0,0,0,1,0,0,0,0,0
0,0,0,9,1.1757622023809524,16,160526,11.8,16.9,0,76.71428571428571,3,22.0,38,0.0,0,2024,0.01512929304534314,0,0,0,1,0,0,0,0,0
0,0,0,9,2.702325714285714,17,161450,13.5,16.9,1,500.5,3,23.9,38,0.0,1,2024,0.00538848597065945,0,0,0,0,0,0,0,1,0
0,0,0,9,2.702325714285714,17,161450,13.5,16.9,1,500.5,3,23.9,38,0.0,1,2024,0.00538848597065945,0,0,0,0,0,0,0,1,0
0,0,0,9,3.96222,16,137426,11.8,16.9,0,309.4791666666667,3,22.0,38,0.0,0,2024,0.012355507797346572,0,0,0,1,0,0,0,0,0
0,0,0,9,3.96222,16,137426,11.8,16.9,0,309.4791666666667,3,22.0,38,0.0,0,2024,0.012355507797346572,0,0,0,1,0,0,0,0,0
0,0,0,9,3.96222,17,57934,13.5,16.9,1,309.4791666666667,3,23.9,38,0.0,0,2024,0.012355507797346572,0,0,0,0,0,0,0,1,0
0,0,0,9,3.96222,17,57934,13.5,16.9,1,309.4791666666667,3,23.9,38,0.0,0,2024,0.012355507797346572,0,0,0,0,0,0,0,1,0
0,0,0,9,23.20522595238096,17,35837,13.5,16.9,1,235.4047619047619,3,23.9,38,0.0,0,2024,0.09815887702689097,0,0,0,0,0,0,0,1,0
0,0,0,9,23.20522595238096,17,35837,13.5,16.9,1,235.4047619047619,3,23.9,38,0.0,0,2024,0.09815887702689097,0,0,0,0,0,0,0,1,0
0,0,0,8,3.96222,12,179566,21.1,28.9,0,309.4791666666667,3,37.6,33,0.0,0,2024,0.012355507797346572,1,0,0,1,0,0,0,0,0
0,0,0,8,3.96222,12,179566,21.1,28.9,0,309.4791666666667,3,37.6,33,0.0,0,2024,0.012355507797346572,1,0,0,1,0,0,0,0,0
0,0,0,9,3.418516547619048,17,15207,13.5,16.9,1,1013.279761904762,3,23.9,38,0.0,1,2024,0.0033703882065035592,0,0,0,0,0,0,0,1,0
0,0,0,9,3.418516547619048,17,15207,13.5,16.9,1,1013.279761904762,3,23.9,38,0.0,1,2024,0.0033703882065035592,0,0,0,0,0,0,0,1,0
0,0,0,8,6.969138273809524,12,183839,21.1,28.9,0,384.5654761904762,3,37.6,33,0.0,1,2024,0.018075109687379392,1,0,0,1,0,0,0,0,0
0,0,0,8,6.969138273809524,12,183839,21.1,28.9,0,384.5654761904762,3,37.6,33,0.0,1,2024,0.018075109687379392,1,0,0,1,0,0,0,0,0
0,0,0,9,3.96222,16,27547,11.8,16.9,0,309.4791666666667,3,22.0,38,0.0,0,2024,0.012355507797346572,0,0,0,1,0,0,0,0,0
0,0,0,8,3.96222,12,183839,21.1,28.9,0,309.4791666666667,3,37.6,33,0.0,0,2024,0.012355507797346572,1,0,0,1,0,0,0,0,0
0,0,0,8,3.96222,12,183839,21.1,28.9,0,309.4791666666667,3,37.6,33,0.0,0,2024,0.012355507797346572,1,0,0,1,0,0,0,0,0
0,0,0,9,3.96222,16,32386,11.8,16.9,0,309.4791666666667,3,22.0,38,0.0,0,2024,0.012355507797346572,0,0,0,1,0,0,0,0,0
0,0,0,9,3.96222,16,32386,11.8,16.9,0,309.4791666666667,3,22.0,38,0.0,0,2024,0.012355507797346572,0,0,0,1,0,0,0,0,0
0,0,0,9,3.96222,16,32386,11.8,16.9,0,309.4791666666667,3,22.0,38,0.0,0,2024,0.012355507797346572,0,0,0,1,0,0,0,0,0
0,0,0,8,4.321390416666667,12,35837,21.1,28.9,0,365.6845238095238,3,37.6,33,0.0,1,2024,0.011785036280700616,1,0,0,1,0,0,0,0,0
0,0,0,8,4.321390416666667,12,35837,21.1,28.9,0,365.6845238095238,3,37.6,33,0.0,1,2024,0.011785036280700616,1,0,0,1,0,0,0,0,0
0,0,0,8,7.626908928571429,12,35837,21.1,28.9,0,337.23214285714283,3,37.6,33,0.0,1,2024,0.022549332136634816,1,0,0,1,0,0,0,0,0
0,0,0,8,7.626908928571429,12,35837,21.1,28.9,0,337.23214285714283,3,37.6,33,0.0,1,2024,0.022549332136634816,1,0,0,1,0,0,0,0,0
0,0,0,8,3.96222,12,19979,21.1,28.9,0,309.4791666666667,3,37.6,33,0.0,0,2024,0.012355507797346572,1,0,0,1,0,0,0,0,0
0,0,0,8,3.96222,12,19979,21.1,28.9,0,309.4791666666667,3,37.6,33,0.0,0,2024,0.012355507797346572,1,0,0,1,0,0,0,0,0
1,1,0,4,3.96222,27,183839,10.2,12.8,5,309.4791666666667,2,17.7,17,7.6,0,2024,0.012355507797346572,0,0,1,0,1,0,0,0,0
1,1,0,4,3.96222,27,183839,10.2,12.8,5,309.4791666666667,2,17.7,17,7.6,0,2024,0.012355507797346572,0,0,1,0,1,0,0,0,0
1,1,0,4,3.96222,27,183839,10.2,12.8,5,309.4791666666667,2,17.7,17,7.6,0,2024,0.012355507797346572,0,0,1,0,1,0,0,0,0
0,0,0,4,3.96222,29,55932,7.6,14.7,0,309.4791666666667,2,19.5,18,0.2,0,2024,0.012355507797346572,0,0,1,1,0,0,0,0,0
0,0,0,4,3.96222,29,55932,7.6,14.7,0,309.4791666666667,2,19.5,18,0.2,0,2024,0.012355507797346572,0,0,1,1,0,0,0,0,0
0,0,0,4,3.96222,29,160526,7.6,14.7,0,309.4791666666667,2,19.5,18,0.2,0,2024,0.012355507797346572,0,0,1,1,0,0,0,0,0
0,0,0,4,3.96222,29,160526,7.6,14.7,0,309.4791666666667,2,19.5,18,0.2,0,2024,0.012355507797346572,0,0,1,1,0,0,0,0,0
0,0,0,4,3.80917,29,231476,7.6,14.7,0,210.27083333333331,2,19.5,18,0.2,0,2024,0.01802979587811853,0,0,1,1,0,0,0,0,0
0,0,0,4,3.80917,29,231476,7.6,14.7,0,210.27083333333331,2,19.5,18,0.2,0,2024,0.01802979587811853,0,0,1,1,0,0,0,0,0
0,0,0,4,3.80917,29,231476,7.6,14.7,0,210.27083333333331,2,19.5,18,0.2,0,2024,0.01802979587811853,0,0,1,1,0,0,0,0,0
0,0,0,4,3.96222,29,138887,7.6,14.7,0,309.4791666666667,2,19.5,18,0.2,0,2024,0.012355507797346572,0,0,1,1,0,0,0,0,0
0,0,0,4,3.96222,29,138887,7.6,14.7,0,309.4791666666667,2,19.5,18,0.2,0,2024,0.012355507797346572,0,0,1,1,0,0,0,0,0
0,0,0,4,2.650878104166667,29,138887,7.6,14.7,0,180.28541666666666,2,19.5,18,0.2,0,2024,0.014622677063102614,0,0,1,1,0,0,0,0,0
0,0,0,4,1.3404295833333333,29,35837,7.6,14.7,0,520.6666666666666,2,19.5,18,0.2,1,2024,0.0025695135782747604,0,0,1,1,0,0,0,0,0
0,0,0,4,1.3404295833333333,29,35837,7.6,14.7,0,520.6666666666666,2,19.5,18,0.2,1,2024,0.0025695135782747604,0,0,1,1,0,0,0,0,0
0,1,0,4,3.96222,28,182347,10.5,13.0,6,309.4791666666667,2,18.2,17,0.0,0,2024,0.012355507797346572,0,0,1,0,0,1,0,0,0
0,1,0,4,3.96222,28,182347,10.5,13.0,6,309.4791666666667,2,18.2,17,0.0,0,2024,0.012355507797346572,0,0,1,0,0,1,0,0,0
0,0,0,8,0.4736333928571429,9,138907,19.7,23.3,4,178.91666666666666,3,28.5,32,0.2,0,2024,0.002632515384106399,1,0,0,0,0,0,0,0,0
0,0,0,8,0.4736333928571429,9,138907,19.7,23.3,4,178.91666666666666,3,28.5,32,0.2,0,2024,0.002632515384106399,1,0,0,0,0,0,0,0,0
0,1,0,8,0.750959880952381,10,185914,15.6,23.2,5,44.26190476190476,3,31.6,32,0.0,0,2024,0.016591433456075753,1,0,0,0,1,0,0,0,0
0,1,0,8,0.750959880952381,10,185914,15.6,23.2,5,44.26190476190476,3,31.6,32,0.0,0,2024,0.016591433456075753,1,0,0,0,1,0,0,0,0
0,1,0,8,0.750959880952381,10,185914,15.6,23.2,5,44.26190476190476,3,31.6,32,0.0,0,2024,0.016591433456075753,1,0,0,0,1,0,0,0,0
0,1,0,8,0.750959880952381,10,185914,15.6,23.2,5,44.26190476190476,3,31.6,32,0.0,0,2024,0.016591433456075753,1,0,0,0,1,0,0,0,0
0,1,0,8,0.750959880952381,10,185914,15.6,23.2,5,44.26190476190476,3,31.6,32,0.0,0,2024,0.016591433456075753,1,0,0,0,1,0,0,0,0
0,1,0,8,0.750959880952381,10,185914,15.6,23.2,5,44.26190476190476,3,31.6,32,0.0,0,2024,0.016591433456075753,1,0,0,0,1,0,0,0,0
0,1,0,8,0.750959880952381,10,185914,15.6,23.2,5,44.26190476190476,3,31.6,32,0.0,0,2024,0.016591433456075753,1,0,0,0,1,0,0,0,0
0,1,0,8,10.410416666666666,11,160526,17.4,26.2,6,3676.315476190476,3,33.3,32,0.2,1,2024,0.0028309827465364387,1,0,0,0,0,1,0,0,0
0,1,0,8,10.410416666666666,11,160526,17.4,26.2,6,3676.315476190476,3,33.3,32,0.2,1,2024,0.0028309827465364387,1,0,0,0,0,1,0,0,0
0,1,0,8,3.96222,10,160526,15.6,23.2,5,309.4791666666667,3,31.6,32,0.0,0,2024,0.012355507797346572,1,0,0,0,1,0,0,0,0
0,1,0,8,3.96222,10,160526,15.6,23.2,5,309.4791666666667,3,31.6,32,0.0,0,2024,0.012355507797346572,1,0,0,0,1,0,0,0,0
0,1,0,8,3.96222,10,160526,15.6,23.2,5,309.4791666666667,3,31.6,32,0.0,0,2024,0.012355507797346572,1,0,0,0,1,0,0,0,0
0,1,0,8,3.96222,11,161450,17.4,26.2,6,309.4791666666667,3,33.3,32,0.2,0,2024,0.012355507797346572,1,0,0,0,0,1,0,0,0
0,1,0,8,3.96222,11,161450,17.4,26.2,6,309.4791666666667,3,33.3,32,0.2,0,2024,0.012355507797346572,1,0,0,0,0,1,0,0,0
0,1,0,8,3.96222,11,182347,17.4,26.2,6,309.4791666666667,3,33.3,32,0.2,0,2024,0.012355507797346572,1,0,0,0,0,1,0,0,0
0,1,0,8,11.998112857142855,11,84310,17.4,26.2,6,539.077380952381,3,33.3,32,0.2,1,2024,0.022215544068861382,1,0,0,0,0,1,0,0,0
0,1,0,8,11.998112857142855,11,84310,17.4,26.2,6,539.077380952381,3,33.3,32,0.2,1,2024,0.022215544068861382,1,0,0,0,0,1,0,0,0
0,1,0,8,2.63222,11,84310,17.4,26.2,6,324.8511904761905,3,33.3,32,0.2,1,2024,0.008077981842427341,1,0,0,0,0,1,0,0,0
0,1,0,8,2.63222,11,84310,17.4,26.2,6,324.8511904761905,3,33.3,32,0.2,1,2024,0.008077981842427341,1,0,0,0,0,1,0,0,0
0,1,0,8,3.96222,11,27547,17.4,26.2,6,309.4791666666667,3,33.3,32,0.2,0,2024,0.012355507797346572,1,0,0,0,0,1,0,0,0
0,1,0,8,3.96222,11,27547,17.4,26.2,6,309.4791666666667,3,33.3,32,0.2,0,2024,0.012355507797346572,1,0,0,0,0,1,0,0,0
0,1,0,8,5.7170186309523805,11,15207,17.4,26.2,6,650.375,3,33.3,32,0.2,1,2024,0.008776846871544626,1,0,0,0,0,1,0,0,0
0,1,0,8,5.7170186309523805,11,15207,17.4,26.2,6,650.375,3,33.3,32,0.2,1,2024,0.008776846871544626,1,0,0,0,0,1,0,0,0
0,1,0,8,5.7170186309523805,11,15207,17.4,26.2,6,650.375,3,33.3,32,0.2,1,2024,0.008776846871544626,1,0,0,0,0,1,0,0,0
0,0,0,2,17.70714285714286,9,161450,10.5,12.0,4,3951.875,1,14.4,6,0.0,1,2024,0.004479560536860603,0,1,0,0,0,0,0,0,0
0,0,0,2,17.70714285714286,9,161450,10.5,12.0,4,3951.875,1,14.4,6,0.0,1,2024,0.004479560536860603,0,1,0,0,0,0,0,0,0
0,0,0,2,17.70714285714286,9,161450,10.5,12.0,4,3951.875,1,14.4,6,0.0,1,2024,0.004479560536860603,0,1,0,0,0,0,0,0,0
1,0,0,2,3.92833,8,35837,11.9,12.5,3,445.1547619047619,1,14.4,6,5.2,1,2024,0.008804859513835151,0,1,0,0,0,0,1,0,0
1,0,0,2,3.92833,8,35837,11.9,12.5,3,445.1547619047619,1,14.4,6,5.2,1,2024,0.008804859513835151,0,1,0,0,0,0,1,0,0
1,1,0,2,3.135196607142857,10,179566,8.0,9.1,5,294.0833333333333,1,10.6,6,5.2,0,2024,0.01062478375761488,0,1,0,0,1,0,0,0,0
1,1,0,2,3.135196607142857,10,179566,8.0,9.1,5,294.0833333333333,1,10.6,6,5.2,0,2024,0.01062478375761488,0,1,0,0,1,0,0,0,0
1,1,0,2,3.135196607142857,10,179566,8.0,9.1,5,294.0833333333333,1,10.6,6,5.2,0,2024,0.01062478375761488,0,1,0,0,1,0,0,0,0
1,1,0,2,3.96222,10,179566,8.0,9.1,5,309.4791666666667,1,10.6,6,5.2,0,2024,0.012355507797346572,0,1,0,0,1,0,0,0,0
1,1,0,2,3.96222,10,179566,8.0,9.1,5,309.4791666666667,1,10.6,6,5.2,0,2024,0.012355507797346572,0,1,0,0,1,0,0,0,0
0,0,0,2,7.22784113095238,9,183839,10.5,12.0,4,470.82738095238096,1,14.4,6,0.0,1,2024,0.015318825110071025,0,1,0,0,0,0,0,0,0
0,0,0,2,7.22784113095238,9,183839,10.5,12.0,4,470.82738095238096,1,14.4,6,0.0,1,2024,0.015318825110071025,0,1,0,0,0,0,0,0,0
0,0,0,2,7.22784113095238,9,183839,10.5,12.0,4,470.82738095238096,1,14.4,6,0.0,1,2024,0.015318825110071025,0,1,0,0,0,0,0,0,0
0,0,0,2,7.22784113095238,9,183839,10.5,12.0,4,470.82738095238096,1,14.4,6,0.0,1,2024,0.015318825110071025,0,1,0,0,0,0,0,0,0
1,1,0,2,3.96222,10,160526,8.0,9.1,5,309.4791666666667,1,10.6,6,5.2,0,2024,0.012355507797346572,0,1,0,0,1,0,0,0,0
1,1,0,2,3.96222,10,160526,8.0,9.1,5,309.4791666666667,1,10.6,6,5.2,0,2024,0.012355507797346572,0,1,0,0,1,0,0,0,0
1,1,0,2,3.96222,10,160526,8.0,9.1,5,309.4791666666667,1,10.6,6,5.2,0,2024,0.012355507797346572,0,1,0,0,1,0,0,0,0
0,0,0,2,3.92833,9,231476,10.5,12.0,4,222.17261904761904,1,14.4,6,0.0,0,2024,0.017602204144773693,0,1,0,0,0,0,0,0,0
0,0,0,2,3.92833,9,231476,10.5,12.0,4,222.17261904761904,1,14.4,6,0.0,0,2024,0.017602204144773693,0,1,0,0,0,0,0,0,0
0,0,0,2,3.92833,9,231476,10.5,12.0,4,222.17261904761904,1,14.4,6,0.0,0,2024,0.017602204144773693,0,1,0,0,0,0,0,0,0
1,1,0,2,3.96222,10,35837,8.0,9.1,5,309.4791666666667,1,10.6,6,5.2,0,2024,0.012355507797346572,0,1,0,0,1,0,0,0,0
1,1,0,2,3.96222,10,35837,8.0,9.1,5,309.4791666666667,1,10.6,6,5.2,0,2024,0.012355507797346572,0,1,0,0,1,0,0,0,0
1,1,0,2,3.96222,10,35837,8.0,9.1,5,309.4791666666667,1,10.6,6,5.2,0,2024,0.012355507797346572,0,1,0,0,1,0,0,0,0
1,1,0,2,3.96222,10,35837,8.0,9.1,5,309.4791666666667,1,10.6,6,5.2,0,2024,0.012355507797346572,0,1,0,0,1,0,0,0,0
1,1,0,3,3.96222,17,160526,10.8,12.8,6,309.4791666666667,1,15.7,11,3.0,0,2024,0.012355507797346572,0,0,1,0,0,1,0,0,0
1,1,0,3,3.96222,17,160526,10.8,12.8,6,309.4791666666667,1,15.7,11,3.0,0,2024,0.012355507797346572,0,0,1,0,0,1,0,0,0
0,0,0,2,0.0,9,138907,10.5,12.0,4,282.23809523809524,1,14.4,6,0.0,0,2024,0.0,0,1,0,0,0,0,0,0,0
0,0,0,2,0.0,9,138907,10.5,12.0,4,282.23809523809524,1,14.4,6,0.0,0,2024,0.0,0,1,0,0,0,0,0,0,0
0,0,0,2,6.091062321428571,9,179566,10.5,12.0,4,391.7559523809524,1,14.4,6,0.0,1,2024,0.015508516890714273,0,1,0,0,0,0,0,0,0
0,0,0,2,6.091062321428571,9,179566,10.5,12.0,4,391.7559523809524,1,14.4,6,0.0,1,2024,0.015508516890714273,0,1,0,0,0,0,0,0,0
1,0,0,2,3.96222,8,137426,11.9,12.5,3,309.4791666666667,1,14.4,6,5.2,0,2024,0.012355507797346572,0,1,0,0,0,0,1,0,0
1,0,0,2,3.96222,8,137426,11.9,12.5,3,309.4791666666667,1,14.4,6,5.2,0,2024,0.012355507797346572,0,1,0,0,0,0,1,0,0
1,0,0,2,3.96222,8,137426,11.9,12.5,3,309.4791666666667,1,14.4,6,5.2,0,2024,0.012355507797346572,0,1,0,0,0,0,1,0,0
1,0,0,2,3.96222,8,137426,11.9,12.5,3,309.4791666666667,1,14.4,6,5.2,0,2024,0.012355507797346572,0,1,0,0,0,0,1,0,0
1,0,0,2,3.96222,8,137426,11.9,12.5,3,309.4791666666667,1,14.4,6,5.2,0,2024,0.012355507797346572,0,1,0,0,0,0,1,0,0
1,0,0,2,0.3583451785714285,8,182347,11.9,12.5,3,335.98809523809524,1,14.4,6,5.2,1,2024,0.0010633763733352171,0,1,0,0,0,0,1,0,0
1,0,0,2,0.3583451785714285,8,182347,11.9,12.5,3,335.98809523809524,1,14.4,6,5.2,1,2024,0.0010633763733352171,0,1,0,0,0,0,1,0,0
0,0,0,2,2.961863333333333,9,138887,10.5,12.0,4,131.76785714285714,1,14.4,6,0.0,0,2024,0.022308587312261822,0,1,0,0,0,0,0,0,0
0,0,0,2,2.961863333333333,9,138887,10.5,12.0,4,131.76785714285714,1,14.4,6,0.0,0,2024,0.022308587312261822,0,1,0,0,0,0,0,0,0
0,0,0,2,3.96222,9,15207,10.5,12.0,4,309.4791666666667,1,14.4,6,0.0,0,2024,0.012355507797346572,0,1,0,0,0,0,0,0,0
0,0,0,2,3.96222,9,15207,10.5,12.0,4,309.4791666666667,1,14.4,6,0.0,0,2024,0.012355507797346572,0,1,0,0,0,0,0,0,0
0,0,0,6,13.82245508982036,5,137426,15.5,17.8,2,1482.2335329341315,2,23.3,23,0.0,1,2024,0.009319136051675416,1,0,0,0,0,0,0,0,1
0,0,0,6,13.82245508982036,5,137426,15.5,17.8,2,1482.2335329341315,2,23.3,23,0.0,1,2024,0.009319136051675416,1,0,0,0,0,0,0,0,1
0,0,0,6,6.4124564371257495,6,179566,9.4,17.0,3,416.6556886227545,2,23.7,23,0.0,1,2024,0.01535345168713306,1,0,0,0,0,0,1,0,0
0,0,0,6,6.4124564371257495,6,179566,9.4,17.0,3,416.6556886227545,2,23.7,23,0.0,1,2024,0.01535345168713306,1,0,0,0,0,0,1,0,0
0,0,0,6,3.96222,6,183839,9.4,17.0,3,309.4791666666667,2,23.7,23,0.0,0,2024,0.012355507797346572,1,0,0,0,0,0,1,0,0
0,0,0,6,3.96222,6,183839,9.4,17.0,3,309.4791666666667,2,23.7,23,0.0,0,2024,0.012355507797346572,1,0,0,0,0,0,1,0,0
0,0,0,6,3.96222,6,183839,9.4,17.0,3,309.4791666666667,2,23.7,23,0.0,0,2024,0.012355507797346572,1,0,0,0,0,0,1,0,0
0,0,0,6,3.96222,6,183839,9.4,17.0,3,309.4791666666667,2,23.7,23,0.0,0,2024,0.012355507797346572,1,0,0,0,0,0,1,0,0
0,0,0,6,3.96222,5,160526,15.5,17.8,2,309.4791666666667,2,23.3,23,0.0,0,2024,0.012355507797346572,1,0,0,0,0,0,0,0,1
0,0,0,6,3.96222,5,160526,15.5,17.8,2,309.4791666666667,2,23.3,23,0.0,0,2024,0.012355507797346572,1,0,0,0,0,0,0,0,1
0,0,0,6,3.96222,6,161450,9.4,17.0,3,309.4791666666667,2,23.7,23,0.0,0,2024,0.012355507797346572,1,0,0,0,0,0,1,0,0
0,0,0,6,3.96222,6,161450,9.4,17.0,3,309.4791666666667,2,23.7,23,0.0,0,2024,0.012355507797346572,1,0,0,0,0,0,1,0,0
0,0,0,6,3.96222,6,161450,9.4,17.0,3,309.4791666666667,2,23.7,23,0.0,0,2024,0.012355507797346572,1,0,0,0,0,0,1,0,0
0,0,0,6,3.96222,6,161450,9.4,17.0,3,309.4791666666667,2,23.7,23,0.0,0,2024,0.012355507797346572,1,0,0,0,0,0,1,0,0
0,0,0,6,3.96222,6,161450,9.4,17.0,3,309.4791666666667,2,23.7,23,0.0,0,2024,0.012355507797346572,1,0,0,0,0,0,1,0,0
0,0,0,6,3.96222,6,161450,9.4,17.0,3,309.4791666666667,2,23.7,23,0.0,0,2024,0.012355507797346572,1,0,0,0,0,0,1,0,0
0,0,0,6,4.345,6,231476,9.4,17.0,3,238.77844311377245,2,23.7,23,0.0,0,2024,0.018120895037834327,1,0,0,0,0,0,1,0,0
0,0,0,6,4.345,6,231476,9.4,17.0,3,238.77844311377245,2,23.7,23,0.0,0,2024,0.018120895037834327,1,0,0,0,0,0,1,0,0
0,0,0,6,3.96222,6,138887,9.4,17.0,3,309.4791666666667,2,23.7,23,0.0,0,2024,0.012355507797346572,1,0,0,0,0,0,1,0,0
0,0,0,6,3.96222,6,138887,9.4,17.0,3,309.4791666666667,2,23.7,23,0.0,0,2024,0.012355507797346572,1,0,0,0,0,0,1,0,0
0,0,0,6,4.345,5,138887,15.5,17.8,2,172.33832335329342,2,23.3,23,0.0,0,2024,0.025066586060972448,1,0,0,0,0,0,0,0,1
0,0,0,6,4.345,5,138887,15.5,17.8,2,172.33832335329342,2,23.3,23,0.0,0,2024,0.025066586060972448,1,0,0,0,0,0,0,0,1
0,0,0,6,3.96222,5,84310,15.5,17.8,2,309.4791666666667,2,23.3,23,0.0,0,2024,0.012355507797346572,1,0,0,0,0,0,0,0,1
0,0,0,6,3.96222,5,84310,15.5,17.8,2,309.4791666666667,2,23.3,23,0.0,0,2024,0.012355507797346572,1,0,0,0,0,0,0,0,1
0,0,0,6,4.345,6,57934,9.4,17.0,3,479.4431137724551,2,23.7,23,0.0,1,2024,0.009043734576364135,1,0,0,0,0,0,1,0,0
0,0,0,6,4.345,6,57934,9.4,17.0,3,479.4431137724551,2,23.7,23,0.0,1,2024,0.009043734576364135,1,0,0,0,0,0,1,0,0
0,0,0,6,3.96222,6,27547,9.4,17.0,3,309.4791666666667,2,23.7,23,0.0,0,2024,0.012355507797346572,1,0,0,0,0,0,1,0,0
0,0,0,6,3.96222,6,27547,9.4,17.0,3,309.4791666666667,2,23.7,23,0.0,0,2024,0.012355507797346572,1,0,0,0,0,0,1,0,0
0,0,0,6,3.96222,5,27547,15.5,17.8,2,309.4791666666667,2,23.3,23,0.0,0,2024,0.012355507797346572,1,0,0,0,0,0,0,0,1
0,0,0,6,3.96222,5,27547,15.5,17.8,2,309.4791666666667,2,23.3,23,0.0,0,2024,0.012355507797346572,1,0,0,0,0,0,0,0,1
1,0,0,10,3.96222,17,161450,16.3,16.8,3,309.4791666666667,4,19.1,42,47.1,0,2024,0.012355507797346572,0,0,0,0,0,0,1,0,0
1,0,0,10,3.96222,17,161450,16.3,16.8,3,309.4791666666667,4,19.1,42,47.1,0,2024,0.012355507797346572,0,0,0,0,0,0,1,0,0
1,0,0,10,3.96222,17,161450,16.3,16.8,3,309.4791666666667,4,19.1,42,47.1,0,2024,0.012355507797346572,0,0,0,0,0,0,1,0,0
1,0,0,10,3.96222,17,161450,16.3,16.8,3,309.4791666666667,4,19.1,42,47.1,0,2024,0.012355507797346572,0,0,0,0,0,0,1,0,0
0,0,0,10,13.579416071428572,15,15207,12.2,16.0,1,983.345238095238,4,19.9,42,0.2,1,2024,0.013795379452137633,0,0,0,0,0,0,0,1,0
1,0,0,4,3.96222,4,41158,10.7,15.3,3,309.4791666666667,2,20.7,14,12.1,0,2024,0.012355507797346572,0,0,1,0,0,0,1,0,0
1,0,0,4,3.96222,4,41158,10.7,15.3,3,309.4791666666667,2,20.7,14,12.1,0,2024,0.012355507797346572,0,0,1,0,0,0,1,0,0
1,0,0,3,1.987392023809524,22,138907,10.1,14.2,4,288.7857142857143,1,20.4,12,3.0,0,2024,0.006858143537918002,0,0,1,0,0,0,0,0,0
1,0,0,3,1.987392023809524,22,138907,10.1,14.2,4,288.7857142857143,1,20.4,12,3.0,0,2024,0.006858143537918002,0,0,1,0,0,0,0,0,0
1,0,0,3,3.96222,22,138887,10.1,14.2,4,309.4791666666667,1,20.4,12,3.0,0,2024,0.012355507797346572,0,0,1,0,0,0,0,0,0
1,0,0,3,3.96222,22,138887,10.1,14.2,4,309.4791666666667,1,20.4,12,3.0,0,2024,0.012355507797346572,0,0,1,0,0,0,0,0,0
1,0,0,3,3.453937023809524,22,138887,10.1,14.2,4,174.35714285714286,1,20.4,12,3.0,0,2024,0.01969658587915818,0,0,1,0,0,0,0,0,0
1,0,0,3,3.453937023809524,22,138887,10.1,14.2,4,174.35714285714286,1,20.4,12,3.0,0,2024,0.01969658587915818,0,0,1,0,0,0,0,0,0
1,0,0,3,15.440377857142856,22,84310,10.1,14.2,4,680.1845238095239,1,20.4,12,3.0,1,2024,0.02266695339875392,0,0,1,0,0,0,0,0,0
1,0,0,3,15.440377857142856,22,84310,10.1,14.2,4,680.1845238095239,1,20.4,12,3.0,1,2024,0.02266695339875392,0,0,1,0,0,0,0,0,0
1,0,0,3,3.96222,22,27547,10.1,14.2,4,309.4791666666667,1,20.4,12,3.0,0,2024,0.012355507797346572,0,0,1,0,0,0,0,0,0
1,0,0,3,3.96222,22,27547,10.1,14.2,4,309.4791666666667,1,20.4,12,3.0,0,2024,0.012355507797346572,0,0,1,0,0,0,0,0,0
1,0,0,3,3.96222,22,138907,10.1,14.2,4,309.4791666666667,1,20.4,12,3.0,0,2024,0.012355507797346572,0,0,1,0,0,0,0,0,0
0,0,0,3,3.96222,21,231476,10.3,15.8,3,309.4791666666667,1,22.0,12,0.0,0,2024,0.012355507797346572,0,0,1,0,0,0,1,0,0
0,0,0,3,3.96222,21,231476,10.3,15.8,3,309.4791666666667,1,22.0,12,0.0,0,2024,0.012355507797346572,0,0,1,0,0,0,1,0,0
0,0,0,3,18.94375,21,160526,10.3,15.8,3,4097.255952380952,1,22.0,12,0.0,1,2024,0.004622393091137781,0,0,1,0,0,0,1,0,0
0,0,0,3,18.94375,21,160526,10.3,15.8,3,4097.255952380952,1,22.0,12,0.0,1,2024,0.004622393091137781,0,0,1,0,0,0,1,0,0
0,0,0,3,18.94375,21,160526,10.3,15.8,3,4097.255952380952,1,22.0,12,0.0,1,2024,0.004622393091137781,0,0,1,0,0,0,1,0,0
0,0,0,3,18.94375,21,160526,10.3,15.8,3,4097.255952380952,1,22.0,12,0.0,1,2024,0.004622393091137781,0,0,1,0,0,0,1,0,0
0,0,0,3,18.94375,21,160526,10.3,15.8,3,4097.255952380952,1,22.0,12,0.0,1,2024,0.004622393091137781,0,0,1,0,0,0,1,0,0
0,0,0,3,3.96222,21,183839,10.3,15.8,3,309.4791666666667,1,22.0,12,0.0,0,2024,0.012355507797346572,0,0,1,0,0,0,1,0,0
0,0,0,3,3.96222,21,183839,10.3,15.8,3,309.4791666666667,1,22.0,12,0.0,0,2024,0.012355507797346572,0,0,1,0,0,0,1,0,0
0,0,0,3,3.96222,21,161450,10.3,15.8,3,309.4791666666667,1,22.0,12,0.0,0,2024,0.012355507797346572,0,0,1,0,0,0,1,0,0
0,0,0,3,3.96222,21,137426,10.3,15.8,3,309.4791666666667,1,22.0,12,0.0,0,2024,0.012355507797346572,0,0,1,0,0,0,1,0,0
0,0,0,3,3.95722,21,182347,10.3,15.8,3,449.5119047619048,1,22.0,12,0.0,1,2024,0.008783830034616705,0,0,1,0,0,0,1,0,0
0,0,0,3,3.95722,21,182347,10.3,15.8,3,449.5119047619048,1,22.0,12,0.0,1,2024,0.008783830034616705,0,0,1,0,0,0,1,0,0
0,0,0,3,3.95722,21,182347,10.3,15.8,3,365.7261904761905,1,22.0,12,0.0,1,2024,0.010790666450251582,0,0,1,0,0,0,1,0,0
0,0,0,3,3.95722,21,182347,10.3,15.8,3,365.7261904761905,1,22.0,12,0.0,1,2024,0.010790666450251582,0,0,1,0,0,0,1,0,0
0,0,0,3,3.95722,21,182347,10.3,15.8,3,365.7261904761905,1,22.0,12,0.0,1,2024,0.010790666450251582,0,0,1,0,0,0,1,0,0
0,0,0,3,2.892064404761905,19,138907,8.8,13.6,1,167.2797619047619,1,19.8,12,0.0,0,2024,0.017186050015917373,0,0,1,0,0,0,0,1,0
0,0,0,3,2.892064404761905,19,138907,8.8,13.6,1,167.2797619047619,1,19.8,12,0.0,0,2024,0.017186050015917373,0,0,1,0,0,0,0,1,0
0,0,0,3,2.892064404761905,19,138907,8.8,13.6,1,167.2797619047619,1,19.8,12,0.0,0,2024,0.017186050015917373,0,0,1,0,0,0,0,1,0
0,0,0,3,3.96222,21,84310,10.3,15.8,3,309.4791666666667,1,22.0,12,0.0,0,2024,0.012355507797346572,0,0,1,0,0,0,1,0,0
0,0,0,3,7.0979044642857145,21,57934,10.3,15.8,3,158.22619047619048,1,22.0,12,0.0,0,2024,0.04457749345794393,0,0,1,0,0,0,1,0,0
0,0,0,3,7.0979044642857145,21,57934,10.3,15.8,3,158.22619047619048,1,22.0,12,0.0,0,2024,0.04457749345794393,0,0,1,0,0,0,1,0,0
0,0,0,3,3.95722,21,48784,10.3,15.8,3,222.5,1,22.0,12,0.0,0,2024,0.017705682326621924,0,0,1,0,0,0,1,0,0
0,0,0,3,3.95722,21,48784,10.3,15.8,3,222.5,1,22.0,12,0.0,0,2024,0.017705682326621924,0,0,1,0,0,0,1,0,0
0,1,0,7,1.183932738095238,7,138907,11.3,17.6,6,290.60714285714283,3,22.6,27,0.0,0,2024,0.004060026536027761,1,0,0,0,0,1,0,0,0
0,1,0,7,1.183932738095238,7,138907,11.3,17.6,6,290.60714285714283,3,22.6,27,0.0,0,2024,0.004060026536027761,1,0,0,0,0,1,0,0,0
0,0,0,3,3.96222,21,48784,10.3,15.8,3,309.4791666666667,1,22.0,12,0.0,0,2024,0.012355507797346572,0,0,1,0,0,0,1,0,0
0,0,0,3,3.96222,21,48784,10.3,15.8,3,309.4791666666667,1,22.0,12,0.0,0,2024,0.012355507797346572,0,0,1,0,0,0,1,0,0
0,1,0,7,3.96222,7,231476,11.3,17.6,6,309.4791666666667,3,22.6,27,0.0,0,2024,0.012355507797346572,1,0,0,0,0,1,0,0,0
0,1,0,7,3.96222,7,231476,11.3,17.6,6,309.4791666666667,3,22.6,27,0.0,0,2024,0.012355507797346572,1,0,0,0,0,1,0,0,0
0,1,0,7,3.96222,7,231476,11.3,17.6,6,309.4791666666667,3,22.6,27,0.0,0,2024,0.012355507797346572,1,0,0,0,0,1,0,0,0
0,1,0,7,3.96222,7,231476,11.3,17.6,6,309.4791666666667,3,22.6,27,0.0,0,2024,0.012355507797346572,1,0,0,0,0,1,0,0,0
0,1,0,7,3.96222,7,231476,11.3,17.6,6,309.4791666666667,3,22.6,27,0.0,0,2024,0.012355507797346572,1,0,0,0,0,1,0,0,0
0,0,0,7,3.029908392857142,8,179566,12.8,20.0,0,304.73809523809524,3,26.3,28,0.0,0,2024,0.009910143485709833,1,0,0,1,0,0,0,0,0
0,0,0,7,3.029908392857142,8,179566,12.8,20.0,0,304.73809523809524,3,26.3,28,0.0,0,2024,0.009910143485709833,1,0,0,1,0,0,0,0,0
0,0,0,7,3.96222,8,161450,12.8,20.0,0,309.4791666666667,3,26.3,28,0.0,0,2024,0.012355507797346572,1,0,0,1,0,0,0,0,0
0,0,0,7,3.96222,8,161450,12.8,20.0,0,309.4791666666667,3,26.3,28,0.0,0,2024,0.012355507797346572,1,0,0,1,0,0,0,0,0
0,1,0,7,3.96222,7,231476,11.3,17.6,6,309.4791666666667,3,22.6,27,0.0,0,2024,0.012355507797346572,1,0,0,0,0,1,0,0,0
0,1,0,7,3.96222,7,231476,11.3,17.6,6,309.4791666666667,3,22.6,27,0.0,0,2024,0.012355507797346572,1,0,0,0,0,1,0,0,0
0,0,0,7,14.673511904761906,8,137426,12.8,20.0,0,1505.6130952380952,3,26.3,28,0.0,1,2024,0.009739402870677294,1,0,0,1,0,0,0,0,0
0,0,0,7,14.673511904761906,8,137426,12.8,20.0,0,1505.6130952380952,3,26.3,28,0.0,1,2024,0.009739402870677294,1,0,0,1,0,0,0,0,0
0,0,0,7,1.1206287499999998,8,182347,12.8,20.0,0,295.3928571428572,3,26.3,28,0.0,0,2024,0.003780889866248944,1,0,0,1,0,0,0,0,0
0,0,0,7,1.1206287499999998,8,182347,12.8,20.0,0,295.3928571428572,3,26.3,28,0.0,0,2024,0.003780889866248944,1,0,0,1,0,0,0,0,0
0,1,0,7,1.3905234523809524,7,185914,11.3,17.6,6,76.4047619047619,3,22.6,27,0.0,0,2024,0.017964314057213167,1,0,0,0,0,1,0,0,0
0,0,0,7,30.22642011904762,8,35837,12.8,20.0,0,416.67261904761904,3,26.3,28,0.0,1,2024,0.0723686895922701,1,0,0,1,0,0,0,0,0
0,0,0,7,30.22642011904762,8,35837,12.8,20.0,0,416.67261904761904,3,26.3,28,0.0,1,2024,0.0723686895922701,1,0,0,1,0,0,0,0,0
0,0,0,7,3.96222,8,35837,12.8,20.0,0,309.4791666666667,3,26.3,28,0.0,0,2024,0.012355507797346572,1,0,0,1,0,0,0,0,0
0,0,0,7,3.96222,8,35837,12.8,20.0,0,309.4791666666667,3,26.3,28,0.0,0,2024,0.012355507797346572,1,0,0,1,0,0,0,0,0
0,0,0,7,3.96222,8,35837,12.8,20.0,0,309.4791666666667,3,26.3,28,0.0,0,2024,0.012355507797346572,1,0,0,1,0,0,0,0,0
0,0,0,7,3.96222,8,35837,12.8,20.0,0,309.4791666666667,3,26.3,28,0.0,0,2024,0.012355507797346572,1,0,0,1,0,0,0,0,0
0,0,0,7,3.96222,8,48784,12.8,20.0,0,309.4791666666667,3,26.3,28,0.0,0,2024,0.012355507797346572,1,0,0,1,0,0,0,0,0
0,0,0,7,3.96222,8,15207,12.8,20.0,0,309.4791666666667,3,26.3,28,0.0,0,2024,0.012355507797346572,1,0,0,1,0,0,0,0,0
0,1,0,7,3.96222,7,19979,11.3,17.6,6,309.4791666666667,3,22.6,27,0.0,0,2024,0.012355507797346572,1,0,0,0,0,1,0,0,0
0,1,0,7,3.96222,7,19979,11.3,17.6,6,309.4791666666667,3,22.6,27,0.0,0,2024,0.012355507797346572,1,0,0,0,0,1,0,0,0
0,1,0,7,3.96222,7,19979,11.3,17.6,6,309.4791666666667,3,22.6,27,0.0,0,2024,0.012355507797346572,1,0,0,0,0,1,0,0,0
1,1,0,3,1.7986232,30,138907,7.3,9.4,5,278.8,1,11.7,13,1.5,0,2024,0.006428245889921372,0,0,1,0,1,0,0,0,0
1,1,0,3,1.7986232,30,138907,7.3,9.4,5,278.8,1,11.7,13,1.5,0,2024,0.006428245889921372,0,0,1,0,1,0,0,0,0
0,0,0,9,3.96222,16,137426,11.8,16.9,0,309.4791666666667,3,22.0,38,0.0,0,2024,0.012355507797346572,0,0,0,1,0,0,0,0,0
0,0,0,9,3.96222,16,137426,11.8,16.9,0,309.4791666666667,3,22.0,38,0.0,0,2024,0.012355507797346572,0,0,0,1,0,0,0,0,0
0,0,0,9,15.872619047619049,16,161450,11.8,16.9,0,4442.446428571428,3,22.0,38,0.0,1,2024,0.0035721414228284303,0,0,0,1,0,0,0,0,0
0,0,0,9,3.96222,16,160526,11.8,16.9,0,309.4791666666667,3,22.0,38,0.0,0,2024,0.012355507797346572,0,0,0,1,0,0,0,0,0
0,1,0,9,3.72333,14,231476,7.7,12.8,5,388.2559523809524,3,20.4,37,0.0,1,2024,0.009565248719321047,0,0,0,0,1,0,0,0,0
0,1,0,9,3.72333,14,231476,7.7,12.8,5,388.2559523809524,3,20.4,37,0.0,1,2024,0.009565248719321047,0,0,0,0,1,0,0,0,0
0,1,0,9,3.72333,14,231476,7.7,12.8,5,388.2559523809524,3,20.4,37,0.0,1,2024,0.009565248719321047,0,0,0,0,1,0,0,0,0
0,0,0,9,14.469940476190477,16,137426,11.8,16.9,0,1426.547619047619,3,22.0,38,0.0,1,2024,0.010136222626215455,0,0,0,1,0,0,0,0,0
0,0,0,9,14.469940476190477,16,137426,11.8,16.9,0,1426.547619047619,3,22.0,38,0.0,1,2024,0.010136222626215455,0,0,0,1,0,0,0,0,0
0,0,0,9,13.832733035714288,16,57934,11.8,16.9,0,301.6666666666667,3,22.0,38,0.0,0,2024,0.04570286245280051,0,0,0,1,0,0,0,0,0
0,0,0,9,13.832733035714288,16,57934,11.8,16.9,0,301.6666666666667,3,22.0,38,0.0,0,2024,0.04570286245280051,0,0,0,1,0,0,0,0,0
0,0,0,9,3.85167,16,35837,11.8,16.9,0,568.2738095238095,3,22.0,38,0.0,1,2024,0.006765935715928815,0,0,0,1,0,0,0,0,0
0,0,0,9,3.418516547619048,16,48784,11.8,16.9,0,1013.279761904762,3,22.0,38,0.0,1,2024,0.0033703882065035592,0,0,0,1,0,0,0,0,0
0,0,0,9,3.418516547619048,16,48784,11.8,16.9,0,1013.279761904762,3,22.0,38,0.0,1,2024,0.0033703882065035592,0,0,0,1,0,0,0,0,0
0,0,0,9,3.85167,16,48784,11.8,16.9,0,568.2738095238095,3,22.0,38,0.0,1,2024,0.006765935715928815,0,0,0,1,0,0,0,0,0
0,0,0,9,3.85167,16,48784,11.8,16.9,0,568.2738095238095,3,22.0,38,0.0,1,2024,0.006765935715928815,0,0,0,1,0,0,0,0,0
1,1,0,4,3.96222,27,231476,10.2,12.8,5,309.4791666666667,2,17.7,17,7.6,0,2024,0.012355507797346572,0,0,1,0,1,0,0,0,0
1,1,0,4,3.96222,27,231476,10.2,12.8,5,309.4791666666667,2,17.7,17,7.6,0,2024,0.012355507797346572,0,0,1,0,1,0,0,0,0
1,1,0,4,3.96222,27,231476,10.2,12.8,5,309.4791666666667,2,17.7,17,7.6,0,2024,0.012355507797346572,0,0,1,0,1,0,0,0,0
1,1,0,4,3.96222,27,231476,10.2,12.8,5,309.4791666666667,2,17.7,17,7.6,0,2024,0.012355507797346572,0,0,1,0,1,0,0,0,0
1,1,0,4,3.96222,27,231476,10.2,12.8,5,309.4791666666667,2,17.7,17,7.6,0,2024,0.012355507797346572,0,0,1,0,1,0,0,0,0
0,1,0,4,4.16,28,160526,10.5,13.0,6,91.13095238095238,2,18.2,17,0.0,0,2024,0.045153120558211655,0,0,1,0,0,1,0,0,0
0,1,0,4,4.16,28,160526,10.5,13.0,6,91.13095238095238,2,18.2,17,0.0,0,2024,0.045153120558211655,0,0,1,0,0,1,0,0,0
0,1,0,4,3.6227030357142858,28,84310,10.5,13.0,6,219.2083333333333,2,18.2,17,0.0,0,2024,0.016451253142316533,0,0,1,0,0,1,0,0,0
0,1,0,4,3.6227030357142858,28,84310,10.5,13.0,6,219.2083333333333,2,18.2,17,0.0,0,2024,0.016451253142316533,0,0,1,0,0,1,0,0,0
0,1,0,4,1.0291641666666669,28,35837,10.5,13.0,6,497.5178571428572,2,18.2,17,0.0,1,2024,0.0020644479468901866,0,0,1,0,0,1,0,0,0
0,1,0,4,1.0291641666666669,28,35837,10.5,13.0,6,497.5178571428572,2,18.2,17,0.0,1,2024,0.0020644479468901866,0,0,1,0,0,1,0,0,0
0,1,0,4,3.96222,28,15207,10.5,13.0,6,309.4791666666667,2,18.2,17,0.0,0,2024,0.012355507797346572,0,0,1,0,0,1,0,0,0
1,0,0,4,3.96222,26,183839,5.8,12.3,4,309.4791666666667,2,16.4,17,1.6,0,2024,0.012355507797346572,0,0,1,0,0,0,0,0,0
1,0,0,4,3.96222,26,183839,5.8,12.3,4,309.4791666666667,2,16.4,17,1.6,0,2024,0.012355507797346572,0,0,1,0,0,0,0,0,0
1,0,0,4,3.96222,26,183839,5.8,12.3,4,309.4791666666667,2,16.4,17,1.6,0,2024,0.012355507797346572,0,0,1,0,0,0,0,0,0
1,0,0,4,3.034098511904762,26,185914,5.8,12.3,4,83.0,2,16.4,17,1.6,0,2024,0.036120220379818595,0,0,1,0,0,0,0,0,0
1,0,0,4,3.034098511904762,26,185914,5.8,12.3,4,83.0,2,16.4,17,1.6,0,2024,0.036120220379818595,0,0,1,0,0,0,0,0,0
1,0,0,4,3.034098511904762,26,185914,5.8,12.3,4,83.0,2,16.4,17,1.6,0,2024,0.036120220379818595,0,0,1,0,0,0,0,0,0
1,0,0,4,3.034098511904762,26,185914,5.8,12.3,4,83.0,2,16.4,17,1.6,0,2024,0.036120220379818595,0,0,1,0,0,0,0,0,0
1,0,0,4,20.80386904761905,26,138907,5.8,12.3,4,4306.273809523809,2,16.4,17,1.6,1,2024,0.004829938835469348,0,0,1,0,0,0,0,0,0
1,0,0,4,20.80386904761905,26,138907,5.8,12.3,4,4306.273809523809,2,16.4,17,1.6,1,2024,0.004829938835469348,0,0,1,0,0,0,0,0,0
1,1,0,4,3.96222,27,55932,10.2,12.8,5,309.4791666666667,2,17.7,17,7.6,0,2024,0.012355507797346572,0,0,1,0,1,0,0,0,0
1,1,0,4,3.96222,27,55932,10.2,12.8,5,309.4791666666667,2,17.7,17,7.6,0,2024,0.012355507797346572,0,0,1,0,1,0,0,0,0
1,1,0,4,3.034098511904762,27,179566,10.2,12.8,5,83.0,2,17.7,17,7.6,0,2024,0.036120220379818595,0,0,1,0,1,0,0,0,0
1,1,0,4,7.244059047619047,27,179566,10.2,12.8,5,109.69642857142856,2,17.7,17,7.6,0,2024,0.06544076571490026,0,0,1,0,1,0,0,0,0
1,1,0,4,7.244059047619047,27,179566,10.2,12.8,5,109.69642857142856,2,17.7,17,7.6,0,2024,0.06544076571490026,0,0,1,0,1,0,0,0,0
1,0,0,4,3.96222,26,183839,5.8,12.3,4,309.4791666666667,2,16.4,17,1.6,0,2024,0.012355507797346572,0,0,1,0,0,0,0,0,0
1,0,0,4,3.96222,26,183839,5.8,12.3,4,309.4791666666667,2,16.4,17,1.6,0,2024,0.012355507797346572,0,0,1,0,0,0,0,0,0
1,1,0,4,4.16,27,231476,10.2,12.8,5,222.1428571428572,2,17.7,17,7.6,0,2024,0.018642765685019203,0,0,1,0,1,0,0,0,0
1,1,0,4,4.16,27,231476,10.2,12.8,5,222.1428571428572,2,17.7,17,7.6,0,2024,0.018642765685019203,0,0,1,0,1,0,0,0,0
1,1,0,4,3.96222,27,138887,10.2,12.8,5,309.4791666666667,2,17.7,17,7.6,0,2024,0.012355507797346572,0,0,1,0,1,0,0,0,0
1,1,0,4,3.96222,27,138887,10.2,12.8,5,309.4791666666667,2,17.7,17,7.6,0,2024,0.012355507797346572,0,0,1,0,1,0,0,0,0
1,1,0,4,3.96222,27,138887,10.2,12.8,5,309.4791666666667,2,17.7,17,7.6,0,2024,0.012355507797346572,0,0,1,0,1,0,0,0,0
1,1,0,4,4.16,27,138887,10.2,12.8,5,167.5952380952381,2,17.7,17,7.6,0,2024,0.024674481005507697,0,0,1,0,1,0,0,0,0
1,1,0,4,3.96222,27,15207,10.2,12.8,5,309.4791666666667,2,17.7,17,7.6,0,2024,0.012355507797346572,0,0,1,0,1,0,0,0,0
1,1,0,4,3.96222,27,15207,10.2,12.8,5,309.4791666666667,2,17.7,17,7.6,0,2024,0.012355507797346572,0,0,1,0,1,0,0,0,0
0,1,0,8,3.96222,10,231476,15.6,23.2,5,309.4791666666667,3,31.6,32,0.0,0,2024,0.012355507797346572,1,0,0,0,1,0,0,0,0
0,1,0,8,3.96222,10,231476,15.6,23.2,5,309.4791666666667,3,31.6,32,0.0,0,2024,0.012355507797346572,1,0,0,0,1,0,0,0,0
0,1,0,8,3.96222,10,179566,15.6,23.2,5,309.4791666666667,3,31.6,32,0.0,0,2024,0.012355507797346572,1,0,0,0,1,0,0,0,0
0,1,0,8,3.96222,10,179566,15.6,23.2,5,309.4791666666667,3,31.6,32,0.0,0,2024,0.012355507797346572,1,0,0,0,1,0,0,0,0
0,1,0,8,3.96222,10,161450,15.6,23.2,5,309.4791666666667,3,31.6,32,0.0,0,2024,0.012355507797346572,1,0,0,0,1,0,0,0,0
0,1,0,8,3.96222,10,161450,15.6,23.2,5,309.4791666666667,3,31.6,32,0.0,0,2024,0.012355507797346572,1,0,0,0,1,0,0,0,0
0,1,0,8,3.96222,10,161450,15.6,23.2,5,309.4791666666667,3,31.6,32,0.0,0,2024,0.012355507797346572,1,0,0,0,1,0,0,0,0
0,1,0,8,3.96222,10,27547,15.6,23.2,5,309.4791666666667,3,31.6,32,0.0,0,2024,0.012355507797346572,1,0,0,0,1,0,0,0,0
0,1,0,8,3.96222,10,27547,15.6,23.2,5,309.4791666666667,3,31.6,32,0.0,0,2024,0.012355507797346572,1,0,0,0,1,0,0,0,0
0,1,0,8,3.96222,10,27547,15.6,23.2,5,309.4791666666667,3,31.6,32,0.0,0,2024,0.012355507797346572,1,0,0,0,1,0,0,0,0
0,1,0,8,3.0621474404761906,10,84310,15.6,23.2,5,411.0238095238095,3,31.6,32,0.0,1,2024,0.007431967206009824,1,0,0,0,1,0,0,0,0
0,1,0,8,3.0621474404761906,10,84310,15.6,23.2,5,411.0238095238095,3,31.6,32,0.0,1,2024,0.007431967206009824,1,0,0,0,1,0,0,0,0
0,1,0,8,3.96222,10,57934,15.6,23.2,5,309.4791666666667,3,31.6,32,0.0,0,2024,0.012355507797346572,1,0,0,0,1,0,0,0,0
0,1,0,8,3.96222,10,57934,15.6,23.2,5,309.4791666666667,3,31.6,32,0.0,0,2024,0.012355507797346572,1,0,0,0,1,0,0,0,0
1,0,0,2,2.184240833333333,8,182347,11.9,12.5,3,161.3154761904762,1,14.4,6,5.2,0,2024,0.013456762624225307,0,1,0,0,0,0,1,0,0
1,0,0,2,2.184240833333333,8,182347,11.9,12.5,3,161.3154761904762,1,14.4,6,5.2,0,2024,0.013456762624225307,0,1,0,0,0,0,1,0,0
1,0,0,2,8.405507321428573,8,183839,11.9,12.5,3,435.19642857142856,1,14.4,6,5.2,1,2024,0.01927000491259672,0,1,0,0,0,0,1,0,0
1,0,0,2,8.405507321428573,8,183839,11.9,12.5,3,435.19642857142856,1,14.4,6,5.2,1,2024,0.01927000491259672,0,1,0,0,0,0,1,0,0
1,0,0,2,8.405507321428573,8,183839,11.9,12.5,3,435.19642857142856,1,14.4,6,5.2,1,2024,0.01927000491259672,0,1,0,0,0,0,1,0,0
1,0,0,2,8.405507321428573,8,183839,11.9,12.5,3,435.19642857142856,1,14.4,6,5.2,1,2024,0.01927000491259672,0,1,0,0,0,0,1,0,0
1,0,0,2,3.96222,8,160526,11.9,12.5,3,309.4791666666667,1,14.4,6,5.2,0,2024,0.012355507797346572,0,1,0,0,0,0,1,0,0
1,0,0,2,3.96222,8,160526,11.9,12.5,3,309.4791666666667,1,14.4,6,5.2,0,2024,0.012355507797346572,0,1,0,0,0,0,1,0,0
1,0,0,2,3.96222,8,160526,11.9,12.5,3,309.4791666666667,1,14.4,6,5.2,0,2024,0.012355507797346572,0,1,0,0,0,0,1,0,0
1,0,0,2,3.96222,8,160526,11.9,12.5,3,309.4791666666667,1,14.4,6,5.2,0,2024,0.012355507797346572,0,1,0,0,0,0,1,0,0
1,0,0,2,3.96222,7,137426,11.3,12.0,2,309.4791666666667,1,13.0,6,4.8,0,2024,0.012355507797346572,0,1,0,0,0,0,0,0,1
1,0,0,2,3.96222,7,137426,11.3,12.0,2,309.4791666666667,1,13.0,6,4.8,0,2024,0.012355507797346572,0,1,0,0,0,0,0,0,1
1,0,0,2,3.2220047619047616,8,182347,11.9,12.5,3,432.5833333333333,1,14.4,6,5.2,1,2024,0.007431108426457263,0,1,0,0,0,0,1,0,0
1,0,0,2,3.2220047619047616,8,182347,11.9,12.5,3,432.5833333333333,1,14.4,6,5.2,1,2024,0.007431108426457263,0,1,0,0,0,0,1,0,0
1,0,0,2,3.96222,8,138887,11.9,12.5,3,309.4791666666667,1,14.4,6,5.2,0,2024,0.012355507797346572,0,1,0,0,0,0,1,0,0
1,0,0,2,3.96222,8,138887,11.9,12.5,3,309.4791666666667,1,14.4,6,5.2,0,2024,0.012355507797346572,0,1,0,0,0,0,1,0,0
1,0,0,2,4.8826069047619045,8,35837,11.9,12.5,3,560.0357142857143,1,14.4,6,5.2,1,2024,0.008702845078192967,0,1,0,0,0,0,1,0,0
1,0,0,2,3.96222,8,48784,11.9,12.5,3,309.4791666666667,1,14.4,6,5.2,0,2024,0.012355507797346572,0,1,0,0,0,0,1,0,0
1,0,0,2,3.96222,8,48784,11.9,12.5,3,309.4791666666667,1,14.4,6,5.2,0,2024,0.012355507797346572,0,1,0,0,0,0,1,0,0
1,0,0,2,3.96222,8,48784,11.9,12.5,3,309.4791666666667,1,14.4,6,5.2,0,2024,0.012355507797346572,0,1,0,0,0,0,1,0,0
1,0,0,2,3.92833,7,48784,11.3,12.0,2,128.17857142857142,1,13.0,6,4.8,0,2024,0.03041007464749793,0,1,0,0,0,0,0,0,1
1,0,0,2,3.92833,7,48784,11.3,12.0,2,128.17857142857142,1,13.0,6,4.8,0,2024,0.03041007464749793,0,1,0,0,0,0,0,0,1
0,0,0,6,1.2338769461077843,5,182347,15.5,17.8,2,163.69461077844312,2,23.3,23,0.0,0,2024,0.007491908449680045,1,0,0,0,0,0,0,0,1
0,0,0,6,2.208186916167665,4,179566,13.3,19.5,1,99.0748502994012,2,25.2,23,0.0,0,2024,0.022065353178758414,1,0,0,0,0,0,0,1,0
0,0,0,6,2.208186916167665,4,179566,13.3,19.5,1,99.0748502994012,2,25.2,23,0.0,0,2024,0.022065353178758414,1,0,0,0,0,0,0,1,0
0,0,0,6,2.208186916167665,4,179566,13.3,19.5,1,99.0748502994012,2,25.2,23,0.0,0,2024,0.022065353178758414,1,0,0,0,0,0,0,1,0
0,0,0,6,3.96222,3,183839,9.3,17.2,0,309.4791666666667,2,24.6,23,0.0,0,2024,0.012355507797346572,1,0,0,1,0,0,0,0,0
0,0,0,6,3.96222,3,183839,9.3,17.2,0,309.4791666666667,2,24.6,23,0.0,0,2024,0.012355507797346572,1,0,0,1,0,0,0,0,0
0,0,0,6,2.317947724550898,3,185914,9.3,17.2,0,4.209580838323354,2,24.6,23,0.0,0,2024,0.44493939080459766,1,0,0,1,0,0,0,0,0
0,0,0,6,2.317947724550898,3,185914,9.3,17.2,0,4.209580838323354,2,24.6,23,0.0,0,2024,0.44493939080459766,1,0,0,1,0,0,0,0,0
0,0,0,6,2.317947724550898,5,185914,15.5,17.8,2,4.209580838323354,2,23.3,23,0.0,0,2024,0.44493939080459766,1,0,0,0,0,0,0,0,1
0,0,0,6,2.317947724550898,5,185914,15.5,17.8,2,4.209580838323354,2,23.3,23,0.0,0,2024,0.44493939080459766,1,0,0,0,0,0,0,0,1
0,0,0,6,2.317947724550898,5,185914,15.5,17.8,2,4.209580838323354,2,23.3,23,0.0,0,2024,0.44493939080459766,1,0,0,0,0,0,0,0,1
0,0,0,6,2.317947724550898,5,185914,15.5,17.8,2,4.209580838323354,2,23.3,23,0.0,0,2024,0.44493939080459766,1,0,0,0,0,0,0,0,1
0,0,0,6,3.96222,5,179566,15.5,17.8,2,309.4791666666667,2,23.3,23,0.0,0,2024,0.012355507797346572,1,0,0,0,0,0,0,0,1
0,0,0,6,3.96222,5,179566,15.5,17.8,2,309.4791666666667,2,23.3,23,0.0,0,2024,0.012355507797346572,1,0,0,0,0,0,0,0,1
0,0,0,6,3.96222,5,160526,15.5,17.8,2,309.4791666666667,2,23.3,23,0.0,0,2024,0.012355507797346572,1,0,0,0,0,0,0,0,1
0,0,0,6,3.96222,5,160526,15.5,17.8,2,309.4791666666667,2,23.3,23,0.0,0,2024,0.012355507797346572,1,0,0,0,0,0,0,0,1
0,0,0,6,3.96222,5,160526,15.5,17.8,2,309.4791666666667,2,23.3,23,0.0,0,2024,0.012355507797346572,1,0,0,0,0,0,0,0,1
0,0,0,6,3.96222,5,160526,15.5,17.8,2,309.4791666666667,2,23.3,23,0.0,0,2024,0.012355507797346572,1,0,0,0,0,0,0,0,1
0,0,0,6,3.96222,5,161450,15.5,17.8,2,309.4791666666667,2,23.3,23,0.0,0,2024,0.012355507797346572,1,0,0,0,0,0,0,0,1
0,0,0,6,3.96222,5,161450,15.5,17.8,2,309.4791666666667,2,23.3,23,0.0,0,2024,0.012355507797346572,1,0,0,0,0,0,0,0,1
0,0,0,6,3.96222,5,161450,15.5,17.8,2,309.4791666666667,2,23.3,23,0.0,0,2024,0.012355507797346572,1,0,0,0,0,0,0,0,1
0,0,0,6,3.96222,5,161450,15.5,17.8,2,309.4791666666667,2,23.3,23,0.0,0,2024,0.012355507797346572,1,0,0,0,0,0,0,0,1
0,0,0,6,3.96222,5,161450,15.5,17.8,2,309.4791666666667,2,23.3,23,0.0,0,2024,0.012355507797346572,1,0,0,0,0,0,0,0,1
0,0,0,6,3.96222,5,182347,15.5,17.8,2,309.4791666666667,2,23.3,23,0.0,0,2024,0.012355507797346572,1,0,0,0,0,0,0,0,1
0,0,0,6,3.96222,5,182347,15.5,17.8,2,309.4791666666667,2,23.3,23,0.0,0,2024,0.012355507797346572,1,0,0,0,0,0,0,0,1
0,0,0,6,3.96222,5,138907,15.5,17.8,2,309.4791666666667,2,23.3,23,0.0,0,2024,0.012355507797346572,1,0,0,0,0,0,0,0,1
0,0,0,6,3.96222,5,138907,15.5,17.8,2,309.4791666666667,2,23.3,23,0.0,0,2024,0.012355507797346572,1,0,0,0,0,0,0,0,1
0,0,0,6,3.96222,5,84310,15.5,17.8,2,309.4791666666667,2,23.3,23,0.0,0,2024,0.012355507797346572,1,0,0,0,0,0,0,0,1
0,0,0,6,3.96222,5,84310,15.5,17.8,2,309.4791666666667,2,23.3,23,0.0,0,2024,0.012355507797346572,1,0,0,0,0,0,0,0,1
0,0,0,6,4.345,5,57934,15.5,17.8,2,479.4431137724551,2,23.3,23,0.0,1,2024,0.009043734576364135,1,0,0,0,0,0,0,0,1
0,0,0,6,4.345,5,57934,15.5,17.8,2,479.4431137724551,2,23.3,23,0.0,1,2024,0.009043734576364135,1,0,0,0,0,0,0,0,1
0,0,0,3,3.96222,20,138907,8.8,15.0,2,309.4791666666667,1,22.7,12,0.0,0,2024,0.012355507797346572,0,0,1,0,0,0,0,0,1
0,0,0,3,3.96222,20,138907,8.8,15.0,2,309.4791666666667,1,22.7,12,0.0,0,2024,0.012355507797346572,0,0,1,0,0,0,0,0,1
0,1,0,1,3.96222,7,185914,3.0,3.4,6,309.4791666666667,1,4.1,1,0.0,0,2024,0.012355507797346572,0,1,0,0,0,1,0,0,0
0,1,0,1,3.96222,7,185914,3.0,3.4,6,309.4791666666667,1,4.1,1,0.0,0,2024,0.012355507797346572,0,1,0,0,0,1,0,0,0
0,1,0,1,3.96222,7,185914,3.0,3.4,6,309.4791666666667,1,4.1,1,0.0,0,2024,0.012355507797346572,0,1,0,0,0,1,0,0,0
0,0,0,3,3.0489897619047617,20,179566,8.8,15.0,2,307.30357142857144,1,22.7,12,0.0,0,2024,0.009889570035717733,0,0,1,0,0,0,0,0,1
0,0,0,3,3.0489897619047617,20,179566,8.8,15.0,2,307.30357142857144,1,22.7,12,0.0,0,2024,0.009889570035717733,0,0,1,0,0,0,0,0,1
0,0,0,3,3.96222,20,161450,8.8,15.0,2,309.4791666666667,1,22.7,12,0.0,0,2024,0.012355507797346572,0,0,1,0,0,0,0,0,1
0,0,0,3,3.96222,20,161450,8.8,15.0,2,309.4791666666667,1,22.7,12,0.0,0,2024,0.012355507797346572,0,0,1,0,0,0,0,0,1
0,1,0,7,3.96222,6,161450,14.9,18.3,5,309.4791666666667,3,23.0,27,1.0,0,2024,0.012355507797346572,1,0,0,0,1,0,0,0,0
0,1,0,7,3.96222,6,161450,14.9,18.3,5,309.4791666666667,3,23.0,27,1.0,0,2024,0.012355507797346572,1,0,0,0,1,0,0,0,0
1,1,0,3,3.96222,17,161450,10.8,12.8,6,309.4791666666667,1,15.7,11,3.0,0,2024,0.012355507797346572,0,0,1,0,0,1,0,0,0
1,1,0,3,3.96222,17,161450,10.8,12.8,6,309.4791666666667,1,15.7,11,3.0,0,2024,0.012355507797346572,0,0,1,0,0,1,0,0,0
0,0,0,7,3.96222,5,183839,14.5,21.1,4,309.4791666666667,3,27.7,27,0.0,0,2024,0.012355507797346572,1,0,0,0,0,0,0,0,0
0,0,0,7,3.96222,5,183839,14.5,21.1,4,309.4791666666667,3,27.7,27,0.0,0,2024,0.012355507797346572,1,0,0,0,0,0,0,0,0
0,0,0,7,3.96222,5,183839,14.5,21.1,4,309.4791666666667,3,27.7,27,0.0,0,2024,0.012355507797346572,1,0,0,0,0,0,0,0,0
0,0,0,3,22.325815119047626,20,231476,8.8,15.0,2,407.9940476190476,1,22.7,12,0.0,1,2024,0.05458713946820744,0,0,1,0,0,0,0,0,1
0,0,0,3,22.325815119047626,20,231476,8.8,15.0,2,407.9940476190476,1,22.7,12,0.0,1,2024,0.05458713946820744,0,0,1,0,0,0,0,0,1
0,1,0,7,3.96222,6,48784,14.9,18.3,5,309.4791666666667,3,23.0,27,1.0,0,2024,0.012355507797346572,1,0,0,0,1,0,0,0,0
0,1,0,7,3.96222,6,48784,14.9,18.3,5,309.4791666666667,3,23.0,27,1.0,0,2024,0.012355507797346572,1,0,0,0,1,0,0,0,0
0,1,0,7,3.96222,6,48784,14.9,18.3,5,309.4791666666667,3,23.0,27,1.0,0,2024,0.012355507797346572,1,0,0,0,1,0,0,0,0
0,0,0,3,3.95722,20,231476,8.8,15.0,2,222.5,1,22.7,12,0.0,0,2024,0.017705682326621924,0,0,1,0,0,0,0,0,1
0,0,0,3,3.95722,20,231476,8.8,15.0,2,222.5,1,22.7,12,0.0,0,2024,0.017705682326621924,0,0,1,0,0,0,0,0,1
0,0,0,3,3.96222,20,231476,8.8,15.0,2,309.4791666666667,1,22.7,12,0.0,0,2024,0.012355507797346572,0,0,1,0,0,0,0,0,1
0,0,0,3,3.96222,20,231476,8.8,15.0,2,309.4791666666667,1,22.7,12,0.0,0,2024,0.012355507797346572,0,0,1,0,0,0,0,0,1
0,1,0,7,1.3905234523809524,6,185914,14.9,18.3,5,76.4047619047619,3,23.0,27,1.0,0,2024,0.017964314057213167,1,0,0,0,1,0,0,0,0
0,1,0,7,1.3905234523809524,6,185914,14.9,18.3,5,76.4047619047619,3,23.0,27,1.0,0,2024,0.017964314057213167,1,0,0,0,1,0,0,0,0
0,1,0,7,1.3905234523809524,6,185914,14.9,18.3,5,76.4047619047619,3,23.0,27,1.0,0,2024,0.017964314057213167,1,0,0,0,1,0,0,0,0
0,1,0,7,1.3905234523809524,6,185914,14.9,18.3,5,76.4047619047619,3,23.0,27,1.0,0,2024,0.017964314057213167,1,0,0,0,1,0,0,0,0
0,1,0,7,1.3905234523809524,6,185914,14.9,18.3,5,76.4047619047619,3,23.0,27,1.0,0,2024,0.017964314057213167,1,0,0,0,1,0,0,0,0
0,1,0,7,1.3905234523809524,6,185914,14.9,18.3,5,76.4047619047619,3,23.0,27,1.0,0,2024,0.017964314057213167,1,0,0,0,1,0,0,0,0
0,1,0,7,3.96222,7,41158,11.3,17.6,6,309.4791666666667,3,22.6,27,0.0,0,2024,0.012355507797346572,1,0,0,0,0,1,0,0,0
0,1,0,7,3.96222,7,41158,11.3,17.6,6,309.4791666666667,3,22.6,27,0.0,0,2024,0.012355507797346572,1,0,0,0,0,1,0,0,0
0,1,0,7,6.887753035714285,7,179566,11.3,17.6,6,370.6845238095238,3,22.6,27,0.0,1,2024,0.018531180596704194,1,0,0,0,0,1,0,0,0
0,0,0,3,3.95722,20,231476,8.8,15.0,2,222.5,1,22.7,12,0.0,0,2024,0.017705682326621924,0,0,1,0,0,0,0,0,1
0,0,0,3,3.95722,20,231476,8.8,15.0,2,222.5,1,22.7,12,0.0,0,2024,0.017705682326621924,0,0,1,0,0,0,0,0,1
0,1,0,7,3.96222,6,161450,14.9,18.3,5,309.4791666666667,3,23.0,27,1.0,0,2024,0.012355507797346572,1,0,0,0,1,0,0,0,0
0,1,0,7,3.96222,6,161450,14.9,18.3,5,309.4791666666667,3,23.0,27,1.0,0,2024,0.012355507797346572,1,0,0,0,1,0,0,0,0
0,0,0,3,3.96222,20,182347,8.8,15.0,2,309.4791666666667,1,22.7,12,0.0,0,2024,0.012355507797346572,0,0,1,0,0,0,0,0,1
0,0,0,3,3.96222,20,182347,8.8,15.0,2,309.4791666666667,1,22.7,12,0.0,0,2024,0.012355507797346572,0,0,1,0,0,0,0,0,1
0,1,0,7,3.96222,7,231476,11.3,17.6,6,309.4791666666667,3,22.6,27,0.0,0,2024,0.012355507797346572,1,0,0,0,0,1,0,0,0
0,1,0,7,3.96222,7,231476,11.3,17.6,6,309.4791666666667,3,22.6,27,0.0,0,2024,0.012355507797346572,1,0,0,0,0,1,0,0,0
0,0,0,3,3.96222,19,138907,8.8,13.6,1,309.4791666666667,1,19.8,12,0.0,0,2024,0.012355507797346572,0,0,1,0,0,0,0,1,0
0,0,0,3,3.96222,19,138907,8.8,13.6,1,309.4791666666667,1,19.8,12,0.0,0,2024,0.012355507797346572,0,0,1,0,0,0,0,1,0
0,0,0,7,3.96222,5,231476,14.5,21.1,4,309.4791666666667,3,27.7,27,0.0,0,2024,0.012355507797346572,1,0,0,0,0,0,0,0,0
0,0,0,7,3.96222,5,231476,14.5,21.1,4,309.4791666666667,3,27.7,27,0.0,0,2024,0.012355507797346572,1,0,0,0,0,0,0,0,0
0,0,0,7,3.96222,5,231476,14.5,21.1,4,309.4791666666667,3,27.7,27,0.0,0,2024,0.012355507797346572,1,0,0,0,0,0,0,0,0
0,0,0,3,15.440377857142856,20,84310,8.8,15.0,2,680.1845238095239,1,22.7,12,0.0,1,2024,0.02266695339875392,0,0,1,0,0,0,0,0,1
0,1,0,7,3.96222,6,182347,14.9,18.3,5,309.4791666666667,3,23.0,27,1.0,0,2024,0.012355507797346572,1,0,0,0,1,0,0,0,0
0,1,0,7,3.96222,6,182347,14.9,18.3,5,309.4791666666667,3,23.0,27,1.0,0,2024,0.012355507797346572,1,0,0,0,1,0,0,0,0
0,0,0,3,2.0098292261904764,20,48784,8.8,15.0,2,1136.1130952380952,1,22.7,12,0.0,1,2024,0.0017674840212526504,0,0,1,0,0,0,0,0,1
0,0,0,3,2.0098292261904764,20,48784,8.8,15.0,2,1136.1130952380952,1,22.7,12,0.0,1,2024,0.0017674840212526504,0,0,1,0,0,0,0,0,1
0,1,0,7,33.65610863095238,7,35837,11.3,17.6,6,433.8392857142857,3,22.6,27,0.0,1,2024,0.07739896034385994,1,0,0,0,0,1,0,0,0
0,1,0,7,33.65610863095238,7,35837,11.3,17.6,6,433.8392857142857,3,22.6,27,0.0,1,2024,0.07739896034385994,1,0,0,0,0,1,0,0,0
0,0,0,3,3.96222,20,48784,8.8,15.0,2,309.4791666666667,1,22.7,12,0.0,0,2024,0.012355507797346572,0,0,1,0,0,0,0,0,1
0,0,0,3,3.96222,20,48784,8.8,15.0,2,309.4791666666667,1,22.7,12,0.0,0,2024,0.012355507797346572,0,0,1,0,0,0,0,0,1
0,1,0,7,3.96222,6,35837,14.9,18.3,5,309.4791666666667,3,23.0,27,1.0,0,2024,0.012355507797346572,1,0,0,0,1,0,0,0,0
0,0,0,3,3.96222,20,27547,8.8,15.0,2,309.4791666666667,1,22.7,12,0.0,0,2024,0.012355507797346572,0,0,1,0,0,0,0,0,1
0,1,0,7,10.641370238095238,7,15207,11.3,17.6,6,324.5357142857143,3,22.6,27,0.0,1,2024,0.032688795026513076,1,0,0,0,0,1,0,0,0
0,1,0,7,10.641370238095238,7,15207,11.3,17.6,6,324.5357142857143,3,22.6,27,0.0,1,2024,0.032688795026513076,1,0,0,0,0,1,0,0,0
0,1,0,7,10.641370238095238,7,15207,11.3,17.6,6,324.5357142857143,3,22.6,27,0.0,1,2024,0.032688795026513076,1,0,0,0,0,1,0,0,0
0,0,0,3,3.96222,20,27547,8.8,15.0,2,309.4791666666667,1,22.7,12,0.0,0,2024,0.012355507797346572,0,0,1,0,0,0,0,0,1
0,0,0,3,7.0979044642857145,19,15207,8.8,13.6,1,158.22619047619048,1,19.8,12,0.0,0,2024,0.04457749345794393,0,0,1,0,0,0,0,1,0
0,0,0,3,7.0979044642857145,19,15207,8.8,13.6,1,158.22619047619048,1,19.8,12,0.0,0,2024,0.04457749345794393,0,0,1,0,0,0,0,1,0
0,0,0,3,3.96222,19,27547,8.8,13.6,1,309.4791666666667,1,19.8,12,0.0,0,2024,0.012355507797346572,0,0,1,0,0,0,0,1,0
0,1,0,9,2.381340476190476,15,179566,7.1,14.6,6,85.11279761904763,3,22.9,37,0.0,0,2024,0.027653734892288975,0,0,0,0,0,1,0,0,0
0,1,0,9,2.381340476190476,15,179566,7.1,14.6,6,85.11279761904763,3,22.9,37,0.0,0,2024,0.027653734892288975,0,0,0,0,0,1,0,0,0
0,1,0,9,2.381340476190476,15,179566,7.1,14.6,6,85.11279761904763,3,22.9,37,0.0,0,2024,0.027653734892288975,0,0,0,0,0,1,0,0,0
0,1,0,9,3.96222,15,183839,7.1,14.6,6,309.4791666666667,3,22.9,37,0.0,0,2024,0.012355507797346572,0,0,0,0,0,1,0,0,0
0,1,0,9,3.96222,15,183839,7.1,14.6,6,309.4791666666667,3,22.9,37,0.0,0,2024,0.012355507797346572,0,0,0,0,0,1,0,0,0
1,0,0,9,3.72333,10,161450,12.4,15.8,1,318.1190476190476,3,18.8,37,2.2,1,2024,0.01166752667313288,0,0,0,0,0,0,0,1,0
1,0,0,9,3.72333,10,161450,12.4,15.8,1,318.1190476190476,3,18.8,37,2.2,1,2024,0.01166752667313288,0,0,0,0,0,0,0,1,0
0,1,0,9,3.96222,15,231476,7.1,14.6,6,309.4791666666667,3,22.9,37,0.0,0,2024,0.012355507797346572,0,0,0,0,0,1,0,0,0
0,1,0,9,3.96222,15,231476,7.1,14.6,6,309.4791666666667,3,22.9,37,0.0,0,2024,0.012355507797346572,0,0,0,0,0,1,0,0,0
0,1,0,9,3.96222,15,231476,7.1,14.6,6,309.4791666666667,3,22.9,37,0.0,0,2024,0.012355507797346572,0,0,0,0,0,1,0,0,0
0,0,0,9,7.840001428571428,13,231476,7.4,12.5,4,336.04761904761904,3,19.7,37,0.0,1,2024,0.023260812376377508,0,0,0,0,0,0,0,0,0
0,0,0,9,7.840001428571428,13,231476,7.4,12.5,4,336.04761904761904,3,19.7,37,0.0,1,2024,0.023260812376377508,0,0,0,0,0,0,0,0,0
0,1,0,9,3.96222,15,138887,7.1,14.6,6,309.4791666666667,3,22.9,37,0.0,0,2024,0.012355507797346572,0,0,0,0,0,1,0,0,0
0,1,0,9,3.96222,15,138887,7.1,14.6,6,309.4791666666667,3,22.9,37,0.0,0,2024,0.012355507797346572,0,0,0,0,0,1,0,0,0
0,1,0,9,3.96222,15,57934,7.1,14.6,6,309.4791666666667,3,22.9,37,0.0,0,2024,0.012355507797346572,0,0,0,0,0,1,0,0,0
0,1,0,9,3.96222,15,57934,7.1,14.6,6,309.4791666666667,3,22.9,37,0.0,0,2024,0.012355507797346572,0,0,0,0,0,1,0,0,0
0,1,0,9,5.460672797619047,15,48784,7.1,14.6,6,564.0416666666666,3,22.9,37,0.0,1,2024,0.00966419490766589,0,0,0,0,0,1,0,0,0
0,1,0,9,5.460672797619047,15,48784,7.1,14.6,6,564.0416666666666,3,22.9,37,0.0,1,2024,0.00966419490766589,0,0,0,0,0,1,0,0,0
0,1,0,9,5.460672797619047,15,48784,7.1,14.6,6,564.0416666666666,3,22.9,37,0.0,1,2024,0.00966419490766589,0,0,0,0,0,1,0,0,0
0,1,0,9,5.460672797619047,15,48784,7.1,14.6,6,564.0416666666666,3,22.9,37,0.0,1,2024,0.00966419490766589,0,0,0,0,0,1,0,0,0
0,1,0,9,3.96222,14,48784,7.7,12.8,5,309.4791666666667,3,20.4,37,0.0,0,2024,0.012355507797346572,0,0,0,0,1,0,0,0,0
0,1,0,9,3.96222,14,48784,7.7,12.8,5,309.4791666666667,3,20.4,37,0.0,0,2024,0.012355507797346572,0,0,0,0,1,0,0,0,0
0,1,0,9,3.96222,14,48784,7.7,12.8,5,309.4791666666667,3,20.4,37,0.0,0,2024,0.012355507797346572,0,0,0,0,1,0,0,0,0
0,1,0,9,3.96222,15,27547,7.1,14.6,6,309.4791666666667,3,22.9,37,0.0,0,2024,0.012355507797346572,0,0,0,0,0,1,0,0,0
0,1,0,9,3.190629226190476,15,182347,7.1,14.6,6,420.2261904761905,3,22.9,37,0.0,1,2024,0.00757462213492355,0,0,0,0,0,1,0,0,0
0,1,0,9,3.190629226190476,15,182347,7.1,14.6,6,420.2261904761905,3,22.9,37,0.0,1,2024,0.00757462213492355,0,0,0,0,0,1,0,0,0
0,0,0,4,3.96222,24,160526,7.0,8.7,2,309.4791666666667,2,12.6,17,0.0,0,2024,0.012355507797346572,0,0,1,0,0,0,0,0,1
0,0,0,4,3.96222,24,160526,7.0,8.7,2,309.4791666666667,2,12.6,17,0.0,0,2024,0.012355507797346572,0,0,1,0,0,0,0,0,1
0,0,0,4,3.96222,24,161450,7.0,8.7,2,309.4791666666667,2,12.6,17,0.0,0,2024,0.012355507797346572,0,0,1,0,0,0,0,0,1
0,0,0,4,3.96222,24,161450,7.0,8.7,2,309.4791666666667,2,12.6,17,0.0,0,2024,0.012355507797346572,0,0,1,0,0,0,0,0,1
0,0,0,4,3.96222,24,161450,7.0,8.7,2,309.4791666666667,2,12.6,17,0.0,0,2024,0.012355507797346572,0,0,1,0,0,0,0,0,1
1,0,0,4,3.96222,26,41158,5.8,12.3,4,309.4791666666667,2,16.4,17,1.6,0,2024,0.012355507797346572,0,0,1,0,0,0,0,0,0
1,0,0,4,3.96222,26,41158,5.8,12.3,4,309.4791666666667,2,16.4,17,1.6,0,2024,0.012355507797346572,0,0,1,0,0,0,0,0,0
1,0,0,4,4.666449642857143,26,179566,5.8,12.3,4,420.1666666666667,2,16.4,17,1.6,1,2024,0.011079817117982926,0,0,1,0,0,0,0,0,0
1,0,0,4,4.666449642857143,26,179566,5.8,12.3,4,420.1666666666667,2,16.4,17,1.6,1,2024,0.011079817117982926,0,0,1,0,0,0,0,0,0
1,0,0,4,4.16,26,183839,5.8,12.3,4,431.7380952380952,2,16.4,17,1.6,1,2024,0.009613204951856948,0,0,1,0,0,0,0,0,0
1,0,0,4,4.16,26,183839,5.8,12.3,4,431.7380952380952,2,16.4,17,1.6,1,2024,0.009613204951856948,0,0,1,0,0,0,0,0,0
1,0,0,4,3.96222,26,161450,5.8,12.3,4,309.4791666666667,2,16.4,17,1.6,0,2024,0.012355507797346572,0,0,1,0,0,0,0,0,0
0,0,0,4,3.96222,23,161450,2.6,8.9,1,309.4791666666667,2,15.1,17,0.2,0,2024,0.012355507797346572,0,0,1,0,0,0,0,1,0
0,0,0,4,3.96222,23,161450,2.6,8.9,1,309.4791666666667,2,15.1,17,0.2,0,2024,0.012355507797346572,0,0,1,0,0,0,0,1,0
1,0,0,4,18.64592732142857,26,231476,5.8,12.3,4,395.7738095238095,2,16.4,17,1.6,1,2024,0.04699384604998649,0,0,1,0,0,0,0,0,0
1,0,0,4,18.64592732142857,26,231476,5.8,12.3,4,395.7738095238095,2,16.4,17,1.6,1,2024,0.04699384604998649,0,0,1,0,0,0,0,0,0
1,0,0,4,2.1401833333333333,26,182347,5.8,12.3,4,118.61309523809524,2,16.4,17,1.6,0,2024,0.017892550385668077,0,0,1,0,0,0,0,0,0
1,0,0,4,2.1401833333333333,26,182347,5.8,12.3,4,118.61309523809524,2,16.4,17,1.6,0,2024,0.017892550385668077,0,0,1,0,0,0,0,0,0
1,0,0,4,2.1401833333333333,26,182347,5.8,12.3,4,118.61309523809524,2,16.4,17,1.6,0,2024,0.017892550385668077,0,0,1,0,0,0,0,0,0
1,0,0,4,1.489456011904762,26,182347,5.8,12.3,4,170.17261904761904,2,16.4,17,1.6,0,2024,0.008701485203602602,0,0,1,0,0,0,0,0,0
1,0,0,4,1.489456011904762,26,182347,5.8,12.3,4,170.17261904761904,2,16.4,17,1.6,0,2024,0.008701485203602602,0,0,1,0,0,0,0,0,0
1,0,0,4,3.96222,26,160526,5.8,12.3,4,309.4791666666667,2,16.4,17,1.6,0,2024,0.012355507797346572,0,0,1,0,0,0,0,0,0
1,0,0,4,3.96222,26,160526,5.8,12.3,4,309.4791666666667,2,16.4,17,1.6,0,2024,0.012355507797346572,0,0,1,0,0,0,0,0,0
1,0,0,4,3.96222,26,35837,5.8,12.3,4,309.4791666666667,2,16.4,17,1.6,0,2024,0.012355507797346572,0,0,1,0,0,0,0,0,0
1,0,0,4,3.96222,26,35837,5.8,12.3,4,309.4791666666667,2,16.4,17,1.6,0,2024,0.012355507797346572,0,0,1,0,0,0,0,0,0
1,0,0,4,3.96222,26,35837,5.8,12.3,4,309.4791666666667,2,16.4,17,1.6,0,2024,0.012355507797346572,0,0,1,0,0,0,0,0,0
1,0,0,4,3.96222,26,48784,5.8,12.3,4,309.4791666666667,2,16.4,17,1.6,0,2024,0.012355507797346572,0,0,1,0,0,0,0,0,0
0,0,0,4,2.532115654761905,25,48784,3.7,10.6,3,710.7916666666666,2,15.2,17,0.0,1,2024,0.003557383112701851,0,0,1,0,0,0,1,0,0
1,0,0,4,3.96222,26,15207,5.8,12.3,4,309.4791666666667,2,16.4,17,1.6,0,2024,0.012355507797346572,0,0,1,0,0,0,0,0,0
1,0,0,4,3.96222,26,15207,5.8,12.3,4,309.4791666666667,2,16.4,17,1.6,0,2024,0.012355507797346572,0,0,1,0,0,0,0,0,0
1,0,0,4,3.96222,26,27547,5.8,12.3,4,309.4791666666667,2,16.4,17,1.6,0,2024,0.012355507797346572,0,0,1,0,0,0,0,0,0
0,0,0,8,3.96222,9,179566,19.7,23.3,4,309.4791666666667,3,28.5,32,0.2,0,2024,0.012355507797346572,1,0,0,0,0,0,0,0,0
0,0,0,8,3.96222,9,179566,19.7,23.3,4,309.4791666666667,3,28.5,32,0.2,0,2024,0.012355507797346572,1,0,0,0,0,0,0,0,0
0,0,0,8,3.96222,9,179566,19.7,23.3,4,309.4791666666667,3,28.5,32,0.2,0,2024,0.012355507797346572,1,0,0,0,0,0,0,0,0
0,0,0,8,5.847640238095238,9,231476,19.7,23.3,4,209.4047619047619,3,28.5,32,0.2,0,2024,0.02779233789747652,1,0,0,0,0,0,0,0,0
0,0,0,8,5.847640238095238,9,231476,19.7,23.3,4,209.4047619047619,3,28.5,32,0.2,0,2024,0.02779233789747652,1,0,0,0,0,0,0,0,0
0,0,0,8,3.96222,8,41158,16.7,23.4,3,309.4791666666667,3,29.0,32,0.0,0,2024,0.012355507797346572,1,0,0,0,0,0,1,0,0
0,0,0,8,3.96222,8,41158,16.7,23.4,3,309.4791666666667,3,29.0,32,0.0,0,2024,0.012355507797346572,1,0,0,0,0,0,1,0,0
0,0,0,8,10.410416666666666,9,160526,19.7,23.3,4,3676.315476190476,3,28.5,32,0.2,1,2024,0.0028309827465364387,1,0,0,0,0,0,0,0,0
0,0,0,8,10.410416666666666,9,160526,19.7,23.3,4,3676.315476190476,3,28.5,32,0.2,1,2024,0.0028309827465364387,1,0,0,0,0,0,0,0,0
0,0,0,8,5.092984047619048,9,231476,19.7,23.3,4,221.125,3,28.5,32,0.2,0,2024,0.0229284594152799,1,0,0,0,0,0,0,0,0
0,0,0,8,5.092984047619048,9,231476,19.7,23.3,4,221.125,3,28.5,32,0.2,0,2024,0.0229284594152799,1,0,0,0,0,0,0,0,0
0,0,0,8,3.96222,9,137426,19.7,23.3,4,309.4791666666667,3,28.5,32,0.2,0,2024,0.012355507797346572,1,0,0,0,0,0,0,0,0
0,0,0,8,2.63222,8,182347,16.7,23.4,3,236.4404761904762,3,29.0,32,0.0,0,2024,0.011085809977437952,1,0,0,0,0,0,1,0,0
0,0,0,8,2.63222,8,182347,16.7,23.4,3,236.4404761904762,3,29.0,32,0.0,0,2024,0.011085809977437952,1,0,0,0,0,0,1,0,0
0,0,0,8,2.63222,8,182347,16.7,23.4,3,236.4404761904762,3,29.0,32,0.0,0,2024,0.011085809977437952,1,0,0,0,0,0,1,0,0
0,0,0,8,2.63222,8,182347,16.7,23.4,3,236.4404761904762,3,29.0,32,0.0,0,2024,0.011085809977437952,1,0,0,0,0,0,1,0,0
0,0,0,8,2.63222,8,182347,16.7,23.4,3,236.4404761904762,3,29.0,32,0.0,0,2024,0.011085809977437952,1,0,0,0,0,0,1,0,0
0,0,0,8,3.96222,9,138907,19.7,23.3,4,309.4791666666667,3,28.5,32,0.2,0,2024,0.012355507797346572,1,0,0,0,0,0,0,0,0
0,0,0,8,3.96222,9,138907,19.7,23.3,4,309.4791666666667,3,28.5,32,0.2,0,2024,0.012355507797346572,1,0,0,0,0,0,0,0,0
0,0,0,8,1.7415190476190476,9,138887,19.7,23.3,4,113.61309523809524,3,28.5,32,0.2,0,2024,0.015194764996104908,1,0,0,0,0,0,0,0,0
0,0,0,8,1.7415190476190476,9,138887,19.7,23.3,4,113.61309523809524,3,28.5,32,0.2,0,2024,0.015194764996104908,1,0,0,0,0,0,0,0,0
0,0,0,8,2.564541488095238,9,84310,19.7,23.3,4,314.1428571428572,3,28.5,32,0.2,1,2024,0.008137710977636747,1,0,0,0,0,0,0,0,0
0,0,0,8,2.564541488095238,9,84310,19.7,23.3,4,314.1428571428572,3,28.5,32,0.2,1,2024,0.008137710977636747,1,0,0,0,0,0,0,0,0
0,0,0,8,2.3844382142857143,9,35837,19.7,23.3,4,194.3869047619048,3,28.5,32,0.2,0,2024,0.012203674638233053,1,0,0,0,0,0,0,0,0
0,0,0,8,2.3844382142857143,9,35837,19.7,23.3,4,194.3869047619048,3,28.5,32,0.2,0,2024,0.012203674638233053,1,0,0,0,0,0,0,0,0
0,0,0,8,11.149594404761904,9,231476,19.7,23.3,4,160.78571428571428,3,28.5,32,0.2,0,2024,0.0689158153053716,1,0,0,0,0,0,0,0,0
0,0,0,8,11.149594404761904,9,231476,19.7,23.3,4,160.78571428571428,3,28.5,32,0.2,0,2024,0.0689158153053716,1,0,0,0,0,0,0,0,0
0,0,0,8,3.96222,9,27547,19.7,23.3,4,309.4791666666667,3,28.5,32,0.2,0,2024,0.012355507797346572,1,0,0,0,0,0,0,0,0
0,0,0,8,3.96222,9,27547,19.7,23.3,4,309.4791666666667,3,28.5,32,0.2,0,2024,0.012355507797346572,1,0,0,0,0,0,0,0,0
1,0,0,2,3.96222,7,41158,11.3,12.0,2,309.4791666666667,1,13.0,6,4.8,0,2024,0.012355507797346572,0,1,0,0,0,0,0,0,1
1,0,0,2,3.96222,7,41158,11.3,12.0,2,309.4791666666667,1,13.0,6,4.8,0,2024,0.012355507797346572,0,1,0,0,0,0,0,0,1
1,0,0,2,3.96222,7,41158,11.3,12.0,2,309.4791666666667,1,13.0,6,4.8,0,2024,0.012355507797346572,0,1,0,0,0,0,0,0,1
1,0,0,2,3.96222,7,41158,11.3,12.0,2,309.4791666666667,1,13.0,6,4.8,0,2024,0.012355507797346572,0,1,0,0,0,0,0,0,1
1,0,0,2,3.96222,7,41158,11.3,12.0,2,309.4791666666667,1,13.0,6,4.8,0,2024,0.012355507797346572,0,1,0,0,0,0,0,0,1
1,0,0,2,3.249769523809524,7,179566,11.3,12.0,2,195.36309523809524,1,13.0,6,4.8,0,2024,0.016549797811391678,0,1,0,0,0,0,0,0,1
1,0,0,2,3.249769523809524,7,179566,11.3,12.0,2,195.36309523809524,1,13.0,6,4.8,0,2024,0.016549797811391678,0,1,0,0,0,0,0,0,1
1,0,0,2,3.96222,7,160526,11.3,12.0,2,309.4791666666667,1,13.0,6,4.8,0,2024,0.012355507797346572,0,1,0,0,0,0,0,0,1
1,0,0,2,3.96222,7,160526,11.3,12.0,2,309.4791666666667,1,13.0,6,4.8,0,2024,0.012355507797346572,0,1,0,0,0,0,0,0,1
1,0,0,2,17.150874285714288,7,231476,11.3,12.0,2,403.07142857142856,1,13.0,6,4.8,1,2024,0.042445154675623126,0,1,0,0,0,0,0,0,1
1,0,0,2,17.150874285714288,7,231476,11.3,12.0,2,403.07142857142856,1,13.0,6,4.8,1,2024,0.042445154675623126,0,1,0,0,0,0,0,0,1
1,0,0,2,17.150874285714288,7,231476,11.3,12.0,2,403.07142857142856,1,13.0,6,4.8,1,2024,0.042445154675623126,0,1,0,0,0,0,0,0,1
1,0,0,2,3.96222,6,231476,8.0,10.6,1,309.4791666666667,1,12.6,6,1.2,0,2024,0.012355507797346572,0,1,0,0,0,0,0,1,0
1,0,0,2,3.96222,6,231476,8.0,10.6,1,309.4791666666667,1,12.6,6,1.2,0,2024,0.012355507797346572,0,1,0,0,0,0,0,1,0
1,0,0,2,3.96222,7,137426,11.3,12.0,2,309.4791666666667,1,13.0,6,4.8,0,2024,0.012355507797346572,0,1,0,0,0,0,0,0,1
1,0,0,2,3.96222,7,137426,11.3,12.0,2,309.4791666666667,1,13.0,6,4.8,0,2024,0.012355507797346572,0,1,0,0,0,0,0,0,1
1,0,0,2,3.96222,6,137426,8.0,10.6,1,309.4791666666667,1,12.6,6,1.2,0,2024,0.012355507797346572,0,1,0,0,0,0,0,1,0
1,0,0,2,0.3583451785714285,7,182347,11.3,12.0,2,335.98809523809524,1,13.0,6,4.8,1,2024,0.0010633763733352171,0,1,0,0,0,0,0,0,1
1,0,0,2,3.96222,7,182347,11.3,12.0,2,309.4791666666667,1,13.0,6,4.8,0,2024,0.012355507797346572,0,1,0,0,0,0,0,0,1
1,0,0,2,3.96222,7,182347,11.3,12.0,2,309.4791666666667,1,13.0,6,4.8,0,2024,0.012355507797346572,0,1,0,0,0,0,0,0,1
1,0,0,9,8.412451607142858,26,231476,15.0,16.2,3,261.6011904761905,3,19.5,39,17.0,0,2024,0.032035085567921666,0,0,0,0,0,0,1,0,0
1,0,0,9,8.412451607142858,26,231476,15.0,16.2,3,261.6011904761905,3,19.5,39,17.0,0,2024,0.032035085567921666,0,0,0,0,0,0,1,0,0
1,0,0,9,8.412451607142858,26,231476,15.0,16.2,3,261.6011904761905,3,19.5,39,17.0,0,2024,0.032035085567921666,0,0,0,0,0,0,1,0,0
1,0,0,2,3.96222,6,182347,8.0,10.6,1,309.4791666666667,1,12.6,6,1.2,0,2024,0.012355507797346572,0,1,0,0,0,0,0,1,0
1,0,0,2,3.96222,6,182347,8.0,10.6,1,309.4791666666667,1,12.6,6,1.2,0,2024,0.012355507797346572,0,1,0,0,0,0,0,1,0
1,0,0,2,3.96222,7,84310,11.3,12.0,2,309.4791666666667,1,13.0,6,4.8,0,2024,0.012355507797346572,0,1,0,0,0,0,0,0,1
1,0,0,2,3.96222,7,84310,11.3,12.0,2,309.4791666666667,1,13.0,6,4.8,0,2024,0.012355507797346572,0,1,0,0,0,0,0,0,1
1,0,0,2,3.96222,7,48784,11.3,12.0,2,309.4791666666667,1,13.0,6,4.8,0,2024,0.012355507797346572,0,1,0,0,0,0,0,0,1
1,0,0,2,3.96222,7,32386,11.3,12.0,2,309.4791666666667,1,13.0,6,4.8,0,2024,0.012355507797346572,0,1,0,0,0,0,0,0,1
1,0,0,2,3.96222,7,32386,11.3,12.0,2,309.4791666666667,1,13.0,6,4.8,0,2024,0.012355507797346572,0,1,0,0,0,0,0,0,1
1,0,0,2,3.96222,7,32386,11.3,12.0,2,309.4791666666667,1,13.0,6,4.8,0,2024,0.012355507797346572,0,1,0,0,0,0,0,0,1
1,0,0,2,3.96222,7,32386,11.3,12.0,2,309.4791666666667,1,13.0,6,4.8,0,2024,0.012355507797346572,0,1,0,0,0,0,0,0,1
1,0,0,2,3.96222,6,15207,8.0,10.6,1,309.4791666666667,1,12.6,6,1.2,0,2024,0.012355507797346572,0,1,0,0,0,0,0,1,0
1,0,0,2,3.96222,6,15207,8.0,10.6,1,309.4791666666667,1,12.6,6,1.2,0,2024,0.012355507797346572,0,1,0,0,0,0,0,1,0
0,0,0,6,3.96222,4,137426,13.3,19.5,1,309.4791666666667,2,25.2,23,0.0,0,2024,0.012355507797346572,1,0,0,0,0,0,0,1,0
0,0,0,6,3.96222,4,137426,13.3,19.5,1,309.4791666666667,2,25.2,23,0.0,0,2024,0.012355507797346572,1,0,0,0,0,0,0,1,0
0,0,0,6,11.98622754491018,3,161450,9.3,17.2,0,4111.359281437126,2,24.6,23,0.0,1,2024,0.002914683938004904,1,0,0,1,0,0,0,0,0
0,0,0,6,11.98622754491018,3,161450,9.3,17.2,0,4111.359281437126,2,24.6,23,0.0,1,2024,0.002914683938004904,1,0,0,1,0,0,0,0,0
0,0,0,6,3.96222,4,27547,13.3,19.5,1,309.4791666666667,2,25.2,23,0.0,0,2024,0.012355507797346572,1,0,0,0,0,0,0,1,0
0,0,0,6,3.96222,4,27547,13.3,19.5,1,309.4791666666667,2,25.2,23,0.0,0,2024,0.012355507797346572,1,0,0,0,0,0,0,1,0
0,0,0,6,3.96222,4,138887,13.3,19.5,1,309.4791666666667,2,25.2,23,0.0,0,2024,0.012355507797346572,1,0,0,0,0,0,0,1,0
0,0,0,6,3.96222,4,138887,13.3,19.5,1,309.4791666666667,2,25.2,23,0.0,0,2024,0.012355507797346572,1,0,0,0,0,0,0,1,0
0,0,0,6,3.96222,4,41158,13.3,19.5,1,309.4791666666667,2,25.2,23,0.0,0,2024,0.012355507797346572,1,0,0,0,0,0,0,1,0
0,0,0,6,3.96222,4,41158,13.3,19.5,1,309.4791666666667,2,25.2,23,0.0,0,2024,0.012355507797346572,1,0,0,0,0,0,0,1,0
0,0,0,6,3.96222,4,41158,13.3,19.5,1,309.4791666666667,2,25.2,23,0.0,0,2024,0.012355507797346572,1,0,0,0,0,0,0,1,0
0,0,0,6,3.96222,3,41158,9.3,17.2,0,309.4791666666667,2,24.6,23,0.0,0,2024,0.012355507797346572,1,0,0,1,0,0,0,0,0
0,0,0,6,3.96222,3,41158,9.3,17.2,0,309.4791666666667,2,24.6,23,0.0,0,2024,0.012355507797346572,1,0,0,1,0,0,0,0,0
0,0,0,6,5.104364431137724,4,179566,13.3,19.5,1,123.94311377245508,2,25.2,23,0.0,0,2024,0.04085350746447485,1,0,0,0,0,0,0,1,0
0,0,0,6,5.104364431137724,4,179566,13.3,19.5,1,123.94311377245508,2,25.2,23,0.0,0,2024,0.04085350746447485,1,0,0,0,0,0,0,1,0
0,0,0,6,5.104364431137724,4,179566,13.3,19.5,1,123.94311377245508,2,25.2,23,0.0,0,2024,0.04085350746447485,1,0,0,0,0,0,0,1,0
0,0,0,6,3.96222,4,161450,13.3,19.5,1,309.4791666666667,2,25.2,23,0.0,0,2024,0.012355507797346572,1,0,0,0,0,0,0,1,0
0,0,0,6,3.96222,4,161450,13.3,19.5,1,309.4791666666667,2,25.2,23,0.0,0,2024,0.012355507797346572,1,0,0,0,0,0,0,1,0
0,0,0,6,3.96222,3,161450,9.3,17.2,0,309.4791666666667,2,24.6,23,0.0,0,2024,0.012355507797346572,1,0,0,1,0,0,0,0,0
0,0,0,6,3.96222,3,161450,9.3,17.2,0,309.4791666666667,2,24.6,23,0.0,0,2024,0.012355507797346572,1,0,0,1,0,0,0,0,0
0,0,0,6,3.96222,3,161450,9.3,17.2,0,309.4791666666667,2,24.6,23,0.0,0,2024,0.012355507797346572,1,0,0,1,0,0,0,0,0
0,0,0,6,3.96222,4,138907,13.3,19.5,1,309.4791666666667,2,25.2,23,0.0,0,2024,0.012355507797346572,1,0,0,0,0,0,0,1,0
0,0,0,6,3.96222,4,138907,13.3,19.5,1,309.4791666666667,2,25.2,23,0.0,0,2024,0.012355507797346572,1,0,0,0,0,0,0,1,0
0,0,0,6,3.96222,3,138907,9.3,17.2,0,309.4791666666667,2,24.6,23,0.0,0,2024,0.012355507797346572,1,0,0,1,0,0,0,0,0
0,0,0,6,3.96222,3,138907,9.3,17.2,0,309.4791666666667,2,24.6,23,0.0,0,2024,0.012355507797346572,1,0,0,1,0,0,0,0,0
0,0,0,6,3.96222,3,138907,9.3,17.2,0,309.4791666666667,2,24.6,23,0.0,0,2024,0.012355507797346572,1,0,0,1,0,0,0,0,0
0,0,0,6,3.96222,4,84310,13.3,19.5,1,309.4791666666667,2,25.2,23,0.0,0,2024,0.012355507797346572,1,0,0,0,0,0,0,1,0
0,0,0,6,3.96222,4,84310,13.3,19.5,1,309.4791666666667,2,25.2,23,0.0,0,2024,0.012355507797346572,1,0,0,0,0,0,0,1,0
0,0,0,6,3.96222,4,84310,13.3,19.5,1,309.4791666666667,2,25.2,23,0.0,0,2024,0.012355507797346572,1,0,0,0,0,0,0,1,0
0,0,0,6,3.96222,4,84310,13.3,19.5,1,309.4791666666667,2,25.2,23,0.0,0,2024,0.012355507797346572,1,0,0,0,0,0,0,1,0
0,0,0,6,3.96222,4,35837,13.3,19.5,1,309.4791666666667,2,25.2,23,0.0,0,2024,0.012355507797346572,1,0,0,0,0,0,0,1,0
0,0,0,6,3.96222,4,35837,13.3,19.5,1,309.4791666666667,2,25.2,23,0.0,0,2024,0.012355507797346572,1,0,0,0,0,0,0,1,0
0,0,0,6,12.139573922155687,4,35837,13.3,19.5,1,228.0479041916168,2,25.2,23,0.0,0,2024,0.053000152806462565,1,0,0,0,0,0,0,1,0
0,0,0,6,12.139573922155687,4,35837,13.3,19.5,1,228.0479041916168,2,25.2,23,0.0,0,2024,0.053000152806462565,1,0,0,0,0,0,0,1,0
0,0,0,6,12.139573922155687,4,35837,13.3,19.5,1,228.0479041916168,2,25.2,23,0.0,0,2024,0.053000152806462565,1,0,0,0,0,0,0,1,0
0,0,0,6,12.139573922155687,4,35837,13.3,19.5,1,228.0479041916168,2,25.2,23,0.0,0,2024,0.053000152806462565,1,0,0,0,0,0,0,1,0
0,0,0,10,4.756529404761904,18,32386,12.7,14.1,4,377.3511904761905,4,15.3,42,0.2,1,2024,0.012571731038497236,0,0,0,0,0,0,0,0,0
0,0,0,10,4.756529404761904,18,32386,12.7,14.1,4,377.3511904761905,4,15.3,42,0.2,1,2024,0.012571731038497236,0,0,0,0,0,0,0,0,0
1,0,0,10,8.312999702380953,17,182347,16.3,16.8,3,401.2619047619048,4,19.1,42,47.1,1,2024,0.020665639982243265,0,0,0,0,0,0,1,0,0
1,0,0,10,8.312999702380953,17,182347,16.3,16.8,3,401.2619047619048,4,19.1,42,47.1,1,2024,0.020665639982243265,0,0,0,0,0,0,1,0,0
0,0,0,10,2.148897023809524,18,179566,12.7,14.1,4,256.32738095238096,4,15.3,42,0.2,0,2024,0.008350829266035947,0,0,0,0,0,0,0,0,0
0,0,0,10,2.148897023809524,18,179566,12.7,14.1,4,256.32738095238096,4,15.3,42,0.2,0,2024,0.008350829266035947,0,0,0,0,0,0,0,0,0
0,0,0,10,11.38915113095238,18,57934,12.7,14.1,4,265.2202380952381,4,15.3,42,0.2,0,2024,0.042780936612632756,0,0,0,0,0,0,0,0,0
0,0,0,10,11.38915113095238,18,57934,12.7,14.1,4,265.2202380952381,4,15.3,42,0.2,0,2024,0.042780936612632756,0,0,0,0,0,0,0,0,0
0,1,0,7,3.96222,6,179566,14.9,18.3,5,309.4791666666667,3,23.0,27,1.0,0,2024,0.012355507797346572,1,0,0,0,1,0,0,0,0
0,1,0,7,3.96222,6,179566,14.9,18.3,5,309.4791666666667,3,23.0,27,1.0,0,2024,0.012355507797346572,1,0,0,0,1,0,0,0,0
0,1,0,7,3.96222,6,185914,14.9,18.3,5,309.4791666666667,3,23.0,27,1.0,0,2024,0.012355507797346572,1,0,0,0,1,0,0,0,0
0,1,0,7,3.96222,6,185914,14.9,18.3,5,309.4791666666667,3,23.0,27,1.0,0,2024,0.012355507797346572,1,0,0,0,1,0,0,0,0
0,1,0,7,3.96222,6,185914,14.9,18.3,5,309.4791666666667,3,23.0,27,1.0,0,2024,0.012355507797346572,1,0,0,0,1,0,0,0,0
0,0,0,7,1.3147529761904762,5,161450,14.5,21.1,4,236.5833333333333,3,27.7,27,0.0,0,2024,0.005533860299644236,1,0,0,0,0,0,0,0,0
0,0,0,7,1.3147529761904762,5,161450,14.5,21.1,4,236.5833333333333,3,27.7,27,0.0,0,2024,0.005533860299644236,1,0,0,0,0,0,0,0,0
0,1,0,7,12.185996547619046,6,84310,14.9,18.3,5,596.9047619047619,3,23.0,27,1.0,1,2024,0.0203811665737496,1,0,0,0,1,0,0,0,0
0,1,0,7,12.185996547619046,6,84310,14.9,18.3,5,596.9047619047619,3,23.0,27,1.0,1,2024,0.0203811665737496,1,0,0,0,1,0,0,0,0
0,1,0,7,12.185996547619046,6,57934,14.9,18.3,5,596.9047619047619,3,23.0,27,1.0,1,2024,0.0203811665737496,1,0,0,0,1,0,0,0,0
0,1,0,7,12.185996547619046,6,57934,14.9,18.3,5,596.9047619047619,3,23.0,27,1.0,1,2024,0.0203811665737496,1,0,0,0,1,0,0,0,0
0,1,0,7,12.185996547619046,6,57934,14.9,18.3,5,596.9047619047619,3,23.0,27,1.0,1,2024,0.0203811665737496,1,0,0,0,1,0,0,0,0
0,1,0,7,12.185996547619046,6,57934,14.9,18.3,5,596.9047619047619,3,23.0,27,1.0,1,2024,0.0203811665737496,1,0,0,0,1,0,0,0,0
0,1,0,7,12.185996547619046,6,57934,14.9,18.3,5,596.9047619047619,3,23.0,27,1.0,1,2024,0.0203811665737496,1,0,0,0,1,0,0,0,0
0,1,0,7,3.96222,6,231476,14.9,18.3,5,309.4791666666667,3,23.0,27,1.0,0,2024,0.012355507797346572,1,0,0,0,1,0,0,0,0
0,1,0,7,3.96222,6,231476,14.9,18.3,5,309.4791666666667,3,23.0,27,1.0,0,2024,0.012355507797346572,1,0,0,0,1,0,0,0,0
0,1,0,7,3.96222,6,231476,14.9,18.3,5,309.4791666666667,3,23.0,27,1.0,0,2024,0.012355507797346572,1,0,0,0,1,0,0,0,0
0,1,0,7,3.96222,6,231476,14.9,18.3,5,309.4791666666667,3,23.0,27,1.0,0,2024,0.012355507797346572,1,0,0,0,1,0,0,0,0
0,1,0,7,3.96222,6,231476,14.9,18.3,5,309.4791666666667,3,23.0,27,1.0,0,2024,0.012355507797346572,1,0,0,0,1,0,0,0,0
0,1,0,7,3.96222,6,231476,14.9,18.3,5,309.4791666666667,3,23.0,27,1.0,0,2024,0.012355507797346572,1,0,0,0,1,0,0,0,0
0,1,0,7,3.96222,6,15207,14.9,18.3,5,309.4791666666667,3,23.0,27,1.0,0,2024,0.012355507797346572,1,0,0,0,1,0,0,0,0
0,0,0,3,3.96222,19,182347,8.8,13.6,1,309.4791666666667,1,19.8,12,0.0,0,2024,0.012355507797346572,0,0,1,0,0,0,0,1,0
0,0,0,3,3.96222,19,182347,8.8,13.6,1,309.4791666666667,1,19.8,12,0.0,0,2024,0.012355507797346572,0,0,1,0,0,0,0,1,0
0,0,0,3,3.96222,19,182347,8.8,13.6,1,309.4791666666667,1,19.8,12,0.0,0,2024,0.012355507797346572,0,0,1,0,0,0,0,1,0
0,0,0,3,14.382142857142856,18,231476,12.4,14.5,0,3818.696428571429,1,19.4,12,0.0,1,2024,0.003765258084271842,0,0,1,1,0,0,0,0,0
0,0,0,3,14.382142857142856,18,231476,12.4,14.5,0,3818.696428571429,1,19.4,12,0.0,1,2024,0.003765258084271842,0,0,1,1,0,0,0,0,0
0,0,0,3,3.96222,19,161450,8.8,13.6,1,309.4791666666667,1,19.8,12,0.0,0,2024,0.012355507797346572,0,0,1,0,0,0,0,1,0
0,0,0,3,2.8421735714285714,18,185914,12.4,14.5,0,187.91071428571428,1,19.4,12,0.0,0,2024,0.01504506286038378,0,0,1,1,0,0,0,0,0
0,0,0,3,2.8421735714285714,18,185914,12.4,14.5,0,187.91071428571428,1,19.4,12,0.0,0,2024,0.01504506286038378,0,0,1,1,0,0,0,0,0
0,0,0,3,3.96222,19,41158,8.8,13.6,1,309.4791666666667,1,19.8,12,0.0,0,2024,0.012355507797346572,0,0,1,0,0,0,0,1,0
0,0,0,3,3.96222,19,41158,8.8,13.6,1,309.4791666666667,1,19.8,12,0.0,0,2024,0.012355507797346572,0,0,1,0,0,0,0,1,0
0,0,0,3,3.96222,19,185914,8.8,13.6,1,309.4791666666667,1,19.8,12,0.0,0,2024,0.012355507797346572,0,0,1,0,0,0,0,1,0
0,0,0,3,3.96222,19,185914,8.8,13.6,1,309.4791666666667,1,19.8,12,0.0,0,2024,0.012355507797346572,0,0,1,0,0,0,0,1,0
0,0,0,3,3.95722,19,183839,8.8,13.6,1,218.77380952380952,1,19.8,12,0.0,0,2024,0.01800587617138833,0,0,1,0,0,0,0,1,0
0,0,0,3,3.95722,19,183839,8.8,13.6,1,218.77380952380952,1,19.8,12,0.0,0,2024,0.01800587617138833,0,0,1,0,0,0,0,1,0
0,0,0,3,3.0489897619047617,19,183839,8.8,13.6,1,307.30357142857144,1,19.8,12,0.0,0,2024,0.009889570035717733,0,0,1,0,0,0,0,1,0
0,0,0,3,3.0489897619047617,19,183839,8.8,13.6,1,307.30357142857144,1,19.8,12,0.0,0,2024,0.009889570035717733,0,0,1,0,0,0,0,1,0
0,0,0,3,3.96222,19,160526,8.8,13.6,1,309.4791666666667,1,19.8,12,0.0,0,2024,0.012355507797346572,0,0,1,0,0,0,0,1,0
0,0,0,3,3.96222,19,160526,8.8,13.6,1,309.4791666666667,1,19.8,12,0.0,0,2024,0.012355507797346572,0,0,1,0,0,0,0,1,0
0,0,0,3,3.96222,19,160526,8.8,13.6,1,309.4791666666667,1,19.8,12,0.0,0,2024,0.012355507797346572,0,0,1,0,0,0,0,1,0
0,0,0,3,5.241043035714286,19,160526,8.8,13.6,1,89.57142857142857,1,19.8,12,0.0,0,2024,0.0578664057570978,0,0,1,0,0,0,0,1,0
0,0,0,3,5.241043035714286,19,160526,8.8,13.6,1,89.57142857142857,1,19.8,12,0.0,0,2024,0.0578664057570978,0,0,1,0,0,0,0,1,0
0,0,0,3,13.965178571428572,19,137426,8.8,13.6,1,1439.6190476190477,1,19.8,12,0.0,1,2024,0.00969387333487588,0,0,1,0,0,0,0,1,0
0,0,0,3,1.175559761904762,19,182347,8.8,13.6,1,151.72619047619048,1,19.8,12,0.0,0,2024,0.00769717203211474,0,0,1,0,0,0,0,1,0
0,0,0,3,1.175559761904762,19,182347,8.8,13.6,1,151.72619047619048,1,19.8,12,0.0,0,2024,0.00769717203211474,0,0,1,0,0,0,0,1,0
0,0,0,3,3.95722,19,35837,8.8,13.6,1,375.2083333333333,1,19.8,12,0.0,1,2024,0.010518693100011077,0,0,1,0,0,0,0,1,0
0,0,0,3,3.96222,19,35837,8.8,13.6,1,309.4791666666667,1,19.8,12,0.0,0,2024,0.012355507797346572,0,0,1,0,0,0,0,1,0
0,0,0,3,3.96222,19,35837,8.8,13.6,1,309.4791666666667,1,19.8,12,0.0,0,2024,0.012355507797346572,0,0,1,0,0,0,0,1,0
0,0,0,3,3.96222,19,35837,8.8,13.6,1,309.4791666666667,1,19.8,12,0.0,0,2024,0.012355507797346572,0,0,1,0,0,0,0,1,0
0,0,0,3,3.96222,19,35837,8.8,13.6,1,309.4791666666667,1,19.8,12,0.0,0,2024,0.012355507797346572,0,0,1,0,0,0,0,1,0
0,0,0,3,3.96222,19,41158,8.8,13.6,1,309.4791666666667,1,19.8,12,0.0,0,2024,0.012355507797346572,0,0,1,0,0,0,0,1,0
0,0,0,3,3.96222,19,41158,8.8,13.6,1,309.4791666666667,1,19.8,12,0.0,0,2024,0.012355507797346572,0,0,1,0,0,0,0,1,0
0,0,0,3,3.96222,19,27547,8.8,13.6,1,309.4791666666667,1,19.8,12,0.0,0,2024,0.012355507797346572,0,0,1,0,0,0,0,1,0
0,0,0,3,3.96222,19,27547,8.8,13.6,1,309.4791666666667,1,19.8,12,0.0,0,2024,0.012355507797346572,0,0,1,0,0,0,0,1,0
0,0,0,3,3.96222,19,27547,8.8,13.6,1,309.4791666666667,1,19.8,12,0.0,0,2024,0.012355507797346572,0,0,1,0,0,0,0,1,0
0,0,0,3,3.96222,19,27547,8.8,13.6,1,309.4791666666667,1,19.8,12,0.0,0,2024,0.012355507797346572,0,0,1,0,0,0,0,1,0
0,0,0,7,4.0530550000000005,5,160526,14.5,21.1,4,247.1309523809524,3,27.7,27,0.0,0,2024,0.01633433862687713,1,0,0,0,0,0,0,0,0
0,0,0,7,3.96222,4,183839,14.6,19.0,3,309.4791666666667,3,23.8,27,0.0,0,2024,0.012355507797346572,1,0,0,0,0,0,1,0,0
0,0,0,7,3.96222,4,183839,14.6,19.0,3,309.4791666666667,3,23.8,27,0.0,0,2024,0.012355507797346572,1,0,0,0,0,0,1,0,0
0,0,0,7,3.96222,4,183839,14.6,19.0,3,309.4791666666667,3,23.8,27,0.0,0,2024,0.012355507797346572,1,0,0,0,0,0,1,0,0
0,0,0,7,2.47063625,4,182347,14.6,19.0,3,304.4107142857143,3,23.8,27,0.0,0,2024,0.008089553294743613,1,0,0,0,0,0,1,0,0
0,0,0,7,2.47063625,4,182347,14.6,19.0,3,304.4107142857143,3,23.8,27,0.0,0,2024,0.008089553294743613,1,0,0,0,0,0,1,0,0
0,0,0,7,2.47063625,4,182347,14.6,19.0,3,304.4107142857143,3,23.8,27,0.0,0,2024,0.008089553294743613,1,0,0,0,0,0,1,0,0
0,0,0,7,3.96222,5,185914,14.5,21.1,4,309.4791666666667,3,27.7,27,0.0,0,2024,0.012355507797346572,1,0,0,0,0,0,0,0,0
0,0,0,7,3.96222,5,185914,14.5,21.1,4,309.4791666666667,3,27.7,27,0.0,0,2024,0.012355507797346572,1,0,0,0,0,0,0,0,0
0,0,0,7,3.96222,4,185914,14.6,19.0,3,309.4791666666667,3,23.8,27,0.0,0,2024,0.012355507797346572,1,0,0,0,0,0,1,0,0
0,0,0,7,3.96222,4,185914,14.6,19.0,3,309.4791666666667,3,23.8,27,0.0,0,2024,0.012355507797346572,1,0,0,0,0,0,1,0,0
0,0,0,7,3.96222,4,185914,14.6,19.0,3,309.4791666666667,3,23.8,27,0.0,0,2024,0.012355507797346572,1,0,0,0,0,0,1,0,0
0,0,0,7,3.96222,4,185914,14.6,19.0,3,309.4791666666667,3,23.8,27,0.0,0,2024,0.012355507797346572,1,0,0,0,0,0,1,0,0
0,0,0,7,3.96222,4,185914,14.6,19.0,3,309.4791666666667,3,23.8,27,0.0,0,2024,0.012355507797346572,1,0,0,0,0,0,1,0,0
0,0,0,7,3.96222,5,161450,14.5,21.1,4,309.4791666666667,3,27.7,27,0.0,0,2024,0.012355507797346572,1,0,0,0,0,0,0,0,0
0,0,0,7,3.96222,5,161450,14.5,21.1,4,309.4791666666667,3,27.7,27,0.0,0,2024,0.012355507797346572,1,0,0,0,0,0,0,0,0
0,0,0,7,1.2343232142857143,5,137426,14.5,21.1,4,244.6190476190476,3,27.7,27,0.0,0,2024,0.005025356242729741,1,0,0,0,0,0,0,0,0
0,0,0,7,1.2343232142857143,5,137426,14.5,21.1,4,244.6190476190476,3,27.7,27,0.0,0,2024,0.005025356242729741,1,0,0,0,0,0,0,0,0
0,0,0,9,1.1965983333333332,13,185914,7.4,12.5,4,52.017857142857146,3,19.7,37,0.0,0,2024,0.022569722690019084,0,0,0,0,0,0,0,0,0
0,0,0,9,1.1965983333333332,13,185914,7.4,12.5,4,52.017857142857146,3,19.7,37,0.0,0,2024,0.022569722690019084,0,0,0,0,0,0,0,0,0
0,0,0,9,3.72333,13,55932,7.4,12.5,4,165.3154761904762,3,19.7,37,0.0,0,2024,0.02238715292938692,0,0,0,0,0,0,0,0,0
0,0,0,9,3.72333,13,55932,7.4,12.5,4,165.3154761904762,3,19.7,37,0.0,0,2024,0.02238715292938692,0,0,0,0,0,0,0,0,0
0,0,0,9,3.72333,13,55932,7.4,12.5,4,165.3154761904762,3,19.7,37,0.0,0,2024,0.02238715292938692,0,0,0,0,0,0,0,0,0
0,1,0,9,8.217299404761905,14,183839,7.7,12.8,5,459.5535714285714,3,20.4,37,0.0,1,2024,0.01784222273919843,0,0,0,0,1,0,0,0,0
0,1,0,9,8.217299404761905,14,183839,7.7,12.8,5,459.5535714285714,3,20.4,37,0.0,1,2024,0.01784222273919843,0,0,0,0,1,0,0,0,0
0,1,0,9,23.00062958333333,14,84310,7.7,12.8,5,671.6904761904761,3,20.4,37,0.0,1,2024,0.034191995274838065,0,0,0,0,1,0,0,0,0
0,1,0,9,23.00062958333333,14,84310,7.7,12.8,5,671.6904761904761,3,20.4,37,0.0,1,2024,0.034191995274838065,0,0,0,0,1,0,0,0,0
0,0,0,8,8.33422619047619,23,161450,17.2,22.2,4,3406.964285714286,3,26.0,34,0.0,1,2024,0.0024455145335331454,1,0,0,0,0,0,0,0,0
0,1,0,9,3.72333,14,137426,7.7,12.8,5,147.41071428571428,3,20.4,37,0.0,0,2024,0.02508801347611599,0,0,0,0,1,0,0,0,0
0,1,0,9,3.72333,14,137426,7.7,12.8,5,147.41071428571428,3,20.4,37,0.0,0,2024,0.02508801347611599,0,0,0,0,1,0,0,0,0
0,1,0,9,9.966882916666666,14,57934,7.7,12.8,5,345.4642857142857,3,20.4,37,0.0,1,2024,0.0287674179637838,0,0,0,0,1,0,0,0,0
0,0,0,4,13.270833333333334,25,183839,3.7,10.6,3,4573.5297619047615,2,15.2,17,0.0,1,2024,0.0029010267774075144,0,0,1,0,0,0,1,0,0
0,0,0,4,13.270833333333334,25,183839,3.7,10.6,3,4573.5297619047615,2,15.2,17,0.0,1,2024,0.0029010267774075144,0,0,1,0,0,0,1,0,0
0,0,0,4,13.270833333333334,25,183839,3.7,10.6,3,4573.5297619047615,2,15.2,17,0.0,1,2024,0.0029010267774075144,0,0,1,0,0,0,1,0,0
0,0,0,4,13.270833333333334,25,183839,3.7,10.6,3,4573.5297619047615,2,15.2,17,0.0,1,2024,0.0029010267774075144,0,0,1,0,0,0,1,0,0
0,0,0,4,3.96222,25,179566,3.7,10.6,3,309.4791666666667,2,15.2,17,0.0,0,2024,0.012355507797346572,0,0,1,0,0,0,1,0,0
0,0,0,4,3.96222,25,179566,3.7,10.6,3,309.4791666666667,2,15.2,17,0.0,0,2024,0.012355507797346572,0,0,1,0,0,0,1,0,0
0,0,0,4,3.96222,25,185914,3.7,10.6,3,309.4791666666667,2,15.2,17,0.0,0,2024,0.012355507797346572,0,0,1,0,0,0,1,0,0
0,0,0,4,3.96222,25,185914,3.7,10.6,3,309.4791666666667,2,15.2,17,0.0,0,2024,0.012355507797346572,0,0,1,0,0,0,1,0,0
0,0,0,4,3.96222,25,185914,3.7,10.6,3,309.4791666666667,2,15.2,17,0.0,0,2024,0.012355507797346572,0,0,1,0,0,0,1,0,0
0,0,0,4,3.013324464285714,24,182347,7.0,8.7,2,430.0059523809524,2,12.6,17,0.0,1,2024,0.006991375519617727,0,0,1,0,0,0,0,0,1
0,0,0,4,3.96222,25,41158,3.7,10.6,3,309.4791666666667,2,15.2,17,0.0,0,2024,0.012355507797346572,0,0,1,0,0,0,1,0,0
0,0,0,4,3.96222,25,41158,3.7,10.6,3,309.4791666666667,2,15.2,17,0.0,0,2024,0.012355507797346572,0,0,1,0,0,0,1,0,0
0,0,0,4,3.96222,24,41158,7.0,8.7,2,309.4791666666667,2,12.6,17,0.0,0,2024,0.012355507797346572,0,0,1,0,0,0,0,0,1
0,0,0,4,3.96222,24,41158,7.0,8.7,2,309.4791666666667,2,12.6,17,0.0,0,2024,0.012355507797346572,0,0,1,0,0,0,0,0,1
0,0,0,4,3.96222,25,179566,3.7,10.6,3,309.4791666666667,2,15.2,17,0.0,0,2024,0.012355507797346572,0,0,1,0,0,0,1,0,0
0,0,0,4,3.96222,25,179566,3.7,10.6,3,309.4791666666667,2,15.2,17,0.0,0,2024,0.012355507797346572,0,0,1,0,0,0,1,0,0
0,0,0,4,7.369713750000001,25,183839,3.7,10.6,3,444.7678571428572,2,15.2,17,0.0,1,2024,0.016532627088090373,0,0,1,0,0,0,1,0,0
0,0,0,4,7.369713750000001,25,183839,3.7,10.6,3,444.7678571428572,2,15.2,17,0.0,1,2024,0.016532627088090373,0,0,1,0,0,0,1,0,0
0,0,0,4,3.96222,25,161450,3.7,10.6,3,309.4791666666667,2,15.2,17,0.0,0,2024,0.012355507797346572,0,0,1,0,0,0,1,0,0
0,0,0,4,3.96222,25,161450,3.7,10.6,3,309.4791666666667,2,15.2,17,0.0,0,2024,0.012355507797346572,0,0,1,0,0,0,1,0,0
0,0,0,4,8.227736011904762,25,231476,3.7,10.6,3,281.1607142857143,2,15.2,17,0.0,0,2024,0.02915975043773601,0,0,1,0,0,0,1,0,0
0,0,0,4,8.227736011904762,25,231476,3.7,10.6,3,281.1607142857143,2,15.2,17,0.0,0,2024,0.02915975043773601,0,0,1,0,0,0,1,0,0
0,0,0,4,3.96222,24,137426,7.0,8.7,2,309.4791666666667,2,12.6,17,0.0,0,2024,0.012355507797346572,0,0,1,0,0,0,0,0,1
0,0,0,4,3.96222,24,137426,7.0,8.7,2,309.4791666666667,2,12.6,17,0.0,0,2024,0.012355507797346572,0,0,1,0,0,0,0,0,1
0,0,0,4,3.96222,25,137426,3.7,10.6,3,309.4791666666667,2,15.2,17,0.0,0,2024,0.012355507797346572,0,0,1,0,0,0,1,0,0
0,0,0,4,3.96222,25,182347,3.7,10.6,3,309.4791666666667,2,15.2,17,0.0,0,2024,0.012355507797346572,0,0,1,0,0,0,1,0,0
0,0,0,4,3.96222,25,182347,3.7,10.6,3,309.4791666666667,2,15.2,17,0.0,0,2024,0.012355507797346572,0,0,1,0,0,0,1,0,0
0,0,0,4,3.0227033928571427,25,138907,3.7,10.6,3,186.82738095238096,2,15.2,17,0.0,0,2024,0.01609298589763904,0,0,1,0,0,0,1,0,0
0,0,0,4,3.0227033928571427,25,138907,3.7,10.6,3,186.82738095238096,2,15.2,17,0.0,0,2024,0.01609298589763904,0,0,1,0,0,0,1,0,0
0,0,0,4,3.0227033928571427,25,138907,3.7,10.6,3,186.82738095238096,2,15.2,17,0.0,0,2024,0.01609298589763904,0,0,1,0,0,0,1,0,0
0,0,0,4,3.0227033928571427,25,138907,3.7,10.6,3,186.82738095238096,2,15.2,17,0.0,0,2024,0.01609298589763904,0,0,1,0,0,0,1,0,0
0,0,0,4,3.96222,25,57934,3.7,10.6,3,309.4791666666667,2,15.2,17,0.0,0,2024,0.012355507797346572,0,0,1,0,0,0,1,0,0
0,0,0,4,3.96222,25,57934,3.7,10.6,3,309.4791666666667,2,15.2,17,0.0,0,2024,0.012355507797346572,0,0,1,0,0,0,1,0,0
0,0,0,4,3.96222,25,57934,3.7,10.6,3,309.4791666666667,2,15.2,17,0.0,0,2024,0.012355507797346572,0,0,1,0,0,0,1,0,0
0,0,0,4,15.320535714285716,25,137426,3.7,10.6,3,1540.4642857142858,2,15.2,17,0.0,1,2024,0.009938949514608096,0,0,1,0,0,0,1,0,0
0,0,0,4,15.320535714285716,25,137426,3.7,10.6,3,1540.4642857142858,2,15.2,17,0.0,1,2024,0.009938949514608096,0,0,1,0,0,0,1,0,0
0,0,0,8,3.96222,8,161450,16.7,23.4,3,309.4791666666667,3,29.0,32,0.0,0,2024,0.012355507797346572,1,0,0,0,0,0,1,0,0
0,0,0,8,3.96222,7,183839,16.4,21.0,2,309.4791666666667,3,26.5,32,0.0,0,2024,0.012355507797346572,1,0,0,0,0,0,0,0,1
0,0,0,8,3.96222,7,183839,16.4,21.0,2,309.4791666666667,3,26.5,32,0.0,0,2024,0.012355507797346572,1,0,0,0,0,0,0,0,1
0,0,0,8,0.750959880952381,7,185914,16.4,21.0,2,44.26190476190476,3,26.5,32,0.0,0,2024,0.016591433456075753,1,0,0,0,0,0,0,0,1
0,0,0,8,0.750959880952381,7,185914,16.4,21.0,2,44.26190476190476,3,26.5,32,0.0,0,2024,0.016591433456075753,1,0,0,0,0,0,0,0,1
0,0,0,8,0.750959880952381,7,185914,16.4,21.0,2,44.26190476190476,3,26.5,32,0.0,0,2024,0.016591433456075753,1,0,0,0,0,0,0,0,1
0,0,0,8,3.96222,7,137426,16.4,21.0,2,309.4791666666667,3,26.5,32,0.0,0,2024,0.012355507797346572,1,0,0,0,0,0,0,0,1
0,0,0,8,3.96222,7,137426,16.4,21.0,2,309.4791666666667,3,26.5,32,0.0,0,2024,0.012355507797346572,1,0,0,0,0,0,0,0,1
0,0,0,8,3.96222,7,182347,16.4,21.0,2,309.4791666666667,3,26.5,32,0.0,0,2024,0.012355507797346572,1,0,0,0,0,0,0,0,1
0,0,0,8,3.96222,7,182347,16.4,21.0,2,309.4791666666667,3,26.5,32,0.0,0,2024,0.012355507797346572,1,0,0,0,0,0,0,0,1
0,0,0,8,3.96222,7,182347,16.4,21.0,2,309.4791666666667,3,26.5,32,0.0,0,2024,0.012355507797346572,1,0,0,0,0,0,0,0,1
0,0,0,8,3.96222,7,35837,16.4,21.0,2,309.4791666666667,3,26.5,32,0.0,0,2024,0.012355507797346572,1,0,0,0,0,0,0,0,1
0,0,0,8,3.96222,7,35837,16.4,21.0,2,309.4791666666667,3,26.5,32,0.0,0,2024,0.012355507797346572,1,0,0,0,0,0,0,0,1
0,0,0,8,3.96222,8,55932,16.7,23.4,3,309.4791666666667,3,29.0,32,0.0,0,2024,0.012355507797346572,1,0,0,0,0,0,1,0,0
0,0,0,8,3.96222,8,55932,16.7,23.4,3,309.4791666666667,3,29.0,32,0.0,0,2024,0.012355507797346572,1,0,0,0,0,0,1,0,0
0,0,0,8,1.7415190476190476,8,185914,16.7,23.4,3,113.61309523809524,3,29.0,32,0.0,0,2024,0.015194764996104908,1,0,0,0,0,0,1,0,0
0,0,0,8,1.7415190476190476,8,185914,16.7,23.4,3,113.61309523809524,3,29.0,32,0.0,0,2024,0.015194764996104908,1,0,0,0,0,0,1,0,0
0,0,0,8,4.770444404761905,8,179566,16.7,23.4,3,282.4583333333333,3,29.0,32,0.0,0,2024,0.016829437853048027,1,0,0,0,0,0,1,0,0
0,0,0,8,4.770444404761905,8,179566,16.7,23.4,3,282.4583333333333,3,29.0,32,0.0,0,2024,0.016829437853048027,1,0,0,0,0,0,1,0,0
0,0,0,8,4.197940833333333,5,179566,14.6,23.1,0,378.5059523809524,3,31.1,32,0.0,1,2024,0.01106159417789419,1,0,0,1,0,0,0,0,0
0,0,0,8,4.197940833333333,5,179566,14.6,23.1,0,378.5059523809524,3,31.1,32,0.0,1,2024,0.01106159417789419,1,0,0,1,0,0,0,0,0
0,0,0,8,2.63222,8,160526,16.7,23.4,3,172.17857142857142,3,29.0,32,0.0,0,2024,0.01519945555784698,1,0,0,0,0,0,1,0,0
0,0,0,8,2.63222,8,160526,16.7,23.4,3,172.17857142857142,3,29.0,32,0.0,0,2024,0.01519945555784698,1,0,0,0,0,0,1,0,0
0,0,0,8,3.96222,8,231476,16.7,23.4,3,309.4791666666667,3,29.0,32,0.0,0,2024,0.012355507797346572,1,0,0,0,0,0,1,0,0
0,0,0,8,3.96222,8,231476,16.7,23.4,3,309.4791666666667,3,29.0,32,0.0,0,2024,0.012355507797346572,1,0,0,0,0,0,1,0,0
0,0,0,8,11.449107142857144,8,137426,16.7,23.4,3,1387.7261904761904,3,29.0,32,0.0,1,2024,0.008244322906397608,1,0,0,0,0,0,1,0,0
0,0,0,8,11.449107142857144,8,137426,16.7,23.4,3,1387.7261904761904,3,29.0,32,0.0,1,2024,0.008244322906397608,1,0,0,0,0,0,1,0,0
0,0,0,8,4.061991904761904,8,182347,16.7,23.4,3,1545.440476190476,3,29.0,32,0.0,1,2024,0.002626672004064634,1,0,0,0,0,0,1,0,0
0,0,0,8,4.061991904761904,8,182347,16.7,23.4,3,1545.440476190476,3,29.0,32,0.0,1,2024,0.002626672004064634,1,0,0,0,0,0,1,0,0
0,0,0,8,3.96222,7,182347,16.4,21.0,2,309.4791666666667,3,26.5,32,0.0,0,2024,0.012355507797346572,1,0,0,0,0,0,0,0,1
0,0,0,8,3.96222,7,182347,16.4,21.0,2,309.4791666666667,3,26.5,32,0.0,0,2024,0.012355507797346572,1,0,0,0,0,0,0,0,1
0,0,0,8,3.96222,7,182347,16.4,21.0,2,309.4791666666667,3,26.5,32,0.0,0,2024,0.012355507797346572,1,0,0,0,0,0,0,0,1
0,0,0,8,3.96222,7,138907,16.4,21.0,2,309.4791666666667,3,26.5,32,0.0,0,2024,0.012355507797346572,1,0,0,0,0,0,0,0,1
0,0,0,8,3.96222,7,138907,16.4,21.0,2,309.4791666666667,3,26.5,32,0.0,0,2024,0.012355507797346572,1,0,0,0,0,0,0,0,1
0,0,0,8,0.4736333928571429,7,138907,16.4,21.0,2,178.91666666666666,3,26.5,32,0.0,0,2024,0.002632515384106399,1,0,0,0,0,0,0,0,1
0,0,0,8,0.4736333928571429,7,138907,16.4,21.0,2,178.91666666666666,3,26.5,32,0.0,0,2024,0.002632515384106399,1,0,0,0,0,0,0,0,1
0,0,0,8,3.96222,8,84310,16.7,23.4,3,309.4791666666667,3,29.0,32,0.0,0,2024,0.012355507797346572,1,0,0,0,0,0,1,0,0
0,0,0,8,3.96222,8,84310,16.7,23.4,3,309.4791666666667,3,29.0,32,0.0,0,2024,0.012355507797346572,1,0,0,0,0,0,1,0,0
0,0,0,8,3.96222,8,57934,16.7,23.4,3,309.4791666666667,3,29.0,32,0.0,0,2024,0.012355507797346572,1,0,0,0,0,0,1,0,0
0,0,0,8,3.96222,8,57934,16.7,23.4,3,309.4791666666667,3,29.0,32,0.0,0,2024,0.012355507797346572,1,0,0,0,0,0,1,0,0
0,0,0,8,3.96222,8,137426,16.7,23.4,3,309.4791666666667,3,29.0,32,0.0,0,2024,0.012355507797346572,1,0,0,0,0,0,1,0,0
0,0,0,8,3.96222,8,137426,16.7,23.4,3,309.4791666666667,3,29.0,32,0.0,0,2024,0.012355507797346572,1,0,0,0,0,0,1,0,0
0,0,0,8,3.96222,8,27547,16.7,23.4,3,309.4791666666667,3,29.0,32,0.0,0,2024,0.012355507797346572,1,0,0,0,0,0,1,0,0
0,0,0,8,3.96222,8,27547,16.7,23.4,3,309.4791666666667,3,29.0,32,0.0,0,2024,0.012355507797346572,1,0,0,0,0,0,1,0,0
0,0,0,8,3.96222,8,27547,16.7,23.4,3,309.4791666666667,3,29.0,32,0.0,0,2024,0.012355507797346572,1,0,0,0,0,0,1,0,0
1,0,0,2,3.135196607142857,6,179566,8.0,10.6,1,294.0833333333333,1,12.6,6,1.2,0,2024,0.01062478375761488,0,1,0,0,0,0,0,1,0
1,0,0,2,3.135196607142857,6,179566,8.0,10.6,1,294.0833333333333,1,12.6,6,1.2,0,2024,0.01062478375761488,0,1,0,0,0,0,0,1,0
1,0,0,2,3.96222,6,183839,8.0,10.6,1,309.4791666666667,1,12.6,6,1.2,0,2024,0.012355507797346572,0,1,0,0,0,0,0,1,0
1,0,0,2,3.96222,6,183839,8.0,10.6,1,309.4791666666667,1,12.6,6,1.2,0,2024,0.012355507797346572,0,1,0,0,0,0,0,1,0
1,0,0,2,7.642719404761904,6,231476,8.0,10.6,1,274.94642857142856,1,12.6,6,1.2,0,2024,0.02769638818783839,0,1,0,0,0,0,0,1,0
1,0,0,2,7.642719404761904,6,231476,8.0,10.6,1,274.94642857142856,1,12.6,6,1.2,0,2024,0.02769638818783839,0,1,0,0,0,0,0,1,0
1,0,0,2,3.92833,6,231476,8.0,10.6,1,365.5059523809524,1,12.6,6,1.2,1,2024,0.010718325239959072,0,1,0,0,0,0,0,1,0
1,0,0,2,3.92833,6,231476,8.0,10.6,1,365.5059523809524,1,12.6,6,1.2,1,2024,0.010718325239959072,0,1,0,0,0,0,0,1,0
0,0,0,2,3.96222,5,137426,8.6,9.2,0,309.4791666666667,1,9.8,6,0.0,0,2024,0.012355507797346572,0,1,0,1,0,0,0,0,0
0,0,0,2,3.96222,5,137426,8.6,9.2,0,309.4791666666667,1,9.8,6,0.0,0,2024,0.012355507797346572,0,1,0,1,0,0,0,0,0
0,0,0,2,7.642719404761904,5,137426,8.6,9.2,0,274.94642857142856,1,9.8,6,0.0,0,2024,0.02769638818783839,0,1,0,1,0,0,0,0,0
1,0,0,2,3.96222,6,138907,8.0,10.6,1,309.4791666666667,1,12.6,6,1.2,0,2024,0.012355507797346572,0,1,0,0,0,0,0,1,0
1,0,0,2,3.96222,6,138907,8.0,10.6,1,309.4791666666667,1,12.6,6,1.2,0,2024,0.012355507797346572,0,1,0,0,0,0,0,1,0
0,0,0,2,3.96222,5,41158,8.6,9.2,0,309.4791666666667,1,9.8,6,0.0,0,2024,0.012355507797346572,0,1,0,1,0,0,0,0,0
0,0,0,2,3.96222,5,41158,8.6,9.2,0,309.4791666666667,1,9.8,6,0.0,0,2024,0.012355507797346572,0,1,0,1,0,0,0,0,0
0,0,0,2,3.96222,5,138907,8.6,9.2,0,309.4791666666667,1,9.8,6,0.0,0,2024,0.012355507797346572,0,1,0,1,0,0,0,0,0
0,0,0,2,3.96222,5,138907,8.6,9.2,0,309.4791666666667,1,9.8,6,0.0,0,2024,0.012355507797346572,0,1,0,1,0,0,0,0,0
0,0,0,2,3.96222,5,138907,8.6,9.2,0,309.4791666666667,1,9.8,6,0.0,0,2024,0.012355507797346572,0,1,0,1,0,0,0,0,0
0,0,0,2,3.96222,5,138907,8.6,9.2,0,309.4791666666667,1,9.8,6,0.0,0,2024,0.012355507797346572,0,1,0,1,0,0,0,0,0
0,0,0,2,3.96222,5,138907,8.6,9.2,0,309.4791666666667,1,9.8,6,0.0,0,2024,0.012355507797346572,0,1,0,1,0,0,0,0,0
0,0,0,2,2.961863333333333,5,138887,8.6,9.2,0,131.76785714285714,1,9.8,6,0.0,0,2024,0.022308587312261822,0,1,0,1,0,0,0,0,0
0,0,0,2,2.961863333333333,5,138887,8.6,9.2,0,131.76785714285714,1,9.8,6,0.0,0,2024,0.022308587312261822,0,1,0,1,0,0,0,0,0
0,0,0,2,2.961863333333333,5,138887,8.6,9.2,0,131.76785714285714,1,9.8,6,0.0,0,2024,0.022308587312261822,0,1,0,1,0,0,0,0,0
0,0,0,2,3.96222,5,84310,8.6,9.2,0,309.4791666666667,1,9.8,6,0.0,0,2024,0.012355507797346572,0,1,0,1,0,0,0,0,0
0,0,0,2,3.356317380952381,5,48784,8.6,9.2,0,684.4285714285714,1,9.8,6,0.0,1,2024,0.004896669792969293,0,1,0,1,0,0,0,0,0
0,0,0,2,3.356317380952381,5,48784,8.6,9.2,0,684.4285714285714,1,9.8,6,0.0,1,2024,0.004896669792969293,0,1,0,1,0,0,0,0,0
0,1,0,6,18.452499999999997,2,161450,12.4,14.6,6,4443.222916666667,2,19.0,22,0.0,1,2024,0.004152019452219571,1,0,0,0,0,1,0,0,0
0,0,0,6,6.045332544910179,3,185914,9.3,17.2,0,320.1976047904192,2,24.6,23,0.0,1,2024,0.0188212254847129,1,0,0,1,0,0,0,0,0
0,0,0,6,6.045332544910179,3,185914,9.3,17.2,0,320.1976047904192,2,24.6,23,0.0,1,2024,0.0188212254847129,1,0,0,1,0,0,0,0,0
0,0,0,6,3.96222,3,185914,9.3,17.2,0,309.4791666666667,2,24.6,23,0.0,0,2024,0.012355507797346572,1,0,0,1,0,0,0,0,0
0,0,0,6,3.96222,3,185914,9.3,17.2,0,309.4791666666667,2,24.6,23,0.0,0,2024,0.012355507797346572,1,0,0,1,0,0,0,0,0
1,1,0,6,3.96222,1,137426,12.9,13.3,5,309.4791666666667,2,14.4,22,3.6,0,2024,0.012355507797346572,1,0,0,0,1,0,0,0,0
1,1,0,6,3.96222,1,137426,12.9,13.3,5,309.4791666666667,2,14.4,22,3.6,0,2024,0.012355507797346572,1,0,0,0,1,0,0,0,0
1,1,0,6,3.96222,1,185914,12.9,13.3,5,309.4791666666667,2,14.4,22,3.6,0,2024,0.012355507797346572,1,0,0,0,1,0,0,0,0
1,1,0,6,3.96222,1,185914,12.9,13.3,5,309.4791666666667,2,14.4,22,3.6,0,2024,0.012355507797346572,1,0,0,0,1,0,0,0,0
0,0,0,6,3.96222,3,84310,9.3,17.2,0,309.4791666666667,2,24.6,23,0.0,0,2024,0.012355507797346572,1,0,0,1,0,0,0,0,0
0,0,0,6,3.96222,3,84310,9.3,17.2,0,309.4791666666667,2,24.6,23,0.0,0,2024,0.012355507797346572,1,0,0,1,0,0,0,0,0
0,0,0,6,4.345,3,57934,9.3,17.2,0,479.4431137724551,2,24.6,23,0.0,1,2024,0.009043734576364135,1,0,0,1,0,0,0,0,0
0,0,0,6,4.345,3,57934,9.3,17.2,0,479.4431137724551,2,24.6,23,0.0,1,2024,0.009043734576364135,1,0,0,1,0,0,0,0,0
0,0,0,6,3.96222,3,48784,9.3,17.2,0,309.4791666666667,2,24.6,23,0.0,0,2024,0.012355507797346572,1,0,0,1,0,0,0,0,0
0,0,0,6,3.96222,3,48784,9.3,17.2,0,309.4791666666667,2,24.6,23,0.0,0,2024,0.012355507797346572,1,0,0,1,0,0,0,0,0
0,0,0,6,12.882335329341316,3,231476,9.3,17.2,0,3637.071856287426,2,24.6,23,0.0,1,2024,0.003540978803669772,1,0,0,1,0,0,0,0,0
0,0,0,6,12.882335329341316,3,231476,9.3,17.2,0,3637.071856287426,2,24.6,23,0.0,1,2024,0.003540978803669772,1,0,0,1,0,0,0,0,0
0,0,0,6,12.139573922155687,3,15207,9.3,17.2,0,228.0479041916168,2,24.6,23,0.0,0,2024,0.053000152806462565,1,0,0,1,0,0,0,0,0
0,0,0,6,12.139573922155687,3,15207,9.3,17.2,0,228.0479041916168,2,24.6,23,0.0,0,2024,0.053000152806462565,1,0,0,1,0,0,0,0,0
0,1,0,6,3.96222,2,183839,12.4,14.6,6,309.4791666666667,2,19.0,22,0.0,0,2024,0.012355507797346572,1,0,0,0,0,1,0,0,0
0,1,0,6,3.96222,2,183839,12.4,14.6,6,309.4791666666667,2,19.0,22,0.0,0,2024,0.012355507797346572,1,0,0,0,0,1,0,0,0
0,1,0,6,3.96222,2,183839,12.4,14.6,6,309.4791666666667,2,19.0,22,0.0,0,2024,0.012355507797346572,1,0,0,0,0,1,0,0,0
0,1,0,6,3.96222,2,183839,12.4,14.6,6,309.4791666666667,2,19.0,22,0.0,0,2024,0.012355507797346572,1,0,0,0,0,1,0,0,0
0,1,0,6,1.3765025208333335,2,185914,12.4,14.6,6,181.80208333333331,2,19.0,22,0.0,0,2024,0.00753001549945866,1,0,0,0,0,1,0,0,0
0,1,0,6,1.3765025208333335,2,185914,12.4,14.6,6,181.80208333333331,2,19.0,22,0.0,0,2024,0.00753001549945866,1,0,0,0,0,1,0,0,0
0,1,0,6,3.96222,2,185914,12.4,14.6,6,309.4791666666667,2,19.0,22,0.0,0,2024,0.012355507797346572,1,0,0,0,0,1,0,0,0
0,1,0,6,3.96222,2,185914,12.4,14.6,6,309.4791666666667,2,19.0,22,0.0,0,2024,0.012355507797346572,1,0,0,0,0,1,0,0,0
0,1,0,6,3.96222,2,179566,12.4,14.6,6,309.4791666666667,2,19.0,22,0.0,0,2024,0.012355507797346572,1,0,0,0,0,1,0,0,0
0,1,0,6,3.96222,2,179566,12.4,14.6,6,309.4791666666667,2,19.0,22,0.0,0,2024,0.012355507797346572,1,0,0,0,0,1,0,0,0
0,1,0,6,3.96222,2,179566,12.4,14.6,6,309.4791666666667,2,19.0,22,0.0,0,2024,0.012355507797346572,1,0,0,0,0,1,0,0,0
0,1,0,6,3.6846494791666666,2,183839,12.4,14.6,6,184.66041666666666,2,19.0,22,0.0,0,2024,0.01984617693593815,1,0,0,0,0,1,0,0,0
0,1,0,6,3.6846494791666666,2,183839,12.4,14.6,6,184.66041666666666,2,19.0,22,0.0,0,2024,0.01984617693593815,1,0,0,0,0,1,0,0,0
0,1,0,6,3.96222,2,160526,12.4,14.6,6,309.4791666666667,2,19.0,22,0.0,0,2024,0.012355507797346572,1,0,0,0,0,1,0,0,0
0,1,0,6,3.96222,2,231476,12.4,14.6,6,309.4791666666667,2,19.0,22,0.0,0,2024,0.012355507797346572,1,0,0,0,0,1,0,0,0
0,1,0,6,3.96222,2,231476,12.4,14.6,6,309.4791666666667,2,19.0,22,0.0,0,2024,0.012355507797346572,1,0,0,0,0,1,0,0,0
0,1,0,6,3.96222,2,84310,12.4,14.6,6,309.4791666666667,2,19.0,22,0.0,0,2024,0.012355507797346572,1,0,0,0,0,1,0,0,0
0,1,0,6,3.96222,2,84310,12.4,14.6,6,309.4791666666667,2,19.0,22,0.0,0,2024,0.012355507797346572,1,0,0,0,0,1,0,0,0
0,1,0,6,3.96222,2,48784,12.4,14.6,6,309.4791666666667,2,19.0,22,0.0,0,2024,0.012355507797346572,1,0,0,0,0,1,0,0,0
0,1,0,6,3.96222,2,48784,12.4,14.6,6,309.4791666666667,2,19.0,22,0.0,0,2024,0.012355507797346572,1,0,0,0,0,1,0,0,0
1,0,0,10,3.96222,17,183839,16.3,16.8,3,309.4791666666667,4,19.1,42,47.1,0,2024,0.012355507797346572,0,0,0,0,0,0,1,0,0
1,0,0,10,3.96222,17,183839,16.3,16.8,3,309.4791666666667,4,19.1,42,47.1,0,2024,0.012355507797346572,0,0,0,0,0,0,1,0,0
1,0,0,10,3.96222,17,183839,16.3,16.8,3,309.4791666666667,4,19.1,42,47.1,0,2024,0.012355507797346572,0,0,0,0,0,0,1,0,0
1,0,0,10,3.96222,17,183839,16.3,16.8,3,309.4791666666667,4,19.1,42,47.1,0,2024,0.012355507797346572,0,0,0,0,0,0,1,0,0
1,0,0,10,3.96222,17,183839,16.3,16.8,3,309.4791666666667,4,19.1,42,47.1,0,2024,0.012355507797346572,0,0,0,0,0,0,1,0,0
1,0,0,10,3.96222,17,183839,16.3,16.8,3,309.4791666666667,4,19.1,42,47.1,0,2024,0.012355507797346572,0,0,0,0,0,0,1,0,0
1,0,0,10,3.96222,17,183839,16.3,16.8,3,309.4791666666667,4,19.1,42,47.1,0,2024,0.012355507797346572,0,0,0,0,0,0,1,0,0
1,0,0,10,3.96222,17,183839,16.3,16.8,3,309.4791666666667,4,19.1,42,47.1,0,2024,0.012355507797346572,0,0,0,0,0,0,1,0,0
1,0,0,10,3.96222,17,183839,16.3,16.8,3,309.4791666666667,4,19.1,42,47.1,0,2024,0.012355507797346572,0,0,0,0,0,0,1,0,0
1,0,0,10,3.96222,17,183839,16.3,16.8,3,309.4791666666667,4,19.1,42,47.1,0,2024,0.012355507797346572,0,0,0,0,0,0,1,0,0
1,0,0,10,3.96222,17,41158,16.3,16.8,3,309.4791666666667,4,19.1,42,47.1,0,2024,0.012355507797346572,0,0,0,0,0,0,1,0,0
1,0,0,10,3.96222,17,41158,16.3,16.8,3,309.4791666666667,4,19.1,42,47.1,0,2024,0.012355507797346572,0,0,0,0,0,0,1,0,0
0,0,0,10,3.96222,18,179566,12.7,14.1,4,309.4791666666667,4,15.3,42,0.2,0,2024,0.012355507797346572,0,0,0,0,0,0,0,0,0
0,0,0,10,3.96222,18,179566,12.7,14.1,4,309.4791666666667,4,15.3,42,0.2,0,2024,0.012355507797346572,0,0,0,0,0,0,0,0,0
0,0,0,10,4.06334,18,179566,12.7,14.1,4,229.80357142857144,4,15.3,42,0.2,0,2024,0.017605186847195357,0,0,0,0,0,0,0,0,0
0,0,0,10,4.06334,18,179566,12.7,14.1,4,229.80357142857144,4,15.3,42,0.2,0,2024,0.017605186847195357,0,0,0,0,0,0,0,0,0
0,0,0,10,3.96222,18,183839,12.7,14.1,4,309.4791666666667,4,15.3,42,0.2,0,2024,0.012355507797346572,0,0,0,0,0,0,0,0,0
0,0,0,10,3.96222,18,183839,12.7,14.1,4,309.4791666666667,4,15.3,42,0.2,0,2024,0.012355507797346572,0,0,0,0,0,0,0,0,0
0,0,0,10,11.36202880952381,18,160526,12.7,14.1,4,515.8869047619048,4,15.3,42,0.2,1,2024,0.021981653442656932,0,0,0,0,0,0,0,0,0
0,0,0,10,11.36202880952381,18,160526,12.7,14.1,4,515.8869047619048,4,15.3,42,0.2,1,2024,0.021981653442656932,0,0,0,0,0,0,0,0,0
0,0,0,10,11.36202880952381,18,160526,12.7,14.1,4,515.8869047619048,4,15.3,42,0.2,1,2024,0.021981653442656932,0,0,0,0,0,0,0,0,0
0,0,0,10,1.010398273809524,18,161450,12.7,14.1,4,249.5059523809524,4,15.3,42,0.2,0,2024,0.004033430200784128,0,0,0,0,0,0,0,0,0
0,0,0,10,1.010398273809524,18,161450,12.7,14.1,4,249.5059523809524,4,15.3,42,0.2,0,2024,0.004033430200784128,0,0,0,0,0,0,0,0,0
1,0,0,10,4.06334,17,231476,16.3,16.8,3,221.0952380952381,4,19.1,42,47.1,0,2024,0.018295484562607205,0,0,0,0,0,0,1,0,0
1,0,0,10,4.06334,17,231476,16.3,16.8,3,221.0952380952381,4,19.1,42,47.1,0,2024,0.018295484562607205,0,0,0,0,0,0,1,0,0
0,0,0,10,2.1294876785714285,18,84310,12.7,14.1,4,149.70833333333334,4,15.3,42,0.2,0,2024,0.0141298601840515,0,0,0,0,0,0,0,0,0
0,0,0,10,2.1294876785714285,18,84310,12.7,14.1,4,149.70833333333334,4,15.3,42,0.2,0,2024,0.0141298601840515,0,0,0,0,0,0,0,0,0
0,0,0,10,9.985464166666668,18,35837,12.7,14.1,4,169.73214285714286,4,15.3,42,0.2,0,2024,0.058486140919708544,0,0,0,0,0,0,0,0,0
0,0,0,10,9.985464166666668,18,35837,12.7,14.1,4,169.73214285714286,4,15.3,42,0.2,0,2024,0.058486140919708544,0,0,0,0,0,0,0,0,0
0,0,0,10,9.985464166666668,18,35837,12.7,14.1,4,169.73214285714286,4,15.3,42,0.2,0,2024,0.058486140919708544,0,0,0,0,0,0,0,0,0
0,0,0,10,11.38915113095238,18,57934,12.7,14.1,4,265.2202380952381,4,15.3,42,0.2,0,2024,0.042780936612632756,0,0,0,0,0,0,0,0,0
0,0,0,10,11.38915113095238,18,57934,12.7,14.1,4,265.2202380952381,4,15.3,42,0.2,0,2024,0.042780936612632756,0,0,0,0,0,0,0,0,0
0,0,0,10,11.38915113095238,18,57934,12.7,14.1,4,265.2202380952381,4,15.3,42,0.2,0,2024,0.042780936612632756,0,0,0,0,0,0,0,0,0
0,0,0,10,3.96222,18,35837,12.7,14.1,4,309.4791666666667,4,15.3,42,0.2,0,2024,0.012355507797346572,0,0,0,0,0,0,0,0,0
0,0,0,10,3.96222,18,27547,12.7,14.1,4,309.4791666666667,4,15.3,42,0.2,0,2024,0.012355507797346572,0,0,0,0,0,0,0,0,0
0,0,0,10,3.96222,18,27547,12.7,14.1,4,309.4791666666667,4,15.3,42,0.2,0,2024,0.012355507797346572,0,0,0,0,0,0,0,0,0
0,0,0,10,11.38915113095238,18,15207,12.7,14.1,4,265.2202380952381,4,15.3,42,0.2,0,2024,0.042780936612632756,0,0,0,0,0,0,0,0,0
0,0,0,10,4.06334,18,19979,12.7,14.1,4,1054.2440476190477,4,15.3,42,0.2,1,2024,0.003850616366108043,0,0,0,0,0,0,0,0,0
0,0,0,10,4.06334,18,19979,12.7,14.1,4,1054.2440476190477,4,15.3,42,0.2,1,2024,0.003850616366108043,0,0,0,0,0,0,0,0,0
0,0,0,10,4.06334,18,19979,12.7,14.1,4,1054.2440476190477,4,15.3,42,0.2,1,2024,0.003850616366108043,0,0,0,0,0,0,0,0,0
1,0,0,10,13.579416071428572,17,15207,16.3,16.8,3,983.345238095238,4,19.1,42,47.1,1,2024,0.013795379452137633,0,0,0,0,0,0,1,0,0
1,0,0,10,13.579416071428572,17,15207,16.3,16.8,3,983.345238095238,4,19.1,42,47.1,1,2024,0.013795379452137633,0,0,0,0,0,0,1,0,0
1,0,0,7,3.96222,3,137426,13.8,17.8,2,309.4791666666667,3,22.2,27,1.2,0,2024,0.012355507797346572,1,0,0,0,0,0,0,0,1
1,0,0,7,3.96222,3,137426,13.8,17.8,2,309.4791666666667,3,22.2,27,1.2,0,2024,0.012355507797346572,1,0,0,0,0,0,0,0,1
0,0,0,7,4.0530550000000005,5,182347,14.5,21.1,4,403.8392857142857,3,27.7,27,0.0,1,2024,0.01001151603369944,1,0,0,0,0,0,0,0,0
0,0,0,7,4.0530550000000005,5,182347,14.5,21.1,4,403.8392857142857,3,27.7,27,0.0,1,2024,0.01001151603369944,1,0,0,0,0,0,0,0,0
0,0,0,6,3.96222,24,138907,14.5,22.8,0,309.4791666666667,2,29.8,26,0.0,0,2024,0.012355507797346572,1,0,0,1,0,0,0,0,0
0,0,0,6,3.96222,24,138907,14.5,22.8,0,309.4791666666667,2,29.8,26,0.0,0,2024,0.012355507797346572,1,0,0,1,0,0,0,0,0
0,0,0,7,3.96222,5,84310,14.5,21.1,4,309.4791666666667,3,27.7,27,0.0,0,2024,0.012355507797346572,1,0,0,0,0,0,0,0,0
0,0,0,7,3.96222,5,84310,14.5,21.1,4,309.4791666666667,3,27.7,27,0.0,0,2024,0.012355507797346572,1,0,0,0,0,0,0,0,0
0,0,0,7,3.96222,5,84310,14.5,21.1,4,309.4791666666667,3,27.7,27,0.0,0,2024,0.012355507797346572,1,0,0,0,0,0,0,0,0
0,0,0,7,3.96222,5,84310,14.5,21.1,4,309.4791666666667,3,27.7,27,0.0,0,2024,0.012355507797346572,1,0,0,0,0,0,0,0,0
0,0,0,7,3.96222,5,84310,14.5,21.1,4,309.4791666666667,3,27.7,27,0.0,0,2024,0.012355507797346572,1,0,0,0,0,0,0,0,0
0,0,0,7,3.96222,5,84310,14.5,21.1,4,309.4791666666667,3,27.7,27,0.0,0,2024,0.012355507797346572,1,0,0,0,0,0,0,0,0
0,0,0,7,3.96222,5,84310,14.5,21.1,4,309.4791666666667,3,27.7,27,0.0,0,2024,0.012355507797346572,1,0,0,0,0,0,0,0,0
0,0,0,7,3.96222,5,35837,14.5,21.1,4,309.4791666666667,3,27.7,27,0.0,0,2024,0.012355507797346572,1,0,0,0,0,0,0,0,0
0,0,0,3,3.96222,18,179566,12.4,14.5,0,309.4791666666667,1,19.4,12,0.0,0,2024,0.012355507797346572,0,0,1,1,0,0,0,0,0
0,0,0,3,3.96222,18,179566,12.4,14.5,0,309.4791666666667,1,19.4,12,0.0,0,2024,0.012355507797346572,0,0,1,1,0,0,0,0,0
0,0,0,7,3.96222,5,35837,14.5,21.1,4,309.4791666666667,3,27.7,27,0.0,0,2024,0.012355507797346572,1,0,0,0,0,0,0,0,0
0,0,0,7,3.96222,5,35837,14.5,21.1,4,309.4791666666667,3,27.7,27,0.0,0,2024,0.012355507797346572,1,0,0,0,0,0,0,0,0
1,1,0,3,13.871130952380952,17,137426,10.8,12.8,6,1493.2738095238096,1,15.7,11,3.0,1,2024,0.009282857575347157,0,0,1,0,0,1,0,0,0
1,1,0,3,13.871130952380952,17,137426,10.8,12.8,6,1493.2738095238096,1,15.7,11,3.0,1,2024,0.009282857575347157,0,0,1,0,0,1,0,0,0
0,0,0,7,3.737190178571428,5,48784,14.5,21.1,4,404.1011904761905,3,27.7,27,0.0,1,2024,0.009225325095140836,1,0,0,0,0,0,0,0,0
0,0,0,7,3.737190178571428,5,48784,14.5,21.1,4,404.1011904761905,3,27.7,27,0.0,1,2024,0.009225325095140836,1,0,0,0,0,0,0,0,0
0,0,0,3,3.96222,18,185914,12.4,14.5,0,309.4791666666667,1,19.4,12,0.0,0,2024,0.012355507797346572,0,0,1,1,0,0,0,0,0
0,0,0,3,3.96222,18,185914,12.4,14.5,0,309.4791666666667,1,19.4,12,0.0,0,2024,0.012355507797346572,0,0,1,1,0,0,0,0,0
0,0,0,7,8.468949523809524,5,15207,14.5,21.1,4,1007.6607142857144,3,27.7,27,0.0,1,2024,0.008396232156029623,1,0,0,0,0,0,0,0,0
0,0,0,7,8.468949523809524,5,15207,14.5,21.1,4,1007.6607142857144,3,27.7,27,0.0,1,2024,0.008396232156029623,1,0,0,0,0,0,0,0,0
1,1,0,3,3.96222,17,231476,10.8,12.8,6,309.4791666666667,1,15.7,11,3.0,0,2024,0.012355507797346572,0,0,1,0,0,1,0,0,0
1,1,0,3,3.96222,17,231476,10.8,12.8,6,309.4791666666667,1,15.7,11,3.0,0,2024,0.012355507797346572,0,0,1,0,0,1,0,0,0
0,0,0,7,10.641370238095238,5,15207,14.5,21.1,4,324.5357142857143,3,27.7,27,0.0,1,2024,0.032688795026513076,1,0,0,0,0,0,0,0,0
0,0,0,7,10.641370238095238,5,15207,14.5,21.1,4,324.5357142857143,3,27.7,27,0.0,1,2024,0.032688795026513076,1,0,0,0,0,0,0,0,0
0,0,0,7,3.96222,5,32386,14.5,21.1,4,309.4791666666667,3,27.7,27,0.0,0,2024,0.012355507797346572,1,0,0,0,0,0,0,0,0
0,0,0,3,12.78875761904762,18,84310,12.4,14.5,0,592.8928571428571,1,19.4,12,0.0,1,2024,0.021533779140858345,0,0,1,1,0,0,0,0,0
0,0,0,3,12.78875761904762,18,84310,12.4,14.5,0,592.8928571428571,1,19.4,12,0.0,1,2024,0.021533779140858345,0,0,1,1,0,0,0,0,0
0,0,0,7,3.96222,4,15207,14.6,19.0,3,309.4791666666667,3,23.8,27,0.0,0,2024,0.012355507797346572,1,0,0,0,0,0,1,0,0
0,0,0,7,3.96222,4,15207,14.6,19.0,3,309.4791666666667,3,23.8,27,0.0,0,2024,0.012355507797346572,1,0,0,0,0,0,1,0,0
1,0,0,7,10.641370238095238,3,15207,13.8,17.8,2,324.5357142857143,3,22.2,27,1.2,1,2024,0.032688795026513076,1,0,0,0,0,0,0,0,1
1,0,0,7,10.641370238095238,3,15207,13.8,17.8,2,324.5357142857143,3,22.2,27,1.2,1,2024,0.032688795026513076,1,0,0,0,0,0,0,0,1
1,0,0,7,10.641370238095238,3,15207,13.8,17.8,2,324.5357142857143,3,22.2,27,1.2,1,2024,0.032688795026513076,1,0,0,0,0,0,0,0,1
1,0,0,7,10.641370238095238,3,15207,13.8,17.8,2,324.5357142857143,3,22.2,27,1.2,1,2024,0.032688795026513076,1,0,0,0,0,0,0,0,1
1,0,0,7,10.641370238095238,3,15207,13.8,17.8,2,324.5357142857143,3,22.2,27,1.2,1,2024,0.032688795026513076,1,0,0,0,0,0,0,0,1
1,0,0,7,10.641370238095238,3,15207,13.8,17.8,2,324.5357142857143,3,22.2,27,1.2,1,2024,0.032688795026513076,1,0,0,0,0,0,0,0,1
0,0,0,3,3.95722,18,57934,12.4,14.5,0,406.32142857142856,1,19.4,12,0.0,1,2024,0.009715226654975888,0,0,1,1,0,0,0,0,0
0,0,0,3,3.95722,18,57934,12.4,14.5,0,406.32142857142856,1,19.4,12,0.0,1,2024,0.009715226654975888,0,0,1,1,0,0,0,0,0
0,0,0,3,3.95722,18,57934,12.4,14.5,0,406.32142857142856,1,19.4,12,0.0,1,2024,0.009715226654975888,0,0,1,1,0,0,0,0,0
1,1,0,3,2.42775875,17,19979,10.8,12.8,6,169.66071428571428,1,15.7,11,3.0,0,2024,0.014225645076906981,0,0,1,0,0,1,0,0,0
1,1,0,3,2.42775875,17,19979,10.8,12.8,6,169.66071428571428,1,15.7,11,3.0,0,2024,0.014225645076906981,0,0,1,0,0,1,0,0,0
0,0,0,3,0.8107283928571428,18,35837,12.4,14.5,0,411.9583333333333,1,19.4,12,0.0,1,2024,0.001963220808048777,0,0,1,1,0,0,0,0,0
0,0,0,3,0.8107283928571428,18,35837,12.4,14.5,0,411.9583333333333,1,19.4,12,0.0,1,2024,0.001963220808048777,0,0,1,1,0,0,0,0,0
0,0,0,3,0.8107283928571428,18,35837,12.4,14.5,0,411.9583333333333,1,19.4,12,0.0,1,2024,0.001963220808048777,0,0,1,1,0,0,0,0,0
1,1,0,3,3.96222,17,138907,10.8,12.8,6,309.4791666666667,1,15.7,11,3.0,0,2024,0.012355507797346572,0,0,1,0,0,1,0,0,0
1,1,0,3,3.96222,17,138907,10.8,12.8,6,309.4791666666667,1,15.7,11,3.0,0,2024,0.012355507797346572,0,0,1,0,0,1,0,0,0
0,1,0,3,18.77113095238096,16,160526,10.4,13.2,5,4267.202380952381,1,16.5,11,0.2,1,2024,0.004397900867154403,0,0,1,0,1,0,0,0,0
1,0,0,3,2.727702619047619,15,182347,13.4,14.4,4,173.11904761904762,1,18.3,11,2.2,0,2024,0.015665733625051276,0,0,1,0,0,0,0,0,0
1,0,0,3,2.727702619047619,15,182347,13.4,14.4,4,173.11904761904762,1,18.3,11,2.2,0,2024,0.015665733625051276,0,0,1,0,0,0,0,0,0
1,1,0,3,3.96,17,231476,10.8,12.8,6,410.9166666666667,1,15.7,11,3.0,1,2024,0.009613594982803965,0,0,1,0,0,1,0,0,0
1,1,0,3,3.96,17,231476,10.8,12.8,6,410.9166666666667,1,15.7,11,3.0,1,2024,0.009613594982803965,0,0,1,0,0,1,0,0,0
0,0,0,9,3.96222,13,179566,7.4,12.5,4,309.4791666666667,3,19.7,37,0.0,0,2024,0.012355507797346572,0,0,0,0,0,0,0,0,0
1,0,0,9,16.683928571428574,12,231476,9.1,11.9,3,3745.940476190476,3,17.9,37,3.8,1,2024,0.004452680440867629,0,0,0,0,0,0,1,0,0
1,0,0,9,16.683928571428574,12,231476,9.1,11.9,3,3745.940476190476,3,17.9,37,3.8,1,2024,0.004452680440867629,0,0,0,0,0,0,1,0,0
1,0,0,9,3.72333,12,160526,9.1,11.9,3,219.07142857142856,3,17.9,37,3.8,0,2024,0.01691873417721519,0,0,0,0,0,0,1,0,0
1,0,0,9,3.72333,12,160526,9.1,11.9,3,219.07142857142856,3,17.9,37,3.8,0,2024,0.01691873417721519,0,0,0,0,0,0,1,0,0
0,0,0,9,3.96222,13,160526,7.4,12.5,4,309.4791666666667,3,19.7,37,0.0,0,2024,0.012355507797346572,0,0,0,0,0,0,0,0,0
0,0,0,9,3.96222,13,160526,7.4,12.5,4,309.4791666666667,3,19.7,37,0.0,0,2024,0.012355507797346572,0,0,0,0,0,0,0,0,0
1,0,0,9,3.96222,12,161450,9.1,11.9,3,309.4791666666667,3,17.9,37,3.8,0,2024,0.012355507797346572,0,0,0,0,0,0,1,0,0
1,0,0,9,3.96222,12,161450,9.1,11.9,3,309.4791666666667,3,17.9,37,3.8,0,2024,0.012355507797346572,0,0,0,0,0,0,1,0,0
1,0,0,9,3.96222,12,137426,9.1,11.9,3,309.4791666666667,3,17.9,37,3.8,0,2024,0.012355507797346572,0,0,0,0,0,0,1,0,0
1,0,0,9,3.96222,12,137426,9.1,11.9,3,309.4791666666667,3,17.9,37,3.8,0,2024,0.012355507797346572,0,0,0,0,0,0,1,0,0
1,0,0,9,3.96222,12,137426,9.1,11.9,3,309.4791666666667,3,17.9,37,3.8,0,2024,0.012355507797346572,0,0,0,0,0,0,1,0,0
0,0,0,9,1.2261220833333333,13,182347,7.4,12.5,4,261.1666666666667,3,19.7,37,0.0,0,2024,0.004676880165289256,0,0,0,0,0,0,0,0,0
0,0,0,9,1.2261220833333333,13,182347,7.4,12.5,4,261.1666666666667,3,19.7,37,0.0,0,2024,0.004676880165289256,0,0,0,0,0,0,0,0,0
0,0,0,9,1.2261220833333333,13,182347,7.4,12.5,4,261.1666666666667,3,19.7,37,0.0,0,2024,0.004676880165289256,0,0,0,0,0,0,0,0,0
0,0,0,9,1.2261220833333333,13,182347,7.4,12.5,4,261.1666666666667,3,19.7,37,0.0,0,2024,0.004676880165289256,0,0,0,0,0,0,0,0,0
0,0,0,9,3.72333,13,182347,7.4,12.5,4,417.7440476190476,3,19.7,37,0.0,1,2024,0.008891660720123954,0,0,0,0,0,0,0,0,0
0,0,0,9,3.72333,13,182347,7.4,12.5,4,417.7440476190476,3,19.7,37,0.0,1,2024,0.008891660720123954,0,0,0,0,0,0,0,0,0
1,0,0,9,3.96222,12,138907,9.1,11.9,3,309.4791666666667,3,17.9,37,3.8,0,2024,0.012355507797346572,0,0,0,0,0,0,1,0,0
1,0,0,9,3.96222,12,138907,9.1,11.9,3,309.4791666666667,3,17.9,37,3.8,0,2024,0.012355507797346572,0,0,0,0,0,0,1,0,0
1,0,0,9,3.96222,12,138907,9.1,11.9,3,309.4791666666667,3,17.9,37,3.8,0,2024,0.012355507797346572,0,0,0,0,0,0,1,0,0
0,0,0,9,11.452921071428571,13,35837,7.4,12.5,4,428.57142857142856,3,19.7,37,0.0,1,2024,0.026661272863318923,0,0,0,0,0,0,0,0,0
0,0,0,9,11.452921071428571,13,35837,7.4,12.5,4,428.57142857142856,3,19.7,37,0.0,1,2024,0.026661272863318923,0,0,0,0,0,0,0,0,0
0,0,0,9,5.460672797619047,13,48784,7.4,12.5,4,564.0416666666666,3,19.7,37,0.0,1,2024,0.00966419490766589,0,0,0,0,0,0,0,0,0
0,0,0,9,5.460672797619047,13,48784,7.4,12.5,4,564.0416666666666,3,19.7,37,0.0,1,2024,0.00966419490766589,0,0,0,0,0,0,0,0,0
0,0,0,9,5.460672797619047,13,48784,7.4,12.5,4,564.0416666666666,3,19.7,37,0.0,1,2024,0.00966419490766589,0,0,0,0,0,0,0,0,0
0,0,0,9,3.96222,13,15207,7.4,12.5,4,309.4791666666667,3,19.7,37,0.0,0,2024,0.012355507797346572,0,0,0,0,0,0,0,0,0
0,0,0,9,3.96222,13,27547,7.4,12.5,4,309.4791666666667,3,19.7,37,0.0,0,2024,0.012355507797346572,0,0,0,0,0,0,0,0,0
0,0,0,9,3.96222,13,27547,7.4,12.5,4,309.4791666666667,3,19.7,37,0.0,0,2024,0.012355507797346572,0,0,0,0,0,0,0,0,0
0,0,0,9,9.966882916666666,13,19979,7.4,12.5,4,345.4642857142857,3,19.7,37,0.0,1,2024,0.0287674179637838,0,0,0,0,0,0,0,0,0
0,0,0,9,9.966882916666666,13,19979,7.4,12.5,4,345.4642857142857,3,19.7,37,0.0,1,2024,0.0287674179637838,0,0,0,0,0,0,0,0,0
0,0,0,4,3.96222,24,185914,7.0,8.7,2,309.4791666666667,2,12.6,17,0.0,0,2024,0.012355507797346572,0,0,1,0,0,0,0,0,1
0,0,0,4,3.96222,24,185914,7.0,8.7,2,309.4791666666667,2,12.6,17,0.0,0,2024,0.012355507797346572,0,0,1,0,0,0,0,0,1
0,0,0,4,4.16,24,179566,7.0,8.7,2,256.4107142857143,2,12.6,17,0.0,0,2024,0.01616094346167187,0,0,1,0,0,0,0,0,1
0,0,0,4,4.16,24,161450,7.0,8.7,2,284.6607142857143,2,12.6,17,0.0,0,2024,0.014562730511970996,0,0,1,0,0,0,0,0,1
0,0,0,4,4.16,24,161450,7.0,8.7,2,284.6607142857143,2,12.6,17,0.0,0,2024,0.014562730511970996,0,0,1,0,0,0,0,0,1
0,0,0,4,18.64592732142857,24,231476,7.0,8.7,2,395.7738095238095,2,12.6,17,0.0,1,2024,0.04699384604998649,0,0,1,0,0,0,0,0,1
0,0,0,4,3.96222,24,137426,7.0,8.7,2,309.4791666666667,2,12.6,17,0.0,0,2024,0.012355507797346572,0,0,1,0,0,0,0,0,1
0,0,0,4,3.96222,24,137426,7.0,8.7,2,309.4791666666667,2,12.6,17,0.0,0,2024,0.012355507797346572,0,0,1,0,0,0,0,0,1
0,0,0,4,3.96222,24,137426,7.0,8.7,2,309.4791666666667,2,12.6,17,0.0,0,2024,0.012355507797346572,0,0,1,0,0,0,0,0,1
0,0,0,4,1.7127066666666666,24,182347,7.0,8.7,2,300.2857142857143,2,12.6,17,0.0,0,2024,0.005684659396238343,0,0,1,0,0,0,0,0,1
0,0,0,4,1.7127066666666666,24,182347,7.0,8.7,2,300.2857142857143,2,12.6,17,0.0,0,2024,0.005684659396238343,0,0,1,0,0,0,0,0,1
0,0,0,4,3.96222,24,138887,7.0,8.7,2,309.4791666666667,2,12.6,17,0.0,0,2024,0.012355507797346572,0,0,1,0,0,0,0,0,1
0,0,0,4,3.96222,24,138887,7.0,8.7,2,309.4791666666667,2,12.6,17,0.0,0,2024,0.012355507797346572,0,0,1,0,0,0,0,0,1
1,0,0,4,3.830000000000001,17,160526,6.5,8.8,2,395.1607142857143,2,13.5,16,3.2,1,2024,0.009667793554203294,0,0,1,0,0,0,0,0,1
0,0,0,8,3.96222,7,183839,16.4,21.0,2,309.4791666666667,3,26.5,32,0.0,0,2024,0.012355507797346572,1,0,0,0,0,0,0,0,1
0,0,0,8,3.96222,7,183839,16.4,21.0,2,309.4791666666667,3,26.5,32,0.0,0,2024,0.012355507797346572,1,0,0,0,0,0,0,0,1
0,0,0,8,2.63222,5,185914,14.6,23.1,0,162.9345238095238,3,31.1,32,0.0,0,2024,0.01605653244254021,1,0,0,1,0,0,0,0,0
0,0,0,8,2.63222,5,185914,14.6,23.1,0,162.9345238095238,3,31.1,32,0.0,0,2024,0.01605653244254021,1,0,0,1,0,0,0,0,0
0,0,0,8,2.63222,5,185914,14.6,23.1,0,162.9345238095238,3,31.1,32,0.0,0,2024,0.01605653244254021,1,0,0,1,0,0,0,0,0
0,0,0,8,9.304166666666664,5,161450,14.6,23.1,0,3744.928571428572,3,31.1,32,0.0,1,2024,0.002483807816740714,1,0,0,1,0,0,0,0,0
0,0,0,8,9.304166666666664,5,161450,14.6,23.1,0,3744.928571428572,3,31.1,32,0.0,1,2024,0.002483807816740714,1,0,0,1,0,0,0,0,0
0,0,0,8,9.304166666666664,5,161450,14.6,23.1,0,3744.928571428572,3,31.1,32,0.0,1,2024,0.002483807816740714,1,0,0,1,0,0,0,0,0
0,0,0,8,9.304166666666664,5,161450,14.6,23.1,0,3744.928571428572,3,31.1,32,0.0,1,2024,0.002483807816740714,1,0,0,1,0,0,0,0,0
0,0,0,8,4.197940833333333,7,179566,16.4,21.0,2,378.5059523809524,3,26.5,32,0.0,1,2024,0.01106159417789419,1,0,0,0,0,0,0,0,1
0,0,0,8,4.197940833333333,7,179566,16.4,21.0,2,378.5059523809524,3,26.5,32,0.0,1,2024,0.01106159417789419,1,0,0,0,0,0,0,0,1
0,0,0,8,3.96222,7,231476,16.4,21.0,2,309.4791666666667,3,26.5,32,0.0,0,2024,0.012355507797346572,1,0,0,0,0,0,0,0,1
0,0,0,8,3.96222,7,231476,16.4,21.0,2,309.4791666666667,3,26.5,32,0.0,0,2024,0.012355507797346572,1,0,0,0,0,0,0,0,1
0,0,0,8,5.847640238095238,7,231476,16.4,21.0,2,209.4047619047619,3,26.5,32,0.0,0,2024,0.02779233789747652,1,0,0,0,0,0,0,0,1
0,0,0,8,5.847640238095238,7,231476,16.4,21.0,2,209.4047619047619,3,26.5,32,0.0,0,2024,0.02779233789747652,1,0,0,0,0,0,0,0,1
0,0,0,8,5.092984047619048,5,137426,14.6,23.1,0,221.125,3,31.1,32,0.0,0,2024,0.0229284594152799,1,0,0,1,0,0,0,0,0
0,0,0,8,5.092984047619048,5,137426,14.6,23.1,0,221.125,3,31.1,32,0.0,0,2024,0.0229284594152799,1,0,0,1,0,0,0,0,0
0,0,0,8,5.092984047619048,5,137426,14.6,23.1,0,221.125,3,31.1,32,0.0,0,2024,0.0229284594152799,1,0,0,1,0,0,0,0,0
0,0,0,8,5.092984047619048,5,137426,14.6,23.1,0,221.125,3,31.1,32,0.0,0,2024,0.0229284594152799,1,0,0,1,0,0,0,0,0
0,0,0,8,11.679843571428572,7,182347,16.4,21.0,2,241.61309523809524,3,26.5,32,0.0,0,2024,0.04814185137024952,1,0,0,0,0,0,0,0,1
0,0,0,8,11.679843571428572,7,182347,16.4,21.0,2,241.61309523809524,3,26.5,32,0.0,0,2024,0.04814185137024952,1,0,0,0,0,0,0,0,1
0,0,0,8,3.96222,7,35837,16.4,21.0,2,309.4791666666667,3,26.5,32,0.0,0,2024,0.012355507797346572,1,0,0,0,0,0,0,0,1
0,0,0,8,3.96222,7,35837,16.4,21.0,2,309.4791666666667,3,26.5,32,0.0,0,2024,0.012355507797346572,1,0,0,0,0,0,0,0,1
0,1,0,8,2.859725,4,35837,17.5,21.3,6,372.44791666666663,3,26.9,31,0.0,1,2024,0.007657627402303981,1,0,0,0,0,1,0,0,0
0,1,0,8,2.859725,4,35837,17.5,21.3,6,372.44791666666663,3,26.9,31,0.0,1,2024,0.007657627402303981,1,0,0,0,0,1,0,0,0
0,0,0,8,2.63222,6,35837,16.2,23.9,1,235.0595238095238,3,30.4,32,0.2,0,2024,0.011150662161480659,1,0,0,0,0,0,0,1,0
0,0,0,8,2.63222,6,35837,16.2,23.9,1,235.0595238095238,3,30.4,32,0.2,0,2024,0.011150662161480659,1,0,0,0,0,0,0,1,0
0,1,0,2,3.96222,4,183839,9.9,10.4,6,309.4791666666667,1,11.4,5,0.0,0,2024,0.012355507797346572,0,1,0,0,0,1,0,0,0
0,0,0,8,11.449107142857144,6,137426,16.2,23.9,1,1387.7261904761904,3,30.4,32,0.2,1,2024,0.008244322906397608,1,0,0,0,0,0,0,1,0
0,0,0,8,11.449107142857144,6,137426,16.2,23.9,1,1387.7261904761904,3,30.4,32,0.2,1,2024,0.008244322906397608,1,0,0,0,0,0,0,1,0
0,0,0,8,2.63222,5,185914,14.6,23.1,0,162.9345238095238,3,31.1,32,0.0,0,2024,0.01605653244254021,1,0,0,1,0,0,0,0,0
0,0,0,8,2.63222,5,185914,14.6,23.1,0,162.9345238095238,3,31.1,32,0.0,0,2024,0.01605653244254021,1,0,0,1,0,0,0,0,0
0,0,0,8,0.5993798809523809,5,185914,14.6,23.1,0,95.0,3,31.1,32,0.0,0,2024,0.006243540426587302,1,0,0,1,0,0,0,0,0
0,0,0,8,0.5993798809523809,5,185914,14.6,23.1,0,95.0,3,31.1,32,0.0,0,2024,0.006243540426587302,1,0,0,1,0,0,0,0,0
0,0,0,8,0.5993798809523809,5,185914,14.6,23.1,0,95.0,3,31.1,32,0.0,0,2024,0.006243540426587302,1,0,0,1,0,0,0,0,0
0,1,0,8,12.047916666666666,4,137426,17.5,21.3,6,1408.2222222222222,3,26.9,31,0.0,1,2024,0.008549337696128676,1,0,0,0,0,1,0,0,0
0,1,0,8,12.047916666666666,4,137426,17.5,21.3,6,1408.2222222222222,3,26.9,31,0.0,1,2024,0.008549337696128676,1,0,0,0,0,1,0,0,0
0,1,0,8,12.047916666666666,4,137426,17.5,21.3,6,1408.2222222222222,3,26.9,31,0.0,1,2024,0.008549337696128676,1,0,0,0,0,1,0,0,0
0,0,0,8,0.750959880952381,5,185914,14.6,23.1,0,44.26190476190476,3,31.1,32,0.0,0,2024,0.016591433456075753,1,0,0,1,0,0,0,0,0
0,0,0,8,0.5993798809523809,5,185914,14.6,23.1,0,95.0,3,31.1,32,0.0,0,2024,0.006243540426587302,1,0,0,1,0,0,0,0,0
0,0,0,8,0.5993798809523809,5,185914,14.6,23.1,0,95.0,3,31.1,32,0.0,0,2024,0.006243540426587302,1,0,0,1,0,0,0,0,0
0,0,0,8,0.5993798809523809,5,185914,14.6,23.1,0,95.0,3,31.1,32,0.0,0,2024,0.006243540426587302,1,0,0,1,0,0,0,0,0
0,0,0,8,0.5993798809523809,5,185914,14.6,23.1,0,95.0,3,31.1,32,0.0,0,2024,0.006243540426587302,1,0,0,1,0,0,0,0,0
0,0,0,8,0.5993798809523809,5,185914,14.6,23.1,0,95.0,3,31.1,32,0.0,0,2024,0.006243540426587302,1,0,0,1,0,0,0,0,0
0,0,0,8,0.5993798809523809,5,185914,14.6,23.1,0,95.0,3,31.1,32,0.0,0,2024,0.006243540426587302,1,0,0,1,0,0,0,0,0
0,0,0,8,0.5993798809523809,5,185914,14.6,23.1,0,95.0,3,31.1,32,0.0,0,2024,0.006243540426587302,1,0,0,1,0,0,0,0,0
0,0,0,8,0.5993798809523809,5,185914,14.6,23.1,0,95.0,3,31.1,32,0.0,0,2024,0.006243540426587302,1,0,0,1,0,0,0,0,0
0,0,0,8,0.5993798809523809,5,185914,14.6,23.1,0,95.0,3,31.1,32,0.0,0,2024,0.006243540426587302,1,0,0,1,0,0,0,0,0
0,0,0,8,0.5993798809523809,5,185914,14.6,23.1,0,95.0,3,31.1,32,0.0,0,2024,0.006243540426587302,1,0,0,1,0,0,0,0,0
0,0,0,8,0.5993798809523809,5,185914,14.6,23.1,0,95.0,3,31.1,32,0.0,0,2024,0.006243540426587302,1,0,0,1,0,0,0,0,0
0,0,0,8,0.5993798809523809,5,185914,14.6,23.1,0,95.0,3,31.1,32,0.0,0,2024,0.006243540426587302,1,0,0,1,0,0,0,0,0
0,0,0,8,0.5993798809523809,5,185914,14.6,23.1,0,95.0,3,31.1,32,0.0,0,2024,0.006243540426587302,1,0,0,1,0,0,0,0,0
0,0,0,8,0.5993798809523809,5,185914,14.6,23.1,0,95.0,3,31.1,32,0.0,0,2024,0.006243540426587302,1,0,0,1,0,0,0,0,0
0,0,0,8,0.5993798809523809,5,185914,14.6,23.1,0,95.0,3,31.1,32,0.0,0,2024,0.006243540426587302,1,0,0,1,0,0,0,0,0
0,0,0,8,0.5993798809523809,5,185914,14.6,23.1,0,95.0,3,31.1,32,0.0,0,2024,0.006243540426587302,1,0,0,1,0,0,0,0,0
0,0,0,8,0.5993798809523809,5,185914,14.6,23.1,0,95.0,3,31.1,32,0.0,0,2024,0.006243540426587302,1,0,0,1,0,0,0,0,0
0,0,0,8,0.5993798809523809,5,185914,14.6,23.1,0,95.0,3,31.1,32,0.0,0,2024,0.006243540426587302,1,0,0,1,0,0,0,0,0
0,0,0,8,0.5993798809523809,5,185914,14.6,23.1,0,95.0,3,31.1,32,0.0,0,2024,0.006243540426587302,1,0,0,1,0,0,0,0,0
0,0,0,8,0.5993798809523809,5,185914,14.6,23.1,0,95.0,3,31.1,32,0.0,0,2024,0.006243540426587302,1,0,0,1,0,0,0,0,0
0,0,0,8,0.5993798809523809,5,185914,14.6,23.1,0,95.0,3,31.1,32,0.0,0,2024,0.006243540426587302,1,0,0,1,0,0,0,0,0
0,0,0,8,3.96222,5,160526,14.6,23.1,0,309.4791666666667,3,31.1,32,0.0,0,2024,0.012355507797346572,1,0,0,1,0,0,0,0,0
0,0,0,8,3.96222,5,160526,14.6,23.1,0,309.4791666666667,3,31.1,32,0.0,0,2024,0.012355507797346572,1,0,0,1,0,0,0,0,0
0,0,0,8,3.96222,5,160526,14.6,23.1,0,309.4791666666667,3,31.1,32,0.0,0,2024,0.012355507797346572,1,0,0,1,0,0,0,0,0
0,0,0,8,3.96222,5,160526,14.6,23.1,0,309.4791666666667,3,31.1,32,0.0,0,2024,0.012355507797346572,1,0,0,1,0,0,0,0,0
0,0,0,8,3.96222,5,160526,14.6,23.1,0,309.4791666666667,3,31.1,32,0.0,0,2024,0.012355507797346572,1,0,0,1,0,0,0,0,0
0,0,0,8,3.96222,5,160526,14.6,23.1,0,309.4791666666667,3,31.1,32,0.0,0,2024,0.012355507797346572,1,0,0,1,0,0,0,0,0
0,0,0,8,2.63222,6,185914,16.2,23.9,1,162.9345238095238,3,30.4,32,0.2,0,2024,0.01605653244254021,1,0,0,0,0,0,0,1,0
0,0,0,8,2.63222,6,185914,16.2,23.9,1,162.9345238095238,3,30.4,32,0.2,0,2024,0.01605653244254021,1,0,0,0,0,0,0,1,0
0,0,0,8,0.5993798809523809,6,185914,16.2,23.9,1,95.0,3,30.4,32,0.2,0,2024,0.006243540426587302,1,0,0,0,0,0,0,1,0
0,0,0,8,0.5993798809523809,6,185914,16.2,23.9,1,95.0,3,30.4,32,0.2,0,2024,0.006243540426587302,1,0,0,0,0,0,0,1,0
0,0,0,8,3.96222,5,160526,14.6,23.1,0,309.4791666666667,3,31.1,32,0.0,0,2024,0.012355507797346572,1,0,0,1,0,0,0,0,0
0,0,0,8,3.96222,5,160526,14.6,23.1,0,309.4791666666667,3,31.1,32,0.0,0,2024,0.012355507797346572,1,0,0,1,0,0,0,0,0
0,0,0,8,2.63222,6,231476,16.2,23.9,1,160.78571428571428,3,30.4,32,0.2,0,2024,0.016269792494481235,1,0,0,0,0,0,0,1,0
0,0,0,8,2.63222,6,231476,16.2,23.9,1,160.78571428571428,3,30.4,32,0.2,0,2024,0.016269792494481235,1,0,0,0,0,0,0,1,0
0,0,0,8,3.96222,6,48784,16.2,23.9,1,309.4791666666667,3,30.4,32,0.2,0,2024,0.012355507797346572,1,0,0,0,0,0,0,1,0
0,0,0,8,3.96222,6,48784,16.2,23.9,1,309.4791666666667,3,30.4,32,0.2,0,2024,0.012355507797346572,1,0,0,0,0,0,0,1,0
0,1,0,2,3.96222,3,185914,7.9,10.5,5,309.4791666666667,1,11.3,5,0.0,0,2024,0.012355507797346572,0,1,0,0,1,0,0,0,0
0,0,0,2,3.96222,2,185914,4.9,7.8,4,309.4791666666667,1,11.5,5,0.0,0,2024,0.012355507797346572,0,1,0,0,0,0,0,0,0
0,0,0,2,3.96222,2,185914,4.9,7.8,4,309.4791666666667,1,11.5,5,0.0,0,2024,0.012355507797346572,0,1,0,0,0,0,0,0,0
0,1,0,2,3.96222,3,179566,7.9,10.5,5,309.4791666666667,1,11.3,5,0.0,0,2024,0.012355507797346572,0,1,0,0,1,0,0,0,0
0,1,0,2,3.96222,3,179566,7.9,10.5,5,309.4791666666667,1,11.3,5,0.0,0,2024,0.012355507797346572,0,1,0,0,1,0,0,0,0
0,1,0,2,3.96222,3,179566,7.9,10.5,5,309.4791666666667,1,11.3,5,0.0,0,2024,0.012355507797346572,0,1,0,0,1,0,0,0,0
0,1,0,2,3.96222,3,179566,7.9,10.5,5,309.4791666666667,1,11.3,5,0.0,0,2024,0.012355507797346572,0,1,0,0,1,0,0,0,0
0,1,0,2,3.96222,3,179566,7.9,10.5,5,309.4791666666667,1,11.3,5,0.0,0,2024,0.012355507797346572,0,1,0,0,1,0,0,0,0
0,1,0,2,3.96222,3,179566,7.9,10.5,5,309.4791666666667,1,11.3,5,0.0,0,2024,0.012355507797346572,0,1,0,0,1,0,0,0,0
0,1,0,2,3.96222,3,179566,7.9,10.5,5,309.4791666666667,1,11.3,5,0.0,0,2024,0.012355507797346572,0,1,0,0,1,0,0,0,0
0,1,0,2,3.96222,3,179566,7.9,10.5,5,309.4791666666667,1,11.3,5,0.0,0,2024,0.012355507797346572,0,1,0,0,1,0,0,0,0
0,1,0,2,3.96222,3,179566,7.9,10.5,5,309.4791666666667,1,11.3,5,0.0,0,2024,0.012355507797346572,0,1,0,0,1,0,0,0,0
0,1,0,2,5.802895729166666,4,179566,9.9,10.4,6,396.375,1,11.4,5,0.0,1,2024,0.014603071982803814,0,1,0,0,0,1,0,0,0
0,1,0,2,5.802895729166666,4,179566,9.9,10.4,6,396.375,1,11.4,5,0.0,1,2024,0.014603071982803814,0,1,0,0,0,1,0,0,0
0,1,0,2,5.802895729166666,4,179566,9.9,10.4,6,396.375,1,11.4,5,0.0,1,2024,0.014603071982803814,0,1,0,0,0,1,0,0,0
0,1,0,2,3.8136125,4,160526,9.9,10.4,6,212.03298611111111,1,11.4,5,0.0,0,2024,0.01790151173119708,0,1,0,0,0,1,0,0,0
0,1,0,2,3.8136125,4,160526,9.9,10.4,6,212.03298611111111,1,11.4,5,0.0,0,2024,0.01790151173119708,0,1,0,0,0,1,0,0,0
0,1,0,2,13.903645833333332,4,231476,9.9,10.4,6,3599.1371527777783,1,11.4,5,0.0,1,2024,0.0038619767090277706,0,1,0,0,0,1,0,0,0
0,1,0,2,13.903645833333332,4,231476,9.9,10.4,6,3599.1371527777783,1,11.4,5,0.0,1,2024,0.0038619767090277706,0,1,0,0,0,1,0,0,0
0,1,0,2,13.903645833333332,4,231476,9.9,10.4,6,3599.1371527777783,1,11.4,5,0.0,1,2024,0.0038619767090277706,0,1,0,0,0,1,0,0,0
0,1,0,2,4.7625359722222225,3,48784,7.9,10.5,5,558.2378472222222,1,11.3,5,0.0,1,2024,0.008516118849749009,0,1,0,0,1,0,0,0,0
0,1,0,2,3.96222,4,19979,9.9,10.4,6,309.4791666666667,1,11.4,5,0.0,0,2024,0.012355507797346572,0,1,0,0,0,1,0,0,0
0,0,0,8,11.998112857142855,6,84310,16.2,23.9,1,539.077380952381,3,30.4,32,0.2,1,2024,0.022215544068861382,1,0,0,0,0,0,0,1,0
0,0,0,8,11.998112857142855,6,84310,16.2,23.9,1,539.077380952381,3,30.4,32,0.2,1,2024,0.022215544068861382,1,0,0,0,0,0,0,1,0
0,0,0,8,2.63222,6,48784,16.2,23.9,1,235.0595238095238,3,30.4,32,0.2,0,2024,0.011150662161480659,1,0,0,0,0,0,0,1,0
0,0,0,8,2.63222,6,48784,16.2,23.9,1,235.0595238095238,3,30.4,32,0.2,0,2024,0.011150662161480659,1,0,0,0,0,0,0,1,0
0,0,0,8,3.96222,6,48784,16.2,23.9,1,309.4791666666667,3,30.4,32,0.2,0,2024,0.012355507797346572,1,0,0,0,0,0,0,1,0
0,0,0,8,3.96222,6,48784,16.2,23.9,1,309.4791666666667,3,30.4,32,0.2,0,2024,0.012355507797346572,1,0,0,0,0,0,0,1,0
0,0,0,8,3.96222,6,15207,16.2,23.9,1,309.4791666666667,3,30.4,32,0.2,0,2024,0.012355507797346572,1,0,0,0,0,0,0,1,0
0,0,0,8,3.96222,6,15207,16.2,23.9,1,309.4791666666667,3,30.4,32,0.2,0,2024,0.012355507797346572,1,0,0,0,0,0,0,1,0
0,0,0,8,3.96222,5,27547,14.6,23.1,0,309.4791666666667,3,31.1,32,0.0,0,2024,0.012355507797346572,1,0,0,1,0,0,0,0,0
0,0,0,8,3.96222,5,27547,14.6,23.1,0,309.4791666666667,3,31.1,32,0.0,0,2024,0.012355507797346572,1,0,0,1,0,0,0,0,0
0,1,0,2,3.8136125,3,27547,7.9,10.5,5,255.2795138888889,1,11.3,5,0.0,0,2024,0.014880676344865427,0,1,0,0,1,0,0,0,0
1,1,0,6,12.709375,1,183839,12.9,13.3,5,4565.15,2,14.4,22,3.6,1,2024,0.0027833897265749047,1,0,0,0,1,0,0,0,0
1,1,0,6,12.709375,1,183839,12.9,13.3,5,4565.15,2,14.4,22,3.6,1,2024,0.0027833897265749047,1,0,0,0,1,0,0,0,0
1,1,0,6,3.96222,1,55932,12.9,13.3,5,309.4791666666667,2,14.4,22,3.6,0,2024,0.012355507797346572,1,0,0,0,1,0,0,0,0
1,1,0,6,3.96222,1,55932,12.9,13.3,5,309.4791666666667,2,14.4,22,3.6,0,2024,0.012355507797346572,1,0,0,0,1,0,0,0,0
1,1,0,6,3.96222,1,160526,12.9,13.3,5,309.4791666666667,2,14.4,22,3.6,0,2024,0.012355507797346572,1,0,0,0,1,0,0,0,0
1,1,0,6,3.96222,1,160526,12.9,13.3,5,309.4791666666667,2,14.4,22,3.6,0,2024,0.012355507797346572,1,0,0,0,1,0,0,0,0
1,1,0,6,4.2647200000000005,1,231476,12.9,13.3,5,407.8354166666667,2,14.4,22,3.6,1,2024,0.01043138589795201,1,0,0,0,1,0,0,0,0
1,1,0,6,4.2647200000000005,1,231476,12.9,13.3,5,407.8354166666667,2,14.4,22,3.6,1,2024,0.01043138589795201,1,0,0,0,1,0,0,0,0
1,0,0,10,1.300150238095238,17,182347,16.3,16.8,3,160.4702380952381,4,19.1,42,47.1,0,2024,0.008051949717993143,0,0,0,0,0,0,1,0,0
1,0,0,10,1.300150238095238,17,182347,16.3,16.8,3,160.4702380952381,4,19.1,42,47.1,0,2024,0.008051949717993143,0,0,0,0,0,0,1,0,0
1,1,0,6,4.2647200000000005,1,231476,12.9,13.3,5,397.86458333333337,2,14.4,22,3.6,1,2024,0.01069215011360372,1,0,0,0,1,0,0,0,0
1,1,0,6,4.2647200000000005,1,231476,12.9,13.3,5,397.86458333333337,2,14.4,22,3.6,1,2024,0.01069215011360372,1,0,0,0,1,0,0,0,0
1,1,0,6,4.2647200000000005,1,231476,12.9,13.3,5,397.86458333333337,2,14.4,22,3.6,1,2024,0.01069215011360372,1,0,0,0,1,0,0,0,0
1,0,0,10,2.3600603571428573,17,138907,16.3,16.8,3,316.2738095238095,4,19.1,42,47.1,1,2024,0.00743856027916401,0,0,0,0,0,0,1,0,0
1,0,0,10,2.3600603571428573,17,138907,16.3,16.8,3,316.2738095238095,4,19.1,42,47.1,1,2024,0.00743856027916401,0,0,0,0,0,0,1,0,0
1,0,0,5,3.96222,31,137426,12.6,14.3,4,309.4791666666667,2,18.0,22,4.0,0,2024,0.012355507797346572,0,0,1,0,0,0,0,0,0
1,0,0,5,3.96222,31,137426,12.6,14.3,4,309.4791666666667,2,18.0,22,4.0,0,2024,0.012355507797346572,0,0,1,0,0,0,0,0,0
1,0,0,5,3.96222,31,137426,12.6,14.3,4,309.4791666666667,2,18.0,22,4.0,0,2024,0.012355507797346572,0,0,1,0,0,0,0,0,0
1,0,0,10,14.41875,16,137426,15.3,20.3,2,1236.154761904762,4,26.4,42,1.8,1,2024,0.011654766601553103,0,0,0,0,0,0,0,0,1
1,0,0,10,14.41875,16,137426,15.3,20.3,2,1236.154761904762,4,26.4,42,1.8,1,2024,0.011654766601553103,0,0,0,0,0,0,0,0,1
1,1,0,6,1.4925056041666664,1,182347,12.9,13.3,5,185.08749999999998,2,14.4,22,3.6,0,2024,0.008020450616869304,1,0,0,0,1,0,0,0,0
1,1,0,6,1.4925056041666664,1,182347,12.9,13.3,5,185.08749999999998,2,14.4,22,3.6,0,2024,0.008020450616869304,1,0,0,0,1,0,0,0,0
1,0,0,10,3.96222,17,41158,16.3,16.8,3,309.4791666666667,4,19.1,42,47.1,0,2024,0.012355507797346572,0,0,0,0,0,0,1,0,0
1,0,0,10,1.8418831547619048,16,185914,15.3,20.3,2,56.85119047619048,4,26.4,42,1.8,0,2024,0.031838293034262784,0,0,0,0,0,0,0,0,1
1,0,0,10,1.8418831547619048,16,185914,15.3,20.3,2,56.85119047619048,4,26.4,42,1.8,0,2024,0.031838293034262784,0,0,0,0,0,0,0,0,1
1,1,0,6,1.3765025208333335,1,138907,12.9,13.3,5,181.80208333333331,2,14.4,22,3.6,0,2024,0.00753001549945866,1,0,0,0,1,0,0,0,0
1,1,0,6,1.3765025208333335,1,138907,12.9,13.3,5,181.80208333333331,2,14.4,22,3.6,0,2024,0.00753001549945866,1,0,0,0,1,0,0,0,0
1,0,0,10,3.96222,16,185914,15.3,20.3,2,309.4791666666667,4,26.4,42,1.8,0,2024,0.012355507797346572,0,0,0,0,0,0,0,0,1
1,0,0,10,3.96222,16,185914,15.3,20.3,2,309.4791666666667,4,26.4,42,1.8,0,2024,0.012355507797346572,0,0,0,0,0,0,0,0,1
1,1,0,6,13.251401875,1,57934,12.9,13.3,5,253.3125,2,14.4,22,3.6,0,2024,0.05210676579012043,1,0,0,0,1,0,0,0,0
1,1,0,6,13.251401875,1,57934,12.9,13.3,5,253.3125,2,14.4,22,3.6,0,2024,0.05210676579012043,1,0,0,0,1,0,0,0,0
1,0,0,10,3.96222,17,179566,16.3,16.8,3,309.4791666666667,4,19.1,42,47.1,0,2024,0.012355507797346572,0,0,0,0,0,0,1,0,0
1,0,0,10,3.96222,17,179566,16.3,16.8,3,309.4791666666667,4,19.1,42,47.1,0,2024,0.012355507797346572,0,0,0,0,0,0,1,0,0
1,1,0,6,3.96222,1,35837,12.9,13.3,5,309.4791666666667,2,14.4,22,3.6,0,2024,0.012355507797346572,1,0,0,0,1,0,0,0,0
1,1,0,6,3.96222,1,35837,12.9,13.3,5,309.4791666666667,2,14.4,22,3.6,0,2024,0.012355507797346572,1,0,0,0,1,0,0,0,0
1,0,0,10,4.06334,17,179566,16.3,16.8,3,229.80357142857144,4,19.1,42,47.1,0,2024,0.017605186847195357,0,0,0,0,0,0,1,0,0
1,0,0,10,4.06334,17,179566,16.3,16.8,3,229.80357142857144,4,19.1,42,47.1,0,2024,0.017605186847195357,0,0,0,0,0,0,1,0,0
1,0,0,10,4.06334,17,179566,16.3,16.8,3,229.80357142857144,4,19.1,42,47.1,0,2024,0.017605186847195357,0,0,0,0,0,0,1,0,0
1,0,0,10,4.06334,17,179566,16.3,16.8,3,229.80357142857144,4,19.1,42,47.1,0,2024,0.017605186847195357,0,0,0,0,0,0,1,0,0
1,0,0,10,4.06334,16,179566,15.3,20.3,2,229.80357142857144,4,26.4,42,1.8,0,2024,0.017605186847195357,0,0,0,0,0,0,0,0,1
1,0,0,10,4.06334,16,179566,15.3,20.3,2,229.80357142857144,4,26.4,42,1.8,0,2024,0.017605186847195357,0,0,0,0,0,0,0,0,1
1,0,0,10,14.147321428571429,17,183839,16.3,16.8,3,3882.6369047619046,4,19.1,42,47.1,1,2024,0.003642802294731712,0,0,0,0,0,0,1,0,0
1,0,0,10,14.147321428571429,17,183839,16.3,16.8,3,3882.6369047619046,4,19.1,42,47.1,1,2024,0.003642802294731712,0,0,0,0,0,0,1,0,0
1,0,0,10,17.338690476190475,17,161450,16.3,16.8,3,3675.625,4,19.1,42,47.1,1,2024,0.004715925740642702,0,0,0,0,0,0,1,0,0
1,0,0,10,17.338690476190475,17,161450,16.3,16.8,3,3675.625,4,19.1,42,47.1,1,2024,0.004715925740642702,0,0,0,0,0,0,1,0,0
1,0,0,10,3.96222,17,161450,16.3,16.8,3,309.4791666666667,4,19.1,42,47.1,0,2024,0.012355507797346572,0,0,0,0,0,0,1,0,0
1,0,0,10,3.96222,17,161450,16.3,16.8,3,309.4791666666667,4,19.1,42,47.1,0,2024,0.012355507797346572,0,0,0,0,0,0,1,0,0
1,0,0,10,3.96222,17,161450,16.3,16.8,3,309.4791666666667,4,19.1,42,47.1,0,2024,0.012355507797346572,0,0,0,0,0,0,1,0,0
1,0,0,10,3.96222,17,231476,16.3,16.8,3,309.4791666666667,4,19.1,42,47.1,0,2024,0.012355507797346572,0,0,0,0,0,0,1,0,0
1,0,0,10,3.96222,17,231476,16.3,16.8,3,309.4791666666667,4,19.1,42,47.1,0,2024,0.012355507797346572,0,0,0,0,0,0,1,0,0
1,0,0,10,3.96222,16,231476,15.3,20.3,2,309.4791666666667,4,26.4,42,1.8,0,2024,0.012355507797346572,0,0,0,0,0,0,0,0,1
1,0,0,10,3.96222,16,231476,15.3,20.3,2,309.4791666666667,4,26.4,42,1.8,0,2024,0.012355507797346572,0,0,0,0,0,0,0,0,1
1,0,0,10,2.3600603571428573,16,138907,15.3,20.3,2,316.2738095238095,4,26.4,42,1.8,1,2024,0.00743856027916401,0,0,0,0,0,0,0,0,1
1,0,0,10,2.3600603571428573,16,138907,15.3,20.3,2,316.2738095238095,4,26.4,42,1.8,1,2024,0.00743856027916401,0,0,0,0,0,0,0,0,1
1,0,0,10,2.3600603571428573,16,138907,15.3,20.3,2,316.2738095238095,4,26.4,42,1.8,1,2024,0.00743856027916401,0,0,0,0,0,0,0,0,1
1,0,0,10,4.06334,17,138887,16.3,16.8,3,181.42261904761904,4,19.1,42,47.1,0,2024,0.022274321140731558,0,0,0,0,0,0,1,0,0
1,0,0,10,4.06334,17,138887,16.3,16.8,3,181.42261904761904,4,19.1,42,47.1,0,2024,0.022274321140731558,0,0,0,0,0,0,1,0,0
1,0,0,10,23.18626113095238,17,84310,16.3,16.8,3,689.5059523809524,4,19.1,42,47.1,1,2024,0.03357865497176846,0,0,0,0,0,0,1,0,0
1,0,0,10,23.18626113095238,17,84310,16.3,16.8,3,689.5059523809524,4,19.1,42,47.1,1,2024,0.03357865497176846,0,0,0,0,0,0,1,0,0
1,0,0,10,3.96222,17,35837,16.3,16.8,3,309.4791666666667,4,19.1,42,47.1,0,2024,0.012355507797346572,0,0,0,0,0,0,1,0,0
1,0,0,10,3.96222,17,35837,16.3,16.8,3,309.4791666666667,4,19.1,42,47.1,0,2024,0.012355507797346572,0,0,0,0,0,0,1,0,0
1,0,0,10,3.96222,17,48784,16.3,16.8,3,309.4791666666667,4,19.1,42,47.1,0,2024,0.012355507797346572,0,0,0,0,0,0,1,0,0
1,0,0,10,3.96222,17,15207,16.3,16.8,3,309.4791666666667,4,19.1,42,47.1,0,2024,0.012355507797346572,0,0,0,0,0,0,1,0,0
1,0,0,10,3.96222,17,15207,16.3,16.8,3,309.4791666666667,4,19.1,42,47.1,0,2024,0.012355507797346572,0,0,0,0,0,0,1,0,0
0,0,0,7,4.0530550000000005,4,160526,14.6,19.0,3,247.1309523809524,3,23.8,27,0.0,0,2024,0.01633433862687713,1,0,0,0,0,0,1,0,0
0,0,0,7,4.0530550000000005,4,160526,14.6,19.0,3,247.1309523809524,3,23.8,27,0.0,0,2024,0.01633433862687713,1,0,0,0,0,0,1,0,0
0,0,0,7,1.183932738095238,4,138907,14.6,19.0,3,290.60714285714283,3,23.8,27,0.0,0,2024,0.004060026536027761,1,0,0,0,0,0,1,0,0
0,0,0,7,1.183932738095238,4,138907,14.6,19.0,3,290.60714285714283,3,23.8,27,0.0,0,2024,0.004060026536027761,1,0,0,0,0,0,1,0,0
1,0,0,7,15.286309523809525,3,231476,13.8,17.8,2,3992.613095238096,3,22.2,27,1.2,1,2024,0.003827689152471133,1,0,0,0,0,0,0,0,1
1,0,0,7,15.286309523809525,3,231476,13.8,17.8,2,3992.613095238096,3,22.2,27,1.2,1,2024,0.003827689152471133,1,0,0,0,0,0,0,0,1
1,0,0,7,3.96222,3,161450,13.8,17.8,2,309.4791666666667,3,22.2,27,1.2,0,2024,0.012355507797346572,1,0,0,0,0,0,0,0,1
1,0,0,7,3.96222,3,161450,13.8,17.8,2,309.4791666666667,3,22.2,27,1.2,0,2024,0.012355507797346572,1,0,0,0,0,0,0,0,1
0,0,0,7,3.96222,4,185914,14.6,19.0,3,309.4791666666667,3,23.8,27,0.0,0,2024,0.012355507797346572,1,0,0,0,0,0,1,0,0
0,0,0,7,3.96222,4,185914,14.6,19.0,3,309.4791666666667,3,23.8,27,0.0,0,2024,0.012355507797346572,1,0,0,0,0,0,1,0,0
0,0,0,7,18.40714285714286,4,160526,14.6,19.0,3,4165.083333333333,3,23.8,27,0.0,1,2024,0.00441833285231361,1,0,0,0,0,0,1,0,0
0,0,0,7,18.40714285714286,4,160526,14.6,19.0,3,4165.083333333333,3,23.8,27,0.0,1,2024,0.00441833285231361,1,0,0,0,0,0,1,0,0
0,0,0,7,3.96222,4,161450,14.6,19.0,3,309.4791666666667,3,23.8,27,0.0,0,2024,0.012355507797346572,1,0,0,0,0,0,1,0,0
0,0,0,7,3.96222,4,161450,14.6,19.0,3,309.4791666666667,3,23.8,27,0.0,0,2024,0.012355507797346572,1,0,0,0,0,0,1,0,0
0,0,0,7,3.96222,4,161450,14.6,19.0,3,309.4791666666667,3,23.8,27,0.0,0,2024,0.012355507797346572,1,0,0,0,0,0,1,0,0
0,0,0,7,3.96222,4,161450,14.6,19.0,3,309.4791666666667,3,23.8,27,0.0,0,2024,0.012355507797346572,1,0,0,0,0,0,1,0,0
0,1,0,3,13.26875,16,183839,10.4,13.2,5,4518.607142857143,1,16.5,11,0.2,1,2024,0.0029358193269010424,0,0,1,0,1,0,0,0,0
0,1,0,3,13.26875,16,183839,10.4,13.2,5,4518.607142857143,1,16.5,11,0.2,1,2024,0.0029358193269010424,0,0,1,0,1,0,0,0,0
0,1,0,3,13.26875,16,183839,10.4,13.2,5,4518.607142857143,1,16.5,11,0.2,1,2024,0.0029358193269010424,0,0,1,0,1,0,0,0,0
1,0,0,7,4.0530550000000005,3,231476,13.8,17.8,2,401.3392857142857,3,22.2,27,1.2,1,2024,0.01007372420221029,1,0,0,0,0,0,0,0,1
1,0,0,7,4.0530550000000005,3,231476,13.8,17.8,2,401.3392857142857,3,22.2,27,1.2,1,2024,0.01007372420221029,1,0,0,0,0,0,0,0,1
1,0,0,3,3.912907857142857,15,183839,13.4,14.4,4,181.32738095238096,1,18.3,11,2.2,0,2024,0.0214608899480918,0,0,1,0,0,0,0,0,0
1,0,0,3,3.912907857142857,15,183839,13.4,14.4,4,181.32738095238096,1,18.3,11,2.2,0,2024,0.0214608899480918,0,0,1,0,0,0,0,0,0
0,0,0,7,0.3186356547619047,4,137426,14.6,19.0,3,527.8333333333334,3,23.8,27,0.0,1,2024,0.0006025256629597945,1,0,0,0,0,0,1,0,0
0,0,0,7,0.3186356547619047,4,137426,14.6,19.0,3,527.8333333333334,3,23.8,27,0.0,1,2024,0.0006025256629597945,1,0,0,0,0,0,1,0,0
0,1,0,3,18.77113095238096,16,160526,10.4,13.2,5,4267.202380952381,1,16.5,11,0.2,1,2024,0.004397900867154403,0,0,1,0,1,0,0,0,0
1,0,0,7,3.96222,3,137426,13.8,17.8,2,309.4791666666667,3,22.2,27,1.2,0,2024,0.012355507797346572,1,0,0,0,0,0,0,0,1
0,1,0,3,18.77113095238096,16,160526,10.4,13.2,5,4267.202380952381,1,16.5,11,0.2,1,2024,0.004397900867154403,0,0,1,0,1,0,0,0,0
0,1,0,3,18.77113095238096,16,160526,10.4,13.2,5,4267.202380952381,1,16.5,11,0.2,1,2024,0.004397900867154403,0,0,1,0,1,0,0,0,0
0,0,0,7,3.96222,4,182347,14.6,19.0,3,309.4791666666667,3,23.8,27,0.0,0,2024,0.012355507797346572,1,0,0,0,0,0,1,0,0
0,0,0,7,3.96222,4,182347,14.6,19.0,3,309.4791666666667,3,23.8,27,0.0,0,2024,0.012355507797346572,1,0,0,0,0,0,1,0,0
0,0,0,7,3.96222,4,182347,14.6,19.0,3,309.4791666666667,3,23.8,27,0.0,0,2024,0.012355507797346572,1,0,0,0,0,0,1,0,0
0,0,0,7,3.96222,4,138907,14.6,19.0,3,309.4791666666667,3,23.8,27,0.0,0,2024,0.012355507797346572,1,0,0,0,0,0,1,0,0
0,0,0,7,3.96222,4,138907,14.6,19.0,3,309.4791666666667,3,23.8,27,0.0,0,2024,0.012355507797346572,1,0,0,0,0,0,1,0,0
0,1,0,3,3.96222,16,161450,10.4,13.2,5,309.4791666666667,1,16.5,11,0.2,0,2024,0.012355507797346572,0,0,1,0,1,0,0,0,0
0,1,0,3,3.96222,16,161450,10.4,13.2,5,309.4791666666667,1,16.5,11,0.2,0,2024,0.012355507797346572,0,0,1,0,1,0,0,0,0
0,1,0,3,3.96222,16,161450,10.4,13.2,5,309.4791666666667,1,16.5,11,0.2,0,2024,0.012355507797346572,0,0,1,0,1,0,0,0,0
0,1,0,3,3.96222,16,161450,10.4,13.2,5,309.4791666666667,1,16.5,11,0.2,0,2024,0.012355507797346572,0,0,1,0,1,0,0,0,0
0,1,0,3,3.96222,16,161450,10.4,13.2,5,309.4791666666667,1,16.5,11,0.2,0,2024,0.012355507797346572,0,0,1,0,1,0,0,0,0
0,0,0,7,4.0530550000000005,4,84310,14.6,19.0,3,335.3452380952381,3,23.8,27,0.0,1,2024,0.01205028209393693,1,0,0,0,0,0,1,0,0
0,0,0,7,4.0530550000000005,4,84310,14.6,19.0,3,335.3452380952381,3,23.8,27,0.0,1,2024,0.01205028209393693,1,0,0,0,0,0,1,0,0
0,1,0,3,4.326300833333333,16,161450,10.4,13.2,5,253.8392857142857,1,16.5,11,0.2,0,2024,0.01697658514937052,0,0,1,0,1,0,0,0,0
0,1,0,3,4.326300833333333,16,161450,10.4,13.2,5,253.8392857142857,1,16.5,11,0.2,0,2024,0.01697658514937052,0,0,1,0,1,0,0,0,0
0,0,0,7,19.055090714285715,4,84310,14.6,19.0,3,664.077380952381,3,23.8,27,0.0,1,2024,0.028650937860793143,1,0,0,0,0,0,1,0,0
0,0,0,7,19.055090714285715,4,84310,14.6,19.0,3,664.077380952381,3,23.8,27,0.0,1,2024,0.028650937860793143,1,0,0,0,0,0,1,0,0
1,0,0,3,3.96222,15,137426,13.4,14.4,4,309.4791666666667,1,18.3,11,2.2,0,2024,0.012355507797346572,0,0,1,0,0,0,0,0,0
0,0,0,7,3.737190178571428,4,35837,14.6,19.0,3,404.1011904761905,3,23.8,27,0.0,1,2024,0.009225325095140836,1,0,0,0,0,0,1,0,0
0,0,0,7,3.737190178571428,4,35837,14.6,19.0,3,404.1011904761905,3,23.8,27,0.0,1,2024,0.009225325095140836,1,0,0,0,0,0,1,0,0
0,0,0,7,3.737190178571428,4,35837,14.6,19.0,3,404.1011904761905,3,23.8,27,0.0,1,2024,0.009225325095140836,1,0,0,0,0,0,1,0,0
0,1,0,3,3.96222,16,138907,10.4,13.2,5,309.4791666666667,1,16.5,11,0.2,0,2024,0.012355507797346572,0,0,1,0,1,0,0,0,0
0,1,0,3,3.96222,16,138907,10.4,13.2,5,309.4791666666667,1,16.5,11,0.2,0,2024,0.012355507797346572,0,0,1,0,1,0,0,0,0
1,0,0,3,3.96222,15,57934,13.4,14.4,4,309.4791666666667,1,18.3,11,2.2,0,2024,0.012355507797346572,0,0,1,0,0,0,0,0,0
0,1,0,3,3.96222,16,35837,10.4,13.2,5,309.4791666666667,1,16.5,11,0.2,0,2024,0.012355507797346572,0,0,1,0,1,0,0,0,0
0,1,0,3,3.96222,16,35837,10.4,13.2,5,309.4791666666667,1,16.5,11,0.2,0,2024,0.012355507797346572,0,0,1,0,1,0,0,0,0
1,0,0,7,3.96222,3,48784,13.8,17.8,2,309.4791666666667,3,22.2,27,1.2,0,2024,0.012355507797346572,1,0,0,0,0,0,0,0,1
1,0,0,7,3.96222,3,48784,13.8,17.8,2,309.4791666666667,3,22.2,27,1.2,0,2024,0.012355507797346572,1,0,0,0,0,0,0,0,1
1,0,0,7,3.96222,3,48784,13.8,17.8,2,309.4791666666667,3,22.2,27,1.2,0,2024,0.012355507797346572,1,0,0,0,0,0,0,0,1
1,0,0,7,3.96222,3,48784,13.8,17.8,2,309.4791666666667,3,22.2,27,1.2,0,2024,0.012355507797346572,1,0,0,0,0,0,0,0,1
1,0,0,7,3.96222,3,48784,13.8,17.8,2,309.4791666666667,3,22.2,27,1.2,0,2024,0.012355507797346572,1,0,0,0,0,0,0,0,1
1,0,0,7,3.96222,3,48784,13.8,17.8,2,309.4791666666667,3,22.2,27,1.2,0,2024,0.012355507797346572,1,0,0,0,0,0,0,0,1
1,0,0,7,3.96222,3,48784,13.8,17.8,2,309.4791666666667,3,22.2,27,1.2,0,2024,0.012355507797346572,1,0,0,0,0,0,0,0,1
0,1,0,3,3.96222,16,48784,10.4,13.2,5,309.4791666666667,1,16.5,11,0.2,0,2024,0.012355507797346572,0,0,1,0,1,0,0,0,0
0,1,0,3,3.96222,16,48784,10.4,13.2,5,309.4791666666667,1,16.5,11,0.2,0,2024,0.012355507797346572,0,0,1,0,1,0,0,0,0
0,0,0,7,3.96222,4,27547,14.6,19.0,3,309.4791666666667,3,23.8,27,0.0,0,2024,0.012355507797346572,1,0,0,0,0,0,1,0,0
0,0,0,7,3.96222,4,27547,14.6,19.0,3,309.4791666666667,3,23.8,27,0.0,0,2024,0.012355507797346572,1,0,0,0,0,0,1,0,0
0,1,0,3,3.96222,16,19979,10.4,13.2,5,309.4791666666667,1,16.5,11,0.2,0,2024,0.012355507797346572,0,0,1,0,1,0,0,0,0
0,1,0,3,3.96222,16,19979,10.4,13.2,5,309.4791666666667,1,16.5,11,0.2,0,2024,0.012355507797346572,0,0,1,0,1,0,0,0,0
0,0,0,4,3.0227033928571427,23,182347,2.6,8.9,1,186.82738095238096,2,15.1,17,0.2,0,2024,0.01609298589763904,0,0,1,0,0,0,0,1,0
0,0,0,4,3.0227033928571427,23,182347,2.6,8.9,1,186.82738095238096,2,15.1,17,0.2,0,2024,0.01609298589763904,0,0,1,0,0,0,0,1,0
0,0,0,4,4.16,22,160526,3.9,8.1,0,91.13095238095238,2,14.6,17,0.4,0,2024,0.045153120558211655,0,0,1,1,0,0,0,0,0
0,0,0,4,4.16,22,160526,3.9,8.1,0,91.13095238095238,2,14.6,17,0.4,0,2024,0.045153120558211655,0,0,1,1,0,0,0,0,0
0,0,0,4,2.8435458928571427,22,231476,3.9,8.1,0,574.0892857142857,2,14.6,17,0.4,1,2024,0.0049445294208973764,0,0,1,1,0,0,0,0,0
0,0,0,4,2.8435458928571427,22,231476,3.9,8.1,0,574.0892857142857,2,14.6,17,0.4,1,2024,0.0049445294208973764,0,0,1,1,0,0,0,0,0
0,1,0,4,3.96222,21,138907,4.5,8.5,6,309.4791666666667,2,14.0,16,0.4,0,2024,0.012355507797346572,0,0,1,0,0,1,0,0,0
0,1,0,4,3.96222,21,138907,4.5,8.5,6,309.4791666666667,2,14.0,16,0.4,0,2024,0.012355507797346572,0,0,1,0,0,1,0,0,0
0,1,0,4,3.96222,21,138907,4.5,8.5,6,309.4791666666667,2,14.0,16,0.4,0,2024,0.012355507797346572,0,0,1,0,0,1,0,0,0
0,0,0,4,7.244059047619047,23,179566,2.6,8.9,1,109.69642857142856,2,15.1,17,0.2,0,2024,0.06544076571490026,0,0,1,0,0,0,0,1,0
0,0,0,4,7.244059047619047,23,179566,2.6,8.9,1,109.69642857142856,2,15.1,17,0.2,0,2024,0.06544076571490026,0,0,1,0,0,0,0,1,0
0,0,0,4,3.96222,23,160526,2.6,8.9,1,309.4791666666667,2,15.1,17,0.2,0,2024,0.012355507797346572,0,0,1,0,0,0,0,1,0
0,0,0,4,3.96222,23,160526,2.6,8.9,1,309.4791666666667,2,15.1,17,0.2,0,2024,0.012355507797346572,0,0,1,0,0,0,0,1,0
0,0,0,4,3.96222,22,231476,3.9,8.1,0,309.4791666666667,2,14.6,17,0.4,0,2024,0.012355507797346572,0,0,1,1,0,0,0,0,0
0,0,0,4,3.96222,22,231476,3.9,8.1,0,309.4791666666667,2,14.6,17,0.4,0,2024,0.012355507797346572,0,0,1,1,0,0,0,0,0
0,0,0,4,3.96222,23,137426,2.6,8.9,1,309.4791666666667,2,15.1,17,0.2,0,2024,0.012355507797346572,0,0,1,0,0,0,0,1,0
0,0,0,4,3.96222,23,137426,2.6,8.9,1,309.4791666666667,2,15.1,17,0.2,0,2024,0.012355507797346572,0,0,1,0,0,0,0,1,0
0,0,0,4,8.227736011904762,22,137426,3.9,8.1,0,281.1607142857143,2,14.6,17,0.4,0,2024,0.02915975043773601,0,0,1,1,0,0,0,0,0
0,0,0,4,8.227736011904762,22,137426,3.9,8.1,0,281.1607142857143,2,14.6,17,0.4,0,2024,0.02915975043773601,0,0,1,1,0,0,0,0,0
0,0,0,4,3.96222,23,182347,2.6,8.9,1,309.4791666666667,2,15.1,17,0.2,0,2024,0.012355507797346572,0,0,1,0,0,0,0,1,0
0,0,0,4,3.96222,23,182347,2.6,8.9,1,309.4791666666667,2,15.1,17,0.2,0,2024,0.012355507797346572,0,0,1,0,0,0,0,1,0
0,0,0,4,3.6227030357142858,23,138887,2.6,8.9,1,219.2083333333333,2,15.1,17,0.2,0,2024,0.016451253142316533,0,0,1,0,0,0,0,1,0
0,0,0,4,3.6227030357142858,23,138887,2.6,8.9,1,219.2083333333333,2,15.1,17,0.2,0,2024,0.016451253142316533,0,0,1,0,0,0,0,1,0
0,0,0,4,3.96222,23,138887,2.6,8.9,1,309.4791666666667,2,15.1,17,0.2,0,2024,0.012355507797346572,0,0,1,0,0,0,0,1,0
0,0,0,4,3.96222,23,138887,2.6,8.9,1,309.4791666666667,2,15.1,17,0.2,0,2024,0.012355507797346572,0,0,1,0,0,0,0,1,0
0,0,0,4,3.96222,23,35837,2.6,8.9,1,309.4791666666667,2,15.1,17,0.2,0,2024,0.012355507797346572,0,0,1,0,0,0,0,1,0
0,0,0,4,3.96222,23,35837,2.6,8.9,1,309.4791666666667,2,15.1,17,0.2,0,2024,0.012355507797346572,0,0,1,0,0,0,0,1,0
1,0,0,9,3.96222,12,231476,9.1,11.9,3,309.4791666666667,3,17.9,37,3.8,0,2024,0.012355507797346572,0,0,0,0,0,0,1,0,0
1,0,0,9,3.96222,12,231476,9.1,11.9,3,309.4791666666667,3,17.9,37,3.8,0,2024,0.012355507797346572,0,0,0,0,0,0,1,0,0
1,0,0,9,3.96222,12,138907,9.1,11.9,3,309.4791666666667,3,17.9,37,3.8,0,2024,0.012355507797346572,0,0,0,0,0,0,1,0,0
1,0,0,9,3.96222,12,138907,9.1,11.9,3,309.4791666666667,3,17.9,37,3.8,0,2024,0.012355507797346572,0,0,0,0,0,0,1,0,0
1,0,0,9,3.96222,12,161450,9.1,11.9,3,309.4791666666667,3,17.9,37,3.8,0,2024,0.012355507797346572,0,0,0,0,0,0,1,0,0
1,0,0,9,3.96222,12,161450,9.1,11.9,3,309.4791666666667,3,17.9,37,3.8,0,2024,0.012355507797346572,0,0,0,0,0,0,1,0,0
1,0,0,9,3.96222,12,161450,9.1,11.9,3,309.4791666666667,3,17.9,37,3.8,0,2024,0.012355507797346572,0,0,0,0,0,0,1,0,0
1,0,0,9,3.96222,12,55932,9.1,11.9,3,309.4791666666667,3,17.9,37,3.8,0,2024,0.012355507797346572,0,0,0,0,0,0,1,0,0
1,0,0,9,3.96222,12,55932,9.1,11.9,3,309.4791666666667,3,17.9,37,3.8,0,2024,0.012355507797346572,0,0,0,0,0,0,1,0,0
1,0,0,9,3.96222,12,160526,9.1,11.9,3,309.4791666666667,3,17.9,37,3.8,0,2024,0.012355507797346572,0,0,0,0,0,0,1,0,0
1,0,0,9,3.96222,12,160526,9.1,11.9,3,309.4791666666667,3,17.9,37,3.8,0,2024,0.012355507797346572,0,0,0,0,0,0,1,0,0
0,0,0,9,1.2447399404761903,11,160526,12.0,14.5,2,82.36904761904762,3,19.6,37,0.0,0,2024,0.01493048050835356,0,0,0,0,0,0,0,0,1
0,0,0,9,1.2447399404761903,11,160526,12.0,14.5,2,82.36904761904762,3,19.6,37,0.0,0,2024,0.01493048050835356,0,0,0,0,0,0,0,0,1
0,0,0,9,1.2447399404761903,11,160526,12.0,14.5,2,82.36904761904762,3,19.6,37,0.0,0,2024,0.01493048050835356,0,0,0,0,0,0,0,0,1
0,0,0,9,3.96222,11,160526,12.0,14.5,2,309.4791666666667,3,19.6,37,0.0,0,2024,0.012355507797346572,0,0,0,0,0,0,0,0,1
0,0,0,9,3.96222,11,160526,12.0,14.5,2,309.4791666666667,3,19.6,37,0.0,0,2024,0.012355507797346572,0,0,0,0,0,0,0,0,1
0,0,0,9,3.96222,11,160526,12.0,14.5,2,309.4791666666667,3,19.6,37,0.0,0,2024,0.012355507797346572,0,0,0,0,0,0,0,0,1
1,0,0,9,3.96222,12,161450,9.1,11.9,3,309.4791666666667,3,17.9,37,3.8,0,2024,0.012355507797346572,0,0,0,0,0,0,1,0,0
1,0,0,9,3.96222,12,161450,9.1,11.9,3,309.4791666666667,3,17.9,37,3.8,0,2024,0.012355507797346572,0,0,0,0,0,0,1,0,0
0,0,0,9,2.714892083333333,11,161450,12.0,14.5,2,266.0178571428572,3,19.6,37,0.0,0,2024,0.01016745513720769,0,0,0,0,0,0,0,0,1
0,0,0,9,2.714892083333333,11,161450,12.0,14.5,2,266.0178571428572,3,19.6,37,0.0,0,2024,0.01016745513720769,0,0,0,0,0,0,0,0,1
0,0,0,9,3.96222,11,137426,12.0,14.5,2,309.4791666666667,3,19.6,37,0.0,0,2024,0.012355507797346572,0,0,0,0,0,0,0,0,1
0,0,0,9,3.96222,11,137426,12.0,14.5,2,309.4791666666667,3,19.6,37,0.0,0,2024,0.012355507797346572,0,0,0,0,0,0,0,0,1
0,0,0,9,3.96222,11,137426,12.0,14.5,2,309.4791666666667,3,19.6,37,0.0,0,2024,0.012355507797346572,0,0,0,0,0,0,0,0,1
1,0,0,9,4.4723926785714285,12,182347,9.1,11.9,3,1794.9940476190477,3,17.9,37,3.8,1,2024,0.0024902046220590134,0,0,0,0,0,0,1,0,0
1,0,0,9,4.4723926785714285,12,182347,9.1,11.9,3,1794.9940476190477,3,17.9,37,3.8,1,2024,0.0024902046220590134,0,0,0,0,0,0,1,0,0
1,0,0,9,3.72333,12,182347,9.1,11.9,3,147.41071428571428,3,17.9,37,3.8,0,2024,0.02508801347611599,0,0,0,0,0,0,1,0,0
1,0,0,9,3.72333,12,182347,9.1,11.9,3,147.41071428571428,3,17.9,37,3.8,0,2024,0.02508801347611599,0,0,0,0,0,0,1,0,0
1,0,0,9,3.72333,12,182347,9.1,11.9,3,147.41071428571428,3,17.9,37,3.8,0,2024,0.02508801347611599,0,0,0,0,0,0,1,0,0
0,0,0,9,3.190629226190476,11,182347,12.0,14.5,2,420.2261904761905,3,19.6,37,0.0,1,2024,0.00757462213492355,0,0,0,0,0,0,0,0,1
0,0,0,9,3.190629226190476,11,182347,12.0,14.5,2,420.2261904761905,3,19.6,37,0.0,1,2024,0.00757462213492355,0,0,0,0,0,0,0,0,1
0,0,0,9,3.96222,11,138907,12.0,14.5,2,309.4791666666667,3,19.6,37,0.0,0,2024,0.012355507797346572,0,0,0,0,0,0,0,0,1
0,0,0,9,3.96222,11,138907,12.0,14.5,2,309.4791666666667,3,19.6,37,0.0,0,2024,0.012355507797346572,0,0,0,0,0,0,0,0,1
1,0,0,9,3.1013439880952385,12,138887,9.1,11.9,3,160.60714285714286,3,17.9,37,3.8,0,2024,0.019190636832412525,0,0,0,0,0,0,1,0,0
1,0,0,9,3.1013439880952385,12,138887,9.1,11.9,3,160.60714285714286,3,17.9,37,3.8,0,2024,0.019190636832412525,0,0,0,0,0,0,1,0,0
1,0,0,9,3.1013439880952385,12,138887,9.1,11.9,3,160.60714285714286,3,17.9,37,3.8,0,2024,0.019190636832412525,0,0,0,0,0,0,1,0,0
0,1,0,4,3.96222,21,161450,4.5,8.5,6,309.4791666666667,2,14.0,16,0.4,0,2024,0.012355507797346572,0,0,1,0,0,1,0,0,0
0,1,0,4,3.96222,21,161450,4.5,8.5,6,309.4791666666667,2,14.0,16,0.4,0,2024,0.012355507797346572,0,0,1,0,0,1,0,0,0
0,1,0,4,3.96222,21,161450,4.5,8.5,6,309.4791666666667,2,14.0,16,0.4,0,2024,0.012355507797346572,0,0,1,0,0,1,0,0,0
0,1,0,4,3.96222,21,161450,4.5,8.5,6,309.4791666666667,2,14.0,16,0.4,0,2024,0.012355507797346572,0,0,1,0,0,1,0,0,0
0,1,0,4,3.96222,21,161450,4.5,8.5,6,309.4791666666667,2,14.0,16,0.4,0,2024,0.012355507797346572,0,0,1,0,0,1,0,0,0
0,1,0,4,3.96222,21,161450,4.5,8.5,6,309.4791666666667,2,14.0,16,0.4,0,2024,0.012355507797346572,0,0,1,0,0,1,0,0,0
0,1,0,4,3.96222,21,161450,4.5,8.5,6,309.4791666666667,2,14.0,16,0.4,0,2024,0.012355507797346572,0,0,1,0,0,1,0,0,0
0,1,0,4,3.96222,21,161450,4.5,8.5,6,309.4791666666667,2,14.0,16,0.4,0,2024,0.012355507797346572,0,0,1,0,0,1,0,0,0
0,1,0,4,3.96222,21,161450,4.5,8.5,6,309.4791666666667,2,14.0,16,0.4,0,2024,0.012355507797346572,0,0,1,0,0,1,0,0,0
0,0,0,4,3.96222,22,41158,3.9,8.1,0,309.4791666666667,2,14.6,17,0.4,0,2024,0.012355507797346572,0,0,1,1,0,0,0,0,0
0,0,0,4,3.96222,22,41158,3.9,8.1,0,309.4791666666667,2,14.6,17,0.4,0,2024,0.012355507797346572,0,0,1,1,0,0,0,0,0
0,1,0,4,3.96222,6,41158,14.1,19.0,5,309.4791666666667,2,24.8,14,0.0,0,2024,0.012355507797346572,0,0,1,0,1,0,0,0,0
0,1,0,4,3.96222,6,41158,14.1,19.0,5,309.4791666666667,2,24.8,14,0.0,0,2024,0.012355507797346572,0,0,1,0,1,0,0,0,0
0,0,0,4,4.16,22,138887,3.9,8.1,0,167.5952380952381,2,14.6,17,0.4,0,2024,0.024674481005507697,0,0,1,1,0,0,0,0,0
0,0,0,4,4.16,22,138887,3.9,8.1,0,167.5952380952381,2,14.6,17,0.4,0,2024,0.024674481005507697,0,0,1,1,0,0,0,0,0
0,0,0,4,3.96222,22,32386,3.9,8.1,0,309.4791666666667,2,14.6,17,0.4,0,2024,0.012355507797346572,0,0,1,1,0,0,0,0,0
0,0,0,4,3.96222,22,32386,3.9,8.1,0,309.4791666666667,2,14.6,17,0.4,0,2024,0.012355507797346572,0,0,1,1,0,0,0,0,0
0,1,0,2,3.96222,3,160526,7.9,10.5,5,309.4791666666667,1,11.3,5,0.0,0,2024,0.012355507797346572,0,1,0,0,1,0,0,0,0
0,1,0,2,3.96222,3,160526,7.9,10.5,5,309.4791666666667,1,11.3,5,0.0,0,2024,0.012355507797346572,0,1,0,0,1,0,0,0,0
0,1,0,2,3.96222,3,160526,7.9,10.5,5,309.4791666666667,1,11.3,5,0.0,0,2024,0.012355507797346572,0,1,0,0,1,0,0,0,0
0,1,0,2,3.96222,3,160526,7.9,10.5,5,309.4791666666667,1,11.3,5,0.0,0,2024,0.012355507797346572,0,1,0,0,1,0,0,0,0
0,1,0,2,3.96222,3,183839,7.9,10.5,5,309.4791666666667,1,11.3,5,0.0,0,2024,0.012355507797346572,0,1,0,0,1,0,0,0,0
0,1,0,2,3.96222,3,55932,7.9,10.5,5,309.4791666666667,1,11.3,5,0.0,0,2024,0.012355507797346572,0,1,0,0,1,0,0,0,0
0,1,0,2,3.96222,3,55932,7.9,10.5,5,309.4791666666667,1,11.3,5,0.0,0,2024,0.012355507797346572,0,1,0,0,1,0,0,0,0
0,1,0,2,3.2038830208333335,3,231476,7.9,10.5,5,581.4600694444445,1,11.3,5,0.0,1,2024,0.005500605430152878,0,1,0,0,1,0,0,0,0
0,0,0,2,1.6370494444444443,2,138907,4.9,7.8,4,249.56076388888886,1,11.5,5,0.0,0,2024,0.006533542678575141,0,1,0,0,0,0,0,0,0
0,0,0,2,1.6370494444444443,2,138907,4.9,7.8,4,249.56076388888886,1,11.5,5,0.0,0,2024,0.006533542678575141,0,1,0,0,0,0,0,0,0
0,1,0,2,3.9681124826388885,3,84310,7.9,10.5,5,206.71354166666663,1,11.3,5,0.0,0,2024,0.019103773643255353,0,1,0,0,1,0,0,0,0
0,1,0,2,3.9681124826388885,3,84310,7.9,10.5,5,206.71354166666663,1,11.3,5,0.0,0,2024,0.019103773643255353,0,1,0,0,1,0,0,0,0
0,0,0,9,19.526190476190475,11,160526,12.0,14.5,2,4114.994047619048,3,19.6,37,0.0,1,2024,0.004743979279436923,0,0,0,0,0,0,0,0,1
0,0,0,9,19.526190476190475,11,160526,12.0,14.5,2,4114.994047619048,3,19.6,37,0.0,1,2024,0.004743979279436923,0,0,0,0,0,0,0,0,1
0,0,0,9,19.526190476190475,11,160526,12.0,14.5,2,4114.994047619048,3,19.6,37,0.0,1,2024,0.004743979279436923,0,0,0,0,0,0,0,0,1
0,0,0,9,19.526190476190475,11,160526,12.0,14.5,2,4114.994047619048,3,19.6,37,0.0,1,2024,0.004743979279436923,0,0,0,0,0,0,0,0,1
0,0,0,9,3.96222,11,161450,12.0,14.5,2,309.4791666666667,3,19.6,37,0.0,0,2024,0.012355507797346572,0,0,0,0,0,0,0,0,1
0,0,0,9,3.96222,11,161450,12.0,14.5,2,309.4791666666667,3,19.6,37,0.0,0,2024,0.012355507797346572,0,0,0,0,0,0,0,0,1
0,0,0,9,7.373512678571428,11,185914,12.0,14.5,2,293.10714285714283,3,19.6,37,0.0,0,2024,0.025070838494231938,0,0,0,0,0,0,0,0,1
0,0,0,9,7.373512678571428,11,185914,12.0,14.5,2,293.10714285714283,3,19.6,37,0.0,0,2024,0.025070838494231938,0,0,0,0,0,0,0,0,1
0,0,0,9,7.373512678571428,11,185914,12.0,14.5,2,293.10714285714283,3,19.6,37,0.0,0,2024,0.025070838494231938,0,0,0,0,0,0,0,0,1
0,0,0,9,3.72333,11,137426,12.0,14.5,2,205.5178571428572,3,19.6,37,0.0,0,2024,0.018029094682230865,0,0,0,0,0,0,0,0,1
0,0,0,9,3.72333,11,137426,12.0,14.5,2,205.5178571428572,3,19.6,37,0.0,0,2024,0.018029094682230865,0,0,0,0,0,0,0,0,1
1,0,0,9,16.683928571428574,10,231476,12.4,15.8,1,3745.940476190476,3,18.8,37,2.2,1,2024,0.004452680440867629,0,0,0,0,0,0,0,1,0
1,0,0,9,16.683928571428574,10,231476,12.4,15.8,1,3745.940476190476,3,18.8,37,2.2,1,2024,0.004452680440867629,0,0,0,0,0,0,0,1,0
0,0,0,9,11.452921071428571,9,160526,15.5,16.5,0,428.57142857142856,3,19.8,37,0.8,1,2024,0.026661272863318923,0,0,0,1,0,0,0,0,0
0,0,0,9,11.452921071428571,9,160526,15.5,16.5,0,428.57142857142856,3,19.8,37,0.8,1,2024,0.026661272863318923,0,0,0,1,0,0,0,0,0
0,0,0,9,3.96222,9,15207,15.5,16.5,0,309.4791666666667,3,19.8,37,0.8,0,2024,0.012355507797346572,0,0,0,1,0,0,0,0,0
0,0,0,9,3.96222,9,15207,15.5,16.5,0,309.4791666666667,3,19.8,37,0.8,0,2024,0.012355507797346572,0,0,0,1,0,0,0,0,0
0,0,0,9,3.96222,9,15207,15.5,16.5,0,309.4791666666667,3,19.8,37,0.8,0,2024,0.012355507797346572,0,0,0,1,0,0,0,0,0
0,0,0,9,3.96222,9,15207,15.5,16.5,0,309.4791666666667,3,19.8,37,0.8,0,2024,0.012355507797346572,0,0,0,1,0,0,0,0,0
0,0,0,9,3.96222,9,15207,15.5,16.5,0,309.4791666666667,3,19.8,37,0.8,0,2024,0.012355507797346572,0,0,0,1,0,0,0,0,0
0,0,0,9,3.96222,9,15207,15.5,16.5,0,309.4791666666667,3,19.8,37,0.8,0,2024,0.012355507797346572,0,0,0,1,0,0,0,0,0
0,0,0,9,3.72333,11,55932,12.0,14.5,2,165.3154761904762,3,19.6,37,0.0,0,2024,0.02238715292938692,0,0,0,0,0,0,0,0,1
0,0,0,9,3.72333,11,55932,12.0,14.5,2,165.3154761904762,3,19.6,37,0.0,0,2024,0.02238715292938692,0,0,0,0,0,0,0,0,1
1,0,0,9,7.373512678571428,10,185914,12.4,15.8,1,293.10714285714283,3,18.8,37,2.2,0,2024,0.025070838494231938,0,0,0,0,0,0,0,1,0
1,0,0,9,7.373512678571428,10,185914,12.4,15.8,1,293.10714285714283,3,18.8,37,2.2,0,2024,0.025070838494231938,0,0,0,0,0,0,0,1,0
0,0,0,9,3.96222,11,179566,12.0,14.5,2,309.4791666666667,3,19.6,37,0.0,0,2024,0.012355507797346572,0,0,0,0,0,0,0,0,1
0,0,0,9,3.96222,11,179566,12.0,14.5,2,309.4791666666667,3,19.6,37,0.0,0,2024,0.012355507797346572,0,0,0,0,0,0,0,0,1
0,0,0,9,3.72333,11,160526,12.0,14.5,2,63.785714285714285,3,19.6,37,0.0,0,2024,0.05747146637265711,0,0,0,0,0,0,0,0,1
0,0,0,9,3.72333,11,160526,12.0,14.5,2,63.785714285714285,3,19.6,37,0.0,0,2024,0.05747146637265711,0,0,0,0,0,0,0,0,1
0,0,0,9,3.96222,11,160526,12.0,14.5,2,309.4791666666667,3,19.6,37,0.0,0,2024,0.012355507797346572,0,0,0,0,0,0,0,0,1
0,0,0,9,3.96222,11,160526,12.0,14.5,2,309.4791666666667,3,19.6,37,0.0,0,2024,0.012355507797346572,0,0,0,0,0,0,0,0,1
0,0,0,9,3.72333,11,161450,12.0,14.5,2,318.1190476190476,3,19.6,37,0.0,1,2024,0.01166752667313288,0,0,0,0,0,0,0,0,1
0,0,0,9,3.72333,11,161450,12.0,14.5,2,318.1190476190476,3,19.6,37,0.0,1,2024,0.01166752667313288,0,0,0,0,0,0,0,0,1
0,0,0,9,3.96222,11,231476,12.0,14.5,2,309.4791666666667,3,19.6,37,0.0,0,2024,0.012355507797346572,0,0,0,0,0,0,0,0,1
0,0,0,9,3.96222,11,231476,12.0,14.5,2,309.4791666666667,3,19.6,37,0.0,0,2024,0.012355507797346572,0,0,0,0,0,0,0,0,1
0,0,0,9,3.72333,11,231476,12.0,14.5,2,388.2559523809524,3,19.6,37,0.0,1,2024,0.009565248719321047,0,0,0,0,0,0,0,0,1
0,0,0,9,3.72333,11,231476,12.0,14.5,2,388.2559523809524,3,19.6,37,0.0,1,2024,0.009565248719321047,0,0,0,0,0,0,0,0,1
0,0,0,9,6.140275595238095,11,231476,12.0,14.5,2,249.4642857142857,3,19.6,37,0.0,0,2024,0.024515573458814586,0,0,0,0,0,0,0,0,1
1,0,0,9,3.72333,10,231476,12.4,15.8,1,388.2559523809524,3,18.8,37,2.2,1,2024,0.009565248719321047,0,0,0,0,0,0,0,1,0
1,0,0,9,3.72333,10,231476,12.4,15.8,1,388.2559523809524,3,18.8,37,2.2,1,2024,0.009565248719321047,0,0,0,0,0,0,0,1,0
1,0,0,9,3.72333,10,231476,12.4,15.8,1,388.2559523809524,3,18.8,37,2.2,1,2024,0.009565248719321047,0,0,0,0,0,0,0,1,0
1,0,0,9,3.72333,10,231476,12.4,15.8,1,388.2559523809524,3,18.8,37,2.2,1,2024,0.009565248719321047,0,0,0,0,0,0,0,1,0
1,0,0,9,3.96222,10,137426,12.4,15.8,1,309.4791666666667,3,18.8,37,2.2,0,2024,0.012355507797346572,0,0,0,0,0,0,0,1,0
1,0,0,9,3.96222,10,137426,12.4,15.8,1,309.4791666666667,3,18.8,37,2.2,0,2024,0.012355507797346572,0,0,0,0,0,0,0,1,0
0,0,0,9,3.190629226190476,11,182347,12.0,14.5,2,420.2261904761905,3,19.6,37,0.0,1,2024,0.00757462213492355,0,0,0,0,0,0,0,0,1
0,0,0,9,3.190629226190476,11,182347,12.0,14.5,2,420.2261904761905,3,19.6,37,0.0,1,2024,0.00757462213492355,0,0,0,0,0,0,0,0,1
0,0,0,9,3.190629226190476,11,182347,12.0,14.5,2,420.2261904761905,3,19.6,37,0.0,1,2024,0.00757462213492355,0,0,0,0,0,0,0,0,1
1,0,0,9,3.96222,10,138907,12.4,15.8,1,309.4791666666667,3,18.8,37,2.2,0,2024,0.012355507797346572,0,0,0,0,0,0,0,1,0
1,0,0,9,3.96222,10,138907,12.4,15.8,1,309.4791666666667,3,18.8,37,2.2,0,2024,0.012355507797346572,0,0,0,0,0,0,0,1,0
0,0,0,9,4.592987440476191,11,48784,12.0,14.5,2,855.3630952380952,3,19.6,37,0.0,1,2024,0.005363364519111137,0,0,0,0,0,0,0,0,1
0,0,0,9,4.592987440476191,11,48784,12.0,14.5,2,855.3630952380952,3,19.6,37,0.0,1,2024,0.005363364519111137,0,0,0,0,0,0,0,0,1
0,0,0,9,4.592987440476191,11,48784,12.0,14.5,2,855.3630952380952,3,19.6,37,0.0,1,2024,0.005363364519111137,0,0,0,0,0,0,0,0,1
1,0,0,9,4.592987440476191,10,15207,12.4,15.8,1,855.3630952380952,3,18.8,37,2.2,1,2024,0.005363364519111137,0,0,0,0,0,0,0,1,0
1,0,0,9,4.592987440476191,10,15207,12.4,15.8,1,855.3630952380952,3,18.8,37,2.2,1,2024,0.005363364519111137,0,0,0,0,0,0,0,1,0
0,1,0,8,2.859725,4,137426,17.5,21.3,6,412.30208333333337,3,26.9,31,0.0,1,2024,0.006919212642084834,1,0,0,0,0,1,0,0,0
0,1,0,8,2.859725,4,137426,17.5,21.3,6,412.30208333333337,3,26.9,31,0.0,1,2024,0.006919212642084834,1,0,0,0,0,1,0,0,0
0,0,0,8,1.3283626736111112,2,185914,19.8,23.5,4,56.60243055555555,3,29.8,31,0.0,0,2024,0.023060878869164234,1,0,0,0,0,0,0,0,0
0,0,0,8,1.3283626736111112,2,185914,19.8,23.5,4,56.60243055555555,3,29.8,31,0.0,0,2024,0.023060878869164234,1,0,0,0,0,0,0,0,0
0,0,0,8,10.410416666666666,5,160526,14.6,23.1,0,3676.315476190476,3,31.1,32,0.0,1,2024,0.0028309827465364387,1,0,0,1,0,0,0,0,0
0,0,0,8,10.410416666666666,5,160526,14.6,23.1,0,3676.315476190476,3,31.1,32,0.0,1,2024,0.0028309827465364387,1,0,0,1,0,0,0,0,0
0,1,0,8,3.96222,4,161450,17.5,21.3,6,309.4791666666667,3,26.9,31,0.0,0,2024,0.012355507797346572,1,0,0,0,0,1,0,0,0
0,1,0,8,3.96222,4,161450,17.5,21.3,6,309.4791666666667,3,26.9,31,0.0,0,2024,0.012355507797346572,1,0,0,0,0,1,0,0,0
0,0,0,8,3.96222,5,84310,14.6,23.1,0,309.4791666666667,3,31.1,32,0.0,0,2024,0.012355507797346572,1,0,0,1,0,0,0,0,0
0,0,0,8,3.96222,5,84310,14.6,23.1,0,309.4791666666667,3,31.1,32,0.0,0,2024,0.012355507797346572,1,0,0,1,0,0,0,0,0
0,0,0,8,3.96222,5,35837,14.6,23.1,0,309.4791666666667,3,31.1,32,0.0,0,2024,0.012355507797346572,1,0,0,1,0,0,0,0,0
0,0,0,8,3.96222,5,35837,14.6,23.1,0,309.4791666666667,3,31.1,32,0.0,0,2024,0.012355507797346572,1,0,0,1,0,0,0,0,0
0,0,0,8,2.564541488095238,5,32386,14.6,23.1,0,314.1428571428572,3,31.1,32,0.0,1,2024,0.008137710977636747,1,0,0,1,0,0,0,0,0
0,0,0,8,2.564541488095238,5,32386,14.6,23.1,0,314.1428571428572,3,31.1,32,0.0,1,2024,0.008137710977636747,1,0,0,1,0,0,0,0,0
0,1,0,8,4.727129965277778,4,15207,17.5,21.3,6,535.7899305555555,3,26.9,31,0.0,1,2024,0.008806294038312889,1,0,0,0,0,1,0,0,0
0,1,0,8,4.727129965277778,4,15207,17.5,21.3,6,535.7899305555555,3,26.9,31,0.0,1,2024,0.008806294038312889,1,0,0,0,0,1,0,0,0
1,0,0,5,8.313523208333335,31,183839,12.6,14.3,4,457.1229166666667,2,18.0,22,4.0,1,2024,0.01814692718020546,0,0,1,0,0,0,0,0,0
1,0,0,5,8.313523208333335,31,183839,12.6,14.3,4,457.1229166666667,2,18.0,22,4.0,1,2024,0.01814692718020546,0,0,1,0,0,0,0,0,0
1,0,0,5,3.448927125,31,183839,12.6,14.3,4,316.60625,2,18.0,22,4.0,1,2024,0.010859128638054195,0,0,1,0,0,0,0,0,0
1,0,0,5,3.448927125,31,183839,12.6,14.3,4,316.60625,2,18.0,22,4.0,1,2024,0.010859128638054195,0,0,1,0,0,0,0,0,0
1,0,0,5,3.96222,31,183839,12.6,14.3,4,309.4791666666667,2,18.0,22,4.0,0,2024,0.012355507797346572,0,0,1,0,0,0,0,0,0
1,0,0,5,3.96222,31,183839,12.6,14.3,4,309.4791666666667,2,18.0,22,4.0,0,2024,0.012355507797346572,0,0,1,0,0,0,0,0,0
1,0,0,5,3.96222,31,35837,12.6,14.3,4,309.4791666666667,2,18.0,22,4.0,0,2024,0.012355507797346572,0,0,1,0,0,0,0,0,0
1,0,0,5,3.96222,31,15207,12.6,14.3,4,309.4791666666667,2,18.0,22,4.0,0,2024,0.012355507797346572,0,0,1,0,0,0,0,0,0
1,0,0,5,3.96222,31,15207,12.6,14.3,4,309.4791666666667,2,18.0,22,4.0,0,2024,0.012355507797346572,0,0,1,0,0,0,0,0,0
1,0,0,5,3.96222,30,27547,13.0,14.5,3,309.4791666666667,2,17.3,22,2.4,0,2024,0.012355507797346572,0,0,1,0,0,0,1,0,0
1,0,0,5,3.96222,30,15207,13.0,14.5,3,309.4791666666667,2,17.3,22,2.4,0,2024,0.012355507797346572,0,0,1,0,0,0,1,0,0
1,0,0,5,3.96222,30,15207,13.0,14.5,3,309.4791666666667,2,17.3,22,2.4,0,2024,0.012355507797346572,0,0,1,0,0,0,1,0,0
1,0,0,5,3.96222,30,32386,13.0,14.5,3,309.4791666666667,2,17.3,22,2.4,0,2024,0.012355507797346572,0,0,1,0,0,0,1,0,0
1,0,0,5,3.96222,30,32386,13.0,14.5,3,309.4791666666667,2,17.3,22,2.4,0,2024,0.012355507797346572,0,0,1,0,0,0,1,0,0
1,0,0,10,2.3600603571428573,16,138907,15.3,20.3,2,316.2738095238095,4,26.4,42,1.8,1,2024,0.00743856027916401,0,0,0,0,0,0,0,0,1
1,0,0,10,2.3600603571428573,16,138907,15.3,20.3,2,316.2738095238095,4,26.4,42,1.8,1,2024,0.00743856027916401,0,0,0,0,0,0,0,0,1
1,0,0,10,3.96222,16,161450,15.3,20.3,2,309.4791666666667,4,26.4,42,1.8,0,2024,0.012355507797346572,0,0,0,0,0,0,0,0,1
1,0,0,10,3.96222,16,161450,15.3,20.3,2,309.4791666666667,4,26.4,42,1.8,0,2024,0.012355507797346572,0,0,0,0,0,0,0,0,1
0,0,0,10,3.96222,15,41158,12.2,16.0,1,309.4791666666667,4,19.9,42,0.2,0,2024,0.012355507797346572,0,0,0,0,0,0,0,1,0
0,0,0,10,3.96222,15,41158,12.2,16.0,1,309.4791666666667,4,19.9,42,0.2,0,2024,0.012355507797346572,0,0,0,0,0,0,0,1,0
1,0,0,10,3.96222,16,179566,15.3,20.3,2,309.4791666666667,4,26.4,42,1.8,0,2024,0.012355507797346572,0,0,0,0,0,0,0,0,1
1,0,0,10,3.96222,16,179566,15.3,20.3,2,309.4791666666667,4,26.4,42,1.8,0,2024,0.012355507797346572,0,0,0,0,0,0,0,0,1
1,0,0,10,3.96222,16,179566,15.3,20.3,2,309.4791666666667,4,26.4,42,1.8,0,2024,0.012355507797346572,0,0,0,0,0,0,0,0,1
1,0,0,10,3.96222,16,179566,15.3,20.3,2,309.4791666666667,4,26.4,42,1.8,0,2024,0.012355507797346572,0,0,0,0,0,0,0,0,1
1,0,0,10,7.236281130952381,16,179566,15.3,20.3,2,416.3333333333333,4,26.4,42,1.8,1,2024,0.017339331783432225,0,0,0,0,0,0,0,0,1
1,0,0,10,7.236281130952381,16,179566,15.3,20.3,2,416.3333333333333,4,26.4,42,1.8,1,2024,0.017339331783432225,0,0,0,0,0,0,0,0,1
1,0,0,10,3.0057749404761904,16,179566,15.3,20.3,2,303.0238095238095,4,26.4,42,1.8,0,2024,0.00988664323752839,0,0,0,0,0,0,0,0,1
1,0,0,10,3.0057749404761904,16,179566,15.3,20.3,2,303.0238095238095,4,26.4,42,1.8,0,2024,0.00988664323752839,0,0,0,0,0,0,0,0,1
1,0,0,10,10.095110416666667,16,179566,15.3,20.3,2,423.2261904761905,4,26.4,42,1.8,1,2024,0.023796527992142557,0,0,0,0,0,0,0,0,1
1,0,0,10,10.095110416666667,16,179566,15.3,20.3,2,423.2261904761905,4,26.4,42,1.8,1,2024,0.023796527992142557,0,0,0,0,0,0,0,0,1
1,0,0,10,7.297312380952381,16,183839,15.3,20.3,2,429.2857142857143,4,26.4,42,1.8,1,2024,0.016959225320938468,0,0,0,0,0,0,0,0,1
1,0,0,10,7.297312380952381,16,183839,15.3,20.3,2,429.2857142857143,4,26.4,42,1.8,1,2024,0.016959225320938468,0,0,0,0,0,0,0,0,1
1,0,0,10,3.364475595238096,16,231476,15.3,20.3,2,535.3333333333334,4,26.4,42,1.8,1,2024,0.006273105522507326,0,0,0,0,0,0,0,0,1
1,0,0,10,3.364475595238096,16,231476,15.3,20.3,2,535.3333333333334,4,26.4,42,1.8,1,2024,0.006273105522507326,0,0,0,0,0,0,0,0,1
1,0,0,10,3.96222,16,137426,15.3,20.3,2,309.4791666666667,4,26.4,42,1.8,0,2024,0.012355507797346572,0,0,0,0,0,0,0,0,1
1,0,0,10,3.96222,16,137426,15.3,20.3,2,309.4791666666667,4,26.4,42,1.8,0,2024,0.012355507797346572,0,0,0,0,0,0,0,0,1
0,0,0,10,3.96222,15,138907,12.2,16.0,1,309.4791666666667,4,19.9,42,0.2,0,2024,0.012355507797346572,0,0,0,0,0,0,0,1,0
0,0,0,10,3.96222,15,138907,12.2,16.0,1,309.4791666666667,4,19.9,42,0.2,0,2024,0.012355507797346572,0,0,0,0,0,0,0,1,0
1,0,0,10,4.756529404761904,16,84310,15.3,20.3,2,377.3511904761905,4,26.4,42,1.8,1,2024,0.012571731038497236,0,0,0,0,0,0,0,0,1
1,0,0,10,4.756529404761904,16,84310,15.3,20.3,2,377.3511904761905,4,26.4,42,1.8,1,2024,0.012571731038497236,0,0,0,0,0,0,0,0,1
1,0,0,10,3.96222,16,84310,15.3,20.3,2,309.4791666666667,4,26.4,42,1.8,0,2024,0.012355507797346572,0,0,0,0,0,0,0,0,1
1,0,0,10,3.96222,16,84310,15.3,20.3,2,309.4791666666667,4,26.4,42,1.8,0,2024,0.012355507797346572,0,0,0,0,0,0,0,0,1
1,0,0,10,4.756529404761904,16,84310,15.3,20.3,2,377.3511904761905,4,26.4,42,1.8,1,2024,0.012571731038497236,0,0,0,0,0,0,0,0,1
1,0,0,10,4.756529404761904,16,84310,15.3,20.3,2,377.3511904761905,4,26.4,42,1.8,1,2024,0.012571731038497236,0,0,0,0,0,0,0,0,1
1,0,0,10,18.26096369047619,16,35837,15.3,20.3,2,548.452380952381,4,26.4,42,1.8,1,2024,0.03323484313385622,0,0,0,0,0,0,0,0,1
1,0,0,10,18.26096369047619,16,35837,15.3,20.3,2,548.452380952381,4,26.4,42,1.8,1,2024,0.03323484313385622,0,0,0,0,0,0,0,0,1
0,0,0,10,3.96222,15,161450,12.2,16.0,1,309.4791666666667,4,19.9,42,0.2,0,2024,0.012355507797346572,0,0,0,0,0,0,0,1,0
0,0,0,10,3.96222,15,161450,12.2,16.0,1,309.4791666666667,4,19.9,42,0.2,0,2024,0.012355507797346572,0,0,0,0,0,0,0,1,0
0,0,0,10,3.96222,15,161450,12.2,16.0,1,309.4791666666667,4,19.9,42,0.2,0,2024,0.012355507797346572,0,0,0,0,0,0,0,1,0
1,0,0,3,5.535157321428572,15,185914,13.4,14.4,4,285.61309523809524,1,18.3,11,2.2,0,2024,0.019312297356233517,0,0,1,0,0,0,0,0,0
1,0,0,3,5.535157321428572,15,185914,13.4,14.4,4,285.61309523809524,1,18.3,11,2.2,0,2024,0.019312297356233517,0,0,1,0,0,0,0,0,0
1,0,0,3,3.96222,15,185914,13.4,14.4,4,309.4791666666667,1,18.3,11,2.2,0,2024,0.012355507797346572,0,0,1,0,0,0,0,0,0
1,0,0,3,3.96222,15,185914,13.4,14.4,4,309.4791666666667,1,18.3,11,2.2,0,2024,0.012355507797346572,0,0,1,0,0,0,0,0,0
1,0,0,3,3.96222,15,179566,13.4,14.4,4,309.4791666666667,1,18.3,11,2.2,0,2024,0.012355507797346572,0,0,1,0,0,0,0,0,0
1,0,0,3,3.96222,15,179566,13.4,14.4,4,309.4791666666667,1,18.3,11,2.2,0,2024,0.012355507797346572,0,0,1,0,0,0,0,0,0
1,0,0,3,3.96222,15,183839,13.4,14.4,4,309.4791666666667,1,18.3,11,2.2,0,2024,0.012355507797346572,0,0,1,0,0,0,0,0,0
1,0,0,3,3.96222,15,183839,13.4,14.4,4,309.4791666666667,1,18.3,11,2.2,0,2024,0.012355507797346572,0,0,1,0,0,0,0,0,0
1,0,0,3,18.77113095238096,15,160526,13.4,14.4,4,4267.202380952381,1,18.3,11,2.2,1,2024,0.004397900867154403,0,0,1,0,0,0,0,0,0
1,0,0,3,3.96222,15,231476,13.4,14.4,4,309.4791666666667,1,18.3,11,2.2,0,2024,0.012355507797346572,0,0,1,0,0,0,0,0,0
1,0,0,3,3.96222,15,231476,13.4,14.4,4,309.4791666666667,1,18.3,11,2.2,0,2024,0.012355507797346572,0,0,1,0,0,0,0,0,0
1,0,0,3,3.96222,15,231476,13.4,14.4,4,309.4791666666667,1,18.3,11,2.2,0,2024,0.012355507797346572,0,0,1,0,0,0,0,0,0
1,0,0,3,3.96222,15,137426,13.4,14.4,4,309.4791666666667,1,18.3,11,2.2,0,2024,0.012355507797346572,0,0,1,0,0,0,0,0,0
1,0,0,3,3.96222,15,137426,13.4,14.4,4,309.4791666666667,1,18.3,11,2.2,0,2024,0.012355507797346572,0,0,1,0,0,0,0,0,0
0,0,0,3,3.96222,14,137426,7.3,13.6,3,309.4791666666667,1,19.7,11,0.0,0,2024,0.012355507797346572,0,0,1,0,0,0,1,0,0
0,0,0,3,3.96222,14,137426,7.3,13.6,3,309.4791666666667,1,19.7,11,0.0,0,2024,0.012355507797346572,0,0,1,0,0,0,1,0,0
1,0,0,3,3.96222,15,182347,13.4,14.4,4,309.4791666666667,1,18.3,11,2.2,0,2024,0.012355507797346572,0,0,1,0,0,0,0,0,0
1,0,0,3,3.96222,15,182347,13.4,14.4,4,309.4791666666667,1,18.3,11,2.2,0,2024,0.012355507797346572,0,0,1,0,0,0,0,0,0
0,0,0,3,3.96222,14,138907,7.3,13.6,3,309.4791666666667,1,19.7,11,0.0,0,2024,0.012355507797346572,0,0,1,0,0,0,1,0,0
0,0,0,3,3.96222,14,138907,7.3,13.6,3,309.4791666666667,1,19.7,11,0.0,0,2024,0.012355507797346572,0,0,1,0,0,0,1,0,0
1,0,0,3,3.96222,15,138887,13.4,14.4,4,309.4791666666667,1,18.3,11,2.2,0,2024,0.012355507797346572,0,0,1,0,0,0,0,0,0
1,0,0,3,3.96222,15,138887,13.4,14.4,4,309.4791666666667,1,18.3,11,2.2,0,2024,0.012355507797346572,0,0,1,0,0,0,0,0,0
1,0,0,3,3.96222,15,138887,13.4,14.4,4,309.4791666666667,1,18.3,11,2.2,0,2024,0.012355507797346572,0,0,1,0,0,0,0,0,0
1,0,0,3,3.96222,15,138887,13.4,14.4,4,309.4791666666667,1,18.3,11,2.2,0,2024,0.012355507797346572,0,0,1,0,0,0,0,0,0
1,0,0,3,2.42775875,15,57934,13.4,14.4,4,169.66071428571428,1,18.3,11,2.2,0,2024,0.014225645076906981,0,0,1,0,0,0,0,0,0
1,0,0,3,2.42775875,15,57934,13.4,14.4,4,169.66071428571428,1,18.3,11,2.2,0,2024,0.014225645076906981,0,0,1,0,0,0,0,0,0
1,0,0,3,2.42775875,15,57934,13.4,14.4,4,169.66071428571428,1,18.3,11,2.2,0,2024,0.014225645076906981,0,0,1,0,0,0,0,0,0
1,0,0,3,2.42775875,15,57934,13.4,14.4,4,169.66071428571428,1,18.3,11,2.2,0,2024,0.014225645076906981,0,0,1,0,0,0,0,0,0
1,0,0,3,3.96222,15,35837,13.4,14.4,4,309.4791666666667,1,18.3,11,2.2,0,2024,0.012355507797346572,0,0,1,0,0,0,0,0,0
1,0,0,3,13.255848035714283,15,15207,13.4,14.4,4,1122.440476190476,1,18.3,11,2.2,1,2024,0.011799332778772691,0,0,1,0,0,0,0,0,0
1,0,0,3,13.255848035714283,15,15207,13.4,14.4,4,1122.440476190476,1,18.3,11,2.2,1,2024,0.011799332778772691,0,0,1,0,0,0,0,0,0
1,0,0,3,3.96222,15,15207,13.4,14.4,4,309.4791666666667,1,18.3,11,2.2,0,2024,0.012355507797346572,0,0,1,0,0,0,0,0,0
1,0,0,3,3.96222,15,15207,13.4,14.4,4,309.4791666666667,1,18.3,11,2.2,0,2024,0.012355507797346572,0,0,1,0,0,0,0,0,0
1,0,0,7,1.3905234523809524,3,185914,13.8,17.8,2,76.4047619047619,3,22.2,27,1.2,0,2024,0.017964314057213167,1,0,0,0,0,0,0,0,1
1,0,0,7,1.3905234523809524,3,185914,13.8,17.8,2,76.4047619047619,3,22.2,27,1.2,0,2024,0.017964314057213167,1,0,0,0,0,0,0,0,1
1,0,0,7,1.3905234523809524,3,185914,13.8,17.8,2,76.4047619047619,3,22.2,27,1.2,0,2024,0.017964314057213167,1,0,0,0,0,0,0,0,1
1,0,0,7,4.0530550000000005,3,160526,13.8,17.8,2,247.1309523809524,3,22.2,27,1.2,0,2024,0.01633433862687713,1,0,0,0,0,0,0,0,1
1,0,0,7,4.0530550000000005,3,160526,13.8,17.8,2,88.61309523809524,3,22.2,27,1.2,0,2024,0.045228378611756895,1,0,0,0,0,0,0,0,1
1,0,0,7,4.0530550000000005,3,160526,13.8,17.8,2,88.61309523809524,3,22.2,27,1.2,0,2024,0.045228378611756895,1,0,0,0,0,0,0,0,1
1,0,0,7,3.96222,3,41158,13.8,17.8,2,309.4791666666667,3,22.2,27,1.2,0,2024,0.012355507797346572,1,0,0,0,0,0,0,0,1
1,0,0,7,3.96222,3,41158,13.8,17.8,2,309.4791666666667,3,22.2,27,1.2,0,2024,0.012355507797346572,1,0,0,0,0,0,0,0,1
1,0,0,7,3.96222,3,41158,13.8,17.8,2,309.4791666666667,3,22.2,27,1.2,0,2024,0.012355507797346572,1,0,0,0,0,0,0,0,1
1,0,0,7,3.96222,3,160526,13.8,17.8,2,309.4791666666667,3,22.2,27,1.2,0,2024,0.012355507797346572,1,0,0,0,0,0,0,0,1
1,0,0,7,3.96222,3,160526,13.8,17.8,2,309.4791666666667,3,22.2,27,1.2,0,2024,0.012355507797346572,1,0,0,0,0,0,0,0,1
0,0,0,7,3.96222,1,160526,15.6,18.4,0,309.4791666666667,3,21.3,27,0.0,0,2024,0.012355507797346572,1,0,0,1,0,0,0,0,0
0,0,0,7,3.96222,1,160526,15.6,18.4,0,309.4791666666667,3,21.3,27,0.0,0,2024,0.012355507797346572,1,0,0,1,0,0,0,0,0
0,0,0,7,3.96222,2,161450,15.3,17.8,1,309.4791666666667,3,23.5,27,0.2,0,2024,0.012355507797346572,1,0,0,0,0,0,0,1,0
0,0,0,7,3.96222,2,161450,15.3,17.8,1,309.4791666666667,3,23.5,27,0.2,0,2024,0.012355507797346572,1,0,0,0,0,0,0,1,0
0,0,0,7,3.96222,2,161450,15.3,17.8,1,309.4791666666667,3,23.5,27,0.2,0,2024,0.012355507797346572,1,0,0,0,0,0,0,1,0
1,0,0,7,1.035371369047619,3,182347,13.8,17.8,2,134.28571428571428,3,22.2,27,1.2,0,2024,0.007653220256951777,1,0,0,0,0,0,0,0,1
1,0,0,7,1.0738900595238097,3,182347,13.8,17.8,2,344.3511904761905,3,22.2,27,1.2,1,2024,0.0031095594546614045,1,0,0,0,0,0,0,0,1
1,0,0,7,1.0738900595238097,3,182347,13.8,17.8,2,344.3511904761905,3,22.2,27,1.2,1,2024,0.0031095594546614045,1,0,0,0,0,0,0,0,1
1,0,0,7,1.0738900595238097,3,182347,13.8,17.8,2,344.3511904761905,3,22.2,27,1.2,1,2024,0.0031095594546614045,1,0,0,0,0,0,0,0,1
1,0,0,7,4.0530550000000005,3,57934,13.8,17.8,2,481.0119047619048,3,22.2,27,1.2,1,2024,0.008408620119044679,1,0,0,0,0,0,0,0,1
1,0,0,7,4.0530550000000005,3,57934,13.8,17.8,2,481.0119047619048,3,22.2,27,1.2,1,2024,0.008408620119044679,1,0,0,0,0,0,0,0,1
0,1,0,4,3.96222,20,138907,4.9,8.2,5,309.4791666666667,2,12.3,16,0.0,0,2024,0.012355507797346572,0,0,1,0,1,0,0,0,0
0,1,0,4,3.96222,20,138907,4.9,8.2,5,309.4791666666667,2,12.3,16,0.0,0,2024,0.012355507797346572,0,0,1,0,1,0,0,0,0
0,1,0,4,3.96222,20,138907,4.9,8.2,5,309.4791666666667,2,12.3,16,0.0,0,2024,0.012355507797346572,0,0,1,0,1,0,0,0,0
0,1,0,4,3.96222,20,138907,4.9,8.2,5,309.4791666666667,2,12.3,16,0.0,0,2024,0.012355507797346572,0,0,1,0,1,0,0,0,0
0,1,0,4,3.96222,20,138907,4.9,8.2,5,309.4791666666667,2,12.3,16,0.0,0,2024,0.012355507797346572,0,0,1,0,1,0,0,0,0
0,1,0,4,3.96222,20,138907,4.9,8.2,5,309.4791666666667,2,12.3,16,0.0,0,2024,0.012355507797346572,0,0,1,0,1,0,0,0,0
0,1,0,4,3.96222,21,185914,4.5,8.5,6,309.4791666666667,2,14.0,16,0.4,0,2024,0.012355507797346572,0,0,1,0,0,1,0,0,0
0,1,0,4,3.96222,21,185914,4.5,8.5,6,309.4791666666667,2,14.0,16,0.4,0,2024,0.012355507797346572,0,0,1,0,0,1,0,0,0
0,1,0,4,3.96222,21,185914,4.5,8.5,6,309.4791666666667,2,14.0,16,0.4,0,2024,0.012355507797346572,0,0,1,0,0,1,0,0,0
0,1,0,4,3.830000000000001,21,179566,4.5,8.5,6,247.36309523809524,2,14.0,16,0.4,0,2024,0.01542097064110246,0,0,1,0,0,1,0,0,0
0,1,0,4,3.830000000000001,21,179566,4.5,8.5,6,247.36309523809524,2,14.0,16,0.4,0,2024,0.01542097064110246,0,0,1,0,0,1,0,0,0
0,1,0,4,3.96222,20,160526,4.9,8.2,5,309.4791666666667,2,12.3,16,0.0,0,2024,0.012355507797346572,0,0,1,0,1,0,0,0,0
0,1,0,4,3.96222,20,160526,4.9,8.2,5,309.4791666666667,2,12.3,16,0.0,0,2024,0.012355507797346572,0,0,1,0,1,0,0,0,0
0,1,0,4,3.830000000000001,21,182347,4.5,8.5,6,359.70238095238096,2,14.0,16,0.4,1,2024,0.01061817221690485,0,0,1,0,0,1,0,0,0
0,1,0,4,3.830000000000001,21,182347,4.5,8.5,6,359.70238095238096,2,14.0,16,0.4,1,2024,0.01061817221690485,0,0,1,0,0,1,0,0,0
0,1,0,4,2.9013074404761903,21,182347,4.5,8.5,6,419.42261904761904,2,14.0,16,0.4,1,2024,0.006900930894366496,0,0,1,0,0,1,0,0,0
0,1,0,4,2.9013074404761903,21,182347,4.5,8.5,6,419.42261904761904,2,14.0,16,0.4,1,2024,0.006900930894366496,0,0,1,0,0,1,0,0,0
0,1,0,4,2.9013074404761903,21,182347,4.5,8.5,6,419.42261904761904,2,14.0,16,0.4,1,2024,0.006900930894366496,0,0,1,0,0,1,0,0,0
0,1,0,4,3.96222,21,182347,4.5,8.5,6,309.4791666666667,2,14.0,16,0.4,0,2024,0.012355507797346572,0,0,1,0,0,1,0,0,0
0,1,0,4,3.96222,21,182347,4.5,8.5,6,309.4791666666667,2,14.0,16,0.4,0,2024,0.012355507797346572,0,0,1,0,0,1,0,0,0
0,1,0,4,3.143615773809524,21,138887,4.5,8.5,6,207.79761904761904,2,14.0,16,0.4,0,2024,0.015055802782370719,0,0,1,0,0,1,0,0,0
0,1,0,4,3.143615773809524,21,138887,4.5,8.5,6,207.79761904761904,2,14.0,16,0.4,0,2024,0.015055802782370719,0,0,1,0,0,1,0,0,0
0,1,0,4,3.830000000000001,21,161450,4.5,8.5,6,246.19642857142856,2,14.0,16,0.4,0,2024,0.01549375135447519,0,0,1,0,0,1,0,0,0
0,1,0,4,3.830000000000001,21,161450,4.5,8.5,6,246.19642857142856,2,14.0,16,0.4,0,2024,0.01549375135447519,0,0,1,0,0,1,0,0,0
0,0,0,2,3.96222,1,185914,8.8,10.3,3,309.4791666666667,1,12.6,5,0.0,0,2024,0.012355507797346572,0,1,0,0,0,0,1,0,0
0,0,0,2,5.802895729166666,2,179566,4.9,7.8,4,396.375,1,11.5,5,0.0,1,2024,0.014603071982803814,0,1,0,0,0,0,0,0,0
0,0,0,2,5.802895729166666,2,179566,4.9,7.8,4,396.375,1,11.5,5,0.0,1,2024,0.014603071982803814,0,1,0,0,0,0,0,0,0
0,0,0,2,3.96222,2,160526,4.9,7.8,4,309.4791666666667,1,11.5,5,0.0,0,2024,0.012355507797346572,0,1,0,0,0,0,0,0,0
0,0,0,2,3.96222,2,160526,4.9,7.8,4,309.4791666666667,1,11.5,5,0.0,0,2024,0.012355507797346572,0,1,0,0,0,0,0,0,0
0,0,0,2,3.96222,2,160526,4.9,7.8,4,309.4791666666667,1,11.5,5,0.0,0,2024,0.012355507797346572,0,1,0,0,0,0,0,0,0
0,0,0,2,3.96222,2,160526,4.9,7.8,4,309.4791666666667,1,11.5,5,0.0,0,2024,0.012355507797346572,0,1,0,0,0,0,0,0,0
0,0,0,1,10.047309027777779,31,161450,5.2,8.7,2,4330.871527777777,1,11.0,5,1.0,1,2024,0.0023193921988106567,0,1,0,0,0,0,0,0,1
0,0,0,1,10.047309027777779,31,161450,5.2,8.7,2,4330.871527777777,1,11.0,5,1.0,1,2024,0.0023193921988106567,0,1,0,0,0,0,0,0,1
0,0,0,2,3.96222,2,137426,4.9,7.8,4,309.4791666666667,1,11.5,5,0.0,0,2024,0.012355507797346572,0,1,0,0,0,0,0,0,0
0,0,0,2,3.96222,2,137426,4.9,7.8,4,309.4791666666667,1,11.5,5,0.0,0,2024,0.012355507797346572,0,1,0,0,0,0,0,0,0
0,0,0,1,1.1614045138888889,31,137426,5.2,8.7,2,455.03819444444446,1,11.0,5,1.0,1,2024,0.00254672641028179,0,1,0,0,0,0,0,0,1
0,0,0,1,1.1614045138888889,31,137426,5.2,8.7,2,455.03819444444446,1,11.0,5,1.0,1,2024,0.00254672641028179,0,1,0,0,0,0,0,0,1
0,0,0,1,1.1614045138888889,31,137426,5.2,8.7,2,455.03819444444446,1,11.0,5,1.0,1,2024,0.00254672641028179,0,1,0,0,0,0,0,0,1
0,0,0,1,1.1614045138888889,31,137426,5.2,8.7,2,455.03819444444446,1,11.0,5,1.0,1,2024,0.00254672641028179,0,1,0,0,0,0,0,0,1
0,0,0,1,1.1614045138888889,31,137426,5.2,8.7,2,455.03819444444446,1,11.0,5,1.0,1,2024,0.00254672641028179,0,1,0,0,0,0,0,0,1
0,0,0,2,3.96222,2,84310,4.9,7.8,4,309.4791666666667,1,11.5,5,0.0,0,2024,0.012355507797346572,0,1,0,0,0,0,0,0,0
0,0,0,2,3.96222,2,84310,4.9,7.8,4,309.4791666666667,1,11.5,5,0.0,0,2024,0.012355507797346572,0,1,0,0,0,0,0,0,0
0,0,0,2,4.7625359722222225,2,48784,4.9,7.8,4,558.2378472222222,1,11.5,5,0.0,1,2024,0.008516118849749009,0,1,0,0,0,0,0,0,0
0,0,0,2,4.7625359722222225,2,48784,4.9,7.8,4,558.2378472222222,1,11.5,5,0.0,1,2024,0.008516118849749009,0,1,0,0,0,0,0,0,0
0,1,0,4,3.830000000000001,20,179566,4.9,8.2,5,247.36309523809524,2,12.3,16,0.0,0,2024,0.01542097064110246,0,0,1,0,1,0,0,0,0
0,1,0,4,3.830000000000001,20,179566,4.9,8.2,5,247.36309523809524,2,12.3,16,0.0,0,2024,0.01542097064110246,0,0,1,0,1,0,0,0,0
1,0,0,4,3.96222,19,185914,8.8,9.9,4,309.4791666666667,2,12.2,16,3.8,0,2024,0.012355507797346572,0,0,1,0,0,0,0,0,0
1,0,0,4,3.96222,19,185914,8.8,9.9,4,309.4791666666667,2,12.2,16,3.8,0,2024,0.012355507797346572,0,0,1,0,0,0,0,0,0
0,1,0,4,8.083274226190477,20,183839,4.9,8.2,5,464.4821428571428,2,12.3,16,0.0,1,2024,0.01736537985447757,0,0,1,0,1,0,0,0,0
0,1,0,4,8.083274226190477,20,183839,4.9,8.2,5,464.4821428571428,2,12.3,16,0.0,1,2024,0.01736537985447757,0,0,1,0,1,0,0,0,0
0,1,0,4,3.143615773809524,20,138887,4.9,8.2,5,207.79761904761904,2,12.3,16,0.0,0,2024,0.015055802782370719,0,0,1,0,1,0,0,0,0
0,1,0,4,3.143615773809524,20,138887,4.9,8.2,5,207.79761904761904,2,12.3,16,0.0,0,2024,0.015055802782370719,0,0,1,0,1,0,0,0,0
0,1,0,4,3.143615773809524,20,138887,4.9,8.2,5,207.79761904761904,2,12.3,16,0.0,0,2024,0.015055802782370719,0,0,1,0,1,0,0,0,0
0,1,0,4,2.9012906547619046,20,138887,4.9,8.2,5,176.02380952380952,2,12.3,16,0.0,0,2024,0.01638926798924008,0,0,1,0,1,0,0,0,0
1,0,0,4,3.96222,19,35837,8.8,9.9,4,309.4791666666667,2,12.2,16,3.8,0,2024,0.012355507797346572,0,0,1,0,0,0,0,0,0
1,0,0,4,3.96222,19,35837,8.8,9.9,4,309.4791666666667,2,12.2,16,3.8,0,2024,0.012355507797346572,0,0,1,0,0,0,0,0,0
1,0,0,9,3.96222,10,138907,12.4,15.8,1,309.4791666666667,3,18.8,37,2.2,0,2024,0.012355507797346572,0,0,0,0,0,0,0,1,0
1,0,0,9,3.96222,10,138907,12.4,15.8,1,309.4791666666667,3,18.8,37,2.2,0,2024,0.012355507797346572,0,0,0,0,0,0,0,1,0
1,0,0,9,3.96222,10,183839,12.4,15.8,1,309.4791666666667,3,18.8,37,2.2,0,2024,0.012355507797346572,0,0,0,0,0,0,0,1,0
1,0,0,9,3.96222,10,183839,12.4,15.8,1,309.4791666666667,3,18.8,37,2.2,0,2024,0.012355507797346572,0,0,0,0,0,0,0,1,0
1,0,0,9,3.96222,10,183839,12.4,15.8,1,309.4791666666667,3,18.8,37,2.2,0,2024,0.012355507797346572,0,0,0,0,0,0,0,1,0
1,0,0,9,3.96222,10,41158,12.4,15.8,1,309.4791666666667,3,18.8,37,2.2,0,2024,0.012355507797346572,0,0,0,0,0,0,0,1,0
1,0,0,9,3.96222,10,41158,12.4,15.8,1,309.4791666666667,3,18.8,37,2.2,0,2024,0.012355507797346572,0,0,0,0,0,0,0,1,0
1,0,0,9,3.96222,10,41158,12.4,15.8,1,309.4791666666667,3,18.8,37,2.2,0,2024,0.012355507797346572,0,0,0,0,0,0,0,1,0
1,0,0,9,8.217299404761905,10,183839,12.4,15.8,1,459.5535714285714,3,18.8,37,2.2,1,2024,0.01784222273919843,0,0,0,0,0,0,0,1,0
1,0,0,9,8.217299404761905,10,183839,12.4,15.8,1,459.5535714285714,3,18.8,37,2.2,1,2024,0.01784222273919843,0,0,0,0,0,0,0,1,0
1,0,0,9,3.72333,10,160526,12.4,15.8,1,63.785714285714285,3,18.8,37,2.2,0,2024,0.05747146637265711,0,0,0,0,0,0,0,1,0
1,0,0,9,3.72333,10,160526,12.4,15.8,1,63.785714285714285,3,18.8,37,2.2,0,2024,0.05747146637265711,0,0,0,0,0,0,0,1,0
1,0,0,9,3.96222,10,161450,12.4,15.8,1,309.4791666666667,3,18.8,37,2.2,0,2024,0.012355507797346572,0,0,0,0,0,0,0,1,0
1,0,0,9,3.96222,10,161450,12.4,15.8,1,309.4791666666667,3,18.8,37,2.2,0,2024,0.012355507797346572,0,0,0,0,0,0,0,1,0
1,0,0,9,3.96222,10,161450,12.4,15.8,1,309.4791666666667,3,18.8,37,2.2,0,2024,0.012355507797346572,0,0,0,0,0,0,0,1,0
1,0,0,9,14.84970238095238,10,137426,12.4,15.8,1,1368.7440476190477,3,18.8,37,2.2,1,2024,0.010841224246796193,0,0,0,0,0,0,0,1,0
0,0,0,9,0.2921177976190476,9,137426,15.5,16.5,0,508.1785714285714,3,19.8,37,0.8,1,2024,0.0005737040284304786,0,0,0,1,0,0,0,0,0
0,0,0,9,0.2921177976190476,9,137426,15.5,16.5,0,508.1785714285714,3,19.8,37,0.8,1,2024,0.0005737040284304786,0,0,0,1,0,0,0,0,0
0,0,0,9,3.72333,9,137426,15.5,16.5,0,147.41071428571428,3,19.8,37,0.8,0,2024,0.02508801347611599,0,0,0,1,0,0,0,0,0
0,0,0,9,3.72333,9,137426,15.5,16.5,0,147.41071428571428,3,19.8,37,0.8,0,2024,0.02508801347611599,0,0,0,1,0,0,0,0,0
1,0,0,9,3.72333,10,138887,12.4,15.8,1,167.80357142857142,3,18.8,37,2.2,0,2024,0.02205717549984132,0,0,0,0,0,0,0,1,0
1,0,0,9,3.72333,10,138887,12.4,15.8,1,167.80357142857142,3,18.8,37,2.2,0,2024,0.02205717549984132,0,0,0,0,0,0,0,1,0
0,0,0,9,3.96222,9,84310,15.5,16.5,0,309.4791666666667,3,19.8,37,0.8,0,2024,0.012355507797346572,0,0,0,1,0,0,0,0,0
0,0,0,9,3.96222,9,84310,15.5,16.5,0,309.4791666666667,3,19.8,37,0.8,0,2024,0.012355507797346572,0,0,0,1,0,0,0,0,0
0,0,0,9,3.96222,9,84310,15.5,16.5,0,309.4791666666667,3,19.8,37,0.8,0,2024,0.012355507797346572,0,0,0,1,0,0,0,0,0
1,0,0,9,10.144512261904762,10,137426,12.4,15.8,1,308.3452380952381,3,18.8,37,2.2,0,2024,0.03279349740234751,0,0,0,0,0,0,0,1,0
1,0,0,9,10.144512261904762,10,137426,12.4,15.8,1,308.3452380952381,3,18.8,37,2.2,0,2024,0.03279349740234751,0,0,0,0,0,0,0,1,0
1,0,0,9,3.96222,10,27547,12.4,15.8,1,309.4791666666667,3,18.8,37,2.2,0,2024,0.012355507797346572,0,0,0,0,0,0,0,1,0
1,0,0,9,3.96222,10,27547,12.4,15.8,1,309.4791666666667,3,18.8,37,2.2,0,2024,0.012355507797346572,0,0,0,0,0,0,0,1,0
0,1,0,8,0.7412222222222222,3,161450,16.8,21.2,5,183.06770833333331,3,26.4,31,0.6,0,2024,0.004026899823623176,1,0,0,0,1,0,0,0,0
0,1,0,8,0.7412222222222222,3,161450,16.8,21.2,5,183.06770833333331,3,26.4,31,0.6,0,2024,0.004026899823623176,1,0,0,0,1,0,0,0,0
1,0,0,7,3.96222,30,161450,19.4,28.3,1,309.4791666666667,3,37.5,31,4.6,0,2024,0.012355507797346572,1,0,0,0,0,0,0,1,0
1,0,0,7,3.96222,30,161450,19.4,28.3,1,309.4791666666667,3,37.5,31,4.6,0,2024,0.012355507797346572,1,0,0,0,0,0,0,1,0
0,1,0,8,1.7866002777777776,3,182347,16.8,21.2,5,99.953125,3,26.4,31,0.6,0,2024,0.01769732514746599,1,0,0,0,1,0,0,0,0
0,1,0,8,1.7866002777777776,3,182347,16.8,21.2,5,99.953125,3,26.4,31,0.6,0,2024,0.01769732514746599,1,0,0,0,1,0,0,0,0
0,1,0,8,3.96222,4,138887,17.5,21.3,6,309.4791666666667,3,26.9,31,0.0,0,2024,0.012355507797346572,1,0,0,0,0,1,0,0,0
0,1,0,8,3.96222,4,138887,17.5,21.3,6,309.4791666666667,3,26.9,31,0.0,0,2024,0.012355507797346572,1,0,0,0,0,1,0,0,0
0,0,0,2,13.903645833333332,1,231476,8.8,10.3,3,3599.1371527777783,1,12.6,5,0.0,1,2024,0.0038619767090277706,0,1,0,0,0,0,1,0,0
0,0,0,2,13.903645833333332,1,231476,8.8,10.3,3,3599.1371527777783,1,12.6,5,0.0,1,2024,0.0038619767090277706,0,1,0,0,0,0,1,0,0
0,0,0,2,3.96222,1,185914,8.8,10.3,3,309.4791666666667,1,12.6,5,0.0,0,2024,0.012355507797346572,0,1,0,0,0,0,1,0,0
0,0,0,2,1.2335994444444442,1,182347,8.8,10.3,3,156.8125,1,12.6,5,0.0,0,2024,0.007816867766776677,0,1,0,0,0,0,1,0,0
0,0,0,2,1.2335994444444442,1,182347,8.8,10.3,3,156.8125,1,12.6,5,0.0,0,2024,0.007816867766776677,0,1,0,0,0,0,1,0,0
0,0,0,1,3.96222,31,183839,5.2,8.7,2,309.4791666666667,1,11.0,5,1.0,0,2024,0.012355507797346572,0,1,0,0,0,0,0,0,1
0,0,0,1,3.96222,31,183839,5.2,8.7,2,309.4791666666667,1,11.0,5,1.0,0,2024,0.012355507797346572,0,1,0,0,0,0,0,0,1
0,0,0,1,3.96222,31,183839,5.2,8.7,2,309.4791666666667,1,11.0,5,1.0,0,2024,0.012355507797346572,0,1,0,0,0,0,0,0,1
0,0,0,2,3.96222,1,41158,8.8,10.3,3,309.4791666666667,1,12.6,5,0.0,0,2024,0.012355507797346572,0,1,0,0,0,0,1,0,0
0,0,0,2,3.96222,1,41158,8.8,10.3,3,309.4791666666667,1,12.6,5,0.0,0,2024,0.012355507797346572,0,1,0,0,0,0,1,0,0
0,0,0,1,3.96222,31,41158,5.2,8.7,2,309.4791666666667,1,11.0,5,1.0,0,2024,0.012355507797346572,0,1,0,0,0,0,0,0,1
0,0,0,1,3.96222,31,41158,5.2,8.7,2,309.4791666666667,1,11.0,5,1.0,0,2024,0.012355507797346572,0,1,0,0,0,0,0,0,1
0,0,0,2,3.4961493923611116,1,185914,8.8,10.3,3,214.5121527777778,1,12.6,5,0.0,0,2024,0.016222516212188343,0,1,0,0,0,0,1,0,0
0,0,0,2,3.4961493923611116,1,185914,8.8,10.3,3,214.5121527777778,1,12.6,5,0.0,0,2024,0.016222516212188343,0,1,0,0,0,0,1,0,0
0,0,0,2,3.4961493923611116,1,185914,8.8,10.3,3,214.5121527777778,1,12.6,5,0.0,0,2024,0.016222516212188343,0,1,0,0,0,0,1,0,0
0,0,0,1,3.7137368229166667,31,183839,5.2,8.7,2,169.48784722222223,1,11.0,5,1.0,0,2024,0.021783000274946285,0,1,0,0,0,0,0,0,1
0,0,0,1,3.7137368229166667,31,183839,5.2,8.7,2,169.48784722222223,1,11.0,5,1.0,0,2024,0.021783000274946285,0,1,0,0,0,0,0,0,1
0,0,0,2,3.8136125,1,160526,8.8,10.3,3,208.76215277777777,1,12.6,5,0.0,0,2024,0.018180651034985063,0,1,0,0,0,0,1,0,0
0,0,0,2,3.8136125,1,160526,8.8,10.3,3,208.76215277777777,1,12.6,5,0.0,0,2024,0.018180651034985063,0,1,0,0,0,0,1,0,0
0,0,0,2,3.96222,1,161450,8.8,10.3,3,309.4791666666667,1,12.6,5,0.0,0,2024,0.012355507797346572,0,1,0,0,0,0,1,0,0
0,0,0,2,3.96222,1,161450,8.8,10.3,3,309.4791666666667,1,12.6,5,0.0,0,2024,0.012355507797346572,0,1,0,0,0,0,1,0,0
0,0,0,2,3.8136125,1,231476,8.8,10.3,3,228.59895833333331,1,12.6,5,0.0,0,2024,0.016609885897057825,0,1,0,0,0,0,1,0,0
0,0,0,2,3.8136125,1,231476,8.8,10.3,3,228.59895833333331,1,12.6,5,0.0,0,2024,0.016609885897057825,0,1,0,0,0,0,1,0,0
0,0,0,2,3.8136125,1,231476,8.8,10.3,3,411.95659722222223,1,12.6,5,0.0,1,2024,0.00923489908056318,0,1,0,0,0,0,1,0,0
0,0,0,2,3.8136125,1,231476,8.8,10.3,3,411.95659722222223,1,12.6,5,0.0,1,2024,0.00923489908056318,0,1,0,0,0,0,1,0,0
0,0,0,2,1.9993956597222222,1,182347,8.8,10.3,3,182.28993055555554,1,12.6,5,0.0,0,2024,0.010908376983187308,0,1,0,0,0,0,1,0,0
0,0,0,2,1.9993956597222222,1,182347,8.8,10.3,3,182.28993055555554,1,12.6,5,0.0,0,2024,0.010908376983187308,0,1,0,0,0,0,1,0,0
0,0,0,2,3.9681124826388885,1,84310,8.8,10.3,3,206.71354166666663,1,12.6,5,0.0,0,2024,0.019103773643255353,0,1,0,0,0,0,1,0,0
0,0,0,2,3.9681124826388885,1,84310,8.8,10.3,3,206.71354166666663,1,12.6,5,0.0,0,2024,0.019103773643255353,0,1,0,0,0,0,1,0,0
0,1,0,8,2.859725,3,185914,16.8,21.2,5,187.3003472222222,3,26.4,31,0.6,0,2024,0.01518704050303796,1,0,0,0,1,0,0,0,0
0,1,0,8,2.859725,3,185914,16.8,21.2,5,187.3003472222222,3,26.4,31,0.6,0,2024,0.01518704050303796,1,0,0,0,1,0,0,0,0
0,0,0,8,3.96222,2,138907,19.8,23.5,4,309.4791666666667,3,29.8,31,0.0,0,2024,0.012355507797346572,1,0,0,0,0,0,0,0,0
0,0,0,8,3.96222,2,138907,19.8,23.5,4,309.4791666666667,3,29.8,31,0.0,0,2024,0.012355507797346572,1,0,0,0,0,0,0,0,0
0,1,0,8,3.96222,3,179566,16.8,21.2,5,309.4791666666667,3,26.4,31,0.6,0,2024,0.012355507797346572,1,0,0,0,1,0,0,0,0
0,1,0,8,3.96222,3,179566,16.8,21.2,5,309.4791666666667,3,26.4,31,0.6,0,2024,0.012355507797346572,1,0,0,0,1,0,0,0,0
0,1,0,8,3.96222,3,183839,16.8,21.2,5,309.4791666666667,3,26.4,31,0.6,0,2024,0.012355507797346572,1,0,0,0,1,0,0,0,0
0,1,0,8,3.96222,3,183839,16.8,21.2,5,309.4791666666667,3,26.4,31,0.6,0,2024,0.012355507797346572,1,0,0,0,1,0,0,0,0
0,1,0,8,3.2229201909722223,3,231476,16.8,21.2,5,592.4913194444445,3,26.4,31,0.6,1,2024,0.0054304420054351165,1,0,0,0,1,0,0,0,0
0,1,0,8,3.2229201909722223,3,231476,16.8,21.2,5,592.4913194444445,3,26.4,31,0.6,1,2024,0.0054304420054351165,1,0,0,0,1,0,0,0,0
0,1,0,8,3.96222,3,182347,16.8,21.2,5,309.4791666666667,3,26.4,31,0.6,0,2024,0.012355507797346572,1,0,0,0,1,0,0,0,0
0,1,0,8,3.96222,3,182347,16.8,21.2,5,309.4791666666667,3,26.4,31,0.6,0,2024,0.012355507797346572,1,0,0,0,1,0,0,0,0
0,1,0,8,3.4007761805555554,3,138907,16.8,21.2,5,1447.435763888889,3,26.4,31,0.6,1,2024,0.0023478957543998013,1,0,0,0,1,0,0,0,0
0,1,0,8,3.4007761805555554,3,138907,16.8,21.2,5,1447.435763888889,3,26.4,31,0.6,1,2024,0.0023478957543998013,1,0,0,0,1,0,0,0,0
0,1,0,8,3.4007761805555554,3,138907,16.8,21.2,5,1447.435763888889,3,26.4,31,0.6,1,2024,0.0023478957543998013,1,0,0,0,1,0,0,0,0
0,1,0,8,3.4007761805555554,3,138907,16.8,21.2,5,1447.435763888889,3,26.4,31,0.6,1,2024,0.0023478957543998013,1,0,0,0,1,0,0,0,0
0,1,0,8,3.4007761805555554,3,138907,16.8,21.2,5,1447.435763888889,3,26.4,31,0.6,1,2024,0.0023478957543998013,1,0,0,0,1,0,0,0,0
0,1,0,8,3.4007761805555554,3,138907,16.8,21.2,5,1447.435763888889,3,26.4,31,0.6,1,2024,0.0023478957543998013,1,0,0,0,1,0,0,0,0
0,1,0,8,1.7394888541666664,3,48784,16.8,21.2,5,176.75694444444446,3,26.4,31,0.6,0,2024,0.00978577157479392,1,0,0,0,1,0,0,0,0
0,1,0,8,1.7394888541666664,3,48784,16.8,21.2,5,176.75694444444446,3,26.4,31,0.6,0,2024,0.00978577157479392,1,0,0,0,1,0,0,0,0
0,1,0,8,1.7394888541666664,3,48784,16.8,21.2,5,176.75694444444446,3,26.4,31,0.6,0,2024,0.00978577157479392,1,0,0,0,1,0,0,0,0
0,1,0,8,2.859725,3,48784,16.8,21.2,5,204.6753472222222,3,26.4,31,0.6,0,2024,0.013904072795414836,1,0,0,0,1,0,0,0,0
1,0,0,5,13.835104166666666,30,161450,13.0,14.5,3,4010.464583333333,2,17.3,22,2.4,1,2024,0.0034488910170485322,0,0,1,0,0,0,1,0,0
1,0,0,5,13.835104166666666,30,161450,13.0,14.5,3,4010.464583333333,2,17.3,22,2.4,1,2024,0.0034488910170485322,0,0,1,0,0,0,1,0,0
1,0,0,5,3.96222,30,137426,13.0,14.5,3,309.4791666666667,2,17.3,22,2.4,0,2024,0.012355507797346572,0,0,1,0,0,0,1,0,0
1,0,0,5,3.96222,30,137426,13.0,14.5,3,309.4791666666667,2,17.3,22,2.4,0,2024,0.012355507797346572,0,0,1,0,0,0,1,0,0
1,0,0,5,1.3938587291666669,29,185914,14.0,15.5,2,85.02916666666667,2,16.6,22,13.7,0,2024,0.016202164721267013,0,0,1,0,0,0,0,0,1
1,0,0,5,1.3938587291666669,29,185914,14.0,15.5,2,85.02916666666667,2,16.6,22,13.7,0,2024,0.016202164721267013,0,0,1,0,0,0,0,0,1
1,0,0,5,1.3938587291666669,29,185914,14.0,15.5,2,85.02916666666667,2,16.6,22,13.7,0,2024,0.016202164721267013,0,0,1,0,0,0,0,0,1
1,0,0,5,3.96222,29,183839,14.0,15.5,2,309.4791666666667,2,16.6,22,13.7,0,2024,0.012355507797346572,0,0,1,0,0,0,0,0,1
1,0,0,5,3.96222,29,183839,14.0,15.5,2,309.4791666666667,2,16.6,22,13.7,0,2024,0.012355507797346572,0,0,1,0,0,0,0,0,1
1,0,0,5,3.96222,29,183839,14.0,15.5,2,309.4791666666667,2,16.6,22,13.7,0,2024,0.012355507797346572,0,0,1,0,0,0,0,0,1
1,0,0,5,3.96222,29,183839,14.0,15.5,2,309.4791666666667,2,16.6,22,13.7,0,2024,0.012355507797346572,0,0,1,0,0,0,0,0,1
1,0,0,5,3.96222,27,55932,13.6,15.0,0,309.4791666666667,2,19.0,22,7.1,0,2024,0.012355507797346572,0,0,1,1,0,0,0,0,0
1,0,0,5,3.96222,27,55932,13.6,15.0,0,309.4791666666667,2,19.0,22,7.1,0,2024,0.012355507797346572,0,0,1,1,0,0,0,0,0
1,0,0,5,18.452499999999997,30,160526,13.0,14.5,3,4443.222916666667,2,17.3,22,2.4,1,2024,0.004152019452219571,0,0,1,0,0,0,1,0,0
1,0,0,5,4.2647200000000005,30,161450,13.0,14.5,3,299.32916666666665,2,17.3,22,2.4,0,2024,0.014200152610330334,0,0,1,0,0,0,1,0,0
1,0,0,5,4.2647200000000005,30,161450,13.0,14.5,3,299.32916666666665,2,17.3,22,2.4,0,2024,0.014200152610330334,0,0,1,0,0,0,1,0,0
1,0,0,5,4.2647200000000005,30,161450,13.0,14.5,3,299.32916666666665,2,17.3,22,2.4,0,2024,0.014200152610330334,0,0,1,0,0,0,1,0,0
1,0,0,5,3.96222,29,161450,14.0,15.5,2,309.4791666666667,2,16.6,22,13.7,0,2024,0.012355507797346572,0,0,1,0,0,0,0,0,1
1,0,0,5,3.96222,29,161450,14.0,15.5,2,309.4791666666667,2,16.6,22,13.7,0,2024,0.012355507797346572,0,0,1,0,0,0,0,0,1
1,0,0,5,3.96222,30,161450,13.0,14.5,3,309.4791666666667,2,17.3,22,2.4,0,2024,0.012355507797346572,0,0,1,0,0,0,1,0,0
1,0,0,5,3.96222,30,161450,13.0,14.5,3,309.4791666666667,2,17.3,22,2.4,0,2024,0.012355507797346572,0,0,1,0,0,0,1,0,0
1,0,0,5,4.2647200000000005,30,231476,13.0,14.5,3,233.07083333333333,2,17.3,22,2.4,0,2024,0.01821978389732453,0,0,1,0,0,0,1,0,0
1,0,0,5,4.2647200000000005,30,231476,13.0,14.5,3,233.07083333333333,2,17.3,22,2.4,0,2024,0.01821978389732453,0,0,1,0,0,0,1,0,0
1,0,0,5,4.2647200000000005,30,231476,13.0,14.5,3,233.07083333333333,2,17.3,22,2.4,0,2024,0.01821978389732453,0,0,1,0,0,0,1,0,0
1,0,0,5,14.627187500000002,29,137426,14.0,15.5,2,1547.2583333333334,2,16.6,22,13.7,1,2024,0.009447510912799866,0,0,1,0,0,0,0,0,1
1,0,0,5,14.627187500000002,29,137426,14.0,15.5,2,1547.2583333333334,2,16.6,22,13.7,1,2024,0.009447510912799866,0,0,1,0,0,0,0,0,1
1,0,0,5,3.96222,29,138907,14.0,15.5,2,309.4791666666667,2,16.6,22,13.7,0,2024,0.012355507797346572,0,0,1,0,0,0,0,0,1
1,0,0,5,3.96222,29,138907,14.0,15.5,2,309.4791666666667,2,16.6,22,13.7,0,2024,0.012355507797346572,0,0,1,0,0,0,0,0,1
1,0,0,5,3.96222,29,84310,14.0,15.5,2,309.4791666666667,2,16.6,22,13.7,0,2024,0.012355507797346572,0,0,1,0,0,0,0,0,1
1,0,0,5,3.96222,29,84310,14.0,15.5,2,309.4791666666667,2,16.6,22,13.7,0,2024,0.012355507797346572,0,0,1,0,0,0,0,0,1
1,0,0,5,3.96222,29,84310,14.0,15.5,2,309.4791666666667,2,16.6,22,13.7,0,2024,0.012355507797346572,0,0,1,0,0,0,0,0,1
1,0,0,5,3.96222,29,84310,14.0,15.5,2,309.4791666666667,2,16.6,22,13.7,0,2024,0.012355507797346572,0,0,1,0,0,0,0,0,1
1,0,0,5,3.96222,29,84310,14.0,15.5,2,309.4791666666667,2,16.6,22,13.7,0,2024,0.012355507797346572,0,0,1,0,0,0,0,0,1
1,0,0,5,3.96222,29,48784,14.0,15.5,2,309.4791666666667,2,16.6,22,13.7,0,2024,0.012355507797346572,0,0,1,0,0,0,0,0,1
1,0,0,5,3.96222,29,48784,14.0,15.5,2,309.4791666666667,2,16.6,22,13.7,0,2024,0.012355507797346572,0,0,1,0,0,0,0,0,1
1,0,0,5,3.96222,29,48784,14.0,15.5,2,309.4791666666667,2,16.6,22,13.7,0,2024,0.012355507797346572,0,0,1,0,0,0,0,0,1
1,0,0,5,3.96222,30,15207,13.0,14.5,3,309.4791666666667,2,17.3,22,2.4,0,2024,0.012355507797346572,0,0,1,0,0,0,1,0,0
1,0,0,5,3.96222,29,19979,14.0,15.5,2,309.4791666666667,2,16.6,22,13.7,0,2024,0.012355507797346572,0,0,1,0,0,0,0,0,1
1,0,0,5,3.96222,29,19979,14.0,15.5,2,309.4791666666667,2,16.6,22,13.7,0,2024,0.012355507797346572,0,0,1,0,0,0,0,0,1
1,0,0,5,3.96222,29,19979,14.0,15.5,2,309.4791666666667,2,16.6,22,13.7,0,2024,0.012355507797346572,0,0,1,0,0,0,0,0,1
1,0,0,5,3.96222,29,19979,14.0,15.5,2,309.4791666666667,2,16.6,22,13.7,0,2024,0.012355507797346572,0,0,1,0,0,0,0,0,1
0,0,0,10,1.3484604761904762,14,160526,10.7,15.2,0,65.80357142857143,4,21.2,42,0.0,0,2024,0.020185454869464492,0,0,0,1,0,0,0,0,0
0,0,0,10,1.3484604761904762,14,160526,10.7,15.2,0,65.80357142857143,4,21.2,42,0.0,0,2024,0.020185454869464492,0,0,0,1,0,0,0,0,0
0,0,0,10,3.96222,14,55932,10.7,15.2,0,309.4791666666667,4,21.2,42,0.0,0,2024,0.012355507797346572,0,0,0,1,0,0,0,0,0
0,0,0,10,3.96222,14,55932,10.7,15.2,0,309.4791666666667,4,21.2,42,0.0,0,2024,0.012355507797346572,0,0,0,1,0,0,0,0,0
0,0,0,10,4.06334,15,160526,12.2,16.0,1,69.05952380952381,4,19.9,42,0.2,0,2024,0.05799839592183518,0,0,0,0,0,0,0,1,0
0,0,0,10,4.06334,15,160526,12.2,16.0,1,69.05952380952381,4,19.9,42,0.2,0,2024,0.05799839592183518,0,0,0,0,0,0,0,1,0
0,0,0,10,3.96222,14,231476,10.7,15.2,0,309.4791666666667,4,21.2,42,0.0,0,2024,0.012355507797346572,0,0,0,1,0,0,0,0,0
0,0,0,10,3.96222,14,231476,10.7,15.2,0,309.4791666666667,4,21.2,42,0.0,0,2024,0.012355507797346572,0,0,0,1,0,0,0,0,0
1,0,0,10,14.466369047619049,9,137426,13.4,14.3,2,1256.2380952380952,4,16.7,41,71.0,1,2024,0.011506467313082344,0,0,0,0,0,0,0,0,1
1,0,0,10,14.466369047619049,9,137426,13.4,14.3,2,1256.2380952380952,4,16.7,41,71.0,1,2024,0.011506467313082344,0,0,0,0,0,0,0,0,1
0,0,0,10,3.96222,15,55932,12.2,16.0,1,309.4791666666667,4,19.9,42,0.2,0,2024,0.012355507797346572,0,0,0,0,0,0,0,1,0
0,0,0,10,3.96222,15,55932,12.2,16.0,1,309.4791666666667,4,19.9,42,0.2,0,2024,0.012355507797346572,0,0,0,0,0,0,0,1,0
0,0,0,10,3.96222,14,138887,10.7,15.2,0,309.4791666666667,4,21.2,42,0.0,0,2024,0.012355507797346572,0,0,0,1,0,0,0,0,0
0,0,0,10,3.96222,14,138887,10.7,15.2,0,309.4791666666667,4,21.2,42,0.0,0,2024,0.012355507797346572,0,0,0,1,0,0,0,0,0
0,0,0,10,4.756529404761904,15,84310,12.2,16.0,1,377.3511904761905,4,19.9,42,0.2,1,2024,0.012571731038497236,0,0,0,0,0,0,0,1,0
0,0,0,10,4.756529404761904,15,84310,12.2,16.0,1,377.3511904761905,4,19.9,42,0.2,1,2024,0.012571731038497236,0,0,0,0,0,0,0,1,0
0,0,0,10,4.756529404761904,15,84310,12.2,16.0,1,377.3511904761905,4,19.9,42,0.2,1,2024,0.012571731038497236,0,0,0,0,0,0,0,1,0
0,0,0,10,3.96222,15,57934,12.2,16.0,1,309.4791666666667,4,19.9,42,0.2,0,2024,0.012355507797346572,0,0,0,0,0,0,0,1,0
0,0,0,10,3.96222,15,57934,12.2,16.0,1,309.4791666666667,4,19.9,42,0.2,0,2024,0.012355507797346572,0,0,0,0,0,0,0,1,0
0,0,0,10,6.54472375,14,48784,10.7,15.2,0,824.9642857142857,4,21.2,42,0.0,1,2024,0.007923736974099538,0,0,0,1,0,0,0,0,0
0,0,0,10,6.54472375,14,48784,10.7,15.2,0,824.9642857142857,4,21.2,42,0.0,1,2024,0.007923736974099538,0,0,0,1,0,0,0,0,0
0,0,0,10,15.15357142857143,14,161450,10.7,15.2,0,4361.464285714285,4,21.2,42,0.0,1,2024,0.0034736264725867593,0,0,0,1,0,0,0,0,0
0,0,0,10,15.15357142857143,14,161450,10.7,15.2,0,4361.464285714285,4,21.2,42,0.0,1,2024,0.0034736264725867593,0,0,0,1,0,0,0,0,0
0,0,0,10,3.96222,4,41158,6.4,11.4,4,309.4791666666667,4,19.4,40,0.0,0,2024,0.012355507797346572,0,0,0,0,0,0,0,0,0
0,1,0,10,5.328790714285715,13,48784,9.7,13.3,6,723.7678571428571,4,17.9,41,0.0,1,2024,0.007352410377707149,0,0,0,0,0,1,0,0,0
0,1,0,10,5.328790714285715,13,48784,9.7,13.3,6,723.7678571428571,4,17.9,41,0.0,1,2024,0.007352410377707149,0,0,0,0,0,1,0,0,0
0,1,0,10,5.328790714285715,13,48784,9.7,13.3,6,723.7678571428571,4,17.9,41,0.0,1,2024,0.007352410377707149,0,0,0,0,0,1,0,0,0
0,1,0,10,5.328790714285715,13,48784,9.7,13.3,6,723.7678571428571,4,17.9,41,0.0,1,2024,0.007352410377707149,0,0,0,0,0,1,0,0,0
0,0,0,10,17.338690476190475,14,160526,10.7,15.2,0,3675.625,4,21.2,42,0.0,1,2024,0.004715925740642702,0,0,0,1,0,0,0,0,0
0,0,0,10,17.338690476190475,14,160526,10.7,15.2,0,3675.625,4,21.2,42,0.0,1,2024,0.004715925740642702,0,0,0,1,0,0,0,0,0
1,0,0,10,4.05,10,160526,12.4,13.8,3,60.13690476190476,4,17.3,41,2.4,0,2024,0.06624476681919969,0,0,0,0,0,0,1,0,0
1,0,0,10,4.05,10,160526,12.4,13.8,3,60.13690476190476,4,17.3,41,2.4,0,2024,0.06624476681919969,0,0,0,0,0,0,1,0,0
1,0,0,10,4.05,10,160526,12.4,13.8,3,60.13690476190476,4,17.3,41,2.4,0,2024,0.06624476681919969,0,0,0,0,0,0,1,0,0
1,0,0,10,4.05,10,160526,12.4,13.8,3,60.13690476190476,4,17.3,41,2.4,0,2024,0.06624476681919969,0,0,0,0,0,0,1,0,0
0,0,0,10,11.409465476190476,14,231476,10.7,15.2,0,256.45238095238096,4,21.2,42,0.0,0,2024,0.04431679922315731,0,0,0,1,0,0,0,0,0
0,0,0,10,11.409465476190476,14,231476,10.7,15.2,0,256.45238095238096,4,21.2,42,0.0,0,2024,0.04431679922315731,0,0,0,1,0,0,0,0,0
1,0,0,10,3.96222,10,48784,12.4,13.8,3,309.4791666666667,4,17.3,41,2.4,0,2024,0.012355507797346572,0,0,0,0,0,0,1,0,0
1,0,0,10,3.96222,10,48784,12.4,13.8,3,309.4791666666667,4,17.3,41,2.4,0,2024,0.012355507797346572,0,0,0,0,0,0,1,0,0
0,1,0,10,3.96222,13,138907,9.7,13.3,6,309.4791666666667,4,17.9,41,0.0,0,2024,0.012355507797346572,0,0,0,0,0,1,0,0,0
0,1,0,10,3.96222,13,138907,9.7,13.3,6,309.4791666666667,4,17.9,41,0.0,0,2024,0.012355507797346572,0,0,0,0,0,1,0,0,0
0,0,0,10,4.756529404761904,14,84310,10.7,15.2,0,377.3511904761905,4,21.2,42,0.0,1,2024,0.012571731038497236,0,0,0,1,0,0,0,0,0
0,0,0,10,4.756529404761904,14,84310,10.7,15.2,0,377.3511904761905,4,21.2,42,0.0,1,2024,0.012571731038497236,0,0,0,1,0,0,0,0,0
0,0,0,10,1.572319404761905,14,57934,10.7,15.2,0,455.1071428571428,4,21.2,42,0.0,1,2024,0.003447258893848042,0,0,0,1,0,0,0,0,0
0,0,0,10,1.572319404761905,14,57934,10.7,15.2,0,455.1071428571428,4,21.2,42,0.0,1,2024,0.003447258893848042,0,0,0,1,0,0,0,0,0
0,0,0,10,9.985464166666668,14,35837,10.7,15.2,0,169.73214285714286,4,21.2,42,0.0,0,2024,0.058486140919708544,0,0,0,1,0,0,0,0,0
0,0,0,10,9.985464166666668,14,35837,10.7,15.2,0,169.73214285714286,4,21.2,42,0.0,0,2024,0.058486140919708544,0,0,0,1,0,0,0,0,0
0,0,0,10,3.96222,14,48784,10.7,15.2,0,309.4791666666667,4,21.2,42,0.0,0,2024,0.012355507797346572,0,0,0,1,0,0,0,0,0
0,0,0,10,3.96222,14,137426,10.7,15.2,0,309.4791666666667,4,21.2,42,0.0,0,2024,0.012355507797346572,0,0,0,1,0,0,0,0,0
0,0,0,10,3.96222,14,27547,10.7,15.2,0,309.4791666666667,4,21.2,42,0.0,0,2024,0.012355507797346572,0,0,0,1,0,0,0,0,0
0,0,0,3,13.871130952380952,14,137426,7.3,13.6,3,1493.2738095238096,1,19.7,11,0.0,1,2024,0.009282857575347157,0,0,1,0,0,0,1,0,0
0,0,0,3,13.871130952380952,14,137426,7.3,13.6,3,1493.2738095238096,1,19.7,11,0.0,1,2024,0.009282857575347157,0,0,1,0,0,0,1,0,0
0,0,0,3,13.871130952380952,14,137426,7.3,13.6,3,1493.2738095238096,1,19.7,11,0.0,1,2024,0.009282857575347157,0,0,1,0,0,0,1,0,0
0,0,0,3,3.96222,14,55932,7.3,13.6,3,309.4791666666667,1,19.7,11,0.0,0,2024,0.012355507797346572,0,0,1,0,0,0,1,0,0
0,0,0,3,3.96222,14,55932,7.3,13.6,3,309.4791666666667,1,19.7,11,0.0,0,2024,0.012355507797346572,0,0,1,0,0,0,1,0,0
0,0,0,3,3.96222,14,41158,7.3,13.6,3,309.4791666666667,1,19.7,11,0.0,0,2024,0.012355507797346572,0,0,1,0,0,0,1,0,0
0,0,0,3,3.96222,14,41158,7.3,13.6,3,309.4791666666667,1,19.7,11,0.0,0,2024,0.012355507797346572,0,0,1,0,0,0,1,0,0
0,0,0,3,3.96222,14,179566,7.3,13.6,3,309.4791666666667,1,19.7,11,0.0,0,2024,0.012355507797346572,0,0,1,0,0,0,1,0,0
0,0,0,3,3.96222,14,179566,7.3,13.6,3,309.4791666666667,1,19.7,11,0.0,0,2024,0.012355507797346572,0,0,1,0,0,0,1,0,0
0,0,0,3,5.414204285714286,14,160526,7.3,13.6,3,88.36309523809524,1,19.7,11,0.0,0,2024,0.06058657963098648,0,0,1,0,0,0,1,0,0
0,0,0,3,5.414204285714286,14,160526,7.3,13.6,3,88.36309523809524,1,19.7,11,0.0,0,2024,0.06058657963098648,0,0,1,0,0,0,1,0,0
0,0,0,3,5.414204285714286,14,160526,7.3,13.6,3,88.36309523809524,1,19.7,11,0.0,0,2024,0.06058657963098648,0,0,1,0,0,0,1,0,0
0,0,0,3,3.96222,14,160526,7.3,13.6,3,309.4791666666667,1,19.7,11,0.0,0,2024,0.012355507797346572,0,0,1,0,0,0,1,0,0
0,0,0,3,3.96222,14,160526,7.3,13.6,3,309.4791666666667,1,19.7,11,0.0,0,2024,0.012355507797346572,0,0,1,0,0,0,1,0,0
0,0,0,3,3.96222,14,160526,7.3,13.6,3,309.4791666666667,1,19.7,11,0.0,0,2024,0.012355507797346572,0,0,1,0,0,0,1,0,0
0,0,0,3,3.96222,14,160526,7.3,13.6,3,309.4791666666667,1,19.7,11,0.0,0,2024,0.012355507797346572,0,0,1,0,0,0,1,0,0
0,0,0,3,3.96222,14,160526,7.3,13.6,3,309.4791666666667,1,19.7,11,0.0,0,2024,0.012355507797346572,0,0,1,0,0,0,1,0,0
0,0,0,3,3.96222,14,161450,7.3,13.6,3,309.4791666666667,1,19.7,11,0.0,0,2024,0.012355507797346572,0,0,1,0,0,0,1,0,0
0,0,0,3,1.8854045833333333,14,182347,7.3,13.6,3,272.05357142857144,1,19.7,11,0.0,0,2024,0.006904888932487519,0,0,1,0,0,0,1,0,0
0,0,0,3,1.8854045833333333,14,182347,7.3,13.6,3,272.05357142857144,1,19.7,11,0.0,0,2024,0.006904888932487519,0,0,1,0,0,0,1,0,0
0,0,0,3,3.96222,14,138887,7.3,13.6,3,309.4791666666667,1,19.7,11,0.0,0,2024,0.012355507797346572,0,0,1,0,0,0,1,0,0
0,0,0,3,3.96222,14,138887,7.3,13.6,3,309.4791666666667,1,19.7,11,0.0,0,2024,0.012355507797346572,0,0,1,0,0,0,1,0,0
0,0,0,3,2.883172619047619,14,138887,7.3,13.6,3,178.38095238095238,1,19.7,11,0.0,0,2024,0.016072902840456597,0,0,1,0,0,0,1,0,0
0,0,0,3,3.96,14,138887,7.3,13.6,3,166.5297619047619,1,19.7,11,0.0,0,2024,0.023637591046367028,0,0,1,0,0,0,1,0,0
0,0,0,3,3.96,14,138887,7.3,13.6,3,166.5297619047619,1,19.7,11,0.0,0,2024,0.023637591046367028,0,0,1,0,0,0,1,0,0
0,0,0,3,3.655223095238096,14,138887,7.3,13.6,3,181.70238095238096,1,19.7,11,0.0,0,2024,0.020006433830716104,0,0,1,0,0,0,1,0,0
0,0,0,3,3.655223095238096,14,138887,7.3,13.6,3,181.70238095238096,1,19.7,11,0.0,0,2024,0.020006433830716104,0,0,1,0,0,0,1,0,0
0,0,0,3,3.96222,14,138887,7.3,13.6,3,309.4791666666667,1,19.7,11,0.0,0,2024,0.012355507797346572,0,0,1,0,0,0,1,0,0
0,0,0,3,3.96222,14,138887,7.3,13.6,3,309.4791666666667,1,19.7,11,0.0,0,2024,0.012355507797346572,0,0,1,0,0,0,1,0,0
0,0,0,3,3.96222,14,35837,7.3,13.6,3,309.4791666666667,1,19.7,11,0.0,0,2024,0.012355507797346572,0,0,1,0,0,0,1,0,0
0,0,0,3,3.96222,14,35837,7.3,13.6,3,309.4791666666667,1,19.7,11,0.0,0,2024,0.012355507797346572,0,0,1,0,0,0,1,0,0
0,0,0,3,3.96,14,35837,7.3,13.6,3,358.4642857142857,1,19.7,11,0.0,1,2024,0.01101639344262295,0,0,1,0,0,0,1,0,0
0,0,0,3,3.96,14,35837,7.3,13.6,3,358.4642857142857,1,19.7,11,0.0,1,2024,0.01101639344262295,0,0,1,0,0,0,1,0,0
0,0,0,3,3.96222,13,35837,11.1,12.3,2,309.4791666666667,1,13.9,11,0.2,0,2024,0.012355507797346572,0,0,1,0,0,0,0,0,1
0,0,0,3,3.96222,13,35837,11.1,12.3,2,309.4791666666667,1,13.9,11,0.2,0,2024,0.012355507797346572,0,0,1,0,0,0,0,0,1
0,0,0,3,3.96222,14,48784,7.3,13.6,3,309.4791666666667,1,19.7,11,0.0,0,2024,0.012355507797346572,0,0,1,0,0,0,1,0,0
0,0,0,3,3.96222,14,48784,7.3,13.6,3,309.4791666666667,1,19.7,11,0.0,0,2024,0.012355507797346572,0,0,1,0,0,0,1,0,0
0,0,0,3,3.96222,14,48784,7.3,13.6,3,309.4791666666667,1,19.7,11,0.0,0,2024,0.012355507797346572,0,0,1,0,0,0,1,0,0
0,0,0,3,2.154244047619048,13,48784,11.1,12.3,2,1122.4940476190477,1,13.9,11,0.2,1,2024,0.0019174503435816202,0,0,1,0,0,0,0,0,1
0,0,0,3,3.96,14,32386,7.3,13.6,3,963.625,1,19.7,11,0.0,1,2024,0.0041052222366204484,0,0,1,0,0,0,1,0,0
0,0,0,3,3.96,14,32386,7.3,13.6,3,963.625,1,19.7,11,0.0,1,2024,0.0041052222366204484,0,0,1,0,0,0,1,0,0
0,0,0,3,3.96,14,15207,7.3,13.6,3,162.58928571428572,1,19.7,11,0.0,0,2024,0.024206964305206854,0,0,1,0,0,0,1,0,0
0,0,0,7,4.0530550000000005,2,160526,15.3,17.8,1,67.52380952380952,3,23.5,27,0.2,0,2024,0.05914812717164699,1,0,0,0,0,0,0,1,0
0,0,0,7,4.0530550000000005,2,160526,15.3,17.8,1,67.52380952380952,3,23.5,27,0.2,0,2024,0.05914812717164699,1,0,0,0,0,0,0,1,0
0,0,0,7,4.0530550000000005,2,160526,15.3,17.8,1,67.52380952380952,3,23.5,27,0.2,0,2024,0.05914812717164699,1,0,0,0,0,0,0,1,0
0,0,0,7,4.0530550000000005,2,160526,15.3,17.8,1,67.52380952380952,3,23.5,27,0.2,0,2024,0.05914812717164699,1,0,0,0,0,0,0,1,0
0,0,0,7,3.96222,1,183839,15.6,18.4,0,309.4791666666667,3,21.3,27,0.0,0,2024,0.012355507797346572,1,0,0,1,0,0,0,0,0
0,0,0,7,3.96222,1,183839,15.6,18.4,0,309.4791666666667,3,21.3,27,0.0,0,2024,0.012355507797346572,1,0,0,1,0,0,0,0,0
0,0,0,7,3.96222,1,183839,15.6,18.4,0,309.4791666666667,3,21.3,27,0.0,0,2024,0.012355507797346572,1,0,0,1,0,0,0,0,0
0,0,0,7,3.96222,1,41158,15.6,18.4,0,309.4791666666667,3,21.3,27,0.0,0,2024,0.012355507797346572,1,0,0,1,0,0,0,0,0
0,0,0,7,3.96222,1,41158,15.6,18.4,0,309.4791666666667,3,21.3,27,0.0,0,2024,0.012355507797346572,1,0,0,1,0,0,0,0,0
0,0,0,7,3.96222,2,41158,15.3,17.8,1,309.4791666666667,3,23.5,27,0.2,0,2024,0.012355507797346572,1,0,0,0,0,0,0,1,0
0,0,0,7,3.96222,2,41158,15.3,17.8,1,309.4791666666667,3,23.5,27,0.2,0,2024,0.012355507797346572,1,0,0,0,0,0,0,1,0
0,0,0,7,3.96222,1,185914,15.6,18.4,0,309.4791666666667,3,21.3,27,0.0,0,2024,0.012355507797346572,1,0,0,1,0,0,0,0,0
0,0,0,7,3.96222,1,185914,15.6,18.4,0,309.4791666666667,3,21.3,27,0.0,0,2024,0.012355507797346572,1,0,0,1,0,0,0,0,0
0,0,0,7,2.7772067261904763,2,179566,15.3,17.8,1,311.73214285714283,3,23.5,27,0.2,1,2024,0.008880464607244143,1,0,0,0,0,0,0,1,0
0,0,0,7,2.7772067261904763,2,179566,15.3,17.8,1,311.73214285714283,3,23.5,27,0.2,1,2024,0.008880464607244143,1,0,0,0,0,0,0,1,0
0,0,0,7,3.96222,2,179566,15.3,17.8,1,309.4791666666667,3,23.5,27,0.2,0,2024,0.012355507797346572,1,0,0,0,0,0,0,1,0
0,0,0,7,3.96222,2,179566,15.3,17.8,1,309.4791666666667,3,23.5,27,0.2,0,2024,0.012355507797346572,1,0,0,0,0,0,0,1,0
0,0,0,7,3.96222,2,179566,15.3,17.8,1,309.4791666666667,3,23.5,27,0.2,0,2024,0.012355507797346572,1,0,0,0,0,0,0,1,0
0,0,0,7,7.707154345238096,2,183839,15.3,17.8,1,462.5,3,23.5,27,0.2,1,2024,0.0166281647146453,1,0,0,0,0,0,0,1,0
0,0,0,7,7.707154345238096,2,183839,15.3,17.8,1,462.5,3,23.5,27,0.2,1,2024,0.0166281647146453,1,0,0,0,0,0,0,1,0
0,0,0,7,3.96222,2,160526,15.3,17.8,1,309.4791666666667,3,23.5,27,0.2,0,2024,0.012355507797346572,1,0,0,0,0,0,0,1,0
0,0,0,7,3.96222,2,160526,15.3,17.8,1,309.4791666666667,3,23.5,27,0.2,0,2024,0.012355507797346572,1,0,0,0,0,0,0,1,0
0,0,0,7,28.887775595238097,2,231476,15.3,17.8,1,401.3392857142857,3,23.5,27,0.2,1,2024,0.0717995398931842,1,0,0,0,0,0,0,1,0
0,0,0,7,28.887775595238097,2,231476,15.3,17.8,1,401.3392857142857,3,23.5,27,0.2,1,2024,0.0717995398931842,1,0,0,0,0,0,0,1,0
0,0,0,7,3.96222,1,182347,15.6,18.4,0,309.4791666666667,3,21.3,27,0.0,0,2024,0.012355507797346572,1,0,0,1,0,0,0,0,0
0,0,0,7,3.96222,1,182347,15.6,18.4,0,309.4791666666667,3,21.3,27,0.0,0,2024,0.012355507797346572,1,0,0,1,0,0,0,0,0
0,0,0,7,3.96222,1,182347,15.6,18.4,0,309.4791666666667,3,21.3,27,0.0,0,2024,0.012355507797346572,1,0,0,1,0,0,0,0,0
0,0,0,7,3.96222,2,138907,15.3,17.8,1,309.4791666666667,3,23.5,27,0.2,0,2024,0.012355507797346572,1,0,0,0,0,0,0,1,0
0,0,0,7,3.96222,2,138907,15.3,17.8,1,309.4791666666667,3,23.5,27,0.2,0,2024,0.012355507797346572,1,0,0,0,0,0,0,1,0
0,0,0,7,4.0530550000000005,2,84310,15.3,17.8,1,897.9166666666666,3,23.5,27,0.2,1,2024,0.004508821729860018,1,0,0,0,0,0,0,1,0
0,0,0,7,4.0530550000000005,2,84310,15.3,17.8,1,897.9166666666666,3,23.5,27,0.2,1,2024,0.004508821729860018,1,0,0,0,0,0,0,1,0
0,0,0,7,33.65610863095238,2,35837,15.3,17.8,1,433.8392857142857,3,23.5,27,0.2,1,2024,0.07739896034385994,1,0,0,0,0,0,0,1,0
0,0,0,7,33.65610863095238,2,35837,15.3,17.8,1,433.8392857142857,3,23.5,27,0.2,1,2024,0.07739896034385994,1,0,0,0,0,0,0,1,0
0,0,0,7,33.65610863095238,2,35837,15.3,17.8,1,433.8392857142857,3,23.5,27,0.2,1,2024,0.07739896034385994,1,0,0,0,0,0,0,1,0
0,0,0,7,33.65610863095238,2,35837,15.3,17.8,1,433.8392857142857,3,23.5,27,0.2,1,2024,0.07739896034385994,1,0,0,0,0,0,0,1,0
0,0,0,7,3.737190178571428,2,48784,15.3,17.8,1,404.1011904761905,3,23.5,27,0.2,1,2024,0.009225325095140836,1,0,0,0,0,0,0,1,0
0,0,0,7,3.737190178571428,2,48784,15.3,17.8,1,404.1011904761905,3,23.5,27,0.2,1,2024,0.009225325095140836,1,0,0,0,0,0,0,1,0
0,0,0,7,14.759226190476191,2,137426,15.3,17.8,1,1600.678571428571,3,23.5,27,0.2,1,2024,0.009214849005135983,1,0,0,0,0,0,0,1,0
0,0,0,7,14.759226190476191,2,137426,15.3,17.8,1,1600.678571428571,3,23.5,27,0.2,1,2024,0.009214849005135983,1,0,0,0,0,0,0,1,0
0,0,0,7,10.535427559523807,2,48784,15.3,17.8,1,610.0119047619048,3,23.5,27,0.2,1,2024,0.017242589673648313,1,0,0,0,0,0,0,1,0
0,0,0,7,10.535427559523807,2,48784,15.3,17.8,1,610.0119047619048,3,23.5,27,0.2,1,2024,0.017242589673648313,1,0,0,0,0,0,0,1,0
0,0,0,7,4.0530550000000005,2,19979,15.3,17.8,1,897.9166666666666,3,23.5,27,0.2,1,2024,0.004508821729860018,1,0,0,0,0,0,0,1,0
0,0,0,7,4.0530550000000005,2,19979,15.3,17.8,1,897.9166666666666,3,23.5,27,0.2,1,2024,0.004508821729860018,1,0,0,0,0,0,0,1,0
0,0,0,7,8.468949523809524,1,15207,15.6,18.4,0,1007.6607142857144,3,21.3,27,0.0,1,2024,0.008396232156029623,1,0,0,1,0,0,0,0,0
0,0,0,7,8.468949523809524,1,15207,15.6,18.4,0,1007.6607142857144,3,21.3,27,0.0,1,2024,0.008396232156029623,1,0,0,1,0,0,0,0,0
0,0,0,3,3.96222,13,138907,11.1,12.3,2,309.4791666666667,1,13.9,11,0.2,0,2024,0.012355507797346572,0,0,1,0,0,0,0,0,1
0,0,0,3,3.96222,13,138907,11.1,12.3,2,309.4791666666667,1,13.9,11,0.2,0,2024,0.012355507797346572,0,0,1,0,0,0,0,0,1
1,0,0,3,3.96222,11,160526,7.4,9.6,0,309.4791666666667,1,13.5,11,2.6,0,2024,0.012355507797346572,0,0,1,1,0,0,0,0,0
1,0,0,3,3.96222,11,160526,7.4,9.6,0,309.4791666666667,1,13.5,11,2.6,0,2024,0.012355507797346572,0,0,1,1,0,0,0,0,0
0,0,0,3,1.037785238095238,13,35837,11.1,12.3,2,420.8452380952381,1,13.9,11,0.2,1,2024,0.0024601089318470435,0,0,1,0,0,0,0,0,1
0,0,0,3,1.037785238095238,13,35837,11.1,12.3,2,420.8452380952381,1,13.9,11,0.2,1,2024,0.0024601089318470435,0,0,1,0,0,0,0,0,1
1,0,0,3,2.962808869047619,12,48784,8.4,10.5,1,704.922619047619,1,12.6,11,6.4,1,2024,0.004197073148109111,0,0,1,0,0,0,0,1,0
1,0,0,3,2.962808869047619,12,48784,8.4,10.5,1,704.922619047619,1,12.6,11,6.4,1,2024,0.004197073148109111,0,0,1,0,0,0,0,1,0
1,0,0,3,2.962808869047619,12,48784,8.4,10.5,1,704.922619047619,1,12.6,11,6.4,1,2024,0.004197073148109111,0,0,1,0,0,0,0,1,0
1,0,0,3,2.962808869047619,12,48784,8.4,10.5,1,704.922619047619,1,12.6,11,6.4,1,2024,0.004197073148109111,0,0,1,0,0,0,0,1,0
1,0,0,3,3.96222,12,55932,8.4,10.5,1,309.4791666666667,1,12.6,11,6.4,0,2024,0.012355507797346572,0,0,1,0,0,0,0,1,0
1,0,0,3,3.96222,12,55932,8.4,10.5,1,309.4791666666667,1,12.6,11,6.4,0,2024,0.012355507797346572,0,0,1,0,0,0,0,1,0
0,0,0,3,8.235996488095239,13,183839,11.1,12.3,2,440.6309523809524,1,13.9,11,0.2,1,2024,0.018649047227538615,0,0,1,0,0,0,0,0,1
0,0,0,3,8.235996488095239,13,183839,11.1,12.3,2,440.6309523809524,1,13.9,11,0.2,1,2024,0.018649047227538615,0,0,1,0,0,0,0,0,1
0,0,0,3,13.26875,13,183839,11.1,12.3,2,4518.607142857143,1,13.9,11,0.2,1,2024,0.0029358193269010424,0,0,1,0,0,0,0,0,1
0,0,0,3,13.26875,13,183839,11.1,12.3,2,4518.607142857143,1,13.9,11,0.2,1,2024,0.0029358193269010424,0,0,1,0,0,0,0,0,1
0,0,0,3,13.26875,13,183839,11.1,12.3,2,4518.607142857143,1,13.9,11,0.2,1,2024,0.0029358193269010424,0,0,1,0,0,0,0,0,1
1,0,0,3,3.96222,12,231476,8.4,10.5,1,309.4791666666667,1,12.6,11,6.4,0,2024,0.012355507797346572,0,0,1,0,0,0,0,1,0
1,0,0,3,3.96222,12,231476,8.4,10.5,1,309.4791666666667,1,12.6,11,6.4,0,2024,0.012355507797346572,0,0,1,0,0,0,0,1,0
0,1,0,6,5.1298522023809525,30,231476,15.0,20.2,6,240.0654761904762,2,25.2,26,0.0,0,2024,0.021279912343514656,1,0,0,0,0,1,0,0,0
0,1,0,6,5.1298522023809525,30,231476,15.0,20.2,6,240.0654761904762,2,25.2,26,0.0,0,2024,0.021279912343514656,1,0,0,0,0,1,0,0,0
0,0,0,7,3.96222,1,55932,15.6,18.4,0,309.4791666666667,3,21.3,27,0.0,0,2024,0.012355507797346572,1,0,0,1,0,0,0,0,0
0,0,0,7,3.96222,1,55932,15.6,18.4,0,309.4791666666667,3,21.3,27,0.0,0,2024,0.012355507797346572,1,0,0,1,0,0,0,0,0
0,0,0,7,3.96222,1,55932,15.6,18.4,0,309.4791666666667,3,21.3,27,0.0,0,2024,0.012355507797346572,1,0,0,1,0,0,0,0,0
0,0,0,7,3.96222,1,55932,15.6,18.4,0,309.4791666666667,3,21.3,27,0.0,0,2024,0.012355507797346572,1,0,0,1,0,0,0,0,0
0,0,0,7,3.96222,1,55932,15.6,18.4,0,309.4791666666667,3,21.3,27,0.0,0,2024,0.012355507797346572,1,0,0,1,0,0,0,0,0
0,0,0,7,3.96222,1,55932,15.6,18.4,0,309.4791666666667,3,21.3,27,0.0,0,2024,0.012355507797346572,1,0,0,1,0,0,0,0,0
0,0,0,7,4.6402133333333335,1,179566,15.6,18.4,0,477.9761904761905,3,21.3,27,0.0,1,2024,0.00968777451906348,1,0,0,1,0,0,0,0,0
0,0,0,7,4.6402133333333335,1,179566,15.6,18.4,0,477.9761904761905,3,21.3,27,0.0,1,2024,0.00968777451906348,1,0,0,1,0,0,0,0,0
0,0,0,7,3.96222,1,179566,15.6,18.4,0,309.4791666666667,3,21.3,27,0.0,0,2024,0.012355507797346572,1,0,0,1,0,0,0,0,0
0,0,0,7,3.96222,1,179566,15.6,18.4,0,309.4791666666667,3,21.3,27,0.0,0,2024,0.012355507797346572,1,0,0,1,0,0,0,0,0
0,0,0,7,18.40714285714286,1,160526,15.6,18.4,0,4165.083333333333,3,21.3,27,0.0,1,2024,0.00441833285231361,1,0,0,1,0,0,0,0,0
0,0,0,7,18.40714285714286,1,160526,15.6,18.4,0,4165.083333333333,3,21.3,27,0.0,1,2024,0.00441833285231361,1,0,0,1,0,0,0,0,0
0,0,0,7,3.96222,1,137426,15.6,18.4,0,309.4791666666667,3,21.3,27,0.0,0,2024,0.012355507797346572,1,0,0,1,0,0,0,0,0
0,0,0,7,3.96222,1,137426,15.6,18.4,0,309.4791666666667,3,21.3,27,0.0,0,2024,0.012355507797346572,1,0,0,1,0,0,0,0,0
0,0,0,7,3.96222,1,138887,15.6,18.4,0,309.4791666666667,3,21.3,27,0.0,0,2024,0.012355507797346572,1,0,0,1,0,0,0,0,0
0,0,0,7,3.96222,1,138887,15.6,18.4,0,309.4791666666667,3,21.3,27,0.0,0,2024,0.012355507797346572,1,0,0,1,0,0,0,0,0
0,0,0,7,1.9398664880952377,1,138887,15.6,18.4,0,182.8095238095238,3,21.3,27,0.0,0,2024,0.010553677784974092,1,0,0,1,0,0,0,0,0
0,0,0,7,1.9398664880952377,1,138887,15.6,18.4,0,182.8095238095238,3,21.3,27,0.0,0,2024,0.010553677784974092,1,0,0,1,0,0,0,0,0
0,0,0,7,3.96222,1,27547,15.6,18.4,0,309.4791666666667,3,21.3,27,0.0,0,2024,0.012355507797346572,1,0,0,1,0,0,0,0,0
0,0,0,7,3.96222,1,27547,15.6,18.4,0,309.4791666666667,3,21.3,27,0.0,0,2024,0.012355507797346572,1,0,0,1,0,0,0,0,0
0,1,0,6,9.506945416666666,30,15207,15.0,20.2,6,998.4166666666666,2,25.2,26,0.0,1,2024,0.009512494371716834,1,0,0,0,0,1,0,0,0
0,1,0,6,9.506945416666666,30,15207,15.0,20.2,6,998.4166666666666,2,25.2,26,0.0,1,2024,0.009512494371716834,1,0,0,0,0,1,0,0,0
0,0,0,2,3.96222,15,161450,10.9,15.0,3,309.4791666666667,1,19.7,7,0.0,0,2024,0.012355507797346572,0,1,0,0,0,0,1,0,0
0,0,0,2,3.96222,15,161450,10.9,15.0,3,309.4791666666667,1,19.7,7,0.0,0,2024,0.012355507797346572,0,1,0,0,0,0,1,0,0
0,0,0,4,3.96222,18,161450,3.9,9.4,3,309.4791666666667,2,15.3,16,0.0,0,2024,0.012355507797346572,0,0,1,0,0,0,1,0,0
0,0,0,4,3.96222,18,161450,3.9,9.4,3,309.4791666666667,2,15.3,16,0.0,0,2024,0.012355507797346572,0,0,1,0,0,0,1,0,0
0,0,0,4,3.96222,18,161450,3.9,9.4,3,309.4791666666667,2,15.3,16,0.0,0,2024,0.012355507797346572,0,0,1,0,0,0,1,0,0
0,0,0,4,3.96222,18,161450,3.9,9.4,3,309.4791666666667,2,15.3,16,0.0,0,2024,0.012355507797346572,0,0,1,0,0,0,1,0,0
0,0,0,4,1.5929438690476192,18,138907,3.9,9.4,3,308.11309523809524,2,15.3,16,0.0,0,2024,0.005153272034045176,0,0,1,0,0,0,1,0,0
1,0,0,4,3.96222,19,55932,8.8,9.9,4,309.4791666666667,2,12.2,16,3.8,0,2024,0.012355507797346572,0,0,1,0,0,0,0,0,0
1,0,0,4,3.96222,19,55932,8.8,9.9,4,309.4791666666667,2,12.2,16,3.8,0,2024,0.012355507797346572,0,0,1,0,0,0,0,0,0
1,0,0,4,2.060355119047619,19,179566,8.8,9.9,4,181.66071428571428,2,12.2,16,3.8,0,2024,0.011279683905236744,0,0,1,0,0,0,0,0,0
1,0,0,4,2.060355119047619,19,179566,8.8,9.9,4,181.66071428571428,2,12.2,16,3.8,0,2024,0.011279683905236744,0,0,1,0,0,0,0,0,0
0,0,0,4,15.482440476190478,18,161450,3.9,9.4,3,4295.583333333333,2,15.3,16,0.0,1,2024,0.0036034307436972352,0,0,1,0,0,0,1,0,0
0,0,0,4,15.482440476190478,18,161450,3.9,9.4,3,4295.583333333333,2,15.3,16,0.0,1,2024,0.0036034307436972352,0,0,1,0,0,0,1,0,0
1,0,0,4,2.018434345238095,19,137426,8.8,9.9,4,112.55357142857144,2,12.2,16,3.8,0,2024,0.017775172721077735,0,0,1,0,0,0,0,0,0
0,0,0,4,3.830000000000001,18,137426,3.9,9.4,3,60.79761904761905,2,15.3,16,0.0,0,2024,0.06197649778462725,0,0,1,0,0,0,1,0,0
1,0,0,4,3.96222,19,182347,8.8,9.9,4,309.4791666666667,2,12.2,16,3.8,0,2024,0.012355507797346572,0,0,1,0,0,0,0,0,0
1,0,0,4,3.96222,19,182347,8.8,9.9,4,309.4791666666667,2,12.2,16,3.8,0,2024,0.012355507797346572,0,0,1,0,0,0,0,0,0
1,0,0,4,3.96222,19,182347,8.8,9.9,4,309.4791666666667,2,12.2,16,3.8,0,2024,0.012355507797346572,0,0,1,0,0,0,0,0,0
1,0,0,4,3.96222,19,35837,8.8,9.9,4,309.4791666666667,2,12.2,16,3.8,0,2024,0.012355507797346572,0,0,1,0,0,0,0,0,0
1,0,0,4,3.96222,19,35837,8.8,9.9,4,309.4791666666667,2,12.2,16,3.8,0,2024,0.012355507797346572,0,0,1,0,0,0,0,0,0
1,0,0,4,3.96222,19,32386,8.8,9.9,4,309.4791666666667,2,12.2,16,3.8,0,2024,0.012355507797346572,0,0,1,0,0,0,0,0,0
1,0,0,4,3.96222,19,32386,8.8,9.9,4,309.4791666666667,2,12.2,16,3.8,0,2024,0.012355507797346572,0,0,1,0,0,0,0,0,0
0,0,0,4,3.96222,18,27547,3.9,9.4,3,309.4791666666667,2,15.3,16,0.0,0,2024,0.012355507797346572,0,0,1,0,0,0,1,0,0
0,0,0,4,3.96222,18,27547,3.9,9.4,3,309.4791666666667,2,15.3,16,0.0,0,2024,0.012355507797346572,0,0,1,0,0,0,1,0,0
0,0,0,4,3.96222,18,27547,3.9,9.4,3,309.4791666666667,2,15.3,16,0.0,0,2024,0.012355507797346572,0,0,1,0,0,0,1,0,0
0,0,0,9,2.421316726190476,9,182347,15.5,16.5,0,287.9702380952381,3,19.8,37,0.8,0,2024,0.008379121469915752,0,0,0,1,0,0,0,0,0
0,0,0,9,2.421316726190476,9,182347,15.5,16.5,0,287.9702380952381,3,19.8,37,0.8,0,2024,0.008379121469915752,0,0,0,1,0,0,0,0,0
0,1,0,9,1.1746405952380952,7,160526,16.6,18.8,5,50.33928571428572,3,23.6,36,0.8,0,2024,0.02287995594202898,0,0,0,0,1,0,0,0,0
0,1,0,9,1.1746405952380952,7,160526,16.6,18.8,5,50.33928571428572,3,23.6,36,0.8,0,2024,0.02287995594202898,0,0,0,0,1,0,0,0,0
0,1,0,9,1.1746405952380952,7,160526,16.6,18.8,5,50.33928571428572,3,23.6,36,0.8,0,2024,0.02287995594202898,0,0,0,0,1,0,0,0,0
0,1,0,9,14.632440476190476,7,185914,16.6,18.8,5,3192.2738095238096,3,23.6,36,0.8,1,2024,0.004582269278804034,0,0,0,0,1,0,0,0,0
0,1,0,9,14.632440476190476,7,185914,16.6,18.8,5,3192.2738095238096,3,23.6,36,0.8,1,2024,0.004582269278804034,0,0,0,0,1,0,0,0,0
0,1,0,9,14.632440476190476,7,185914,16.6,18.8,5,3192.2738095238096,3,23.6,36,0.8,1,2024,0.004582269278804034,0,0,0,0,1,0,0,0,0
0,0,0,9,3.000722142857143,9,179566,15.5,16.5,0,260.20238095238096,3,19.8,37,0.8,0,2024,0.011488111754250034,0,0,0,1,0,0,0,0,0
0,0,0,9,3.000722142857143,9,179566,15.5,16.5,0,260.20238095238096,3,19.8,37,0.8,0,2024,0.011488111754250034,0,0,0,1,0,0,0,0,0
1,1,0,9,8.187646428571428,8,179566,13.9,17.2,6,276.57738095238096,3,22.6,36,8.2,0,2024,0.029496806982179997,0,0,0,0,0,1,0,0,0
1,1,0,9,8.187646428571428,8,179566,13.9,17.2,6,276.57738095238096,3,22.6,36,8.2,0,2024,0.029496806982179997,0,0,0,0,0,1,0,0,0
0,0,0,9,3.96222,9,161450,15.5,16.5,0,309.4791666666667,3,19.8,37,0.8,0,2024,0.012355507797346572,0,0,0,1,0,0,0,0,0
0,0,0,9,3.72333,9,137426,15.5,16.5,0,538.8125,3,19.8,37,0.8,1,2024,0.006897450503647099,0,0,0,1,0,0,0,0,0
0,0,0,9,3.72333,9,137426,15.5,16.5,0,538.8125,3,19.8,37,0.8,1,2024,0.006897450503647099,0,0,0,1,0,0,0,0,0
0,1,0,9,8.634468511904762,7,137426,16.6,18.8,5,276.2857142857143,3,23.6,36,0.8,0,2024,0.031139247595741028,0,0,0,0,1,0,0,0,0
0,1,0,9,8.634468511904762,7,137426,16.6,18.8,5,276.2857142857143,3,23.6,36,0.8,0,2024,0.031139247595741028,0,0,0,0,1,0,0,0,0
0,0,0,9,3.96222,9,138887,15.5,16.5,0,309.4791666666667,3,19.8,37,0.8,0,2024,0.012355507797346572,0,0,0,1,0,0,0,0,0
0,0,0,9,3.96222,9,138887,15.5,16.5,0,309.4791666666667,3,19.8,37,0.8,0,2024,0.012355507797346572,0,0,0,1,0,0,0,0,0
0,0,0,9,11.452921071428571,9,35837,15.5,16.5,0,428.57142857142856,3,19.8,37,0.8,1,2024,0.026661272863318923,0,0,0,1,0,0,0,0,0
0,0,0,9,11.452921071428571,9,35837,15.5,16.5,0,428.57142857142856,3,19.8,37,0.8,1,2024,0.026661272863318923,0,0,0,1,0,0,0,0,0
0,0,0,9,3.96222,9,15207,15.5,16.5,0,309.4791666666667,3,19.8,37,0.8,0,2024,0.012355507797346572,0,0,0,1,0,0,0,0,0
0,0,0,9,3.96222,9,15207,15.5,16.5,0,309.4791666666667,3,19.8,37,0.8,0,2024,0.012355507797346572,0,0,0,1,0,0,0,0,0
0,0,0,1,3.8136125,31,179566,5.2,8.7,2,266.75868055555554,1,11.0,5,1.0,0,2024,0.014242722185840537,0,1,0,0,0,0,0,0,1
0,0,0,1,3.96222,30,35837,9.1,10.3,1,309.4791666666667,1,12.2,5,0.0,0,2024,0.012355507797346572,0,1,0,0,0,0,0,1,0
0,0,0,1,3.96222,30,35837,9.1,10.3,1,309.4791666666667,1,12.2,5,0.0,0,2024,0.012355507797346572,0,1,0,0,0,0,0,1,0
0,0,0,1,3.96222,31,138887,5.2,8.7,2,309.4791666666667,1,11.0,5,1.0,0,2024,0.012355507797346572,0,1,0,0,0,0,0,0,1
0,0,0,1,3.96222,31,138887,5.2,8.7,2,309.4791666666667,1,11.0,5,1.0,0,2024,0.012355507797346572,0,1,0,0,0,0,0,0,1
0,0,0,1,3.8136125,29,160526,4.6,9.6,0,212.03298611111111,1,14.9,5,0.2,0,2024,0.01790151173119708,0,1,0,1,0,0,0,0,0
0,0,0,1,3.8136125,29,160526,4.6,9.6,0,212.03298611111111,1,14.9,5,0.2,0,2024,0.01790151173119708,0,1,0,1,0,0,0,0,0
0,0,0,1,3.8136125,30,231476,9.1,10.3,1,411.95659722222223,1,12.2,5,0.0,1,2024,0.00923489908056318,0,1,0,0,0,0,0,1,0
0,0,0,1,3.8136125,30,231476,9.1,10.3,1,411.95659722222223,1,12.2,5,0.0,1,2024,0.00923489908056318,0,1,0,0,0,0,0,1,0
0,0,0,1,3.96222,31,138907,5.2,8.7,2,309.4791666666667,1,11.0,5,1.0,0,2024,0.012355507797346572,0,1,0,0,0,0,0,0,1
0,0,0,1,3.96222,31,138907,5.2,8.7,2,309.4791666666667,1,11.0,5,1.0,0,2024,0.012355507797346572,0,1,0,0,0,0,0,0,1
0,0,0,1,3.96222,31,57934,5.2,8.7,2,309.4791666666667,1,11.0,5,1.0,0,2024,0.012355507797346572,0,1,0,0,0,0,0,0,1
0,0,0,1,2.579435208333333,30,57934,9.1,10.3,1,185.84548611111111,1,12.2,5,0.0,0,2024,0.01380517807531847,0,1,0,0,0,0,0,1,0
0,0,0,1,3.8136125,31,19979,5.2,8.7,2,916.734375,1,11.0,5,1.0,1,2024,0.004155464373882693,0,1,0,0,0,0,0,0,1
0,0,0,1,3.8136125,31,19979,5.2,8.7,2,916.734375,1,11.0,5,1.0,1,2024,0.004155464373882693,0,1,0,0,0,0,0,0,1
0,0,0,1,3.8136125,31,19979,5.2,8.7,2,916.734375,1,11.0,5,1.0,1,2024,0.004155464373882693,0,1,0,0,0,0,0,0,1
0,0,0,1,3.8136125,31,19979,5.2,8.7,2,916.734375,1,11.0,5,1.0,1,2024,0.004155464373882693,0,1,0,0,0,0,0,0,1
0,0,0,8,13.49609375,2,161450,19.8,23.5,4,3743.5711805555557,3,29.8,31,0.0,1,2024,0.003604176045599347,1,0,0,0,0,0,0,0,0
0,0,0,8,13.49609375,2,161450,19.8,23.5,4,3743.5711805555557,3,29.8,31,0.0,1,2024,0.003604176045599347,1,0,0,0,0,0,0,0,0
0,0,0,8,13.49609375,2,161450,19.8,23.5,4,3743.5711805555557,3,29.8,31,0.0,1,2024,0.003604176045599347,1,0,0,0,0,0,0,0,0
0,0,0,8,13.49609375,2,161450,19.8,23.5,4,3743.5711805555557,3,29.8,31,0.0,1,2024,0.003604176045599347,1,0,0,0,0,0,0,0,0
0,0,0,8,11.732378472222223,2,231476,19.8,23.5,4,3029.7829861111113,3,29.8,31,0.0,1,2024,0.0038710717745173797,1,0,0,0,0,0,0,0,0
0,0,0,8,11.732378472222223,2,231476,19.8,23.5,4,3029.7829861111113,3,29.8,31,0.0,1,2024,0.0038710717745173797,1,0,0,0,0,0,0,0,0
0,0,0,8,10.472222222222221,2,161450,19.8,23.5,4,4029.3576388888887,3,29.8,31,0.0,1,2024,0.0025983357211716977,1,0,0,0,0,0,0,0,0
0,0,0,8,10.472222222222221,2,161450,19.8,23.5,4,4029.3576388888887,3,29.8,31,0.0,1,2024,0.0025983357211716977,1,0,0,0,0,0,0,0,0
0,0,0,8,14.450097256944444,2,84310,19.8,23.5,4,553.3715277777778,3,29.8,31,0.0,1,2024,0.026065727644542427,1,0,0,0,0,0,0,0,0
0,0,0,8,14.450097256944444,2,84310,19.8,23.5,4,553.3715277777778,3,29.8,31,0.0,1,2024,0.026065727644542427,1,0,0,0,0,0,0,0,0
0,0,0,8,14.450097256944444,2,84310,19.8,23.5,4,553.3715277777778,3,29.8,31,0.0,1,2024,0.026065727644542427,1,0,0,0,0,0,0,0,0
0,0,0,8,12.211197916666666,2,138907,19.8,23.5,4,4072.998263888889,3,29.8,31,0.0,1,2024,0.002997349808639905,1,0,0,0,0,0,0,0,0
0,0,0,8,12.211197916666666,2,138907,19.8,23.5,4,4072.998263888889,3,29.8,31,0.0,1,2024,0.002997349808639905,1,0,0,0,0,0,0,0,0
0,0,0,8,12.211197916666666,2,138907,19.8,23.5,4,4072.998263888889,3,29.8,31,0.0,1,2024,0.002997349808639905,1,0,0,0,0,0,0,0,0
1,0,0,8,3.96222,1,183839,20.7,25.7,3,309.4791666666667,3,32.6,31,9.3,0,2024,0.012355507797346572,1,0,0,0,0,0,1,0,0
1,0,0,8,3.96222,1,183839,20.7,25.7,3,309.4791666666667,3,32.6,31,9.3,0,2024,0.012355507797346572,1,0,0,0,0,0,1,0,0
1,0,0,7,2.859725,30,32386,19.4,28.3,1,694.5243055555557,3,37.5,31,4.6,1,2024,0.004111610445756848,1,0,0,0,0,0,0,1,0
1,0,0,7,2.859725,30,32386,19.4,28.3,1,694.5243055555557,3,37.5,31,4.6,1,2024,0.004111610445756848,1,0,0,0,0,0,0,1,0
1,0,0,7,2.859725,30,32386,19.4,28.3,1,694.5243055555557,3,37.5,31,4.6,1,2024,0.004111610445756848,1,0,0,0,0,0,0,1,0
1,0,0,7,2.859725,30,32386,19.4,28.3,1,694.5243055555557,3,37.5,31,4.6,1,2024,0.004111610445756848,1,0,0,0,0,0,0,1,0
1,0,0,7,2.859725,30,32386,19.4,28.3,1,694.5243055555557,3,37.5,31,4.6,1,2024,0.004111610445756848,1,0,0,0,0,0,0,1,0
1,0,0,7,2.859725,30,32386,19.4,28.3,1,694.5243055555557,3,37.5,31,4.6,1,2024,0.004111610445756848,1,0,0,0,0,0,0,1,0
1,0,0,7,2.859725,30,32386,19.4,28.3,1,694.5243055555557,3,37.5,31,4.6,1,2024,0.004111610445756848,1,0,0,0,0,0,0,1,0
1,0,0,7,2.859725,30,32386,19.4,28.3,1,694.5243055555557,3,37.5,31,4.6,1,2024,0.004111610445756848,1,0,0,0,0,0,0,1,0
1,0,0,7,2.859725,30,32386,19.4,28.3,1,694.5243055555557,3,37.5,31,4.6,1,2024,0.004111610445756848,1,0,0,0,0,0,0,1,0
0,0,0,8,3.96222,2,179566,19.8,23.5,4,309.4791666666667,3,29.8,31,0.0,0,2024,0.012355507797346572,1,0,0,0,0,0,0,0,0
0,0,0,8,3.96222,2,179566,19.8,23.5,4,309.4791666666667,3,29.8,31,0.0,0,2024,0.012355507797346572,1,0,0,0,0,0,0,0,0
0,0,0,8,3.96222,2,179566,19.8,23.5,4,309.4791666666667,3,29.8,31,0.0,0,2024,0.012355507797346572,1,0,0,0,0,0,0,0,0
0,0,0,8,3.96222,2,179566,19.8,23.5,4,309.4791666666667,3,29.8,31,0.0,0,2024,0.012355507797346572,1,0,0,0,0,0,0,0,0
0,0,0,8,2.859725,2,137426,19.8,23.5,4,132.52256944444446,3,29.8,31,0.0,0,2024,0.021417540209858404,1,0,0,0,0,0,0,0,0
0,0,0,8,3.96222,2,182347,19.8,23.5,4,309.4791666666667,3,29.8,31,0.0,0,2024,0.012355507797346572,1,0,0,0,0,0,0,0,0
0,0,0,8,3.96222,2,182347,19.8,23.5,4,309.4791666666667,3,29.8,31,0.0,0,2024,0.012355507797346572,1,0,0,0,0,0,0,0,0
0,0,0,8,3.96222,2,182347,19.8,23.5,4,309.4791666666667,3,29.8,31,0.0,0,2024,0.012355507797346572,1,0,0,0,0,0,0,0,0
0,0,0,8,3.96222,2,182347,19.8,23.5,4,309.4791666666667,3,29.8,31,0.0,0,2024,0.012355507797346572,1,0,0,0,0,0,0,0,0
1,0,0,5,7.15018875,29,179566,14.0,15.5,2,373.07916666666665,2,16.6,22,13.7,1,2024,0.019114105748560355,0,0,1,0,0,0,0,0,1
1,0,0,5,7.15018875,29,179566,14.0,15.5,2,373.07916666666665,2,16.6,22,13.7,1,2024,0.019114105748560355,0,0,1,0,0,0,0,0,1
1,0,0,5,3.96222,29,183839,14.0,15.5,2,309.4791666666667,2,16.6,22,13.7,0,2024,0.012355507797346572,0,0,1,0,0,0,0,0,1
1,0,0,5,3.96222,29,183839,14.0,15.5,2,309.4791666666667,2,16.6,22,13.7,0,2024,0.012355507797346572,0,0,1,0,0,0,0,0,1
1,0,0,5,3.96222,29,160526,14.0,15.5,2,309.4791666666667,2,16.6,22,13.7,0,2024,0.012355507797346572,0,0,1,0,0,0,0,0,1
1,0,0,5,3.96222,29,160526,14.0,15.5,2,309.4791666666667,2,16.6,22,13.7,0,2024,0.012355507797346572,0,0,1,0,0,0,0,0,1
1,0,0,5,3.96222,29,161450,14.0,15.5,2,309.4791666666667,2,16.6,22,13.7,0,2024,0.012355507797346572,0,0,1,0,0,0,0,0,1
1,0,0,5,3.96222,29,161450,14.0,15.5,2,309.4791666666667,2,16.6,22,13.7,0,2024,0.012355507797346572,0,0,1,0,0,0,0,0,1
1,0,0,5,3.96222,29,231476,14.0,15.5,2,309.4791666666667,2,16.6,22,13.7,0,2024,0.012355507797346572,0,0,1,0,0,0,0,0,1
1,0,0,5,3.96222,29,231476,14.0,15.5,2,309.4791666666667,2,16.6,22,13.7,0,2024,0.012355507797346572,0,0,1,0,0,0,0,0,1
1,0,0,5,4.2647200000000005,29,231476,14.0,15.5,2,397.86458333333337,2,16.6,22,13.7,1,2024,0.01069215011360372,0,0,1,0,0,0,0,0,1
1,0,0,5,4.2647200000000005,29,182347,14.0,15.5,2,391.45208333333335,2,16.6,22,13.7,1,2024,0.010866855295497859,0,0,1,0,0,0,0,0,1
1,0,0,5,4.2647200000000005,29,182347,14.0,15.5,2,391.45208333333335,2,16.6,22,13.7,1,2024,0.010866855295497859,0,0,1,0,0,0,0,0,1
1,0,0,5,3.96222,29,137426,14.0,15.5,2,309.4791666666667,2,16.6,22,13.7,0,2024,0.012355507797346572,0,0,1,0,0,0,0,0,1
1,0,0,5,3.96222,29,84310,14.0,15.5,2,309.4791666666667,2,16.6,22,13.7,0,2024,0.012355507797346572,0,0,1,0,0,0,0,0,1
1,0,0,5,3.96222,29,84310,14.0,15.5,2,309.4791666666667,2,16.6,22,13.7,0,2024,0.012355507797346572,0,0,1,0,0,0,0,0,1
1,0,0,5,3.96222,29,35837,14.0,15.5,2,309.4791666666667,2,16.6,22,13.7,0,2024,0.012355507797346572,0,0,1,0,0,0,0,0,1
1,0,0,5,3.96222,29,48784,14.0,15.5,2,309.4791666666667,2,16.6,22,13.7,0,2024,0.012355507797346572,0,0,1,0,0,0,0,0,1
1,0,0,5,3.96222,29,48784,14.0,15.5,2,309.4791666666667,2,16.6,22,13.7,0,2024,0.012355507797346572,0,0,1,0,0,0,0,0,1
1,0,0,5,3.96222,29,182347,14.0,15.5,2,309.4791666666667,2,16.6,22,13.7,0,2024,0.012355507797346572,0,0,1,0,0,0,0,0,1
1,0,0,5,3.96222,29,182347,14.0,15.5,2,309.4791666666667,2,16.6,22,13.7,0,2024,0.012355507797346572,0,0,1,0,0,0,0,0,1
1,0,0,5,3.96222,29,182347,14.0,15.5,2,309.4791666666667,2,16.6,22,13.7,0,2024,0.012355507797346572,0,0,1,0,0,0,0,0,1
1,0,0,5,3.96222,29,48784,14.0,15.5,2,309.4791666666667,2,16.6,22,13.7,0,2024,0.012355507797346572,0,0,1,0,0,0,0,0,1
1,0,0,5,3.96222,29,48784,14.0,15.5,2,309.4791666666667,2,16.6,22,13.7,0,2024,0.012355507797346572,0,0,1,0,0,0,0,0,1
1,0,0,5,13.251401875,29,15207,14.0,15.5,2,253.3125,2,16.6,22,13.7,0,2024,0.05210676579012043,0,0,1,0,0,0,0,0,1
1,0,0,5,13.251401875,29,15207,14.0,15.5,2,253.3125,2,16.6,22,13.7,0,2024,0.05210676579012043,0,0,1,0,0,0,0,0,1
1,0,0,5,6.8012553958333335,28,179566,10.7,14.9,1,411.20833333333337,2,17.6,22,5.6,1,2024,0.01649955822298595,0,0,1,0,0,0,0,1,0
1,0,0,5,6.8012553958333335,28,179566,10.7,14.9,1,411.20833333333337,2,17.6,22,5.6,1,2024,0.01649955822298595,0,0,1,0,0,0,0,1,0
1,0,0,5,6.8012553958333335,28,179566,10.7,14.9,1,411.20833333333337,2,17.6,22,5.6,1,2024,0.01649955822298595,0,0,1,0,0,0,0,1,0
1,0,0,5,3.96222,28,179566,10.7,14.9,1,309.4791666666667,2,17.6,22,5.6,0,2024,0.012355507797346572,0,0,1,0,0,0,0,1,0
1,0,0,5,3.96222,28,179566,10.7,14.9,1,309.4791666666667,2,17.6,22,5.6,0,2024,0.012355507797346572,0,0,1,0,0,0,0,1,0
1,0,0,5,3.96222,28,160526,10.7,14.9,1,309.4791666666667,2,17.6,22,5.6,0,2024,0.012355507797346572,0,0,1,0,0,0,0,1,0
1,0,0,5,3.96222,28,160526,10.7,14.9,1,309.4791666666667,2,17.6,22,5.6,0,2024,0.012355507797346572,0,0,1,0,0,0,0,1,0
1,0,0,5,3.96222,28,161450,10.7,14.9,1,309.4791666666667,2,17.6,22,5.6,0,2024,0.012355507797346572,0,0,1,0,0,0,0,1,0
1,0,0,5,3.96222,28,161450,10.7,14.9,1,309.4791666666667,2,17.6,22,5.6,0,2024,0.012355507797346572,0,0,1,0,0,0,0,1,0
1,0,0,5,3.96222,28,161450,10.7,14.9,1,309.4791666666667,2,17.6,22,5.6,0,2024,0.012355507797346572,0,0,1,0,0,0,0,1,0
1,0,0,5,3.96222,28,161450,10.7,14.9,1,309.4791666666667,2,17.6,22,5.6,0,2024,0.012355507797346572,0,0,1,0,0,0,0,1,0
1,0,0,5,3.96222,28,161450,10.7,14.9,1,309.4791666666667,2,17.6,22,5.6,0,2024,0.012355507797346572,0,0,1,0,0,0,0,1,0
1,0,0,5,22.54044014583333,28,231476,10.7,14.9,1,397.86458333333337,2,17.6,22,5.6,1,2024,0.05651151064218744,0,0,1,0,0,0,0,1,0
0,0,0,10,23.399107142857144,11,138907,7.3,11.2,4,4065.5119047619046,4,17.6,41,0.0,1,2024,0.005754097784751762,0,0,0,0,0,0,0,0,0
0,0,0,10,23.399107142857144,11,138907,7.3,11.2,4,4065.5119047619046,4,17.6,41,0.0,1,2024,0.005754097784751762,0,0,0,0,0,0,0,0,0
0,0,0,10,24.22847994047619,11,84310,7.3,11.2,4,657.9464285714286,4,17.6,41,0.0,1,2024,0.036768512416104356,0,0,0,0,0,0,0,0,0
1,0,0,10,5.659736666666667,10,185914,12.4,13.8,3,288.0416666666667,4,17.3,41,2.4,0,2024,0.019581040795733026,0,0,0,0,0,0,1,0,0
1,0,0,10,5.659736666666667,10,185914,12.4,13.8,3,288.0416666666667,4,17.3,41,2.4,0,2024,0.019581040795733026,0,0,0,0,0,0,1,0,0
1,0,0,10,5.659736666666667,10,185914,12.4,13.8,3,288.0416666666667,4,17.3,41,2.4,0,2024,0.019581040795733026,0,0,0,0,0,0,1,0,0
1,0,0,10,5.659736666666667,10,185914,12.4,13.8,3,288.0416666666667,4,17.3,41,2.4,0,2024,0.019581040795733026,0,0,0,0,0,0,1,0,0
1,0,0,10,5.659736666666667,10,185914,12.4,13.8,3,288.0416666666667,4,17.3,41,2.4,0,2024,0.019581040795733026,0,0,0,0,0,0,1,0,0
1,0,0,10,5.659736666666667,10,185914,12.4,13.8,3,288.0416666666667,4,17.3,41,2.4,0,2024,0.019581040795733026,0,0,0,0,0,0,1,0,0
0,1,0,10,15.317261904761908,13,183839,9.7,13.3,6,3849.4523809523807,4,17.9,41,0.0,1,2024,0.003978042159548354,0,0,0,0,0,1,0,0,0
0,1,0,10,15.317261904761908,13,183839,9.7,13.3,6,3849.4523809523807,4,17.9,41,0.0,1,2024,0.003978042159548354,0,0,0,0,0,1,0,0,0
0,1,0,10,3.96222,13,161450,9.7,13.3,6,309.4791666666667,4,17.9,41,0.0,0,2024,0.012355507797346572,0,0,0,0,0,1,0,0,0
0,1,0,10,3.96222,13,231476,9.7,13.3,6,309.4791666666667,4,17.9,41,0.0,0,2024,0.012355507797346572,0,0,0,0,0,1,0,0,0
0,1,0,10,3.96222,13,231476,9.7,13.3,6,309.4791666666667,4,17.9,41,0.0,0,2024,0.012355507797346572,0,0,0,0,0,1,0,0,0
0,1,0,10,1.081958630952381,13,182347,9.7,13.3,6,202.17261904761904,4,17.9,41,0.0,0,2024,0.005325317141768963,0,0,0,0,0,1,0,0,0
0,1,0,10,4.727871488095238,13,84310,9.7,13.3,6,373.1309523809524,4,17.9,41,0.0,1,2024,0.012636942915327585,0,0,0,0,0,1,0,0,0
0,1,0,10,4.727871488095238,13,84310,9.7,13.3,6,373.1309523809524,4,17.9,41,0.0,1,2024,0.012636942915327585,0,0,0,0,0,1,0,0,0
1,0,0,3,3.96222,11,137426,7.4,9.6,0,309.4791666666667,1,13.5,11,2.6,0,2024,0.012355507797346572,0,0,1,1,0,0,0,0,0
1,0,0,3,3.96222,11,137426,7.4,9.6,0,309.4791666666667,1,13.5,11,2.6,0,2024,0.012355507797346572,0,0,1,1,0,0,0,0,0
0,0,0,3,3.96,13,182347,11.1,12.3,2,441.9702380952381,1,13.9,11,0.2,1,2024,0.00893965250809605,0,0,1,0,0,0,0,0,1
0,0,0,3,3.96,13,182347,11.1,12.3,2,441.9702380952381,1,13.9,11,0.2,1,2024,0.00893965250809605,0,0,1,0,0,0,0,0,1
0,0,0,3,2.42775875,13,15207,11.1,12.3,2,169.66071428571428,1,13.9,11,0.2,0,2024,0.014225645076906981,0,0,1,0,0,0,0,0,1
0,0,0,3,2.42775875,13,15207,11.1,12.3,2,169.66071428571428,1,13.9,11,0.2,0,2024,0.014225645076906981,0,0,1,0,0,0,0,0,1
0,0,0,3,3.96222,13,32386,11.1,12.3,2,309.4791666666667,1,13.9,11,0.2,0,2024,0.012355507797346572,0,0,1,0,0,0,0,0,1
0,0,0,3,3.96222,13,32386,11.1,12.3,2,309.4791666666667,1,13.9,11,0.2,0,2024,0.012355507797346572,0,0,1,0,0,0,0,0,1
0,0,0,3,3.96222,13,15207,11.1,12.3,2,309.4791666666667,1,13.9,11,0.2,0,2024,0.012355507797346572,0,0,1,0,0,0,0,0,1
1,0,0,3,3.96222,12,15207,8.4,10.5,1,309.4791666666667,1,12.6,11,6.4,0,2024,0.012355507797346572,0,0,1,0,0,0,0,1,0
1,0,0,3,3.912907857142857,12,183839,8.4,10.5,1,181.32738095238096,1,12.6,11,6.4,0,2024,0.0214608899480918,0,0,1,0,0,0,0,1,0
1,0,0,3,3.912907857142857,12,183839,8.4,10.5,1,181.32738095238096,1,12.6,11,6.4,0,2024,0.0214608899480918,0,0,1,0,0,0,0,1,0
1,0,0,3,3.96,12,231476,8.4,10.5,1,224.95238095238096,1,12.6,11,6.4,0,2024,0.01752581664910432,0,0,1,0,0,0,0,1,0
1,0,0,3,3.96,12,231476,8.4,10.5,1,224.95238095238096,1,12.6,11,6.4,0,2024,0.01752581664910432,0,0,1,0,0,0,0,1,0
1,0,0,3,3.96222,11,138907,7.4,9.6,0,309.4791666666667,1,13.5,11,2.6,0,2024,0.012355507797346572,0,0,1,1,0,0,0,0,0
1,0,0,3,3.96222,11,138907,7.4,9.6,0,309.4791666666667,1,13.5,11,2.6,0,2024,0.012355507797346572,0,0,1,1,0,0,0,0,0
1,0,0,3,3.96222,11,138907,7.4,9.6,0,309.4791666666667,1,13.5,11,2.6,0,2024,0.012355507797346572,0,0,1,1,0,0,0,0,0
1,0,0,3,3.96,12,57934,8.4,10.5,1,391.44642857142856,1,12.6,11,6.4,1,2024,0.01009054921053829,0,0,1,0,0,0,0,1,0
1,0,0,3,3.96,12,57934,8.4,10.5,1,391.44642857142856,1,12.6,11,6.4,1,2024,0.01009054921053829,0,0,1,0,0,0,0,1,0
1,0,0,3,3.96222,12,32386,8.4,10.5,1,309.4791666666667,1,12.6,11,6.4,0,2024,0.012355507797346572,0,0,1,0,0,0,0,1,0
0,1,0,6,5.1298522023809525,30,137426,15.0,20.2,6,240.0654761904762,2,25.2,26,0.0,0,2024,0.021279912343514656,1,0,0,0,0,1,0,0,0
0,1,0,6,5.1298522023809525,30,137426,15.0,20.2,6,240.0654761904762,2,25.2,26,0.0,0,2024,0.021279912343514656,1,0,0,0,0,1,0,0,0
0,1,0,6,5.1298522023809525,30,137426,15.0,20.2,6,240.0654761904762,2,25.2,26,0.0,0,2024,0.021279912343514656,1,0,0,0,0,1,0,0,0
0,1,0,6,20.41845238095238,29,161450,14.2,19.5,5,4358.732142857143,2,25.1,26,0.8,1,2024,0.004683419006464737,1,0,0,0,1,0,0,0,0
0,1,0,6,20.41845238095238,29,161450,14.2,19.5,5,4358.732142857143,2,25.1,26,0.8,1,2024,0.004683419006464737,1,0,0,0,1,0,0,0,0
0,1,0,6,20.41845238095238,29,161450,14.2,19.5,5,4358.732142857143,2,25.1,26,0.8,1,2024,0.004683419006464737,1,0,0,0,1,0,0,0,0
0,1,0,6,20.41845238095238,30,160526,15.0,20.2,6,4358.732142857143,2,25.2,26,0.0,1,2024,0.004683419006464737,1,0,0,0,0,1,0,0,0
0,1,0,6,20.41845238095238,30,160526,15.0,20.2,6,4358.732142857143,2,25.2,26,0.0,1,2024,0.004683419006464737,1,0,0,0,0,1,0,0,0
0,1,0,6,0.0,30,161450,15.0,20.2,6,0.0,2,25.2,26,0.0,0,2024,0.0,1,0,0,0,0,1,0,0,0
0,1,0,6,0.0,30,161450,15.0,20.2,6,0.0,2,25.2,26,0.0,0,2024,0.0,1,0,0,0,0,1,0,0,0
0,1,0,6,3.96222,30,231476,15.0,20.2,6,309.4791666666667,2,25.2,26,0.0,0,2024,0.012355507797346572,1,0,0,0,0,1,0,0,0
0,1,0,6,3.96222,30,138907,15.0,20.2,6,309.4791666666667,2,25.2,26,0.0,0,2024,0.012355507797346572,1,0,0,0,0,1,0,0,0
0,1,0,6,3.96222,30,138907,15.0,20.2,6,309.4791666666667,2,25.2,26,0.0,0,2024,0.012355507797346572,1,0,0,0,0,1,0,0,0
0,1,0,6,3.96222,30,138907,15.0,20.2,6,309.4791666666667,2,25.2,26,0.0,0,2024,0.012355507797346572,1,0,0,0,0,1,0,0,0
0,1,0,6,3.96222,30,138907,15.0,20.2,6,309.4791666666667,2,25.2,26,0.0,0,2024,0.012355507797346572,1,0,0,0,0,1,0,0,0
0,1,0,6,3.96222,30,138907,15.0,20.2,6,309.4791666666667,2,25.2,26,0.0,0,2024,0.012355507797346572,1,0,0,0,0,1,0,0,0
0,1,0,6,3.96222,30,84310,15.0,20.2,6,309.4791666666667,2,25.2,26,0.0,0,2024,0.012355507797346572,1,0,0,0,0,1,0,0,0
0,1,0,6,3.96222,30,84310,15.0,20.2,6,309.4791666666667,2,25.2,26,0.0,0,2024,0.012355507797346572,1,0,0,0,0,1,0,0,0
0,1,0,6,3.96222,30,35837,15.0,20.2,6,309.4791666666667,2,25.2,26,0.0,0,2024,0.012355507797346572,1,0,0,0,0,1,0,0,0
0,1,0,6,3.96222,30,35837,15.0,20.2,6,309.4791666666667,2,25.2,26,0.0,0,2024,0.012355507797346572,1,0,0,0,0,1,0,0,0
0,0,0,6,3.96222,28,15207,15.3,19.8,4,309.4791666666667,2,26.5,26,0.0,0,2024,0.012355507797346572,1,0,0,0,0,0,0,0,0
0,0,0,6,3.96222,28,15207,15.3,19.8,4,309.4791666666667,2,26.5,26,0.0,0,2024,0.012355507797346572,1,0,0,0,0,0,0,0,0
1,0,0,4,3.96222,17,179566,6.5,8.8,2,309.4791666666667,2,13.5,16,3.2,0,2024,0.012355507797346572,0,0,1,0,0,0,0,0,1
1,0,0,4,3.96222,17,179566,6.5,8.8,2,309.4791666666667,2,13.5,16,3.2,0,2024,0.012355507797346572,0,0,1,0,0,0,0,0,1
0,0,0,4,3.96222,18,185914,3.9,9.4,3,309.4791666666667,2,15.3,16,0.0,0,2024,0.012355507797346572,0,0,1,0,0,0,1,0,0
0,0,0,4,3.96222,18,185914,3.9,9.4,3,309.4791666666667,2,15.3,16,0.0,0,2024,0.012355507797346572,0,0,1,0,0,0,1,0,0
0,0,0,4,3.96222,18,160526,3.9,9.4,3,309.4791666666667,2,15.3,16,0.0,0,2024,0.012355507797346572,0,0,1,0,0,0,1,0,0
0,0,0,4,3.96222,18,160526,3.9,9.4,3,309.4791666666667,2,15.3,16,0.0,0,2024,0.012355507797346572,0,0,1,0,0,0,1,0,0
0,0,0,4,3.96222,18,160526,3.9,9.4,3,309.4791666666667,2,15.3,16,0.0,0,2024,0.012355507797346572,0,0,1,0,0,0,1,0,0
0,0,0,4,3.96222,18,160526,3.9,9.4,3,309.4791666666667,2,15.3,16,0.0,0,2024,0.012355507797346572,0,0,1,0,0,0,1,0,0
1,0,0,4,3.96222,17,161450,6.5,8.8,2,309.4791666666667,2,13.5,16,3.2,0,2024,0.012355507797346572,0,0,1,0,0,0,0,0,1
1,0,0,4,3.96222,17,161450,6.5,8.8,2,309.4791666666667,2,13.5,16,3.2,0,2024,0.012355507797346572,0,0,1,0,0,0,0,0,1
1,0,0,4,3.96222,17,161450,6.5,8.8,2,309.4791666666667,2,13.5,16,3.2,0,2024,0.012355507797346572,0,0,1,0,0,0,0,0,1
1,0,0,4,3.96222,17,161450,6.5,8.8,2,309.4791666666667,2,13.5,16,3.2,0,2024,0.012355507797346572,0,0,1,0,0,0,0,0,1
0,0,0,4,14.397619047619049,18,231476,3.9,9.4,3,3748.517857142857,2,15.3,16,0.0,1,2024,0.0038398587754933577,0,0,1,0,0,0,1,0,0
0,0,0,4,14.397619047619049,18,231476,3.9,9.4,3,3748.517857142857,2,15.3,16,0.0,1,2024,0.0038398587754933577,0,0,1,0,0,0,1,0,0
0,0,0,4,3.96222,18,138907,3.9,9.4,3,309.4791666666667,2,15.3,16,0.0,0,2024,0.012355507797346572,0,0,1,0,0,0,1,0,0
0,0,0,4,3.96222,18,138907,3.9,9.4,3,309.4791666666667,2,15.3,16,0.0,0,2024,0.012355507797346572,0,0,1,0,0,0,1,0,0
0,0,0,4,3.96222,18,138907,3.9,9.4,3,309.4791666666667,2,15.3,16,0.0,0,2024,0.012355507797346572,0,0,1,0,0,0,1,0,0
0,0,0,4,3.96222,18,84310,3.9,9.4,3,309.4791666666667,2,15.3,16,0.0,0,2024,0.012355507797346572,0,0,1,0,0,0,1,0,0
0,0,0,4,3.96222,18,84310,3.9,9.4,3,309.4791666666667,2,15.3,16,0.0,0,2024,0.012355507797346572,0,0,1,0,0,0,1,0,0
0,0,0,4,3.830000000000001,18,35837,3.9,9.4,3,395.1607142857143,2,15.3,16,0.0,1,2024,0.009667793554203294,0,0,1,0,0,0,1,0,0
0,0,0,4,3.830000000000001,18,35837,3.9,9.4,3,395.1607142857143,2,15.3,16,0.0,1,2024,0.009667793554203294,0,0,1,0,0,0,1,0,0
0,0,0,4,3.96222,18,35837,3.9,9.4,3,309.4791666666667,2,15.3,16,0.0,0,2024,0.012355507797346572,0,0,1,0,0,0,1,0,0
0,0,0,4,3.96222,18,35837,3.9,9.4,3,309.4791666666667,2,15.3,16,0.0,0,2024,0.012355507797346572,0,0,1,0,0,0,1,0,0
1,0,0,4,2.4591309523809524,17,48784,6.5,8.8,2,1142.1190476190477,2,13.5,16,3.2,1,2024,0.0021512465893232797,0,0,1,0,0,0,0,0,1
1,0,0,4,2.4591309523809524,17,48784,6.5,8.8,2,1142.1190476190477,2,13.5,16,3.2,1,2024,0.0021512465893232797,0,0,1,0,0,0,0,0,1
0,0,0,4,3.96222,18,32386,3.9,9.4,3,309.4791666666667,2,15.3,16,0.0,0,2024,0.012355507797346572,0,0,1,0,0,0,1,0,0
0,0,0,4,3.96222,18,32386,3.9,9.4,3,309.4791666666667,2,15.3,16,0.0,0,2024,0.012355507797346572,0,0,1,0,0,0,1,0,0
1,0,0,4,3.96222,17,15207,6.5,8.8,2,309.4791666666667,2,13.5,16,3.2,0,2024,0.012355507797346572,0,0,1,0,0,0,0,0,1
1,0,0,4,3.96222,17,15207,6.5,8.8,2,309.4791666666667,2,13.5,16,3.2,0,2024,0.012355507797346572,0,0,1,0,0,0,0,0,1
0,0,0,1,3.96222,30,231476,9.1,10.3,1,309.4791666666667,1,12.2,5,0.0,0,2024,0.012355507797346572,0,1,0,0,0,0,0,1,0
0,0,0,1,3.96222,30,231476,9.1,10.3,1,309.4791666666667,1,12.2,5,0.0,0,2024,0.012355507797346572,0,1,0,0,0,0,0,1,0
0,0,0,1,3.96222,30,183839,9.1,10.3,1,309.4791666666667,1,12.2,5,0.0,0,2024,0.012355507797346572,0,1,0,0,0,0,0,1,0
0,0,0,1,3.96222,30,183839,9.1,10.3,1,309.4791666666667,1,12.2,5,0.0,0,2024,0.012355507797346572,0,1,0,0,0,0,0,1,0
0,0,0,1,3.96222,30,183839,9.1,10.3,1,309.4791666666667,1,12.2,5,0.0,0,2024,0.012355507797346572,0,1,0,0,0,0,0,1,0
0,0,0,1,3.8136125,29,137426,4.6,9.6,0,554.6041666666667,1,14.9,5,0.2,1,2024,0.006863901908582998,0,1,0,1,0,0,0,0,0
0,0,0,1,3.8136125,29,137426,4.6,9.6,0,554.6041666666667,1,14.9,5,0.2,1,2024,0.006863901908582998,0,1,0,1,0,0,0,0,0
0,0,0,1,3.8136125,29,137426,4.6,9.6,0,554.6041666666667,1,14.9,5,0.2,1,2024,0.006863901908582998,0,1,0,1,0,0,0,0,0
0,1,0,1,3.96222,27,55932,1.5,5.0,5,309.4791666666667,1,9.5,4,0.0,0,2024,0.012355507797346572,0,1,0,0,1,0,0,0,0
0,1,0,1,3.96222,27,55932,1.5,5.0,5,309.4791666666667,1,9.5,4,0.0,0,2024,0.012355507797346572,0,1,0,0,1,0,0,0,0
0,0,0,1,3.96222,30,161450,9.1,10.3,1,309.4791666666667,1,12.2,5,0.0,0,2024,0.012355507797346572,0,1,0,0,0,0,0,1,0
0,0,0,1,3.96222,30,161450,9.1,10.3,1,309.4791666666667,1,12.2,5,0.0,0,2024,0.012355507797346572,0,1,0,0,0,0,0,1,0
0,0,0,1,3.96222,30,138887,9.1,10.3,1,309.4791666666667,1,12.2,5,0.0,0,2024,0.012355507797346572,0,1,0,0,0,0,0,1,0
0,0,0,1,3.96222,30,138887,9.1,10.3,1,309.4791666666667,1,12.2,5,0.0,0,2024,0.012355507797346572,0,1,0,0,0,0,0,1,0
0,0,0,1,3.1742697916666667,30,138887,9.1,10.3,1,139.9670138888889,1,12.2,5,0.0,0,2024,0.022517819623877725,0,1,0,0,0,0,0,1,0
0,0,0,1,3.1742697916666667,30,138887,9.1,10.3,1,139.9670138888889,1,12.2,5,0.0,0,2024,0.022517819623877725,0,1,0,0,0,0,0,1,0
0,0,0,1,3.96222,30,32386,9.1,10.3,1,309.4791666666667,1,12.2,5,0.0,0,2024,0.012355507797346572,0,1,0,0,0,0,0,1,0
0,0,0,1,3.96222,30,32386,9.1,10.3,1,309.4791666666667,1,12.2,5,0.0,0,2024,0.012355507797346572,0,1,0,0,0,0,0,1,0
0,0,0,1,3.96222,29,15207,4.6,9.6,0,309.4791666666667,1,14.9,5,0.2,0,2024,0.012355507797346572,0,1,0,1,0,0,0,0,0
0,0,0,1,3.96222,29,15207,4.6,9.6,0,309.4791666666667,1,14.9,5,0.2,0,2024,0.012355507797346572,0,1,0,1,0,0,0,0,0
1,1,0,9,0.9686555952380952,8,185914,13.9,17.2,6,53.63095238095238,3,22.6,36,8.2,0,2024,0.017730893440836785,0,0,0,0,0,1,0,0,0
1,1,0,9,0.9686555952380952,8,185914,13.9,17.2,6,53.63095238095238,3,22.6,36,8.2,0,2024,0.017730893440836785,0,0,0,0,0,1,0,0,0
1,1,0,9,0.9686555952380952,8,185914,13.9,17.2,6,53.63095238095238,3,22.6,36,8.2,0,2024,0.017730893440836785,0,0,0,0,0,1,0,0,0
1,1,0,9,0.9686555952380952,8,185914,13.9,17.2,6,53.63095238095238,3,22.6,36,8.2,0,2024,0.017730893440836785,0,0,0,0,0,1,0,0,0
0,1,0,9,3.96222,7,231476,16.6,18.8,5,309.4791666666667,3,23.6,36,0.8,0,2024,0.012355507797346572,0,0,0,0,1,0,0,0,0
0,1,0,9,3.96222,7,231476,16.6,18.8,5,309.4791666666667,3,23.6,36,0.8,0,2024,0.012355507797346572,0,0,0,0,1,0,0,0,0
0,1,0,9,3.96222,7,231476,16.6,18.8,5,309.4791666666667,3,23.6,36,0.8,0,2024,0.012355507797346572,0,0,0,0,1,0,0,0,0
0,1,0,9,3.96222,7,231476,16.6,18.8,5,309.4791666666667,3,23.6,36,0.8,0,2024,0.012355507797346572,0,0,0,0,1,0,0,0,0
0,1,0,9,3.96222,7,231476,16.6,18.8,5,309.4791666666667,3,23.6,36,0.8,0,2024,0.012355507797346572,0,0,0,0,1,0,0,0,0
1,0,0,9,3.96222,6,231476,12.1,18.3,4,309.4791666666667,3,25.0,36,2.4,0,2024,0.012355507797346572,0,0,0,0,0,0,0,0,0
1,0,0,9,3.96222,6,231476,12.1,18.3,4,309.4791666666667,3,25.0,36,2.4,0,2024,0.012355507797346572,0,0,0,0,0,0,0,0,0
1,0,0,9,3.96222,6,231476,12.1,18.3,4,309.4791666666667,3,25.0,36,2.4,0,2024,0.012355507797346572,0,0,0,0,0,0,0,0,0
1,1,0,9,3.96222,8,185914,13.9,17.2,6,309.4791666666667,3,22.6,36,8.2,0,2024,0.012355507797346572,0,0,0,0,0,1,0,0,0
1,1,0,9,3.96222,8,185914,13.9,17.2,6,309.4791666666667,3,22.6,36,8.2,0,2024,0.012355507797346572,0,0,0,0,0,1,0,0,0
1,1,0,9,3.96222,8,161450,13.9,17.2,6,309.4791666666667,3,22.6,36,8.2,0,2024,0.012355507797346572,0,0,0,0,0,1,0,0,0
1,1,0,9,3.96222,8,161450,13.9,17.2,6,309.4791666666667,3,22.6,36,8.2,0,2024,0.012355507797346572,0,0,0,0,0,1,0,0,0
1,1,0,9,3.96222,8,161450,13.9,17.2,6,309.4791666666667,3,22.6,36,8.2,0,2024,0.012355507797346572,0,0,0,0,0,1,0,0,0
1,1,0,9,3.96222,8,161450,13.9,17.2,6,309.4791666666667,3,22.6,36,8.2,0,2024,0.012355507797346572,0,0,0,0,0,1,0,0,0
1,1,0,9,3.96222,8,161450,13.9,17.2,6,309.4791666666667,3,22.6,36,8.2,0,2024,0.012355507797346572,0,0,0,0,0,1,0,0,0
1,0,0,9,3.96222,6,161450,12.1,18.3,4,309.4791666666667,3,25.0,36,2.4,0,2024,0.012355507797346572,0,0,0,0,0,0,0,0,0
1,0,0,9,3.96222,6,161450,12.1,18.3,4,309.4791666666667,3,25.0,36,2.4,0,2024,0.012355507797346572,0,0,0,0,0,0,0,0,0
1,1,0,9,3.96222,8,231476,13.9,17.2,6,309.4791666666667,3,22.6,36,8.2,0,2024,0.012355507797346572,0,0,0,0,0,1,0,0,0
1,1,0,9,3.96222,8,231476,13.9,17.2,6,309.4791666666667,3,22.6,36,8.2,0,2024,0.012355507797346572,0,0,0,0,0,1,0,0,0
1,1,0,9,3.96222,8,231476,13.9,17.2,6,309.4791666666667,3,22.6,36,8.2,0,2024,0.012355507797346572,0,0,0,0,0,1,0,0,0
0,1,0,9,1.8839828571428567,7,231476,16.6,18.8,5,172.16071428571428,3,23.6,36,0.8,0,2024,0.010879967000103123,0,0,0,0,1,0,0,0,0
0,1,0,9,1.8839828571428567,7,231476,16.6,18.8,5,172.16071428571428,3,23.6,36,0.8,0,2024,0.010879967000103123,0,0,0,0,1,0,0,0,0
0,1,0,9,1.8839828571428567,7,231476,16.6,18.8,5,172.16071428571428,3,23.6,36,0.8,0,2024,0.010879967000103123,0,0,0,0,1,0,0,0,0
1,1,0,9,6.819538630952381,8,15207,13.9,17.2,6,811.3809523809524,3,22.6,36,8.2,1,2024,0.008394508279601406,0,0,0,0,0,1,0,0,0
1,1,0,9,6.819538630952381,8,15207,13.9,17.2,6,811.3809523809524,3,22.6,36,8.2,1,2024,0.008394508279601406,0,0,0,0,0,1,0,0,0
1,1,0,9,6.819538630952381,8,15207,13.9,17.2,6,811.3809523809524,3,22.6,36,8.2,1,2024,0.008394508279601406,0,0,0,0,0,1,0,0,0
1,1,0,9,3.96222,8,27547,13.9,17.2,6,309.4791666666667,3,22.6,36,8.2,0,2024,0.012355507797346572,0,0,0,0,0,1,0,0,0
1,1,0,9,3.96222,8,27547,13.9,17.2,6,309.4791666666667,3,22.6,36,8.2,0,2024,0.012355507797346572,0,0,0,0,0,1,0,0,0
1,1,0,9,3.96222,8,27547,13.9,17.2,6,309.4791666666667,3,22.6,36,8.2,0,2024,0.012355507797346572,0,0,0,0,0,1,0,0,0
0,0,0,6,3.96222,20,48784,16.2,19.7,3,309.4791666666667,2,25.0,25,0.2,0,2024,0.012355507797346572,1,0,0,0,0,0,1,0,0
0,0,0,1,3.96222,29,161450,4.6,9.6,0,309.4791666666667,1,14.9,5,0.2,0,2024,0.012355507797346572,0,1,0,1,0,0,0,0,0
0,0,0,1,3.96222,29,161450,4.6,9.6,0,309.4791666666667,1,14.9,5,0.2,0,2024,0.012355507797346572,0,1,0,1,0,0,0,0,0
0,0,0,1,3.8136125,29,231476,4.6,9.6,0,411.95659722222223,1,14.9,5,0.2,1,2024,0.00923489908056318,0,1,0,1,0,0,0,0,0
0,0,0,1,3.8136125,29,231476,4.6,9.6,0,411.95659722222223,1,14.9,5,0.2,1,2024,0.00923489908056318,0,1,0,1,0,0,0,0,0
0,0,0,1,3.96222,26,138907,8.9,10.3,4,309.4791666666667,1,13.9,4,1.0,0,2024,0.012355507797346572,0,1,0,0,0,0,0,0,0
0,0,0,1,3.96222,26,138907,8.9,10.3,4,309.4791666666667,1,13.9,4,1.0,0,2024,0.012355507797346572,0,1,0,0,0,0,0,0,0
0,1,0,1,15.32181357142857,28,15207,2.2,5.8,6,1264.7559523809523,1,9.6,4,0.0,1,2024,0.012104871829840064,0,1,0,0,0,1,0,0,0
0,1,0,1,15.32181357142857,28,15207,2.2,5.8,6,1264.7559523809523,1,9.6,4,0.0,1,2024,0.012104871829840064,0,1,0,0,0,1,0,0,0
1,0,0,8,3.96222,1,161450,20.7,25.7,3,309.4791666666667,3,32.6,31,9.3,0,2024,0.012355507797346572,1,0,0,0,0,0,1,0,0
1,0,0,8,3.96222,1,161450,20.7,25.7,3,309.4791666666667,3,32.6,31,9.3,0,2024,0.012355507797346572,1,0,0,0,0,0,1,0,0
1,0,0,8,3.96222,1,161450,20.7,25.7,3,309.4791666666667,3,32.6,31,9.3,0,2024,0.012355507797346572,1,0,0,0,0,0,1,0,0
1,0,0,7,10.472222222222221,31,161450,20.9,26.1,2,4029.3576388888887,3,34.3,31,4.2,1,2024,0.0025983357211716977,1,0,0,0,0,0,0,0,1
1,0,0,7,10.472222222222221,31,161450,20.9,26.1,2,4029.3576388888887,3,34.3,31,4.2,1,2024,0.0025983357211716977,1,0,0,0,0,0,0,0,1
1,0,0,7,3.96222,31,185914,20.9,26.1,2,309.4791666666667,3,34.3,31,4.2,0,2024,0.012355507797346572,1,0,0,0,0,0,0,0,1
1,0,0,7,3.96222,31,185914,20.9,26.1,2,309.4791666666667,3,34.3,31,4.2,0,2024,0.012355507797346572,1,0,0,0,0,0,0,0,1
1,0,0,7,3.96222,31,185914,20.9,26.1,2,309.4791666666667,3,34.3,31,4.2,0,2024,0.012355507797346572,1,0,0,0,0,0,0,0,1
1,0,0,7,3.96222,31,185914,20.9,26.1,2,309.4791666666667,3,34.3,31,4.2,0,2024,0.012355507797346572,1,0,0,0,0,0,0,0,1
1,0,0,7,3.96222,31,185914,20.9,26.1,2,309.4791666666667,3,34.3,31,4.2,0,2024,0.012355507797346572,1,0,0,0,0,0,0,0,1
1,0,0,7,3.96222,31,185914,20.9,26.1,2,309.4791666666667,3,34.3,31,4.2,0,2024,0.012355507797346572,1,0,0,0,0,0,0,0,1
1,0,0,8,3.96222,1,179566,20.7,25.7,3,309.4791666666667,3,32.6,31,9.3,0,2024,0.012355507797346572,1,0,0,0,0,0,1,0,0
1,0,0,8,3.96222,1,179566,20.7,25.7,3,309.4791666666667,3,32.6,31,9.3,0,2024,0.012355507797346572,1,0,0,0,0,0,1,0,0
1,0,0,8,3.96222,1,179566,20.7,25.7,3,309.4791666666667,3,32.6,31,9.3,0,2024,0.012355507797346572,1,0,0,0,0,0,1,0,0
1,0,0,8,3.96222,1,179566,20.7,25.7,3,309.4791666666667,3,32.6,31,9.3,0,2024,0.012355507797346572,1,0,0,0,0,0,1,0,0
1,0,0,7,2.859725,31,160526,20.9,26.1,2,207.26215277777777,3,34.3,31,4.2,0,2024,0.013731371551946916,1,0,0,0,0,0,0,0,1
1,0,0,8,2.859725,1,161450,20.7,25.7,3,291.43055555555554,3,32.6,31,9.3,0,2024,0.009779159344573737,1,0,0,0,0,0,1,0,0
1,0,0,8,2.859725,1,161450,20.7,25.7,3,291.43055555555554,3,32.6,31,9.3,0,2024,0.009779159344573737,1,0,0,0,0,0,1,0,0
1,0,0,7,0.7412222222222222,31,161450,20.9,26.1,2,183.06770833333331,3,34.3,31,4.2,0,2024,0.004026899823623176,1,0,0,0,0,0,0,0,1
1,0,0,7,0.7412222222222222,31,161450,20.9,26.1,2,183.06770833333331,3,34.3,31,4.2,0,2024,0.004026899823623176,1,0,0,0,0,0,0,0,1
1,0,0,8,2.4165800868055554,1,182347,20.7,25.7,3,389.86458333333337,3,32.6,31,9.3,1,2024,0.006182652995051922,1,0,0,0,0,0,1,0,0
1,0,0,8,2.4165800868055554,1,182347,20.7,25.7,3,389.86458333333337,3,32.6,31,9.3,1,2024,0.006182652995051922,1,0,0,0,0,0,1,0,0
1,0,0,8,3.96222,1,138907,20.7,25.7,3,309.4791666666667,3,32.6,31,9.3,0,2024,0.012355507797346572,1,0,0,0,0,0,1,0,0
1,0,0,8,3.96222,1,138907,20.7,25.7,3,309.4791666666667,3,32.6,31,9.3,0,2024,0.012355507797346572,1,0,0,0,0,0,1,0,0
1,0,0,8,0.9885621354166667,1,138907,20.7,25.7,3,198.86111111111111,3,32.6,31,9.3,0,2024,0.0049462455698401665,1,0,0,0,0,0,1,0,0
1,0,0,8,0.9885621354166667,1,138907,20.7,25.7,3,198.86111111111111,3,32.6,31,9.3,0,2024,0.0049462455698401665,1,0,0,0,0,0,1,0,0
1,0,0,7,0.7302191319444444,31,138907,20.9,26.1,2,108.85416666666669,3,34.3,31,4.2,0,2024,0.0066471682786522525,1,0,0,0,0,0,0,0,1
1,0,0,7,0.7302191319444444,31,138907,20.9,26.1,2,108.85416666666669,3,34.3,31,4.2,0,2024,0.0066471682786522525,1,0,0,0,0,0,0,0,1
1,0,0,8,2.0093129340277778,1,138887,20.7,25.7,3,128.69444444444446,3,32.6,31,9.3,0,2024,0.015492667728635681,1,0,0,0,0,0,1,0,0
1,0,0,8,2.0093129340277778,1,138887,20.7,25.7,3,128.69444444444446,3,32.6,31,9.3,0,2024,0.015492667728635681,1,0,0,0,0,0,1,0,0
1,0,0,8,14.450097256944444,1,84310,20.7,25.7,3,553.3715277777778,3,32.6,31,9.3,1,2024,0.026065727644542427,1,0,0,0,0,0,1,0,0
1,0,0,8,14.450097256944444,1,84310,20.7,25.7,3,553.3715277777778,3,32.6,31,9.3,1,2024,0.026065727644542427,1,0,0,0,0,0,1,0,0
1,0,0,8,3.96222,1,48784,20.7,25.7,3,309.4791666666667,3,32.6,31,9.3,0,2024,0.012355507797346572,1,0,0,0,0,0,1,0,0
1,0,0,8,3.96222,1,15207,20.7,25.7,3,309.4791666666667,3,32.6,31,9.3,0,2024,0.012355507797346572,1,0,0,0,0,0,1,0,0
1,0,0,8,3.96222,1,15207,20.7,25.7,3,309.4791666666667,3,32.6,31,9.3,0,2024,0.012355507797346572,1,0,0,0,0,0,1,0,0
1,0,0,8,3.96222,1,15207,20.7,25.7,3,309.4791666666667,3,32.6,31,9.3,0,2024,0.012355507797346572,1,0,0,0,0,0,1,0,0
1,0,0,5,4.2647200000000005,28,182347,10.7,14.9,1,161.77499999999998,2,17.6,22,5.6,0,2024,0.02620009215174321,0,0,1,0,0,0,0,1,0
1,0,0,5,4.2647200000000005,28,182347,10.7,14.9,1,161.77499999999998,2,17.6,22,5.6,0,2024,0.02620009215174321,0,0,1,0,0,0,0,1,0
1,0,0,5,3.96222,27,138907,13.6,15.0,0,309.4791666666667,2,19.0,22,7.1,0,2024,0.012355507797346572,0,0,1,1,0,0,0,0,0
1,0,0,5,3.96222,27,138907,13.6,15.0,0,309.4791666666667,2,19.0,22,7.1,0,2024,0.012355507797346572,0,0,1,1,0,0,0,0,0
1,0,0,5,3.96222,27,138907,13.6,15.0,0,309.4791666666667,2,19.0,22,7.1,0,2024,0.012355507797346572,0,0,1,1,0,0,0,0,0
1,0,0,5,3.96222,27,138907,13.6,15.0,0,309.4791666666667,2,19.0,22,7.1,0,2024,0.012355507797346572,0,0,1,1,0,0,0,0,0
1,0,0,5,3.96222,28,138887,10.7,14.9,1,309.4791666666667,2,17.6,22,5.6,0,2024,0.012355507797346572,0,0,1,0,0,0,0,1,0
1,0,0,5,3.96222,28,138887,10.7,14.9,1,309.4791666666667,2,17.6,22,5.6,0,2024,0.012355507797346572,0,0,1,0,0,0,0,1,0
1,0,0,5,3.96222,28,138887,10.7,14.9,1,309.4791666666667,2,17.6,22,5.6,0,2024,0.012355507797346572,0,0,1,0,0,0,0,1,0
1,0,0,5,3.96222,28,84310,10.7,14.9,1,309.4791666666667,2,17.6,22,5.6,0,2024,0.012355507797346572,0,0,1,0,0,0,0,1,0
1,0,0,5,13.782792833333334,27,84310,13.6,15.0,0,575.7104166666667,2,19.0,22,7.1,1,2024,0.02389898367537145,0,0,1,1,0,0,0,0,0
1,0,0,5,13.782792833333334,27,84310,13.6,15.0,0,575.7104166666667,2,19.0,22,7.1,1,2024,0.02389898367537145,0,0,1,1,0,0,0,0,0
1,0,0,5,4.2647200000000005,28,35837,10.7,14.9,1,480.8520833333333,2,17.6,22,5.6,1,2024,0.008850682911854866,0,0,1,0,0,0,0,1,0
1,0,0,5,4.2647200000000005,28,35837,10.7,14.9,1,480.8520833333333,2,17.6,22,5.6,1,2024,0.008850682911854866,0,0,1,0,0,0,0,1,0
1,0,0,5,4.2647200000000005,28,35837,10.7,14.9,1,480.8520833333333,2,17.6,22,5.6,1,2024,0.008850682911854866,0,0,1,0,0,0,0,1,0
1,0,0,5,3.96222,28,161450,10.7,14.9,1,309.4791666666667,2,17.6,22,5.6,0,2024,0.012355507797346572,0,0,1,0,0,0,0,1,0
1,0,0,5,3.96222,28,161450,10.7,14.9,1,309.4791666666667,2,17.6,22,5.6,0,2024,0.012355507797346572,0,0,1,0,0,0,0,1,0
1,0,0,5,3.96222,28,27547,10.7,14.9,1,309.4791666666667,2,17.6,22,5.6,0,2024,0.012355507797346572,0,0,1,0,0,0,0,1,0
1,0,0,5,3.96222,28,27547,10.7,14.9,1,309.4791666666667,2,17.6,22,5.6,0,2024,0.012355507797346572,0,0,1,0,0,0,0,1,0
0,1,0,5,3.96222,26,161450,16.2,18.9,6,309.4791666666667,2,23.6,21,0.8,0,2024,0.012355507797346572,0,0,1,0,0,1,0,0,0
0,1,0,5,3.96222,26,161450,16.2,18.9,6,309.4791666666667,2,23.6,21,0.8,0,2024,0.012355507797346572,0,0,1,0,0,1,0,0,0
0,1,0,5,3.96222,25,185914,10.6,18.2,5,309.4791666666667,2,23.6,21,0.0,0,2024,0.012355507797346572,0,0,1,0,1,0,0,0,0
0,1,0,5,3.96222,25,185914,10.6,18.2,5,309.4791666666667,2,23.6,21,0.0,0,2024,0.012355507797346572,0,0,1,0,1,0,0,0,0
0,1,0,5,3.96222,25,138887,10.6,18.2,5,309.4791666666667,2,23.6,21,0.0,0,2024,0.012355507797346572,0,0,1,0,1,0,0,0,0
0,1,0,5,3.96222,25,138887,10.6,18.2,5,309.4791666666667,2,23.6,21,0.0,0,2024,0.012355507797346572,0,0,1,0,1,0,0,0,0
1,0,0,5,3.8797989166666667,27,179566,13.6,15.0,0,456.2166666666667,2,19.0,22,7.1,1,2024,0.00848569004483651,0,0,1,1,0,0,0,0,0
1,0,0,5,3.8797989166666667,27,179566,13.6,15.0,0,456.2166666666667,2,19.0,22,7.1,1,2024,0.00848569004483651,0,0,1,1,0,0,0,0,0
1,0,0,5,3.96222,27,161450,13.6,15.0,0,309.4791666666667,2,19.0,22,7.1,0,2024,0.012355507797346572,0,0,1,1,0,0,0,0,0
1,0,0,5,3.96222,27,161450,13.6,15.0,0,309.4791666666667,2,19.0,22,7.1,0,2024,0.012355507797346572,0,0,1,1,0,0,0,0,0
1,0,0,5,4.2647200000000005,27,182347,13.6,15.0,0,391.45208333333335,2,19.0,22,7.1,1,2024,0.010866855295497859,0,0,1,1,0,0,0,0,0
1,0,0,5,4.2647200000000005,27,182347,13.6,15.0,0,391.45208333333335,2,19.0,22,7.1,1,2024,0.010866855295497859,0,0,1,1,0,0,0,0,0
1,0,0,5,3.96222,27,84310,13.6,15.0,0,309.4791666666667,2,19.0,22,7.1,0,2024,0.012355507797346572,0,0,1,1,0,0,0,0,0
1,0,0,5,3.96222,27,84310,13.6,15.0,0,309.4791666666667,2,19.0,22,7.1,0,2024,0.012355507797346572,0,0,1,1,0,0,0,0,0
1,0,0,5,3.96222,27,15207,13.6,15.0,0,309.4791666666667,2,19.0,22,7.1,0,2024,0.012355507797346572,0,0,1,1,0,0,0,0,0
1,0,0,5,3.96222,27,15207,13.6,15.0,0,309.4791666666667,2,19.0,22,7.1,0,2024,0.012355507797346572,0,0,1,1,0,0,0,0,0
1,1,0,10,3.96222,12,161450,8.3,12.6,5,309.4791666666667,4,15.0,41,1.2,0,2024,0.012355507797346572,0,0,0,0,1,0,0,0,0
1,1,0,10,3.96222,12,161450,8.3,12.6,5,309.4791666666667,4,15.0,41,1.2,0,2024,0.012355507797346572,0,0,0,0,1,0,0,0,0
1,1,0,10,3.96222,12,161450,8.3,12.6,5,309.4791666666667,4,15.0,41,1.2,0,2024,0.012355507797346572,0,0,0,0,1,0,0,0,0
1,1,0,10,3.96222,12,161450,8.3,12.6,5,309.4791666666667,4,15.0,41,1.2,0,2024,0.012355507797346572,0,0,0,0,1,0,0,0,0
1,1,0,10,3.96222,12,161450,8.3,12.6,5,309.4791666666667,4,15.0,41,1.2,0,2024,0.012355507797346572,0,0,0,0,1,0,0,0,0
1,1,0,10,3.96222,12,161450,8.3,12.6,5,309.4791666666667,4,15.0,41,1.2,0,2024,0.012355507797346572,0,0,0,0,1,0,0,0,0
1,1,0,10,3.96222,12,161450,8.3,12.6,5,309.4791666666667,4,15.0,41,1.2,0,2024,0.012355507797346572,0,0,0,0,1,0,0,0,0
0,0,0,10,1.6648694642857145,11,185914,7.3,11.2,4,304.2261904761905,4,17.6,41,0.0,0,2024,0.0054545432739186404,0,0,0,0,0,0,0,0,0
0,0,0,10,1.6648694642857145,11,185914,7.3,11.2,4,304.2261904761905,4,17.6,41,0.0,0,2024,0.0054545432739186404,0,0,0,0,0,0,0,0,0
0,0,0,10,1.6648694642857145,11,185914,7.3,11.2,4,304.2261904761905,4,17.6,41,0.0,0,2024,0.0054545432739186404,0,0,0,0,0,0,0,0,0
0,0,0,10,4.05,11,19979,7.3,11.2,4,978.202380952381,4,17.6,41,0.0,1,2024,0.0041360193549171455,0,0,0,0,0,0,0,0,0
0,0,0,10,4.05,11,19979,7.3,11.2,4,978.202380952381,4,17.6,41,0.0,1,2024,0.0041360193549171455,0,0,0,0,0,0,0,0,0
1,1,0,10,3.96222,12,183839,8.3,12.6,5,309.4791666666667,4,15.0,41,1.2,0,2024,0.012355507797346572,0,0,0,0,1,0,0,0,0
1,1,0,10,3.96222,12,183839,8.3,12.6,5,309.4791666666667,4,15.0,41,1.2,0,2024,0.012355507797346572,0,0,0,0,1,0,0,0,0
1,1,0,10,3.96222,12,160526,8.3,12.6,5,309.4791666666667,4,15.0,41,1.2,0,2024,0.012355507797346572,0,0,0,0,1,0,0,0,0
1,1,0,10,3.96222,12,160526,8.3,12.6,5,309.4791666666667,4,15.0,41,1.2,0,2024,0.012355507797346572,0,0,0,0,1,0,0,0,0
1,1,0,10,3.96222,12,160526,8.3,12.6,5,309.4791666666667,4,15.0,41,1.2,0,2024,0.012355507797346572,0,0,0,0,1,0,0,0,0
1,1,0,10,3.96222,12,161450,8.3,12.6,5,309.4791666666667,4,15.0,41,1.2,0,2024,0.012355507797346572,0,0,0,0,1,0,0,0,0
1,1,0,10,3.96222,12,161450,8.3,12.6,5,309.4791666666667,4,15.0,41,1.2,0,2024,0.012355507797346572,0,0,0,0,1,0,0,0,0
1,1,0,10,3.96222,12,161450,8.3,12.6,5,309.4791666666667,4,15.0,41,1.2,0,2024,0.012355507797346572,0,0,0,0,1,0,0,0,0
1,1,0,10,3.96222,12,161450,8.3,12.6,5,309.4791666666667,4,15.0,41,1.2,0,2024,0.012355507797346572,0,0,0,0,1,0,0,0,0
1,1,0,10,3.96222,12,161450,8.3,12.6,5,309.4791666666667,4,15.0,41,1.2,0,2024,0.012355507797346572,0,0,0,0,1,0,0,0,0
1,1,0,10,13.875199583333334,12,231476,8.3,12.6,5,405.7559523809524,4,15.0,41,1.2,1,2024,0.0341118538084437,0,0,0,0,1,0,0,0,0
1,1,0,10,13.875199583333334,12,231476,8.3,12.6,5,405.7559523809524,4,15.0,41,1.2,1,2024,0.0341118538084437,0,0,0,0,1,0,0,0,0
0,0,0,10,3.96222,11,138907,7.3,11.2,4,309.4791666666667,4,17.6,41,0.0,0,2024,0.012355507797346572,0,0,0,0,0,0,0,0,0
0,0,0,10,3.96222,11,138907,7.3,11.2,4,309.4791666666667,4,17.6,41,0.0,0,2024,0.012355507797346572,0,0,0,0,0,0,0,0,0
1,1,0,10,3.959409166666666,12,138887,8.3,12.6,5,158.39880952380952,4,15.0,41,1.2,0,2024,0.02483964076328466,0,0,0,0,1,0,0,0,0
1,1,0,10,3.959409166666666,12,138887,8.3,12.6,5,158.39880952380952,4,15.0,41,1.2,0,2024,0.02483964076328466,0,0,0,0,1,0,0,0,0
1,1,0,10,5.328790714285715,12,35837,8.3,12.6,5,723.7678571428571,4,15.0,41,1.2,1,2024,0.007352410377707149,0,0,0,0,1,0,0,0,0
1,1,0,10,5.328790714285715,12,35837,8.3,12.6,5,723.7678571428571,4,15.0,41,1.2,1,2024,0.007352410377707149,0,0,0,0,1,0,0,0,0
0,0,0,10,3.96222,11,32386,7.3,11.2,4,309.4791666666667,4,17.6,41,0.0,0,2024,0.012355507797346572,0,0,0,0,0,0,0,0,0
0,0,0,10,3.96222,11,32386,7.3,11.2,4,309.4791666666667,4,17.6,41,0.0,0,2024,0.012355507797346572,0,0,0,0,0,0,0,0,0
0,1,0,6,3.96222,29,185914,14.2,19.5,5,309.4791666666667,2,25.1,26,0.8,0,2024,0.012355507797346572,1,0,0,0,1,0,0,0,0
0,1,0,6,3.96222,29,185914,14.2,19.5,5,309.4791666666667,2,25.1,26,0.8,0,2024,0.012355507797346572,1,0,0,0,1,0,0,0,0
0,1,0,6,3.96222,29,185914,14.2,19.5,5,309.4791666666667,2,25.1,26,0.8,0,2024,0.012355507797346572,1,0,0,0,1,0,0,0,0
0,1,0,6,3.96222,29,185914,14.2,19.5,5,309.4791666666667,2,25.1,26,0.8,0,2024,0.012355507797346572,1,0,0,0,1,0,0,0,0
0,1,0,6,3.96222,29,179566,14.2,19.5,5,309.4791666666667,2,25.1,26,0.8,0,2024,0.012355507797346572,1,0,0,0,1,0,0,0,0
0,1,0,6,3.96222,29,179566,14.2,19.5,5,309.4791666666667,2,25.1,26,0.8,0,2024,0.012355507797346572,1,0,0,0,1,0,0,0,0
0,0,0,6,2.746843035714286,28,179566,15.3,19.8,4,330.5892857142857,2,26.5,26,0.0,1,2024,0.008283871506273898,1,0,0,0,0,0,0,0,0
0,0,0,6,2.746843035714286,28,179566,15.3,19.8,4,330.5892857142857,2,26.5,26,0.0,1,2024,0.008283871506273898,1,0,0,0,0,0,0,0,0
0,0,0,6,3.96222,28,160526,15.3,19.8,4,309.4791666666667,2,26.5,26,0.0,0,2024,0.012355507797346572,1,0,0,0,0,0,0,0,0
0,0,0,6,3.96222,28,179566,15.3,19.8,4,309.4791666666667,2,26.5,26,0.0,0,2024,0.012355507797346572,1,0,0,0,0,0,0,0,0
0,0,0,6,3.96222,28,179566,15.3,19.8,4,309.4791666666667,2,26.5,26,0.0,0,2024,0.012355507797346572,1,0,0,0,0,0,0,0,0
0,1,0,6,4.15,29,183839,14.2,19.5,5,242.8154761904762,2,25.1,26,0.8,0,2024,0.017021068821561975,1,0,0,0,1,0,0,0,0
0,1,0,6,4.15,29,183839,14.2,19.5,5,242.8154761904762,2,25.1,26,0.8,0,2024,0.017021068821561975,1,0,0,0,1,0,0,0,0
0,1,0,6,3.96222,29,161450,14.2,19.5,5,309.4791666666667,2,25.1,26,0.8,0,2024,0.012355507797346572,1,0,0,0,1,0,0,0,0
0,1,0,6,3.96222,29,161450,14.2,19.5,5,309.4791666666667,2,25.1,26,0.8,0,2024,0.012355507797346572,1,0,0,0,1,0,0,0,0
0,0,0,6,3.96222,28,138907,15.3,19.8,4,309.4791666666667,2,26.5,26,0.0,0,2024,0.012355507797346572,1,0,0,0,0,0,0,0,0
0,0,0,6,3.96222,28,138907,15.3,19.8,4,309.4791666666667,2,26.5,26,0.0,0,2024,0.012355507797346572,1,0,0,0,0,0,0,0,0
0,1,0,6,23.036764166666664,29,84310,14.2,19.5,5,644.4821428571429,2,25.1,26,0.8,1,2024,0.035689235436781284,1,0,0,0,1,0,0,0,0
0,1,0,6,23.036764166666664,29,84310,14.2,19.5,5,644.4821428571429,2,25.1,26,0.8,1,2024,0.035689235436781284,1,0,0,0,1,0,0,0,0
0,1,0,6,3.96222,29,84310,14.2,19.5,5,309.4791666666667,2,25.1,26,0.8,0,2024,0.012355507797346572,1,0,0,0,1,0,0,0,0
0,1,0,6,3.96222,29,84310,14.2,19.5,5,309.4791666666667,2,25.1,26,0.8,0,2024,0.012355507797346572,1,0,0,0,1,0,0,0,0
0,1,0,6,4.15,29,57934,14.2,19.5,5,470.3035714285714,2,25.1,26,0.8,1,2024,0.00880536505891714,1,0,0,0,1,0,0,0,0
0,1,0,6,4.15,29,57934,14.2,19.5,5,470.3035714285714,2,25.1,26,0.8,1,2024,0.00880536505891714,1,0,0,0,1,0,0,0,0
0,1,0,6,3.96222,29,35837,14.2,19.5,5,309.4791666666667,2,25.1,26,0.8,0,2024,0.012355507797346572,1,0,0,0,1,0,0,0,0
0,1,0,6,3.96222,29,35837,14.2,19.5,5,309.4791666666667,2,25.1,26,0.8,0,2024,0.012355507797346572,1,0,0,0,1,0,0,0,0
0,1,0,6,3.96222,29,35837,14.2,19.5,5,309.4791666666667,2,25.1,26,0.8,0,2024,0.012355507797346572,1,0,0,0,1,0,0,0,0
0,0,0,6,3.96222,28,32386,15.3,19.8,4,309.4791666666667,2,26.5,26,0.0,0,2024,0.012355507797346572,1,0,0,0,0,0,0,0,0
0,0,0,6,3.96222,28,32386,15.3,19.8,4,309.4791666666667,2,26.5,26,0.0,0,2024,0.012355507797346572,1,0,0,0,0,0,0,0,0
1,1,0,3,3.96222,9,160526,7.2,9.6,5,309.4791666666667,1,15.0,10,6.0,0,2024,0.012355507797346572,0,0,1,0,1,0,0,0,0
1,1,0,3,3.96222,9,160526,7.2,9.6,5,309.4791666666667,1,15.0,10,6.0,0,2024,0.012355507797346572,0,0,1,0,1,0,0,0,0
1,0,0,3,3.96222,11,41158,7.4,9.6,0,309.4791666666667,1,13.5,11,2.6,0,2024,0.012355507797346572,0,0,1,1,0,0,0,0,0
1,0,0,3,3.96222,11,41158,7.4,9.6,0,309.4791666666667,1,13.5,11,2.6,0,2024,0.012355507797346572,0,0,1,1,0,0,0,0,0
1,0,0,3,3.96,11,185914,7.4,9.6,0,254.3809523809524,1,13.5,11,2.6,0,2024,0.015506246503822485,0,0,1,1,0,0,0,0,0
1,0,0,3,3.96,11,185914,7.4,9.6,0,254.3809523809524,1,13.5,11,2.6,0,2024,0.015506246503822485,0,0,1,1,0,0,0,0,0
1,0,0,3,1.1804443452380953,11,185914,7.4,9.6,0,150.32738095238096,1,13.5,11,2.6,0,2024,0.007800599850529048,0,0,1,1,0,0,0,0,0
1,0,0,3,1.1804443452380953,11,185914,7.4,9.6,0,150.32738095238096,1,13.5,11,2.6,0,2024,0.007800599850529048,0,0,1,1,0,0,0,0,0
1,0,0,3,7.025698571428571,11,179566,7.4,9.6,0,368.8869047619048,1,13.5,11,2.6,1,2024,0.018994180331826007,0,0,1,1,0,0,0,0,0
1,0,0,3,7.025698571428571,11,179566,7.4,9.6,0,368.8869047619048,1,13.5,11,2.6,1,2024,0.018994180331826007,0,0,1,1,0,0,0,0,0
1,0,0,3,3.96222,11,35837,7.4,9.6,0,309.4791666666667,1,13.5,11,2.6,0,2024,0.012355507797346572,0,0,1,1,0,0,0,0,0
1,0,0,3,3.96222,11,35837,7.4,9.6,0,309.4791666666667,1,13.5,11,2.6,0,2024,0.012355507797346572,0,0,1,1,0,0,0,0,0
1,0,0,3,3.96222,11,35837,7.4,9.6,0,309.4791666666667,1,13.5,11,2.6,0,2024,0.012355507797346572,0,0,1,1,0,0,0,0,0
1,0,0,3,3.96222,11,160526,7.4,9.6,0,309.4791666666667,1,13.5,11,2.6,0,2024,0.012355507797346572,0,0,1,1,0,0,0,0,0
1,0,0,3,3.96222,11,48784,7.4,9.6,0,309.4791666666667,1,13.5,11,2.6,0,2024,0.012355507797346572,0,0,1,1,0,0,0,0,0
1,0,0,3,3.96,11,182347,7.4,9.6,0,441.9702380952381,1,13.5,11,2.6,1,2024,0.00893965250809605,0,0,1,1,0,0,0,0,0
1,0,0,3,3.96,11,182347,7.4,9.6,0,441.9702380952381,1,13.5,11,2.6,1,2024,0.00893965250809605,0,0,1,1,0,0,0,0,0
1,0,0,3,3.96222,11,138907,7.4,9.6,0,309.4791666666667,1,13.5,11,2.6,0,2024,0.012355507797346572,0,0,1,1,0,0,0,0,0
1,0,0,3,3.96222,11,138907,7.4,9.6,0,309.4791666666667,1,13.5,11,2.6,0,2024,0.012355507797346572,0,0,1,1,0,0,0,0,0
1,0,0,3,3.655223095238096,11,138887,7.4,9.6,0,181.70238095238096,1,13.5,11,2.6,0,2024,0.020006433830716104,0,0,1,1,0,0,0,0,0
1,0,0,3,3.655223095238096,11,138887,7.4,9.6,0,181.70238095238096,1,13.5,11,2.6,0,2024,0.020006433830716104,0,0,1,1,0,0,0,0,0
1,0,0,3,3.96222,11,57934,7.4,9.6,0,309.4791666666667,1,13.5,11,2.6,0,2024,0.012355507797346572,0,0,1,1,0,0,0,0,0
1,0,0,3,3.96,11,57934,7.4,9.6,0,391.44642857142856,1,13.5,11,2.6,1,2024,0.01009054921053829,0,0,1,1,0,0,0,0,0
1,0,0,3,3.96,11,57934,7.4,9.6,0,391.44642857142856,1,13.5,11,2.6,1,2024,0.01009054921053829,0,0,1,1,0,0,0,0,0
1,0,0,3,3.96,11,57934,7.4,9.6,0,391.44642857142856,1,13.5,11,2.6,1,2024,0.01009054921053829,0,0,1,1,0,0,0,0,0
1,0,0,3,3.96,11,57934,7.4,9.6,0,391.44642857142856,1,13.5,11,2.6,1,2024,0.01009054921053829,0,0,1,1,0,0,0,0,0
1,0,0,4,3.96222,16,161450,7.5,10.0,1,309.4791666666667,2,15.8,16,4.6,0,2024,0.012355507797346572,0,0,1,0,0,0,0,1,0
1,0,0,4,3.96222,16,161450,7.5,10.0,1,309.4791666666667,2,15.8,16,4.6,0,2024,0.012355507797346572,0,0,1,0,0,0,0,1,0
1,0,0,4,3.96222,16,185914,7.5,10.0,1,309.4791666666667,2,15.8,16,4.6,0,2024,0.012355507797346572,0,0,1,0,0,0,0,1,0
1,0,0,4,3.96222,16,185914,7.5,10.0,1,309.4791666666667,2,15.8,16,4.6,0,2024,0.012355507797346572,0,0,1,0,0,0,0,1,0
1,0,0,4,2.9269952380952384,17,179566,6.5,8.8,2,305.0059523809524,2,13.5,16,3.2,0,2024,0.009565157851738023,0,0,1,0,0,0,0,0,1
1,0,0,4,2.9269952380952384,17,179566,6.5,8.8,2,305.0059523809524,2,13.5,16,3.2,0,2024,0.009565157851738023,0,0,1,0,0,0,0,0,1
1,0,0,4,3.96222,17,231476,6.5,8.8,2,309.4791666666667,2,13.5,16,3.2,0,2024,0.012355507797346572,0,0,1,0,0,0,0,0,1
1,0,0,4,3.96222,17,231476,6.5,8.8,2,309.4791666666667,2,13.5,16,3.2,0,2024,0.012355507797346572,0,0,1,0,0,0,0,0,1
1,0,0,4,3.96222,17,137426,6.5,8.8,2,309.4791666666667,2,13.5,16,3.2,0,2024,0.012355507797346572,0,0,1,0,0,0,0,0,1
1,0,0,4,3.96222,16,137426,7.5,10.0,1,309.4791666666667,2,15.8,16,4.6,0,2024,0.012355507797346572,0,0,1,0,0,0,0,1,0
1,0,0,4,3.830000000000001,17,182347,6.5,8.8,2,453.3630952380952,2,13.5,16,3.2,1,2024,0.0084293817876934,0,0,1,0,0,0,0,0,1
1,0,0,4,3.830000000000001,17,182347,6.5,8.8,2,453.3630952380952,2,13.5,16,3.2,1,2024,0.0084293817876934,0,0,1,0,0,0,0,0,1
1,0,0,9,3.96222,6,161450,12.1,18.3,4,309.4791666666667,3,25.0,36,2.4,0,2024,0.012355507797346572,0,0,0,0,0,0,0,0,0
1,0,0,9,3.96222,6,161450,12.1,18.3,4,309.4791666666667,3,25.0,36,2.4,0,2024,0.012355507797346572,0,0,0,0,0,0,0,0,0
0,1,0,9,3.96222,7,183839,16.6,18.8,5,309.4791666666667,3,23.6,36,0.8,0,2024,0.012355507797346572,0,0,0,0,1,0,0,0,0
0,1,0,9,3.96222,7,183839,16.6,18.8,5,309.4791666666667,3,23.6,36,0.8,0,2024,0.012355507797346572,0,0,0,0,1,0,0,0,0
0,1,0,9,3.60167,7,137426,16.6,18.8,5,527.0267857142857,3,23.6,36,0.8,1,2024,0.006820998664164088,0,0,0,0,1,0,0,0,0
0,1,0,9,3.60167,7,137426,16.6,18.8,5,527.0267857142857,3,23.6,36,0.8,1,2024,0.006820998664164088,0,0,0,0,1,0,0,0,0
1,0,0,9,3.358754821428571,6,48784,12.1,18.3,4,375.9166666666667,3,25.0,36,2.4,1,2024,0.008911133729193645,0,0,0,0,0,0,0,0,0
1,0,0,9,3.358754821428571,6,48784,12.1,18.3,4,375.9166666666667,3,25.0,36,2.4,1,2024,0.008911133729193645,0,0,0,0,0,0,0,0,0
1,0,0,9,3.358754821428571,6,48784,12.1,18.3,4,375.9166666666667,3,25.0,36,2.4,1,2024,0.008911133729193645,0,0,0,0,0,0,0,0,0
1,0,0,9,3.358754821428571,6,48784,12.1,18.3,4,375.9166666666667,3,25.0,36,2.4,1,2024,0.008911133729193645,0,0,0,0,0,0,0,0,0
0,1,0,9,3.96222,7,179566,16.6,18.8,5,309.4791666666667,3,23.6,36,0.8,0,2024,0.012355507797346572,0,0,0,0,1,0,0,0,0
0,1,0,9,3.96222,7,179566,16.6,18.8,5,309.4791666666667,3,23.6,36,0.8,0,2024,0.012355507797346572,0,0,0,0,1,0,0,0,0
1,0,0,9,13.343154761904762,6,161450,12.1,18.3,4,3983.232142857143,3,25.0,36,2.4,1,2024,0.0033489902905949193,0,0,0,0,0,0,0,0,0
1,0,0,9,13.343154761904762,6,161450,12.1,18.3,4,3983.232142857143,3,25.0,36,2.4,1,2024,0.0033489902905949193,0,0,0,0,0,0,0,0,0
1,0,0,9,3.358754821428571,6,161450,12.1,18.3,4,375.9166666666667,3,25.0,36,2.4,1,2024,0.008911133729193645,0,0,0,0,0,0,0,0,0
1,0,0,9,3.358754821428571,6,161450,12.1,18.3,4,375.9166666666667,3,25.0,36,2.4,1,2024,0.008911133729193645,0,0,0,0,0,0,0,0,0
0,1,0,9,3.96222,7,182347,16.6,18.8,5,309.4791666666667,3,23.6,36,0.8,0,2024,0.012355507797346572,0,0,0,0,1,0,0,0,0
0,1,0,9,3.96222,7,182347,16.6,18.8,5,309.4791666666667,3,23.6,36,0.8,0,2024,0.012355507797346572,0,0,0,0,1,0,0,0,0
0,1,0,9,10.59941255952381,7,182347,16.6,18.8,5,409.0119047619048,3,23.6,36,0.8,1,2024,0.025851475131384104,0,0,0,0,1,0,0,0,0
0,1,0,9,10.59941255952381,7,182347,16.6,18.8,5,409.0119047619048,3,23.6,36,0.8,1,2024,0.025851475131384104,0,0,0,0,1,0,0,0,0
0,1,0,9,23.20982255952381,7,84310,16.6,18.8,5,669.297619047619,3,23.6,36,0.8,1,2024,0.03462614501376432,0,0,0,0,1,0,0,0,0
0,1,0,9,23.20982255952381,7,84310,16.6,18.8,5,669.297619047619,3,23.6,36,0.8,1,2024,0.03462614501376432,0,0,0,0,1,0,0,0,0
0,1,0,9,1.815705595238096,7,15207,16.6,18.8,5,796.3214285714286,3,23.6,36,0.8,1,2024,0.0022772567375886534,0,0,0,0,1,0,0,0,0
0,1,0,9,1.815705595238096,7,15207,16.6,18.8,5,796.3214285714286,3,23.6,36,0.8,1,2024,0.0022772567375886534,0,0,0,0,1,0,0,0,0
0,1,0,1,3.96222,27,183839,1.5,5.0,5,309.4791666666667,1,9.5,4,0.0,0,2024,0.012355507797346572,0,1,0,0,1,0,0,0,0
0,1,0,1,3.96222,27,183839,1.5,5.0,5,309.4791666666667,1,9.5,4,0.0,0,2024,0.012355507797346572,0,1,0,0,1,0,0,0,0
0,1,0,1,3.99,28,183839,2.2,5.8,6,214.3869047619048,1,9.6,4,0.0,0,2024,0.018524803095205194,0,1,0,0,0,1,0,0,0
0,1,0,1,3.99,28,183839,2.2,5.8,6,214.3869047619048,1,9.6,4,0.0,0,2024,0.018524803095205194,0,1,0,0,0,1,0,0,0
0,0,0,1,5.656995357142857,26,182347,8.9,10.3,4,238.8333333333333,1,13.9,4,1.0,0,2024,0.023587193983917405,0,1,0,0,0,0,0,0,0
0,1,0,1,3.533900416666667,28,138907,2.2,5.8,6,370.9821428571428,1,9.6,4,0.0,1,2024,0.009500188341094205,0,1,0,0,0,1,0,0,0
0,1,0,1,3.533900416666667,28,138907,2.2,5.8,6,370.9821428571428,1,9.6,4,0.0,1,2024,0.009500188341094205,0,1,0,0,0,1,0,0,0
0,1,0,1,3.96222,28,84310,2.2,5.8,6,309.4791666666667,1,9.6,4,0.0,0,2024,0.012355507797346572,0,1,0,0,0,1,0,0,0
1,0,0,4,3.96222,16,160526,7.5,10.0,1,309.4791666666667,2,15.8,16,4.6,0,2024,0.012355507797346572,0,0,1,0,0,0,0,1,0
1,0,0,4,3.96222,16,160526,7.5,10.0,1,309.4791666666667,2,15.8,16,4.6,0,2024,0.012355507797346572,0,0,1,0,0,0,0,1,0
1,0,0,4,3.96222,16,179566,7.5,10.0,1,309.4791666666667,2,15.8,16,4.6,0,2024,0.012355507797346572,0,0,1,0,0,0,0,1,0
1,0,0,4,3.96222,16,179566,7.5,10.0,1,309.4791666666667,2,15.8,16,4.6,0,2024,0.012355507797346572,0,0,1,0,0,0,0,1,0
1,0,0,4,3.96222,16,179566,7.5,10.0,1,309.4791666666667,2,15.8,16,4.6,0,2024,0.012355507797346572,0,0,1,0,0,0,0,1,0
1,0,0,4,3.96222,16,179566,7.5,10.0,1,309.4791666666667,2,15.8,16,4.6,0,2024,0.012355507797346572,0,0,1,0,0,0,0,1,0
1,0,0,4,2.356334047619048,16,182347,7.5,10.0,1,197.0595238095238,2,15.8,16,4.6,0,2024,0.011897100438781033,0,0,1,0,0,0,0,1,0
1,0,0,4,2.356334047619048,16,182347,7.5,10.0,1,197.0595238095238,2,15.8,16,4.6,0,2024,0.011897100438781033,0,0,1,0,0,0,0,1,0
1,0,0,4,3.96222,15,55932,8.6,11.0,0,309.4791666666667,2,15.4,16,3.4,0,2024,0.012355507797346572,0,0,1,1,0,0,0,0,0
1,0,0,4,4.482405595238095,16,179566,7.5,10.0,1,461.4583333333333,2,15.8,16,4.6,1,2024,0.009692560977179411,0,0,1,0,0,0,0,1,0
1,0,0,4,4.482405595238095,16,179566,7.5,10.0,1,461.4583333333333,2,15.8,16,4.6,1,2024,0.009692560977179411,0,0,1,0,0,0,0,1,0
1,0,0,4,6.741294166666667,16,179566,7.5,10.0,1,392.95238095238096,2,15.8,16,4.6,1,2024,0.01711195183125831,0,0,1,0,0,0,0,1,0
1,0,0,4,6.741294166666667,16,179566,7.5,10.0,1,392.95238095238096,2,15.8,16,4.6,1,2024,0.01711195183125831,0,0,1,0,0,0,0,1,0
1,0,0,4,3.96222,16,179566,7.5,10.0,1,309.4791666666667,2,15.8,16,4.6,0,2024,0.012355507797346572,0,0,1,0,0,0,0,1,0
1,0,0,4,3.96222,16,179566,7.5,10.0,1,309.4791666666667,2,15.8,16,4.6,0,2024,0.012355507797346572,0,0,1,0,0,0,0,1,0
1,0,0,4,15.482440476190478,16,160526,7.5,10.0,1,4295.583333333333,2,15.8,16,4.6,1,2024,0.0036034307436972352,0,0,1,0,0,0,0,1,0
1,0,0,4,15.482440476190478,16,160526,7.5,10.0,1,4295.583333333333,2,15.8,16,4.6,1,2024,0.0036034307436972352,0,0,1,0,0,0,0,1,0
1,0,0,4,15.482440476190478,16,160526,7.5,10.0,1,4295.583333333333,2,15.8,16,4.6,1,2024,0.0036034307436972352,0,0,1,0,0,0,0,1,0
1,0,0,4,15.482440476190478,16,160526,7.5,10.0,1,4295.583333333333,2,15.8,16,4.6,1,2024,0.0036034307436972352,0,0,1,0,0,0,0,1,0
1,0,0,4,3.96222,16,160526,7.5,10.0,1,309.4791666666667,2,15.8,16,4.6,0,2024,0.012355507797346572,0,0,1,0,0,0,0,1,0
1,0,0,4,3.96222,16,160526,7.5,10.0,1,309.4791666666667,2,15.8,16,4.6,0,2024,0.012355507797346572,0,0,1,0,0,0,0,1,0
1,0,0,4,3.96222,15,137426,8.6,11.0,0,309.4791666666667,2,15.4,16,3.4,0,2024,0.012355507797346572,0,0,1,1,0,0,0,0,0
1,0,0,4,2.2969057142857143,16,138887,7.5,10.0,1,171.32738095238096,2,15.8,16,4.6,0,2024,0.013328733377085419,0,0,1,0,0,0,0,1,0
1,0,0,4,2.2969057142857143,16,138887,7.5,10.0,1,171.32738095238096,2,15.8,16,4.6,0,2024,0.013328733377085419,0,0,1,0,0,0,0,1,0
1,0,0,4,10.936122083333334,16,57934,7.5,10.0,1,94.0654761904762,2,15.8,16,4.6,0,2024,0.11503778786550622,0,0,1,0,0,0,0,1,0
1,0,0,4,10.936122083333334,16,57934,7.5,10.0,1,94.0654761904762,2,15.8,16,4.6,0,2024,0.11503778786550622,0,0,1,0,0,0,0,1,0
1,0,0,4,3.830000000000001,16,57934,7.5,10.0,1,403.6428571428572,2,15.8,16,4.6,1,2024,0.00946513680494263,0,0,1,0,0,0,0,1,0
1,0,0,4,3.830000000000001,16,57934,7.5,10.0,1,403.6428571428572,2,15.8,16,4.6,1,2024,0.00946513680494263,0,0,1,0,0,0,0,1,0
1,0,0,4,3.830000000000001,15,57934,8.6,11.0,0,897.9702380952381,2,15.4,16,3.4,1,2024,0.00426043025419296,0,0,1,1,0,0,0,0,0
1,0,0,4,3.830000000000001,15,57934,8.6,11.0,0,897.9702380952381,2,15.4,16,3.4,1,2024,0.00426043025419296,0,0,1,1,0,0,0,0,0
1,0,0,4,0.7309175595238095,16,35837,7.5,10.0,1,395.1904761904762,2,15.8,16,4.6,1,2024,0.001844864032451923,0,0,1,0,0,0,0,1,0
1,0,0,4,0.7309175595238095,16,35837,7.5,10.0,1,395.1904761904762,2,15.8,16,4.6,1,2024,0.001844864032451923,0,0,1,0,0,0,0,1,0
1,0,0,4,10.936122083333334,16,15207,7.5,10.0,1,94.0654761904762,2,15.8,16,4.6,0,2024,0.11503778786550622,0,0,1,0,0,0,0,1,0
1,0,0,4,10.936122083333334,15,15207,8.6,11.0,0,94.0654761904762,2,15.4,16,3.4,0,2024,0.11503778786550622,0,0,1,1,0,0,0,0,0
1,0,0,4,10.936122083333334,15,15207,8.6,11.0,0,94.0654761904762,2,15.4,16,3.4,0,2024,0.11503778786550622,0,0,1,1,0,0,0,0,0
1,0,0,7,0.7372877256944445,31,138907,20.9,26.1,2,192.22916666666663,3,34.3,31,4.2,0,2024,0.0038156130278526514,1,0,0,0,0,0,0,0,1
1,0,0,7,0.7372877256944445,31,138907,20.9,26.1,2,192.22916666666663,3,34.3,31,4.2,0,2024,0.0038156130278526514,1,0,0,0,0,0,0,0,1
1,0,0,7,0.7372877256944445,31,138907,20.9,26.1,2,192.22916666666663,3,34.3,31,4.2,0,2024,0.0038156130278526514,1,0,0,0,0,0,0,0,1
1,0,0,7,2.7094508333333334,31,84310,20.9,26.1,2,325.8020833333333,3,34.3,31,4.2,1,2024,0.008290800369744685,1,0,0,0,0,0,0,0,1
1,0,0,7,2.7094508333333334,31,84310,20.9,26.1,2,325.8020833333333,3,34.3,31,4.2,1,2024,0.008290800369744685,1,0,0,0,0,0,0,0,1
1,0,0,7,4.727129965277778,31,15207,20.9,26.1,2,535.7899305555555,3,34.3,31,4.2,1,2024,0.008806294038312889,1,0,0,0,0,0,0,0,1
1,0,0,9,12.587202380952382,6,138907,12.1,18.3,4,3981.5,3,25.0,36,2.4,1,2024,0.003160628344244164,0,0,0,0,0,0,0,0,0
1,0,0,9,12.587202380952382,6,138907,12.1,18.3,4,3981.5,3,25.0,36,2.4,1,2024,0.003160628344244164,0,0,0,0,0,0,0,0,0
1,0,0,9,3.96222,6,161450,12.1,18.3,4,309.4791666666667,3,25.0,36,2.4,0,2024,0.012355507797346572,0,0,0,0,0,0,0,0,0
1,0,0,9,3.96222,6,161450,12.1,18.3,4,309.4791666666667,3,25.0,36,2.4,0,2024,0.012355507797346572,0,0,0,0,0,0,0,0,0
1,0,0,9,1.2382585714285714,5,182347,15.5,15.9,3,250.6071428571429,3,17.9,36,17.1,0,2024,0.004921396735273243,0,0,0,0,0,0,1,0,0
1,0,0,9,1.2382585714285714,5,182347,15.5,15.9,3,250.6071428571429,3,17.9,36,17.1,0,2024,0.004921396735273243,0,0,0,0,0,0,1,0,0
1,0,0,9,23.20982255952381,6,84310,12.1,18.3,4,669.297619047619,3,25.0,36,2.4,1,2024,0.03462614501376432,0,0,0,0,0,0,0,0,0
1,0,0,9,23.20982255952381,6,84310,12.1,18.3,4,669.297619047619,3,25.0,36,2.4,1,2024,0.03462614501376432,0,0,0,0,0,0,0,0,0
1,0,0,9,1.210288869047619,6,185914,12.1,18.3,4,299.92857142857144,3,25.0,36,2.4,0,2024,0.004021847654086557,0,0,0,0,0,0,0,0,0
1,0,0,9,1.210288869047619,6,185914,12.1,18.3,4,299.92857142857144,3,25.0,36,2.4,0,2024,0.004021847654086557,0,0,0,0,0,0,0,0,0
1,0,0,9,1.210288869047619,4,185914,16.8,19.7,2,299.92857142857144,3,24.2,36,7.4,0,2024,0.004021847654086557,0,0,0,0,0,0,0,0,1
1,0,0,9,1.210288869047619,4,185914,16.8,19.7,2,299.92857142857144,3,24.2,36,7.4,0,2024,0.004021847654086557,0,0,0,0,0,0,0,0,1
1,0,0,9,3.96222,6,179566,12.1,18.3,4,309.4791666666667,3,25.0,36,2.4,0,2024,0.012355507797346572,0,0,0,0,0,0,0,0,0
1,0,0,9,3.96222,6,179566,12.1,18.3,4,309.4791666666667,3,25.0,36,2.4,0,2024,0.012355507797346572,0,0,0,0,0,0,0,0,0
1,0,0,9,3.875715357142857,6,179566,12.1,18.3,4,396.6309523809524,3,25.0,36,2.4,1,2024,0.009747016256998293,0,0,0,0,0,0,0,0,0
1,0,0,9,3.875715357142857,6,179566,12.1,18.3,4,396.6309523809524,3,25.0,36,2.4,1,2024,0.009747016256998293,0,0,0,0,0,0,0,0,0
1,0,0,9,3.875715357142857,6,179566,12.1,18.3,4,396.6309523809524,3,25.0,36,2.4,1,2024,0.009747016256998293,0,0,0,0,0,0,0,0,0
1,0,0,9,3.96222,6,179566,12.1,18.3,4,309.4791666666667,3,25.0,36,2.4,0,2024,0.012355507797346572,0,0,0,0,0,0,0,0,0
1,0,0,9,3.96222,6,179566,12.1,18.3,4,309.4791666666667,3,25.0,36,2.4,0,2024,0.012355507797346572,0,0,0,0,0,0,0,0,0
1,0,0,9,3.60167,6,183839,12.1,18.3,4,227.57142857142856,3,25.0,36,2.4,0,2024,0.015757306250000002,0,0,0,0,0,0,0,0,0
1,0,0,9,3.60167,6,183839,12.1,18.3,4,227.57142857142856,3,25.0,36,2.4,0,2024,0.015757306250000002,0,0,0,0,0,0,0,0,0
1,0,0,9,3.819359821428572,6,183839,12.1,18.3,4,185.3452380952381,3,25.0,36,2.4,0,2024,0.02049614930045359,0,0,0,0,0,0,0,0,0
1,0,0,9,3.819359821428572,6,183839,12.1,18.3,4,185.3452380952381,3,25.0,36,2.4,0,2024,0.02049614930045359,0,0,0,0,0,0,0,0,0
1,0,0,9,3.96222,6,161450,12.1,18.3,4,309.4791666666667,3,25.0,36,2.4,0,2024,0.012355507797346572,0,0,0,0,0,0,0,0,0
1,0,0,9,3.96222,6,161450,12.1,18.3,4,309.4791666666667,3,25.0,36,2.4,0,2024,0.012355507797346572,0,0,0,0,0,0,0,0,0
1,0,0,9,13.343154761904762,6,161450,12.1,18.3,4,3983.232142857143,3,25.0,36,2.4,1,2024,0.0033489902905949193,0,0,0,0,0,0,0,0,0
1,0,0,9,13.343154761904762,6,161450,12.1,18.3,4,3983.232142857143,3,25.0,36,2.4,1,2024,0.0033489902905949193,0,0,0,0,0,0,0,0,0
1,0,0,9,3.358754821428571,6,35837,12.1,18.3,4,375.9166666666667,3,25.0,36,2.4,1,2024,0.008911133729193645,0,0,0,0,0,0,0,0,0
1,0,0,9,3.358754821428571,6,35837,12.1,18.3,4,375.9166666666667,3,25.0,36,2.4,1,2024,0.008911133729193645,0,0,0,0,0,0,0,0,0
1,0,0,9,2.751055833333333,6,231476,12.1,18.3,4,528.202380952381,3,25.0,36,2.4,1,2024,0.00519849481474816,0,0,0,0,0,0,0,0,0
1,0,0,9,2.751055833333333,6,231476,12.1,18.3,4,528.202380952381,3,25.0,36,2.4,1,2024,0.00519849481474816,0,0,0,0,0,0,0,0,0
1,0,0,9,2.751055833333333,6,231476,12.1,18.3,4,528.202380952381,3,25.0,36,2.4,1,2024,0.00519849481474816,0,0,0,0,0,0,0,0,0
1,0,0,9,2.751055833333333,6,231476,12.1,18.3,4,528.202380952381,3,25.0,36,2.4,1,2024,0.00519849481474816,0,0,0,0,0,0,0,0,0
1,0,0,9,3.96222,6,57934,12.1,18.3,4,309.4791666666667,3,25.0,36,2.4,0,2024,0.012355507797346572,0,0,0,0,0,0,0,0,0
1,0,0,9,3.96222,6,57934,12.1,18.3,4,309.4791666666667,3,25.0,36,2.4,0,2024,0.012355507797346572,0,0,0,0,0,0,0,0,0
0,1,0,5,3.96222,25,231476,10.6,18.2,5,309.4791666666667,2,23.6,21,0.0,0,2024,0.012355507797346572,0,0,1,0,1,0,0,0,0
0,1,0,5,3.96222,25,231476,10.6,18.2,5,309.4791666666667,2,23.6,21,0.0,0,2024,0.012355507797346572,0,0,1,0,1,0,0,0,0
0,1,0,5,3.96222,25,231476,10.6,18.2,5,309.4791666666667,2,23.6,21,0.0,0,2024,0.012355507797346572,0,0,1,0,1,0,0,0,0
0,1,0,5,3.96222,25,231476,10.6,18.2,5,309.4791666666667,2,23.6,21,0.0,0,2024,0.012355507797346572,0,0,1,0,1,0,0,0,0
0,1,0,5,3.96222,25,182347,10.6,18.2,5,309.4791666666667,2,23.6,21,0.0,0,2024,0.012355507797346572,0,0,1,0,1,0,0,0,0
0,1,0,5,3.96222,25,182347,10.6,18.2,5,309.4791666666667,2,23.6,21,0.0,0,2024,0.012355507797346572,0,0,1,0,1,0,0,0,0
0,1,0,5,3.96222,25,182347,10.6,18.2,5,309.4791666666667,2,23.6,21,0.0,0,2024,0.012355507797346572,0,0,1,0,1,0,0,0,0
0,1,0,5,3.96222,25,182347,10.6,18.2,5,309.4791666666667,2,23.6,21,0.0,0,2024,0.012355507797346572,0,0,1,0,1,0,0,0,0
0,1,0,5,3.96222,26,183839,16.2,18.9,6,309.4791666666667,2,23.6,21,0.8,0,2024,0.012355507797346572,0,0,1,0,0,1,0,0,0
0,1,0,5,3.96222,26,183839,16.2,18.9,6,309.4791666666667,2,23.6,21,0.8,0,2024,0.012355507797346572,0,0,1,0,0,1,0,0,0
0,1,0,5,5.6167573809523805,26,161450,16.2,18.9,6,295.85714285714283,2,23.6,21,0.8,0,2024,0.01892074189926211,0,0,1,0,0,1,0,0,0
0,1,0,5,5.6167573809523805,26,161450,16.2,18.9,6,295.85714285714283,2,23.6,21,0.8,0,2024,0.01892074189926211,0,0,1,0,0,1,0,0,0
0,1,0,5,3.96222,26,161450,16.2,18.9,6,309.4791666666667,2,23.6,21,0.8,0,2024,0.012355507797346572,0,0,1,0,0,1,0,0,0
0,1,0,5,3.96222,26,161450,16.2,18.9,6,309.4791666666667,2,23.6,21,0.8,0,2024,0.012355507797346572,0,0,1,0,0,1,0,0,0
0,1,0,5,5.6167573809523805,26,161450,16.2,18.9,6,295.85714285714283,2,23.6,21,0.8,0,2024,0.01892074189926211,0,0,1,0,0,1,0,0,0
0,1,0,5,5.6167573809523805,26,161450,16.2,18.9,6,295.85714285714283,2,23.6,21,0.8,0,2024,0.01892074189926211,0,0,1,0,0,1,0,0,0
0,1,0,5,3.96222,26,231476,16.2,18.9,6,309.4791666666667,2,23.6,21,0.8,0,2024,0.012355507797346572,0,0,1,0,0,1,0,0,0
0,1,0,5,3.96222,26,231476,16.2,18.9,6,309.4791666666667,2,23.6,21,0.8,0,2024,0.012355507797346572,0,0,1,0,0,1,0,0,0
0,1,0,5,3.96222,25,137426,10.6,18.2,5,309.4791666666667,2,23.6,21,0.0,0,2024,0.012355507797346572,0,0,1,0,1,0,0,0,0
0,1,0,5,3.96222,25,137426,10.6,18.2,5,309.4791666666667,2,23.6,21,0.0,0,2024,0.012355507797346572,0,0,1,0,1,0,0,0,0
0,1,0,5,3.96222,26,182347,16.2,18.9,6,309.4791666666667,2,23.6,21,0.8,0,2024,0.012355507797346572,0,0,1,0,0,1,0,0,0
0,1,0,5,3.96222,26,182347,16.2,18.9,6,309.4791666666667,2,23.6,21,0.8,0,2024,0.012355507797346572,0,0,1,0,0,1,0,0,0
0,1,0,5,3.96222,26,182347,16.2,18.9,6,309.4791666666667,2,23.6,21,0.8,0,2024,0.012355507797346572,0,0,1,0,0,1,0,0,0
0,1,0,5,3.96222,26,182347,16.2,18.9,6,309.4791666666667,2,23.6,21,0.8,0,2024,0.012355507797346572,0,0,1,0,0,1,0,0,0
1,0,0,7,2.859725,30,137426,19.4,28.3,1,412.30208333333337,3,37.5,31,4.6,1,2024,0.006919212642084834,1,0,0,0,0,0,0,1,0
1,0,0,7,2.859725,30,137426,19.4,28.3,1,412.30208333333337,3,37.5,31,4.6,1,2024,0.006919212642084834,1,0,0,0,0,0,0,1,0
1,0,0,7,2.859725,30,137426,19.4,28.3,1,412.30208333333337,3,37.5,31,4.6,1,2024,0.006919212642084834,1,0,0,0,0,0,0,1,0
1,0,0,7,3.96222,30,231476,19.4,28.3,1,309.4791666666667,3,37.5,31,4.6,0,2024,0.012355507797346572,1,0,0,0,0,0,0,1,0
1,0,0,7,3.96222,30,231476,19.4,28.3,1,309.4791666666667,3,37.5,31,4.6,0,2024,0.012355507797346572,1,0,0,0,0,0,0,1,0
1,0,0,7,3.96222,30,231476,19.4,28.3,1,309.4791666666667,3,37.5,31,4.6,0,2024,0.012355507797346572,1,0,0,0,0,0,0,1,0
1,0,0,7,3.96222,30,231476,19.4,28.3,1,309.4791666666667,3,37.5,31,4.6,0,2024,0.012355507797346572,1,0,0,0,0,0,0,1,0
1,0,0,7,3.96222,30,231476,19.4,28.3,1,309.4791666666667,3,37.5,31,4.6,0,2024,0.012355507797346572,1,0,0,0,0,0,0,1,0
0,0,0,7,12.211197916666666,29,138907,15.4,24.2,0,4072.998263888889,3,32.3,31,0.2,1,2024,0.002997349808639905,1,0,0,1,0,0,0,0,0
0,0,0,7,12.211197916666666,29,138907,15.4,24.2,0,4072.998263888889,3,32.3,31,0.2,1,2024,0.002997349808639905,1,0,0,1,0,0,0,0,0
1,0,0,7,3.2229201909722223,30,231476,19.4,28.3,1,592.4913194444445,3,37.5,31,4.6,1,2024,0.0054304420054351165,1,0,0,0,0,0,0,1,0
1,0,0,7,3.2229201909722223,30,231476,19.4,28.3,1,592.4913194444445,3,37.5,31,4.6,1,2024,0.0054304420054351165,1,0,0,0,0,0,0,1,0
0,1,0,5,1.4392572023809524,25,185914,10.6,18.2,5,95.98809523809524,2,23.6,21,0.0,0,2024,0.014839524364796857,0,0,1,0,1,0,0,0,0
0,1,0,5,1.4392572023809524,25,185914,10.6,18.2,5,95.98809523809524,2,23.6,21,0.0,0,2024,0.014839524364796857,0,0,1,0,1,0,0,0,0
0,1,0,5,1.4392572023809524,25,185914,10.6,18.2,5,95.98809523809524,2,23.6,21,0.0,0,2024,0.014839524364796857,0,0,1,0,1,0,0,0,0
0,0,0,5,3.96222,24,185914,13.3,16.8,4,309.4791666666667,2,22.5,21,0.0,0,2024,0.012355507797346572,0,0,1,0,0,0,0,0,0
0,0,0,5,3.96222,24,185914,13.3,16.8,4,309.4791666666667,2,22.5,21,0.0,0,2024,0.012355507797346572,0,0,1,0,0,0,0,0,0
0,1,0,5,3.9944655357142858,25,183839,10.6,18.2,5,188.03571428571428,2,23.6,21,0.0,0,2024,0.021130745324012847,0,0,1,0,1,0,0,0,0
0,1,0,5,3.9944655357142858,25,183839,10.6,18.2,5,188.03571428571428,2,23.6,21,0.0,0,2024,0.021130745324012847,0,0,1,0,1,0,0,0,0
0,1,0,5,3.96222,25,183839,10.6,18.2,5,309.4791666666667,2,23.6,21,0.0,0,2024,0.012355507797346572,0,0,1,0,1,0,0,0,0
0,1,0,5,3.96222,25,183839,10.6,18.2,5,309.4791666666667,2,23.6,21,0.0,0,2024,0.012355507797346572,0,0,1,0,1,0,0,0,0
0,1,0,5,3.96222,25,183839,10.6,18.2,5,309.4791666666667,2,23.6,21,0.0,0,2024,0.012355507797346572,0,0,1,0,1,0,0,0,0
0,1,0,5,3.96222,25,183839,10.6,18.2,5,309.4791666666667,2,23.6,21,0.0,0,2024,0.012355507797346572,0,0,1,0,1,0,0,0,0
0,1,0,5,3.96222,25,183839,10.6,18.2,5,309.4791666666667,2,23.6,21,0.0,0,2024,0.012355507797346572,0,0,1,0,1,0,0,0,0
0,0,0,10,3.96222,11,179566,7.3,11.2,4,309.4791666666667,4,17.6,41,0.0,0,2024,0.012355507797346572,0,0,0,0,0,0,0,0,0
0,0,0,10,3.96222,11,179566,7.3,11.2,4,309.4791666666667,4,17.6,41,0.0,0,2024,0.012355507797346572,0,0,0,0,0,0,0,0,0
0,0,0,10,15.317261904761908,11,183839,7.3,11.2,4,3849.4523809523807,4,17.6,41,0.0,1,2024,0.003978042159548354,0,0,0,0,0,0,0,0,0
0,0,0,10,15.317261904761908,11,183839,7.3,11.2,4,3849.4523809523807,4,17.6,41,0.0,1,2024,0.003978042159548354,0,0,0,0,0,0,0,0,0
0,0,0,10,3.96222,11,161450,7.3,11.2,4,309.4791666666667,4,17.6,41,0.0,0,2024,0.012355507797346572,0,0,0,0,0,0,0,0,0
0,0,0,10,3.96222,11,161450,7.3,11.2,4,309.4791666666667,4,17.6,41,0.0,0,2024,0.012355507797346572,0,0,0,0,0,0,0,0,0
0,0,0,10,3.96222,11,231476,7.3,11.2,4,309.4791666666667,4,17.6,41,0.0,0,2024,0.012355507797346572,0,0,0,0,0,0,0,0,0
0,0,0,10,3.96222,11,231476,7.3,11.2,4,309.4791666666667,4,17.6,41,0.0,0,2024,0.012355507797346572,0,0,0,0,0,0,0,0,0
0,0,0,10,4.05,11,231476,7.3,11.2,4,196.6190476190476,4,17.6,41,0.0,0,2024,0.02049397590361446,0,0,0,0,0,0,0,0,0
0,0,0,10,4.05,11,231476,7.3,11.2,4,196.6190476190476,4,17.6,41,0.0,0,2024,0.02049397590361446,0,0,0,0,0,0,0,0,0
0,0,0,10,4.05,11,137426,7.3,11.2,4,140.85119047619048,4,17.6,41,0.0,0,2024,0.028551046955646003,0,0,0,0,0,0,0,0,0
0,0,0,10,3.96222,11,137426,7.3,11.2,4,309.4791666666667,4,17.6,41,0.0,0,2024,0.012355507797346572,0,0,0,0,0,0,0,0,0
1,0,0,10,4.05,10,137426,12.4,13.8,3,548.75,4,17.3,41,2.4,1,2024,0.007366984993178717,0,0,0,0,0,0,1,0,0
1,0,0,10,4.05,10,137426,12.4,13.8,3,548.75,4,17.3,41,2.4,1,2024,0.007366984993178717,0,0,0,0,0,0,1,0,0
1,0,0,10,4.05,10,137426,12.4,13.8,3,548.75,4,17.3,41,2.4,1,2024,0.007366984993178717,0,0,0,0,0,0,1,0,0
1,0,0,10,4.05,10,137426,12.4,13.8,3,153.4047619047619,4,17.3,41,2.4,0,2024,0.02622976098689283,0,0,0,0,0,0,1,0,0
1,0,0,10,4.05,10,137426,12.4,13.8,3,153.4047619047619,4,17.3,41,2.4,0,2024,0.02622976098689283,0,0,0,0,0,0,1,0,0
1,0,0,10,4.05,10,137426,12.4,13.8,3,153.4047619047619,4,17.3,41,2.4,0,2024,0.02622976098689283,0,0,0,0,0,0,1,0,0
0,0,0,10,3.96222,11,57934,7.3,11.2,4,309.4791666666667,4,17.6,41,0.0,0,2024,0.012355507797346572,0,0,0,0,0,0,0,0,0
0,0,0,10,3.96222,11,35837,7.3,11.2,4,309.4791666666667,4,17.6,41,0.0,0,2024,0.012355507797346572,0,0,0,0,0,0,0,0,0
0,0,0,10,3.96222,11,35837,7.3,11.2,4,309.4791666666667,4,17.6,41,0.0,0,2024,0.012355507797346572,0,0,0,0,0,0,0,0,0
0,0,0,10,3.96222,11,35837,7.3,11.2,4,309.4791666666667,4,17.6,41,0.0,0,2024,0.012355507797346572,0,0,0,0,0,0,0,0,0
0,0,0,10,3.96222,11,35837,7.3,11.2,4,309.4791666666667,4,17.6,41,0.0,0,2024,0.012355507797346572,0,0,0,0,0,0,0,0,0
0,1,0,3,3.96222,10,183839,7.6,9.1,6,309.4791666666667,1,11.8,10,0.0,0,2024,0.012355507797346572,0,0,1,0,0,1,0,0,0
0,1,0,3,3.96222,10,183839,7.6,9.1,6,309.4791666666667,1,11.8,10,0.0,0,2024,0.012355507797346572,0,0,1,0,0,1,0,0,0
0,1,0,3,3.96222,10,183839,7.6,9.1,6,309.4791666666667,1,11.8,10,0.0,0,2024,0.012355507797346572,0,0,1,0,0,1,0,0,0
1,1,0,3,3.96222,9,183839,7.2,9.6,5,309.4791666666667,1,15.0,10,6.0,0,2024,0.012355507797346572,0,0,1,0,1,0,0,0,0
1,1,0,3,3.96222,9,183839,7.2,9.6,5,309.4791666666667,1,15.0,10,6.0,0,2024,0.012355507797346572,0,0,1,0,1,0,0,0,0
0,0,0,3,3.96222,8,137426,3.9,9.7,4,309.4791666666667,1,14.8,10,0.0,0,2024,0.012355507797346572,0,0,1,0,0,0,0,0,0
0,0,0,3,3.96222,8,137426,3.9,9.7,4,309.4791666666667,1,14.8,10,0.0,0,2024,0.012355507797346572,0,0,1,0,0,0,0,0,0
0,1,0,3,7.784849285714285,10,231476,7.6,9.1,6,272.92857142857144,1,11.8,10,0.0,0,2024,0.02841926727509778,0,0,1,0,0,1,0,0,0
0,1,0,3,7.784849285714285,10,231476,7.6,9.1,6,272.92857142857144,1,11.8,10,0.0,0,2024,0.02841926727509778,0,0,1,0,0,1,0,0,0
0,1,0,3,3.96222,10,179566,7.6,9.1,6,309.4791666666667,1,11.8,10,0.0,0,2024,0.012355507797346572,0,0,1,0,0,1,0,0,0
0,1,0,3,3.96222,10,179566,7.6,9.1,6,309.4791666666667,1,11.8,10,0.0,0,2024,0.012355507797346572,0,0,1,0,0,1,0,0,0
0,1,0,3,3.96222,10,179566,7.6,9.1,6,309.4791666666667,1,11.8,10,0.0,0,2024,0.012355507797346572,0,0,1,0,0,1,0,0,0
0,1,0,3,4.617273630952381,10,183839,7.6,9.1,6,193.92261904761904,1,11.8,10,0.0,0,2024,0.02368772620392708,0,0,1,0,0,1,0,0,0
0,1,0,3,4.617273630952381,10,183839,7.6,9.1,6,193.92261904761904,1,11.8,10,0.0,0,2024,0.02368772620392708,0,0,1,0,0,1,0,0,0
0,1,0,3,3.96222,10,160526,7.6,9.1,6,309.4791666666667,1,11.8,10,0.0,0,2024,0.012355507797346572,0,0,1,0,0,1,0,0,0
0,1,0,3,3.96222,10,160526,7.6,9.1,6,309.4791666666667,1,11.8,10,0.0,0,2024,0.012355507797346572,0,0,1,0,0,1,0,0,0
0,1,0,3,4.25278,10,137426,7.6,9.1,6,261.7440476190476,1,11.8,10,0.0,0,2024,0.01618601844090528,0,0,1,0,0,1,0,0,0
0,1,0,3,4.25278,10,137426,7.6,9.1,6,261.7440476190476,1,11.8,10,0.0,0,2024,0.01618601844090528,0,0,1,0,0,1,0,0,0
0,1,0,3,17.994835773809523,10,84310,7.6,9.1,6,706.8333333333334,1,11.8,10,0.0,1,2024,0.025422419270745733,0,0,1,0,0,1,0,0,0
0,1,0,3,17.994835773809523,10,84310,7.6,9.1,6,706.8333333333334,1,11.8,10,0.0,1,2024,0.025422419270745733,0,0,1,0,0,1,0,0,0
1,1,0,3,3.96222,9,57934,7.2,9.6,5,309.4791666666667,1,15.0,10,6.0,0,2024,0.012355507797346572,0,0,1,0,1,0,0,0,0
1,1,0,3,3.96222,9,57934,7.2,9.6,5,309.4791666666667,1,15.0,10,6.0,0,2024,0.012355507797346572,0,0,1,0,1,0,0,0,0
1,1,0,3,3.96222,9,57934,7.2,9.6,5,309.4791666666667,1,15.0,10,6.0,0,2024,0.012355507797346572,0,0,1,0,1,0,0,0,0
0,1,0,3,2.5323819642857144,10,48784,7.6,9.1,6,1161.7738095238096,1,11.8,10,0.0,1,2024,0.0021778801204017486,0,0,1,0,0,1,0,0,0
0,1,0,3,3.96222,10,27547,7.6,9.1,6,309.4791666666667,1,11.8,10,0.0,0,2024,0.012355507797346572,0,0,1,0,0,1,0,0,0
0,0,0,6,3.96222,28,179566,15.3,19.8,4,309.4791666666667,2,26.5,26,0.0,0,2024,0.012355507797346572,1,0,0,0,0,0,0,0,0
0,0,0,6,3.96222,28,179566,15.3,19.8,4,309.4791666666667,2,26.5,26,0.0,0,2024,0.012355507797346572,1,0,0,0,0,0,0,0,0
0,1,0,3,3.96222,10,15207,7.6,9.1,6,309.4791666666667,1,11.8,10,0.0,0,2024,0.012355507797346572,0,0,1,0,0,1,0,0,0
0,1,0,3,3.96222,10,15207,7.6,9.1,6,309.4791666666667,1,11.8,10,0.0,0,2024,0.012355507797346572,0,0,1,0,0,1,0,0,0
0,1,0,3,3.96222,10,15207,7.6,9.1,6,309.4791666666667,1,11.8,10,0.0,0,2024,0.012355507797346572,0,0,1,0,0,1,0,0,0
0,1,0,3,3.96222,10,15207,7.6,9.1,6,309.4791666666667,1,11.8,10,0.0,0,2024,0.012355507797346572,0,0,1,0,0,1,0,0,0
0,0,0,6,3.96222,28,183839,15.3,19.8,4,309.4791666666667,2,26.5,26,0.0,0,2024,0.012355507797346572,1,0,0,0,0,0,0,0,0
0,0,0,6,3.96222,28,183839,15.3,19.8,4,309.4791666666667,2,26.5,26,0.0,0,2024,0.012355507797346572,1,0,0,0,0,0,0,0,0
0,0,0,6,3.96222,28,183839,15.3,19.8,4,309.4791666666667,2,26.5,26,0.0,0,2024,0.012355507797346572,1,0,0,0,0,0,0,0,0
0,0,0,6,3.96222,28,160526,15.3,19.8,4,309.4791666666667,2,26.5,26,0.0,0,2024,0.012355507797346572,1,0,0,0,0,0,0,0,0
0,0,0,6,4.15,28,231476,15.3,19.8,4,417.0297619047619,2,26.5,26,0.0,1,2024,0.009927522818209002,1,0,0,0,0,0,0,0,0
0,0,0,6,4.15,28,231476,15.3,19.8,4,417.0297619047619,2,26.5,26,0.0,1,2024,0.009927522818209002,1,0,0,0,0,0,0,0,0
0,0,0,6,1.3378022619047618,27,137426,19.2,24.8,3,273.4761904761905,2,31.2,26,0.0,0,2024,0.004874019344205413,1,0,0,0,0,0,1,0,0
0,0,0,6,1.3378022619047618,27,137426,19.2,24.8,3,273.4761904761905,2,31.2,26,0.0,0,2024,0.004874019344205413,1,0,0,0,0,0,1,0,0
0,0,0,6,3.96222,27,182347,19.2,24.8,3,309.4791666666667,2,31.2,26,0.0,0,2024,0.012355507797346572,1,0,0,0,0,0,1,0,0
0,0,0,6,3.96222,27,182347,19.2,24.8,3,309.4791666666667,2,31.2,26,0.0,0,2024,0.012355507797346572,1,0,0,0,0,0,1,0,0
0,0,0,6,3.96222,27,138907,19.2,24.8,3,309.4791666666667,2,31.2,26,0.0,0,2024,0.012355507797346572,1,0,0,0,0,0,1,0,0
0,0,0,6,3.1528324404761903,28,84310,15.3,19.8,4,197.0952380952381,2,26.5,26,0.0,0,2024,0.01591574068509615,1,0,0,0,0,0,0,0,0
0,0,0,6,3.1528324404761903,28,84310,15.3,19.8,4,197.0952380952381,2,26.5,26,0.0,0,2024,0.01591574068509615,1,0,0,0,0,0,0,0,0
0,0,0,6,3.96222,28,35837,15.3,19.8,4,309.4791666666667,2,26.5,26,0.0,0,2024,0.012355507797346572,1,0,0,0,0,0,0,0,0
0,0,0,6,3.96222,28,35837,15.3,19.8,4,309.4791666666667,2,26.5,26,0.0,0,2024,0.012355507797346572,1,0,0,0,0,0,0,0,0
0,0,0,6,3.96222,28,35837,15.3,19.8,4,309.4791666666667,2,26.5,26,0.0,0,2024,0.012355507797346572,1,0,0,0,0,0,0,0,0
0,0,0,6,3.96222,28,35837,15.3,19.8,4,309.4791666666667,2,26.5,26,0.0,0,2024,0.012355507797346572,1,0,0,0,0,0,0,0,0
0,0,0,6,3.96222,28,48784,15.3,19.8,4,309.4791666666667,2,26.5,26,0.0,0,2024,0.012355507797346572,1,0,0,0,0,0,0,0,0
0,0,0,6,3.96222,28,48784,15.3,19.8,4,309.4791666666667,2,26.5,26,0.0,0,2024,0.012355507797346572,1,0,0,0,0,0,0,0,0
0,0,0,6,3.96222,28,48784,15.3,19.8,4,309.4791666666667,2,26.5,26,0.0,0,2024,0.012355507797346572,1,0,0,0,0,0,0,0,0
0,0,0,6,18.73868125,28,48784,15.3,19.8,4,488.04761904761904,2,26.5,26,0.0,1,2024,0.03831668025803311,1,0,0,0,0,0,0,0,0
0,0,0,6,18.73868125,28,48784,15.3,19.8,4,488.04761904761904,2,26.5,26,0.0,1,2024,0.03831668025803311,1,0,0,0,0,0,0,0,0
0,0,0,6,18.73868125,28,48784,15.3,19.8,4,488.04761904761904,2,26.5,26,0.0,1,2024,0.03831668025803311,1,0,0,0,0,0,0,0,0
0,0,0,6,18.73868125,28,48784,15.3,19.8,4,488.04761904761904,2,26.5,26,0.0,1,2024,0.03831668025803311,1,0,0,0,0,0,0,0,0
0,0,0,6,18.73868125,28,48784,15.3,19.8,4,488.04761904761904,2,26.5,26,0.0,1,2024,0.03831668025803311,1,0,0,0,0,0,0,0,0
0,0,0,6,3.96222,28,32386,15.3,19.8,4,309.4791666666667,2,26.5,26,0.0,0,2024,0.012355507797346572,1,0,0,0,0,0,0,0,0
0,0,0,6,3.96222,28,32386,15.3,19.8,4,309.4791666666667,2,26.5,26,0.0,0,2024,0.012355507797346572,1,0,0,0,0,0,0,0,0
0,0,0,6,3.96222,27,27547,19.2,24.8,3,309.4791666666667,2,31.2,26,0.0,0,2024,0.012355507797346572,1,0,0,0,0,0,1,0,0
0,0,0,6,3.96222,27,27547,19.2,24.8,3,309.4791666666667,2,31.2,26,0.0,0,2024,0.012355507797346572,1,0,0,0,0,0,1,0,0
0,0,0,6,3.96222,28,138907,15.3,19.8,4,309.4791666666667,2,26.5,26,0.0,0,2024,0.012355507797346572,1,0,0,0,0,0,0,0,0
0,0,0,6,3.96222,28,138907,15.3,19.8,4,309.4791666666667,2,26.5,26,0.0,0,2024,0.012355507797346572,1,0,0,0,0,0,0,0,0
1,0,0,3,0.6411490476190476,5,161450,7.0,8.0,1,276.6190476190476,1,11.0,10,4.2,0,2024,0.0023094562607204115,0,0,1,0,0,0,0,1,0
1,0,0,3,0.6411490476190476,5,161450,7.0,8.0,1,276.6190476190476,1,11.0,10,4.2,0,2024,0.0023094562607204115,0,0,1,0,0,0,0,1,0
1,1,0,3,3.96222,9,185914,7.2,9.6,5,309.4791666666667,1,15.0,10,6.0,0,2024,0.012355507797346572,0,0,1,0,1,0,0,0,0
1,1,0,3,3.96222,9,185914,7.2,9.6,5,309.4791666666667,1,15.0,10,6.0,0,2024,0.012355507797346572,0,0,1,0,1,0,0,0,0
1,1,0,3,3.96222,9,179566,7.2,9.6,5,309.4791666666667,1,15.0,10,6.0,0,2024,0.012355507797346572,0,0,1,0,1,0,0,0,0
1,1,0,3,3.96222,9,179566,7.2,9.6,5,309.4791666666667,1,15.0,10,6.0,0,2024,0.012355507797346572,0,0,1,0,1,0,0,0,0
0,0,0,3,5.956383452380952,8,179566,3.9,9.7,4,394.3690476190476,1,14.8,10,0.0,1,2024,0.015065376230766914,0,0,1,0,0,0,0,0,0
0,0,0,3,5.956383452380952,8,179566,3.9,9.7,4,394.3690476190476,1,14.8,10,0.0,1,2024,0.015065376230766914,0,0,1,0,0,0,0,0,0
0,0,0,3,5.956383452380952,8,179566,3.9,9.7,4,394.3690476190476,1,14.8,10,0.0,1,2024,0.015065376230766914,0,0,1,0,0,0,0,0,0
1,1,0,3,4.25278,9,35837,7.2,9.6,5,169.08928571428572,1,15.0,10,6.0,0,2024,0.025003220997375324,0,0,1,0,1,0,0,0,0
1,1,0,3,4.25278,9,35837,7.2,9.6,5,169.08928571428572,1,15.0,10,6.0,0,2024,0.025003220997375324,0,0,1,0,1,0,0,0,0
1,1,0,3,4.25278,9,48784,7.2,9.6,5,169.08928571428572,1,15.0,10,6.0,0,2024,0.025003220997375324,0,0,1,0,1,0,0,0,0
1,1,0,3,4.25278,9,48784,7.2,9.6,5,169.08928571428572,1,15.0,10,6.0,0,2024,0.025003220997375324,0,0,1,0,1,0,0,0,0
0,0,0,3,3.96222,8,48784,3.9,9.7,4,309.4791666666667,1,14.8,10,0.0,0,2024,0.012355507797346572,0,0,1,0,0,0,0,0,0
0,0,0,3,3.96222,8,48784,3.9,9.7,4,309.4791666666667,1,14.8,10,0.0,0,2024,0.012355507797346572,0,0,1,0,0,0,0,0,0
0,0,0,1,1.4542470238095238,23,161450,8.3,10.6,1,473.20238095238096,1,14.5,4,0.4,1,2024,0.0030667223156679133,0,1,0,0,0,0,0,1,0
0,1,0,1,3.99,27,182347,1.5,5.0,5,393.3392857142857,1,9.5,4,0.0,1,2024,0.010118190463252276,0,1,0,0,1,0,0,0,0
0,1,0,1,3.99,27,182347,1.5,5.0,5,393.3392857142857,1,9.5,4,0.0,1,2024,0.010118190463252276,0,1,0,0,1,0,0,0,0
0,0,0,1,3.96222,26,138887,8.9,10.3,4,309.4791666666667,1,13.9,4,1.0,0,2024,0.012355507797346572,0,1,0,0,0,0,0,0,0
0,0,0,1,3.96222,26,138887,8.9,10.3,4,309.4791666666667,1,13.9,4,1.0,0,2024,0.012355507797346572,0,1,0,0,0,0,0,0,0
1,0,0,4,3.96222,16,138907,7.5,10.0,1,309.4791666666667,2,15.8,16,4.6,0,2024,0.012355507797346572,0,0,1,0,0,0,0,1,0
1,0,0,4,3.96222,16,138907,7.5,10.0,1,309.4791666666667,2,15.8,16,4.6,0,2024,0.012355507797346572,0,0,1,0,0,0,0,1,0
0,1,0,1,3.96222,27,35837,1.5,5.0,5,309.4791666666667,1,9.5,4,0.0,0,2024,0.012355507797346572,0,1,0,0,1,0,0,0,0
0,1,0,1,3.96222,27,35837,1.5,5.0,5,309.4791666666667,1,9.5,4,0.0,0,2024,0.012355507797346572,0,1,0,0,1,0,0,0,0
0,1,0,1,3.96222,27,35837,1.5,5.0,5,309.4791666666667,1,9.5,4,0.0,0,2024,0.012355507797346572,0,1,0,0,1,0,0,0,0
0,1,0,1,3.96222,27,48784,1.5,5.0,5,309.4791666666667,1,9.5,4,0.0,0,2024,0.012355507797346572,0,1,0,0,1,0,0,0,0
0,1,0,1,3.96222,27,27547,1.5,5.0,5,309.4791666666667,1,9.5,4,0.0,0,2024,0.012355507797346572,0,1,0,0,1,0,0,0,0
0,0,0,1,3.99,26,27547,8.9,10.3,4,268.7797619047619,1,13.9,4,1.0,0,2024,0.014789841802175496,0,1,0,0,0,0,0,0,0
0,0,0,1,3.99,26,27547,8.9,10.3,4,268.7797619047619,1,13.9,4,1.0,0,2024,0.014789841802175496,0,1,0,0,0,0,0,0,0
0,0,0,1,3.99,26,27547,8.9,10.3,4,268.7797619047619,1,13.9,4,1.0,0,2024,0.014789841802175496,0,1,0,0,0,0,0,0,0
0,0,0,1,2.121919166666667,25,15207,10.1,11.8,3,1203.017857142857,1,14.4,4,0.2,1,2024,0.0017623651958966755,0,1,0,0,0,0,1,0,0
0,0,0,1,2.121919166666667,25,15207,10.1,11.8,3,1203.017857142857,1,14.4,4,0.2,1,2024,0.0017623651958966755,0,1,0,0,0,0,1,0,0
1,0,0,7,0.7302191319444444,30,185914,19.4,28.3,1,108.85416666666669,3,37.5,31,4.6,0,2024,0.0066471682786522525,1,0,0,0,0,0,0,1,0
1,0,0,7,0.7302191319444444,30,185914,19.4,28.3,1,108.85416666666669,3,37.5,31,4.6,0,2024,0.0066471682786522525,1,0,0,0,0,0,0,1,0
1,0,0,7,0.7302191319444444,30,185914,19.4,28.3,1,108.85416666666669,3,37.5,31,4.6,0,2024,0.0066471682786522525,1,0,0,0,0,0,0,1,0
1,0,0,7,0.7302191319444444,30,185914,19.4,28.3,1,108.85416666666669,3,37.5,31,4.6,0,2024,0.0066471682786522525,1,0,0,0,0,0,0,1,0
1,0,0,7,0.7302191319444444,30,185914,19.4,28.3,1,108.85416666666669,3,37.5,31,4.6,0,2024,0.0066471682786522525,1,0,0,0,0,0,0,1,0
1,0,0,7,0.7302191319444444,30,185914,19.4,28.3,1,108.85416666666669,3,37.5,31,4.6,0,2024,0.0066471682786522525,1,0,0,0,0,0,0,1,0
1,0,0,7,0.7302191319444444,30,185914,19.4,28.3,1,108.85416666666669,3,37.5,31,4.6,0,2024,0.0066471682786522525,1,0,0,0,0,0,0,1,0
1,0,0,7,0.7302191319444444,30,185914,19.4,28.3,1,108.85416666666669,3,37.5,31,4.6,0,2024,0.0066471682786522525,1,0,0,0,0,0,0,1,0
1,0,0,7,0.7302191319444444,30,185914,19.4,28.3,1,108.85416666666669,3,37.5,31,4.6,0,2024,0.0066471682786522525,1,0,0,0,0,0,0,1,0
1,0,0,7,0.7372877256944445,30,138907,19.4,28.3,1,192.22916666666663,3,37.5,31,4.6,0,2024,0.0038156130278526514,1,0,0,0,0,0,0,1,0
1,0,0,7,0.7372877256944445,30,138907,19.4,28.3,1,192.22916666666663,3,37.5,31,4.6,0,2024,0.0038156130278526514,1,0,0,0,0,0,0,1,0
1,0,0,7,0.7372877256944445,30,138907,19.4,28.3,1,192.22916666666663,3,37.5,31,4.6,0,2024,0.0038156130278526514,1,0,0,0,0,0,0,1,0
1,0,0,7,3.96222,30,19979,19.4,28.3,1,309.4791666666667,3,37.5,31,4.6,0,2024,0.012355507797346572,1,0,0,0,0,0,0,1,0
0,0,0,7,1.3283626736111112,29,185914,15.4,24.2,0,56.60243055555555,3,32.3,31,0.2,0,2024,0.023060878869164234,1,0,0,1,0,0,0,0,0
0,0,0,7,1.3283626736111112,29,185914,15.4,24.2,0,56.60243055555555,3,32.3,31,0.2,0,2024,0.023060878869164234,1,0,0,1,0,0,0,0,0
0,0,0,7,1.3283626736111112,29,185914,15.4,24.2,0,56.60243055555555,3,32.3,31,0.2,0,2024,0.023060878869164234,1,0,0,1,0,0,0,0,0
0,0,0,7,1.3283626736111112,29,185914,15.4,24.2,0,56.60243055555555,3,32.3,31,0.2,0,2024,0.023060878869164234,1,0,0,1,0,0,0,0,0
0,0,0,7,1.3283626736111112,29,185914,15.4,24.2,0,56.60243055555555,3,32.3,31,0.2,0,2024,0.023060878869164234,1,0,0,1,0,0,0,0,0
0,0,0,7,1.3283626736111112,29,185914,15.4,24.2,0,56.60243055555555,3,32.3,31,0.2,0,2024,0.023060878869164234,1,0,0,1,0,0,0,0,0
0,0,0,7,1.3283626736111112,29,185914,15.4,24.2,0,56.60243055555555,3,32.3,31,0.2,0,2024,0.023060878869164234,1,0,0,1,0,0,0,0,0
1,0,0,7,6.475713715277777,30,179566,19.4,28.3,1,403.1736111111111,3,37.5,31,4.6,1,2024,0.016022109156200066,1,0,0,0,0,0,0,1,0
1,0,0,7,6.475713715277777,30,179566,19.4,28.3,1,403.1736111111111,3,37.5,31,4.6,1,2024,0.016022109156200066,1,0,0,0,0,0,0,1,0
1,0,0,7,3.96222,30,179566,19.4,28.3,1,309.4791666666667,3,37.5,31,4.6,0,2024,0.012355507797346572,1,0,0,0,0,0,0,1,0
1,0,0,7,3.96222,30,179566,19.4,28.3,1,309.4791666666667,3,37.5,31,4.6,0,2024,0.012355507797346572,1,0,0,0,0,0,0,1,0
1,0,0,7,3.96222,30,179566,19.4,28.3,1,309.4791666666667,3,37.5,31,4.6,0,2024,0.012355507797346572,1,0,0,0,0,0,0,1,0
0,0,0,7,3.96222,29,160526,15.4,24.2,0,309.4791666666667,3,32.3,31,0.2,0,2024,0.012355507797346572,1,0,0,1,0,0,0,0,0
0,0,0,7,3.96222,29,160526,15.4,24.2,0,309.4791666666667,3,32.3,31,0.2,0,2024,0.012355507797346572,1,0,0,1,0,0,0,0,0
0,0,0,7,3.96222,29,160526,15.4,24.2,0,309.4791666666667,3,32.3,31,0.2,0,2024,0.012355507797346572,1,0,0,1,0,0,0,0,0
0,0,0,7,3.96222,29,160526,15.4,24.2,0,309.4791666666667,3,32.3,31,0.2,0,2024,0.012355507797346572,1,0,0,1,0,0,0,0,0
1,0,0,7,3.96222,30,137426,19.4,28.3,1,309.4791666666667,3,37.5,31,4.6,0,2024,0.012355507797346572,1,0,0,0,0,0,0,1,0
1,0,0,7,3.96222,30,137426,19.4,28.3,1,309.4791666666667,3,37.5,31,4.6,0,2024,0.012355507797346572,1,0,0,0,0,0,0,1,0
1,0,0,7,3.96222,30,138907,19.4,28.3,1,309.4791666666667,3,37.5,31,4.6,0,2024,0.012355507797346572,1,0,0,0,0,0,0,1,0
1,0,0,7,3.96222,30,138907,19.4,28.3,1,309.4791666666667,3,37.5,31,4.6,0,2024,0.012355507797346572,1,0,0,0,0,0,0,1,0
1,0,0,7,3.96222,30,138907,19.4,28.3,1,309.4791666666667,3,37.5,31,4.6,0,2024,0.012355507797346572,1,0,0,0,0,0,0,1,0
1,0,0,7,3.96222,30,138907,19.4,28.3,1,309.4791666666667,3,37.5,31,4.6,0,2024,0.012355507797346572,1,0,0,0,0,0,0,1,0
1,0,0,7,3.96222,30,48784,19.4,28.3,1,309.4791666666667,3,37.5,31,4.6,0,2024,0.012355507797346572,1,0,0,0,0,0,0,1,0
1,0,0,4,3.96222,15,231476,8.6,11.0,0,309.4791666666667,2,15.4,16,3.4,0,2024,0.012355507797346572,0,0,1,1,0,0,0,0,0
1,0,0,4,3.96222,15,231476,8.6,11.0,0,309.4791666666667,2,15.4,16,3.4,0,2024,0.012355507797346572,0,0,1,1,0,0,0,0,0
1,0,0,4,3.96222,15,55932,8.6,11.0,0,309.4791666666667,2,15.4,16,3.4,0,2024,0.012355507797346572,0,0,1,1,0,0,0,0,0
1,0,0,4,3.96222,15,55932,8.6,11.0,0,309.4791666666667,2,15.4,16,3.4,0,2024,0.012355507797346572,0,0,1,1,0,0,0,0,0
1,0,0,4,3.96222,15,185914,8.6,11.0,0,309.4791666666667,2,15.4,16,3.4,0,2024,0.012355507797346572,0,0,1,1,0,0,0,0,0
1,0,0,4,3.96222,15,185914,8.6,11.0,0,309.4791666666667,2,15.4,16,3.4,0,2024,0.012355507797346572,0,0,1,1,0,0,0,0,0
1,0,0,4,3.96222,15,161450,8.6,11.0,0,309.4791666666667,2,15.4,16,3.4,0,2024,0.012355507797346572,0,0,1,1,0,0,0,0,0
1,0,0,4,3.96222,15,161450,8.6,11.0,0,309.4791666666667,2,15.4,16,3.4,0,2024,0.012355507797346572,0,0,1,1,0,0,0,0,0
1,0,0,4,3.830000000000001,15,137426,8.6,11.0,0,222.3095238095238,2,15.4,16,3.4,0,2024,0.017151082204925904,0,0,1,1,0,0,0,0,0
1,0,0,4,3.830000000000001,15,137426,8.6,11.0,0,222.3095238095238,2,15.4,16,3.4,0,2024,0.017151082204925904,0,0,1,1,0,0,0,0,0
1,0,0,4,3.830000000000001,15,137426,8.6,11.0,0,222.3095238095238,2,15.4,16,3.4,0,2024,0.017151082204925904,0,0,1,1,0,0,0,0,0
1,0,0,4,3.96222,15,182347,8.6,11.0,0,309.4791666666667,2,15.4,16,3.4,0,2024,0.012355507797346572,0,0,1,1,0,0,0,0,0
1,0,0,4,3.96222,15,182347,8.6,11.0,0,309.4791666666667,2,15.4,16,3.4,0,2024,0.012355507797346572,0,0,1,1,0,0,0,0,0
1,0,0,4,3.96222,15,84310,8.6,11.0,0,309.4791666666667,2,15.4,16,3.4,0,2024,0.012355507797346572,0,0,1,1,0,0,0,0,0
1,0,0,4,3.96222,15,84310,8.6,11.0,0,309.4791666666667,2,15.4,16,3.4,0,2024,0.012355507797346572,0,0,1,1,0,0,0,0,0
1,0,0,4,13.821423571428571,15,84310,8.6,11.0,0,631.0,2,15.4,16,3.4,1,2024,0.02186934109403255,0,0,1,1,0,0,0,0,0
1,0,0,4,13.821423571428571,15,84310,8.6,11.0,0,631.0,2,15.4,16,3.4,1,2024,0.02186934109403255,0,0,1,1,0,0,0,0,0
1,0,0,4,3.96222,15,84310,8.6,11.0,0,309.4791666666667,2,15.4,16,3.4,0,2024,0.012355507797346572,0,0,1,1,0,0,0,0,0
1,0,0,4,3.96222,15,84310,8.6,11.0,0,309.4791666666667,2,15.4,16,3.4,0,2024,0.012355507797346572,0,0,1,1,0,0,0,0,0
1,0,0,4,3.830000000000001,15,48784,8.6,11.0,0,142.08333333333334,2,15.4,16,3.4,0,2024,0.026767617938264418,0,0,1,1,0,0,0,0,0
0,1,0,4,3.852780000000001,14,48784,11.3,16.0,6,186.57738095238096,2,21.8,15,0.0,0,2024,0.020539683305302578,0,0,1,0,0,1,0,0,0
0,1,0,4,3.852780000000001,14,48784,11.3,16.0,6,186.57738095238096,2,21.8,15,0.0,0,2024,0.020539683305302578,0,0,1,0,0,1,0,0,0
0,1,0,4,3.852780000000001,14,19979,11.3,16.0,6,912.2380952380952,2,21.8,15,0.0,1,2024,0.004218812180623633,0,0,1,0,0,1,0,0,0
0,1,0,4,3.852780000000001,14,19979,11.3,16.0,6,912.2380952380952,2,21.8,15,0.0,1,2024,0.004218812180623633,0,0,1,0,0,1,0,0,0
0,1,0,4,3.96222,13,27547,13.1,20.4,5,309.4791666666667,2,27.6,15,0.0,0,2024,0.012355507797346572,0,0,1,0,1,0,0,0,0
0,1,0,4,3.96222,13,27547,13.1,20.4,5,309.4791666666667,2,27.6,15,0.0,0,2024,0.012355507797346572,0,0,1,0,1,0,0,0,0
0,0,0,1,1.1680668452380951,25,185914,10.1,11.8,3,51.345238095238095,1,14.4,4,0.2,0,2024,0.022314672503979983,0,1,0,0,0,0,1,0,0
0,0,0,1,3.96222,26,55932,8.9,10.3,4,309.4791666666667,1,13.9,4,1.0,0,2024,0.012355507797346572,0,1,0,0,0,0,0,0,0
0,0,0,1,3.96222,26,55932,8.9,10.3,4,309.4791666666667,1,13.9,4,1.0,0,2024,0.012355507797346572,0,1,0,0,0,0,0,0,0
0,0,0,1,3.96222,26,185914,8.9,10.3,4,309.4791666666667,1,13.9,4,1.0,0,2024,0.012355507797346572,0,1,0,0,0,0,0,0,0
0,0,0,1,3.96222,26,185914,8.9,10.3,4,309.4791666666667,1,13.9,4,1.0,0,2024,0.012355507797346572,0,1,0,0,0,0,0,0,0
0,0,0,1,3.96222,26,185914,8.9,10.3,4,309.4791666666667,1,13.9,4,1.0,0,2024,0.012355507797346572,0,1,0,0,0,0,0,0,0
0,0,0,1,3.96222,26,185914,8.9,10.3,4,309.4791666666667,1,13.9,4,1.0,0,2024,0.012355507797346572,0,1,0,0,0,0,0,0,0
0,0,0,1,3.96222,26,160526,8.9,10.3,4,309.4791666666667,1,13.9,4,1.0,0,2024,0.012355507797346572,0,1,0,0,0,0,0,0,0
0,0,0,1,7.758979523809524,26,231476,8.9,10.3,4,277.6428571428572,1,13.9,4,1.0,0,2024,0.02784560710928821,0,1,0,0,0,0,0,0,0
0,0,0,1,7.758979523809524,26,231476,8.9,10.3,4,277.6428571428572,1,13.9,4,1.0,0,2024,0.02784560710928821,0,1,0,0,0,0,0,0,0
1,0,0,1,3.96222,24,137426,12.0,13.8,2,309.4791666666667,1,15.4,4,1.4,0,2024,0.012355507797346572,0,1,0,0,0,0,0,0,1
1,0,0,1,3.96222,24,137426,12.0,13.8,2,309.4791666666667,1,15.4,4,1.4,0,2024,0.012355507797346572,0,1,0,0,0,0,0,0,1
0,0,0,1,3.99,26,182347,8.9,10.3,4,393.3392857142857,1,13.9,4,1.0,1,2024,0.010118190463252276,0,1,0,0,0,0,0,0,0
0,0,0,1,3.99,26,182347,8.9,10.3,4,393.3392857142857,1,13.9,4,1.0,1,2024,0.010118190463252276,0,1,0,0,0,0,0,0,0
0,0,0,1,3.96222,26,138907,8.9,10.3,4,309.4791666666667,1,13.9,4,1.0,0,2024,0.012355507797346572,0,1,0,0,0,0,0,0,0
0,0,0,1,3.96222,26,138907,8.9,10.3,4,309.4791666666667,1,13.9,4,1.0,0,2024,0.012355507797346572,0,1,0,0,0,0,0,0,0
0,1,0,5,3.96222,25,160526,10.6,18.2,5,309.4791666666667,2,23.6,21,0.0,0,2024,0.012355507797346572,0,0,1,0,1,0,0,0,0
0,0,0,1,3.3673888095238094,25,138887,10.1,11.8,3,150.50595238095238,1,14.4,4,0.2,0,2024,0.022226115585589123,0,1,0,0,0,0,1,0,0
0,0,0,1,3.3673888095238094,25,138887,10.1,11.8,3,150.50595238095238,1,14.4,4,0.2,0,2024,0.022226115585589123,0,1,0,0,0,0,1,0,0
0,0,0,5,3.96222,24,137426,13.3,16.8,4,309.4791666666667,2,22.5,21,0.0,0,2024,0.012355507797346572,0,0,1,0,0,0,0,0,0
0,0,0,1,3.99,25,32386,10.1,11.8,3,949.8630952380952,1,14.4,4,0.2,1,2024,0.004196187674105606,0,1,0,0,0,0,1,0,0
0,0,0,1,3.99,25,32386,10.1,11.8,3,949.8630952380952,1,14.4,4,0.2,1,2024,0.004196187674105606,0,1,0,0,0,0,1,0,0
0,0,0,5,3.96222,6,138887,11.8,14.6,0,309.4791666666667,2,19.6,19,0.0,0,2024,0.012355507797346572,0,0,1,1,0,0,0,0,0
0,0,0,5,3.96222,6,138887,11.8,14.6,0,309.4791666666667,2,19.6,19,0.0,0,2024,0.012355507797346572,0,0,1,1,0,0,0,0,0
0,1,0,5,11.449991071428572,25,84310,10.6,18.2,5,588.202380952381,2,23.6,21,0.0,1,2024,0.019433035984886753,0,0,1,0,1,0,0,0,0
0,1,0,5,11.449991071428572,25,84310,10.6,18.2,5,588.202380952381,2,23.6,21,0.0,1,2024,0.019433035984886753,0,0,1,0,1,0,0,0,0
0,1,0,5,11.449991071428572,25,84310,10.6,18.2,5,588.202380952381,2,23.6,21,0.0,1,2024,0.019433035984886753,0,0,1,0,1,0,0,0,0
0,1,0,5,3.96222,25,35837,10.6,18.2,5,309.4791666666667,2,23.6,21,0.0,0,2024,0.012355507797346572,0,0,1,0,1,0,0,0,0
0,1,0,5,3.96222,25,231476,10.6,18.2,5,309.4791666666667,2,23.6,21,0.0,0,2024,0.012355507797346572,0,0,1,0,1,0,0,0,0
0,1,0,5,3.96222,25,231476,10.6,18.2,5,309.4791666666667,2,23.6,21,0.0,0,2024,0.012355507797346572,0,0,1,0,1,0,0,0,0
0,1,0,5,3.96222,25,48784,10.6,18.2,5,309.4791666666667,2,23.6,21,0.0,0,2024,0.012355507797346572,0,0,1,0,1,0,0,0,0
0,1,0,5,3.96222,25,48784,10.6,18.2,5,309.4791666666667,2,23.6,21,0.0,0,2024,0.012355507797346572,0,0,1,0,1,0,0,0,0
0,1,0,5,3.96222,25,32386,10.6,18.2,5,309.4791666666667,2,23.6,21,0.0,0,2024,0.012355507797346572,0,0,1,0,1,0,0,0,0
0,1,0,5,3.96222,25,32386,10.6,18.2,5,309.4791666666667,2,23.6,21,0.0,0,2024,0.012355507797346572,0,0,1,0,1,0,0,0,0
0,1,0,5,3.96222,25,32386,10.6,18.2,5,309.4791666666667,2,23.6,21,0.0,0,2024,0.012355507797346572,0,0,1,0,1,0,0,0,0
0,1,0,5,3.96222,25,15207,10.6,18.2,5,309.4791666666667,2,23.6,21,0.0,0,2024,0.012355507797346572,0,0,1,0,1,0,0,0,0
0,1,0,5,3.96222,25,15207,10.6,18.2,5,309.4791666666667,2,23.6,21,0.0,0,2024,0.012355507797346572,0,0,1,0,1,0,0,0,0
0,1,0,5,3.96222,25,15207,10.6,18.2,5,309.4791666666667,2,23.6,21,0.0,0,2024,0.012355507797346572,0,0,1,0,1,0,0,0,0
1,0,0,9,3.96222,5,160526,15.5,15.9,3,309.4791666666667,3,17.9,36,17.1,0,2024,0.012355507797346572,0,0,0,0,0,0,1,0,0
1,0,0,9,3.96222,5,160526,15.5,15.9,3,309.4791666666667,3,17.9,36,17.1,0,2024,0.012355507797346572,0,0,0,0,0,0,1,0,0
1,0,0,9,12.587202380952382,5,138907,15.5,15.9,3,3981.5,3,17.9,36,17.1,1,2024,0.003160628344244164,0,0,0,0,0,0,1,0,0
1,0,0,9,12.587202380952382,5,138907,15.5,15.9,3,3981.5,3,17.9,36,17.1,1,2024,0.003160628344244164,0,0,0,0,0,0,1,0,0
1,0,0,9,1.210288869047619,5,185914,15.5,15.9,3,299.92857142857144,3,17.9,36,17.1,0,2024,0.004021847654086557,0,0,0,0,0,0,1,0,0
1,0,0,9,1.210288869047619,5,185914,15.5,15.9,3,299.92857142857144,3,17.9,36,17.1,0,2024,0.004021847654086557,0,0,0,0,0,0,1,0,0
1,0,0,9,1.210288869047619,5,185914,15.5,15.9,3,299.92857142857144,3,17.9,36,17.1,0,2024,0.004021847654086557,0,0,0,0,0,0,1,0,0
1,0,0,9,7.522279702380952,5,231476,15.5,15.9,3,266.94642857142856,3,17.9,36,17.1,0,2024,0.02807381961568366,0,0,0,0,0,0,1,0,0
1,0,0,9,0.8715720238095239,4,138907,16.8,19.7,2,219.1369047619048,3,24.2,36,7.4,0,2024,0.003959227212503042,0,0,0,0,0,0,0,0,1
1,0,0,9,0.8715720238095239,4,138907,16.8,19.7,2,219.1369047619048,3,24.2,36,7.4,0,2024,0.003959227212503042,0,0,0,0,0,0,0,0,1
1,0,0,9,3.96222,5,41158,15.5,15.9,3,309.4791666666667,3,17.9,36,17.1,0,2024,0.012355507797346572,0,0,0,0,0,0,1,0,0
1,0,0,9,3.96222,5,41158,15.5,15.9,3,309.4791666666667,3,17.9,36,17.1,0,2024,0.012355507797346572,0,0,0,0,0,0,1,0,0
1,0,0,9,1.210288869047619,5,185914,15.5,15.9,3,299.92857142857144,3,17.9,36,17.1,0,2024,0.004021847654086557,0,0,0,0,0,0,1,0,0
1,0,0,9,1.210288869047619,5,185914,15.5,15.9,3,299.92857142857144,3,17.9,36,17.1,0,2024,0.004021847654086557,0,0,0,0,0,0,1,0,0
1,0,0,9,1.210288869047619,5,185914,15.5,15.9,3,299.92857142857144,3,17.9,36,17.1,0,2024,0.004021847654086557,0,0,0,0,0,0,1,0,0
1,0,0,9,1.210288869047619,5,185914,15.5,15.9,3,299.92857142857144,3,17.9,36,17.1,0,2024,0.004021847654086557,0,0,0,0,0,0,1,0,0
1,0,0,9,3.96222,5,185914,15.5,15.9,3,309.4791666666667,3,17.9,36,17.1,0,2024,0.012355507797346572,0,0,0,0,0,0,1,0,0
1,0,0,9,3.96222,5,185914,15.5,15.9,3,309.4791666666667,3,17.9,36,17.1,0,2024,0.012355507797346572,0,0,0,0,0,0,1,0,0
1,0,0,9,3.96222,5,185914,15.5,15.9,3,309.4791666666667,3,17.9,36,17.1,0,2024,0.012355507797346572,0,0,0,0,0,0,1,0,0
1,0,0,9,3.96222,5,185914,15.5,15.9,3,309.4791666666667,3,17.9,36,17.1,0,2024,0.012355507797346572,0,0,0,0,0,0,1,0,0
1,0,0,9,7.169002797619048,4,185914,16.8,19.7,2,289.4345238095238,3,24.2,36,7.4,0,2024,0.024683714262291725,0,0,0,0,0,0,0,0,1
1,0,0,9,7.169002797619048,4,185914,16.8,19.7,2,289.4345238095238,3,24.2,36,7.4,0,2024,0.024683714262291725,0,0,0,0,0,0,0,0,1
1,0,0,9,9.012283273809524,5,179566,15.5,15.9,3,407.9047619047619,3,17.9,36,17.1,1,2024,0.0220400545883312,0,0,0,0,0,0,1,0,0
1,0,0,9,9.012283273809524,5,179566,15.5,15.9,3,407.9047619047619,3,17.9,36,17.1,1,2024,0.0220400545883312,0,0,0,0,0,0,1,0,0
1,0,0,9,3.96222,4,161450,16.8,19.7,2,309.4791666666667,3,24.2,36,7.4,0,2024,0.012355507797346572,0,0,0,0,0,0,0,0,1
1,0,0,9,3.96222,4,161450,16.8,19.7,2,309.4791666666667,3,24.2,36,7.4,0,2024,0.012355507797346572,0,0,0,0,0,0,0,0,1
1,0,0,9,3.96222,5,231476,15.5,15.9,3,309.4791666666667,3,17.9,36,17.1,0,2024,0.012355507797346572,0,0,0,0,0,0,1,0,0
1,0,0,9,3.96222,5,231476,15.5,15.9,3,309.4791666666667,3,17.9,36,17.1,0,2024,0.012355507797346572,0,0,0,0,0,0,1,0,0
1,0,0,9,3.96222,5,231476,15.5,15.9,3,309.4791666666667,3,17.9,36,17.1,0,2024,0.012355507797346572,0,0,0,0,0,0,1,0,0
1,0,0,9,3.96222,5,137426,15.5,15.9,3,309.4791666666667,3,17.9,36,17.1,0,2024,0.012355507797346572,0,0,0,0,0,0,1,0,0
1,0,0,9,3.96222,5,137426,15.5,15.9,3,309.4791666666667,3,17.9,36,17.1,0,2024,0.012355507797346572,0,0,0,0,0,0,1,0,0
1,0,0,9,18.105059523809523,4,231476,16.8,19.7,2,3426.9761904761904,3,24.2,36,7.4,1,2024,0.005281559298489321,0,0,0,0,0,0,0,0,1
1,0,0,9,18.105059523809523,4,231476,16.8,19.7,2,3426.9761904761904,3,24.2,36,7.4,1,2024,0.005281559298489321,0,0,0,0,0,0,0,0,1
1,0,0,9,3.60167,5,182347,15.5,15.9,3,165.6547619047619,3,17.9,36,17.1,0,2024,0.021611563683120224,0,0,0,0,0,0,1,0,0
1,0,0,9,3.60167,5,137426,15.5,15.9,3,165.6547619047619,3,17.9,36,17.1,0,2024,0.021611563683120224,0,0,0,0,0,0,1,0,0
1,0,0,9,3.60167,5,182347,15.5,15.9,3,379.2916666666667,3,17.9,36,17.1,1,2024,0.009470809685548372,0,0,0,0,0,0,1,0,0
1,0,0,9,3.60167,5,182347,15.5,15.9,3,379.2916666666667,3,17.9,36,17.1,1,2024,0.009470809685548372,0,0,0,0,0,0,1,0,0
1,0,0,9,1.2281430952380952,5,137426,15.5,15.9,3,312.82142857142856,3,17.9,36,17.1,1,2024,0.003913509350935093,0,0,0,0,0,0,1,0,0
1,0,0,9,1.2281430952380952,5,137426,15.5,15.9,3,312.82142857142856,3,17.9,36,17.1,1,2024,0.003913509350935093,0,0,0,0,0,0,1,0,0
0,0,0,7,24.768632465277776,29,231476,15.4,24.2,0,328.5347222222222,3,32.3,31,0.2,1,2024,0.07516243598929467,1,0,0,1,0,0,0,0,0
0,0,0,7,24.768632465277776,29,231476,15.4,24.2,0,328.5347222222222,3,32.3,31,0.2,1,2024,0.07516243598929467,1,0,0,1,0,0,0,0,0
0,1,0,7,13.422916666666667,28,160526,12.0,19.7,6,3675.7738095238096,3,27.3,30,0.0,1,2024,0.0036507322348461545,1,0,0,0,0,1,0,0,0
0,0,0,7,3.96222,29,179566,15.4,24.2,0,309.4791666666667,3,32.3,31,0.2,0,2024,0.012355507797346572,1,0,0,1,0,0,0,0,0
0,0,0,7,3.96222,29,179566,15.4,24.2,0,309.4791666666667,3,32.3,31,0.2,0,2024,0.012355507797346572,1,0,0,1,0,0,0,0,0
0,0,0,7,2.7502110069444443,29,183839,15.4,24.2,0,147.37152777777777,3,32.3,31,0.2,0,2024,0.018535975521284314,1,0,0,1,0,0,0,0,0
0,0,0,7,2.7502110069444443,29,183839,15.4,24.2,0,147.37152777777777,3,32.3,31,0.2,0,2024,0.018535975521284314,1,0,0,1,0,0,0,0,0
0,0,0,7,2.7502110069444443,29,183839,15.4,24.2,0,147.37152777777777,3,32.3,31,0.2,0,2024,0.018535975521284314,1,0,0,1,0,0,0,0,0
0,1,0,7,2.85,28,231476,12.0,19.7,6,221.6309523809524,3,27.3,30,0.0,0,2024,0.012801454467675524,1,0,0,0,0,1,0,0,0
0,1,0,7,2.85,28,231476,12.0,19.7,6,221.6309523809524,3,27.3,30,0.0,0,2024,0.012801454467675524,1,0,0,0,0,1,0,0,0
0,1,0,7,3.96222,28,231476,12.0,19.7,6,309.4791666666667,3,27.3,30,0.0,0,2024,0.012355507797346572,1,0,0,0,0,1,0,0,0
0,0,0,7,3.96222,29,182347,15.4,24.2,0,309.4791666666667,3,32.3,31,0.2,0,2024,0.012355507797346572,1,0,0,1,0,0,0,0,0
0,0,0,7,3.96222,29,182347,15.4,24.2,0,309.4791666666667,3,32.3,31,0.2,0,2024,0.012355507797346572,1,0,0,1,0,0,0,0,0
0,0,0,7,1.2837555729166665,29,138887,15.4,24.2,0,88.5,3,32.3,31,0.2,0,2024,0.014343637686219738,1,0,0,1,0,0,0,0,0
0,0,0,7,1.2837555729166665,29,138887,15.4,24.2,0,88.5,3,32.3,31,0.2,0,2024,0.014343637686219738,1,0,0,1,0,0,0,0,0
0,0,0,7,1.2837555729166665,29,138887,15.4,24.2,0,88.5,3,32.3,31,0.2,0,2024,0.014343637686219738,1,0,0,1,0,0,0,0,0
0,0,0,7,1.2837555729166665,29,138887,15.4,24.2,0,88.5,3,32.3,31,0.2,0,2024,0.014343637686219738,1,0,0,1,0,0,0,0,0
0,0,0,7,1.2837555729166665,29,138887,15.4,24.2,0,88.5,3,32.3,31,0.2,0,2024,0.014343637686219738,1,0,0,1,0,0,0,0,0
0,0,0,5,1.896766607142857,23,182347,13.1,16.8,3,200.07142857142856,2,21.8,21,0.0,0,2024,0.009433297513321493,0,0,1,0,0,0,1,0,0
0,0,0,5,1.896766607142857,23,182347,13.1,16.8,3,200.07142857142856,2,21.8,21,0.0,0,2024,0.009433297513321493,0,0,1,0,0,0,1,0,0
1,0,0,5,3.96222,22,231476,14.0,16.5,2,309.4791666666667,2,21.5,21,2.4,0,2024,0.012355507797346572,0,0,1,0,0,0,0,0,1
1,0,0,5,3.96222,22,231476,14.0,16.5,2,309.4791666666667,2,21.5,21,2.4,0,2024,0.012355507797346572,0,0,1,0,0,0,0,0,1
0,0,0,5,3.96222,23,41158,13.1,16.8,3,309.4791666666667,2,21.8,21,0.0,0,2024,0.012355507797346572,0,0,1,0,0,0,1,0,0
0,0,0,5,3.96222,23,41158,13.1,16.8,3,309.4791666666667,2,21.8,21,0.0,0,2024,0.012355507797346572,0,0,1,0,0,0,1,0,0
0,0,0,5,3.96222,24,179566,13.3,16.8,4,309.4791666666667,2,22.5,21,0.0,0,2024,0.012355507797346572,0,0,1,0,0,0,0,0,0
0,0,0,5,6.818083571428572,23,179566,13.1,16.8,3,120.29761904761904,2,21.8,21,0.0,0,2024,0.05620954166257729,0,0,1,0,0,0,1,0,0
0,0,0,5,6.818083571428572,23,179566,13.1,16.8,3,120.29761904761904,2,21.8,21,0.0,0,2024,0.05620954166257729,0,0,1,0,0,0,1,0,0
0,0,0,5,3.96222,24,160526,13.3,16.8,4,309.4791666666667,2,22.5,21,0.0,0,2024,0.012355507797346572,0,0,1,0,0,0,0,0,0
0,0,0,5,3.96222,24,160526,13.3,16.8,4,309.4791666666667,2,22.5,21,0.0,0,2024,0.012355507797346572,0,0,1,0,0,0,0,0,0
0,0,0,5,3.96222,24,161450,13.3,16.8,4,309.4791666666667,2,22.5,21,0.0,0,2024,0.012355507797346572,0,0,1,0,0,0,0,0,0
0,0,0,5,3.96222,24,161450,13.3,16.8,4,309.4791666666667,2,22.5,21,0.0,0,2024,0.012355507797346572,0,0,1,0,0,0,0,0,0
0,0,0,5,3.96222,24,137426,13.3,16.8,4,309.4791666666667,2,22.5,21,0.0,0,2024,0.012355507797346572,0,0,1,0,0,0,0,0,0
0,0,0,5,3.96222,24,137426,13.3,16.8,4,309.4791666666667,2,22.5,21,0.0,0,2024,0.012355507797346572,0,0,1,0,0,0,0,0,0
0,0,0,5,1.1494716071428572,23,138907,13.1,16.8,3,290.9404761904762,2,21.8,21,0.0,0,2024,0.003937349223178241,0,0,1,0,0,0,1,0,0
0,0,0,5,1.1494716071428572,23,138907,13.1,16.8,3,290.9404761904762,2,21.8,21,0.0,0,2024,0.003937349223178241,0,0,1,0,0,0,1,0,0
0,0,0,5,3.96222,23,138907,13.1,16.8,3,309.4791666666667,2,21.8,21,0.0,0,2024,0.012355507797346572,0,0,1,0,0,0,1,0,0
0,0,0,5,3.96222,23,138907,13.1,16.8,3,309.4791666666667,2,21.8,21,0.0,0,2024,0.012355507797346572,0,0,1,0,0,0,1,0,0
1,0,0,10,2.905150119047619,10,182347,12.4,13.8,3,317.0,4,17.3,41,2.4,1,2024,0.009135692198262954,0,0,0,0,0,0,1,0,0
1,0,0,10,2.905150119047619,10,182347,12.4,13.8,3,317.0,4,17.3,41,2.4,1,2024,0.009135692198262954,0,0,0,0,0,0,1,0,0
1,0,0,10,3.96222,10,185914,12.4,13.8,3,309.4791666666667,4,17.3,41,2.4,0,2024,0.012355507797346572,0,0,0,0,0,0,1,0,0
1,0,0,10,3.96222,9,185914,13.4,14.3,2,309.4791666666667,4,16.7,41,71.0,0,2024,0.012355507797346572,0,0,0,0,0,0,0,0,1
1,0,0,10,3.96222,9,185914,13.4,14.3,2,309.4791666666667,4,16.7,41,71.0,0,2024,0.012355507797346572,0,0,0,0,0,0,0,0,1
1,0,0,10,7.734723630952381,10,179566,12.4,13.8,3,406.5059523809524,4,17.3,41,2.4,1,2024,0.018980639634244314,0,0,0,0,0,0,1,0,0
1,0,0,10,7.734723630952381,10,179566,12.4,13.8,3,406.5059523809524,4,17.3,41,2.4,1,2024,0.018980639634244314,0,0,0,0,0,0,1,0,0
1,0,0,10,2.6334009523809523,9,179566,13.4,14.3,2,258.94642857142856,4,16.7,41,71.0,0,2024,0.010130552540587576,0,0,0,0,0,0,0,0,1
1,0,0,10,2.6334009523809523,9,179566,13.4,14.3,2,258.94642857142856,4,16.7,41,71.0,0,2024,0.010130552540587576,0,0,0,0,0,0,0,0,1
1,0,0,10,3.96222,10,160526,12.4,13.8,3,309.4791666666667,4,17.3,41,2.4,0,2024,0.012355507797346572,0,0,0,0,0,0,1,0,0
1,0,0,10,4.05,10,161450,12.4,13.8,3,60.13690476190476,4,17.3,41,2.4,0,2024,0.06624476681919969,0,0,0,0,0,0,1,0,0
1,0,0,10,4.05,10,161450,12.4,13.8,3,60.13690476190476,4,17.3,41,2.4,0,2024,0.06624476681919969,0,0,0,0,0,0,1,0,0
1,0,0,10,3.96222,9,161450,13.4,14.3,2,309.4791666666667,4,16.7,41,71.0,0,2024,0.012355507797346572,0,0,0,0,0,0,0,0,1
1,0,0,10,3.96222,9,161450,13.4,14.3,2,309.4791666666667,4,16.7,41,71.0,0,2024,0.012355507797346572,0,0,0,0,0,0,0,0,1
1,0,0,10,6.231664226190476,10,231476,12.4,13.8,3,241.1369047619048,4,17.3,41,2.4,0,2024,0.0257361191278055,0,0,0,0,0,0,1,0,0
1,0,0,10,6.231664226190476,10,231476,12.4,13.8,3,241.1369047619048,4,17.3,41,2.4,0,2024,0.0257361191278055,0,0,0,0,0,0,1,0,0
1,0,0,10,1.8331991666666667,10,84310,12.4,13.8,3,427.1845238095238,4,17.3,41,2.4,1,2024,0.004281329811635505,0,0,0,0,0,0,1,0,0
1,0,0,10,1.8331991666666667,10,84310,12.4,13.8,3,427.1845238095238,4,17.3,41,2.4,1,2024,0.004281329811635505,0,0,0,0,0,0,1,0,0
1,0,0,10,3.96222,10,137426,12.4,13.8,3,309.4791666666667,4,17.3,41,2.4,0,2024,0.012355507797346572,0,0,0,0,0,0,1,0,0
1,0,0,10,3.96222,10,137426,12.4,13.8,3,309.4791666666667,4,17.3,41,2.4,0,2024,0.012355507797346572,0,0,0,0,0,0,1,0,0
1,0,0,10,3.96222,10,48784,12.4,13.8,3,309.4791666666667,4,17.3,41,2.4,0,2024,0.012355507797346572,0,0,0,0,0,0,1,0,0
1,0,0,10,3.96222,10,48784,12.4,13.8,3,309.4791666666667,4,17.3,41,2.4,0,2024,0.012355507797346572,0,0,0,0,0,0,1,0,0
1,0,0,10,3.96222,10,15207,12.4,13.8,3,309.4791666666667,4,17.3,41,2.4,0,2024,0.012355507797346572,0,0,0,0,0,0,1,0,0
1,0,0,10,3.96222,9,27547,13.4,14.3,2,309.4791666666667,4,16.7,41,71.0,0,2024,0.012355507797346572,0,0,0,0,0,0,0,0,1
1,0,0,10,3.96222,9,27547,13.4,14.3,2,309.4791666666667,4,16.7,41,71.0,0,2024,0.012355507797346572,0,0,0,0,0,0,0,0,1
0,0,0,6,3.96222,27,161450,19.2,24.8,3,309.4791666666667,2,31.2,26,0.0,0,2024,0.012355507797346572,1,0,0,0,0,0,1,0,0
0,0,0,6,3.96222,27,161450,19.2,24.8,3,309.4791666666667,2,31.2,26,0.0,0,2024,0.012355507797346572,1,0,0,0,0,0,1,0,0
0,0,0,6,3.96222,27,161450,19.2,24.8,3,309.4791666666667,2,31.2,26,0.0,0,2024,0.012355507797346572,1,0,0,0,0,0,1,0,0
0,0,0,6,3.021568988095238,27,182347,19.2,24.8,3,356.2083333333333,2,31.2,26,0.0,1,2024,0.008458842378897201,1,0,0,0,0,0,1,0,0
0,0,0,6,3.021568988095238,27,182347,19.2,24.8,3,356.2083333333333,2,31.2,26,0.0,1,2024,0.008458842378897201,1,0,0,0,0,0,1,0,0
0,0,0,6,18.079464285714284,27,161450,19.2,24.8,3,3241.214285714286,2,31.2,26,0.0,1,2024,0.0055762706263356165,1,0,0,0,0,0,1,0,0
0,0,0,6,18.079464285714284,27,161450,19.2,24.8,3,3241.214285714286,2,31.2,26,0.0,1,2024,0.0055762706263356165,1,0,0,0,0,0,1,0,0
0,0,0,6,0.8967832142857143,27,138907,19.2,24.8,3,303.86309523809524,2,31.2,26,0.0,0,2024,0.0029415932210008393,1,0,0,0,0,0,1,0,0
0,0,0,6,0.8967832142857143,27,138907,19.2,24.8,3,303.86309523809524,2,31.2,26,0.0,0,2024,0.0029415932210008393,1,0,0,0,0,0,1,0,0
0,0,0,6,0.8967832142857143,27,138907,19.2,24.8,3,303.86309523809524,2,31.2,26,0.0,0,2024,0.0029415932210008393,1,0,0,0,0,0,1,0,0
0,0,0,6,0.8967832142857143,26,138907,18.6,25.7,2,303.86309523809524,2,33.0,26,0.2,0,2024,0.0029415932210008393,1,0,0,0,0,0,0,0,1
0,0,0,6,0.8967832142857143,26,138907,18.6,25.7,2,303.86309523809524,2,33.0,26,0.2,0,2024,0.0029415932210008393,1,0,0,0,0,0,0,0,1
0,0,0,6,0.8967832142857143,26,138907,18.6,25.7,2,303.86309523809524,2,33.0,26,0.2,0,2024,0.0029415932210008393,1,0,0,0,0,0,0,0,1
0,0,0,6,15.075595238095238,26,137426,18.6,25.7,2,1574.1309523809523,2,33.0,26,0.2,1,2024,0.009571010724731882,1,0,0,0,0,0,0,0,1
0,0,0,6,15.075595238095238,26,137426,18.6,25.7,2,1574.1309523809523,2,33.0,26,0.2,1,2024,0.009571010724731882,1,0,0,0,0,0,0,0,1
0,0,0,6,3.96222,27,41158,19.2,24.8,3,309.4791666666667,2,31.2,26,0.0,0,2024,0.012355507797346572,1,0,0,0,0,0,1,0,0
0,0,0,6,3.96222,27,41158,19.2,24.8,3,309.4791666666667,2,31.2,26,0.0,0,2024,0.012355507797346572,1,0,0,0,0,0,1,0,0
0,0,0,6,3.96222,27,55932,19.2,24.8,3,309.4791666666667,2,31.2,26,0.0,0,2024,0.012355507797346572,1,0,0,0,0,0,1,0,0
0,0,0,6,3.96222,27,55932,19.2,24.8,3,309.4791666666667,2,31.2,26,0.0,0,2024,0.012355507797346572,1,0,0,0,0,0,1,0,0
0,0,0,6,3.96222,27,185914,19.2,24.8,3,309.4791666666667,2,31.2,26,0.0,0,2024,0.012355507797346572,1,0,0,0,0,0,1,0,0
0,0,0,6,3.96222,27,185914,19.2,24.8,3,309.4791666666667,2,31.2,26,0.0,0,2024,0.012355507797346572,1,0,0,0,0,0,1,0,0
0,0,0,6,5.775232619047619,27,179566,19.2,24.8,3,395.4702380952381,2,31.2,26,0.0,1,2024,0.014566623327878453,1,0,0,0,0,0,1,0,0
0,0,0,6,5.775232619047619,27,179566,19.2,24.8,3,395.4702380952381,2,31.2,26,0.0,1,2024,0.014566623327878453,1,0,0,0,0,0,1,0,0
0,0,0,6,5.775232619047619,27,179566,19.2,24.8,3,395.4702380952381,2,31.2,26,0.0,1,2024,0.014566623327878453,1,0,0,0,0,0,1,0,0
0,0,0,6,3.96222,27,183839,19.2,24.8,3,309.4791666666667,2,31.2,26,0.0,0,2024,0.012355507797346572,1,0,0,0,0,0,1,0,0
0,0,0,6,3.96222,27,183839,19.2,24.8,3,309.4791666666667,2,31.2,26,0.0,0,2024,0.012355507797346572,1,0,0,0,0,0,1,0,0
0,0,0,6,3.96222,27,183839,19.2,24.8,3,309.4791666666667,2,31.2,26,0.0,0,2024,0.012355507797346572,1,0,0,0,0,0,1,0,0
0,0,0,6,3.96222,26,160526,18.6,25.7,2,309.4791666666667,2,33.0,26,0.2,0,2024,0.012355507797346572,1,0,0,0,0,0,0,0,1
0,0,0,6,3.96222,26,160526,18.6,25.7,2,309.4791666666667,2,33.0,26,0.2,0,2024,0.012355507797346572,1,0,0,0,0,0,0,0,1
0,0,0,6,3.96222,26,161450,18.6,25.7,2,309.4791666666667,2,33.0,26,0.2,0,2024,0.012355507797346572,1,0,0,0,0,0,0,0,1
0,0,0,6,3.96222,26,161450,18.6,25.7,2,309.4791666666667,2,33.0,26,0.2,0,2024,0.012355507797346572,1,0,0,0,0,0,0,0,1
0,0,0,6,1.298569642857143,26,161450,18.6,25.7,2,261.4761904761905,2,33.0,26,0.2,0,2024,0.004947380714804064,1,0,0,0,0,0,0,0,1
0,0,0,6,1.298569642857143,26,161450,18.6,25.7,2,261.4761904761905,2,33.0,26,0.2,0,2024,0.004947380714804064,1,0,0,0,0,0,0,0,1
0,0,0,6,3.96222,27,231476,19.2,24.8,3,309.4791666666667,2,31.2,26,0.0,0,2024,0.012355507797346572,1,0,0,0,0,0,1,0,0
0,0,0,6,3.96222,27,231476,19.2,24.8,3,309.4791666666667,2,31.2,26,0.0,0,2024,0.012355507797346572,1,0,0,0,0,0,1,0,0
0,0,0,6,3.96222,27,231476,19.2,24.8,3,309.4791666666667,2,31.2,26,0.0,0,2024,0.012355507797346572,1,0,0,0,0,0,1,0,0
0,0,0,6,3.96222,27,231476,19.2,24.8,3,309.4791666666667,2,31.2,26,0.0,0,2024,0.012355507797346572,1,0,0,0,0,0,1,0,0
0,0,0,6,4.15,27,137426,19.2,24.8,3,569.8482142857143,2,31.2,26,0.0,1,2024,0.007269883475404708,1,0,0,0,0,0,1,0,0
0,0,0,6,4.15,27,137426,19.2,24.8,3,569.8482142857143,2,31.2,26,0.0,1,2024,0.007269883475404708,1,0,0,0,0,0,1,0,0
0,0,0,6,3.96222,24,138907,14.5,22.8,0,309.4791666666667,2,29.8,26,0.0,0,2024,0.012355507797346572,1,0,0,1,0,0,0,0,0
0,0,0,6,3.96222,24,138907,14.5,22.8,0,309.4791666666667,2,29.8,26,0.0,0,2024,0.012355507797346572,1,0,0,1,0,0,0,0,0
0,0,0,6,3.96222,24,138907,14.5,22.8,0,309.4791666666667,2,29.8,26,0.0,0,2024,0.012355507797346572,1,0,0,1,0,0,0,0,0
0,0,0,6,3.96222,27,138887,19.2,24.8,3,309.4791666666667,2,31.2,26,0.0,0,2024,0.012355507797346572,1,0,0,0,0,0,1,0,0
0,0,0,6,3.96222,27,138887,19.2,24.8,3,309.4791666666667,2,31.2,26,0.0,0,2024,0.012355507797346572,1,0,0,0,0,0,1,0,0
0,0,0,6,3.96222,27,84310,19.2,24.8,3,309.4791666666667,2,31.2,26,0.0,0,2024,0.012355507797346572,1,0,0,0,0,0,1,0,0
0,0,0,6,3.96222,27,84310,19.2,24.8,3,309.4791666666667,2,31.2,26,0.0,0,2024,0.012355507797346572,1,0,0,0,0,0,1,0,0
0,0,0,6,3.96222,27,84310,19.2,24.8,3,309.4791666666667,2,31.2,26,0.0,0,2024,0.012355507797346572,1,0,0,0,0,0,1,0,0
0,0,0,6,3.96222,27,84310,19.2,24.8,3,309.4791666666667,2,31.2,26,0.0,0,2024,0.012355507797346572,1,0,0,0,0,0,1,0,0
0,0,0,6,3.96222,27,84310,19.2,24.8,3,309.4791666666667,2,31.2,26,0.0,0,2024,0.012355507797346572,1,0,0,0,0,0,1,0,0
0,0,0,6,3.96222,27,35837,19.2,24.8,3,309.4791666666667,2,31.2,26,0.0,0,2024,0.012355507797346572,1,0,0,0,0,0,1,0,0
0,0,0,6,3.96222,27,35837,19.2,24.8,3,309.4791666666667,2,31.2,26,0.0,0,2024,0.012355507797346572,1,0,0,0,0,0,1,0,0
0,0,0,6,3.96222,26,35837,18.6,25.7,2,309.4791666666667,2,33.0,26,0.2,0,2024,0.012355507797346572,1,0,0,0,0,0,0,0,1
0,0,0,6,3.96222,26,35837,18.6,25.7,2,309.4791666666667,2,33.0,26,0.2,0,2024,0.012355507797346572,1,0,0,0,0,0,0,0,1
0,0,0,6,3.96222,26,35837,18.6,25.7,2,309.4791666666667,2,33.0,26,0.2,0,2024,0.012355507797346572,1,0,0,0,0,0,0,0,1
0,0,0,6,3.96222,27,27547,19.2,24.8,3,309.4791666666667,2,31.2,26,0.0,0,2024,0.012355507797346572,1,0,0,0,0,0,1,0,0
0,0,0,6,3.96222,27,27547,19.2,24.8,3,309.4791666666667,2,31.2,26,0.0,0,2024,0.012355507797346572,1,0,0,0,0,0,1,0,0
0,0,0,6,3.96222,27,138907,19.2,24.8,3,309.4791666666667,2,31.2,26,0.0,0,2024,0.012355507797346572,1,0,0,0,0,0,1,0,0
0,0,0,6,3.96222,27,138907,19.2,24.8,3,309.4791666666667,2,31.2,26,0.0,0,2024,0.012355507797346572,1,0,0,0,0,0,1,0,0
0,0,0,3,3.96222,7,182347,3.0,8.9,3,309.4791666666667,1,14.9,10,0.0,0,2024,0.012355507797346572,0,0,1,0,0,0,1,0,0
0,0,0,3,3.96222,7,182347,3.0,8.9,3,309.4791666666667,1,14.9,10,0.0,0,2024,0.012355507797346572,0,0,1,0,0,0,1,0,0
0,0,0,3,3.96222,8,55932,3.9,9.7,4,309.4791666666667,1,14.8,10,0.0,0,2024,0.012355507797346572,0,0,1,0,0,0,0,0,0
0,0,0,3,3.96222,8,55932,3.9,9.7,4,309.4791666666667,1,14.8,10,0.0,0,2024,0.012355507797346572,0,0,1,0,0,0,0,0,0
0,0,0,3,7.784849285714285,7,41158,3.0,8.9,3,272.92857142857144,1,14.9,10,0.0,0,2024,0.02841926727509778,0,0,1,0,0,0,1,0,0
0,0,0,3,7.784849285714285,7,41158,3.0,8.9,3,272.92857142857144,1,14.9,10,0.0,0,2024,0.02841926727509778,0,0,1,0,0,0,1,0,0
0,0,0,3,3.96222,8,185914,3.9,9.7,4,309.4791666666667,1,14.8,10,0.0,0,2024,0.012355507797346572,0,0,1,0,0,0,0,0,0
0,0,0,3,3.96222,8,185914,3.9,9.7,4,309.4791666666667,1,14.8,10,0.0,0,2024,0.012355507797346572,0,0,1,0,0,0,0,0,0
0,0,0,3,1.2531695238095235,8,185914,3.9,9.7,4,156.72619047619048,1,14.8,10,0.0,0,2024,0.007945221526152915,0,0,1,0,0,0,0,0,0
0,0,0,3,1.2531695238095235,8,185914,3.9,9.7,4,156.72619047619048,1,14.8,10,0.0,0,2024,0.007945221526152915,0,0,1,0,0,0,0,0,0
0,0,0,3,5.956383452380952,8,179566,3.9,9.7,4,394.3690476190476,1,14.8,10,0.0,1,2024,0.015065376230766914,0,0,1,0,0,0,0,0,0
0,0,0,3,5.956383452380952,8,179566,3.9,9.7,4,394.3690476190476,1,14.8,10,0.0,1,2024,0.015065376230766914,0,0,1,0,0,0,0,0,0
0,0,0,3,14.003079821428573,8,183839,3.9,9.7,4,561.2202380952381,1,14.8,10,0.0,1,2024,0.024906751611912806,0,0,1,0,0,0,0,0,0
0,0,0,3,14.003079821428573,8,183839,3.9,9.7,4,561.2202380952381,1,14.8,10,0.0,1,2024,0.024906751611912806,0,0,1,0,0,0,0,0,0
0,0,0,3,20.969047619047625,7,160526,3.0,8.9,3,3891.779761904762,1,14.9,10,0.0,1,2024,0.0053866514166183745,0,0,1,0,0,0,1,0,0
0,0,0,3,20.969047619047625,7,160526,3.0,8.9,3,3891.779761904762,1,14.9,10,0.0,1,2024,0.0053866514166183745,0,0,1,0,0,0,1,0,0
0,0,0,3,20.969047619047625,7,160526,3.0,8.9,3,3891.779761904762,1,14.9,10,0.0,1,2024,0.0053866514166183745,0,0,1,0,0,0,1,0,0
0,0,0,3,4.25278,6,160526,5.8,7.7,2,95.86904761904762,1,11.9,10,0.0,0,2024,0.04390236204989553,0,0,1,0,0,0,0,0,1
0,0,0,3,4.25278,6,160526,5.8,7.7,2,95.86904761904762,1,11.9,10,0.0,0,2024,0.04390236204989553,0,0,1,0,0,0,0,0,1
0,0,0,3,4.520281785714285,8,161450,3.9,9.7,4,255.52380952380952,1,14.8,10,0.0,0,2024,0.017621295247818823,0,0,1,0,0,0,0,0,0
0,0,0,3,4.520281785714285,8,161450,3.9,9.7,4,255.52380952380952,1,14.8,10,0.0,0,2024,0.017621295247818823,0,0,1,0,0,0,0,0,0
0,0,0,3,3.96222,8,161450,3.9,9.7,4,309.4791666666667,1,14.8,10,0.0,0,2024,0.012355507797346572,0,0,1,0,0,0,0,0,0
0,0,0,3,3.96222,8,161450,3.9,9.7,4,309.4791666666667,1,14.8,10,0.0,0,2024,0.012355507797346572,0,0,1,0,0,0,0,0,0
0,0,0,3,3.96222,8,137426,3.9,9.7,4,309.4791666666667,1,14.8,10,0.0,0,2024,0.012355507797346572,0,0,1,0,0,0,0,0,0
0,0,0,3,7.784849285714285,8,137426,3.9,9.7,4,272.92857142857144,1,14.8,10,0.0,0,2024,0.02841926727509778,0,0,1,0,0,0,0,0,0
0,0,0,3,7.784849285714285,8,137426,3.9,9.7,4,272.92857142857144,1,14.8,10,0.0,0,2024,0.02841926727509778,0,0,1,0,0,0,0,0,0
0,0,0,3,0.6755327976190476,8,137426,3.9,9.7,4,381.5178571428572,1,14.8,10,0.0,1,2024,0.0017660163702285915,0,0,1,0,0,0,0,0,0
0,0,0,3,0.6755327976190476,8,137426,3.9,9.7,4,381.5178571428572,1,14.8,10,0.0,1,2024,0.0017660163702285915,0,0,1,0,0,0,0,0,0
0,0,0,3,3.96222,8,138887,3.9,9.7,4,309.4791666666667,1,14.8,10,0.0,0,2024,0.012355507797346572,0,0,1,0,0,0,0,0,0
0,0,0,3,3.96222,8,138887,3.9,9.7,4,309.4791666666667,1,14.8,10,0.0,0,2024,0.012355507797346572,0,0,1,0,0,0,0,0,0
0,0,0,3,4.088169166666667,8,138887,3.9,9.7,4,172.20833333333334,1,14.8,10,0.0,0,2024,0.02360261246090931,0,0,1,0,0,0,0,0,0
0,0,0,3,4.088169166666667,8,138887,3.9,9.7,4,172.20833333333334,1,14.8,10,0.0,0,2024,0.02360261246090931,0,0,1,0,0,0,0,0,0
0,0,0,3,1.2116285119047618,8,35837,3.9,9.7,4,464.1309523809524,1,14.8,10,0.0,1,2024,0.00260491912159914,0,0,1,0,0,0,0,0,0
0,0,0,3,1.2116285119047618,8,35837,3.9,9.7,4,464.1309523809524,1,14.8,10,0.0,1,2024,0.00260491912159914,0,0,1,0,0,0,0,0,0
0,0,0,3,3.96222,8,35837,3.9,9.7,4,309.4791666666667,1,14.8,10,0.0,0,2024,0.012355507797346572,0,0,1,0,0,0,0,0,0
0,0,0,3,3.96222,8,35837,3.9,9.7,4,309.4791666666667,1,14.8,10,0.0,0,2024,0.012355507797346572,0,0,1,0,0,0,0,0,0
0,0,0,3,3.1052494642857145,8,48784,3.9,9.7,4,726.1607142857143,1,14.8,10,0.0,1,2024,0.004270375727511603,0,0,1,0,0,0,0,0,0
0,0,0,3,3.1052494642857145,8,48784,3.9,9.7,4,726.1607142857143,1,14.8,10,0.0,1,2024,0.004270375727511603,0,0,1,0,0,0,0,0,0
0,0,0,3,13.451182261904762,8,15207,3.9,9.7,4,1184.0238095238096,1,14.8,10,0.0,1,2024,0.01135098059110727,0,0,1,0,0,0,0,0,0
0,0,0,3,13.451182261904762,8,15207,3.9,9.7,4,1184.0238095238096,1,14.8,10,0.0,1,2024,0.01135098059110727,0,0,1,0,0,0,0,0,0
0,0,0,3,3.96222,7,15207,3.0,8.9,3,309.4791666666667,1,14.9,10,0.0,0,2024,0.012355507797346572,0,0,1,0,0,0,1,0,0
0,0,0,3,3.96222,7,15207,3.0,8.9,3,309.4791666666667,1,14.9,10,0.0,0,2024,0.012355507797346572,0,0,1,0,0,0,1,0,0
0,1,0,4,3.96222,14,183839,11.3,16.0,6,309.4791666666667,2,21.8,15,0.0,0,2024,0.012355507797346572,0,0,1,0,0,1,0,0,0
0,1,0,4,3.96222,14,183839,11.3,16.0,6,309.4791666666667,2,21.8,15,0.0,0,2024,0.012355507797346572,0,0,1,0,0,1,0,0,0
0,1,0,4,3.96222,14,183839,11.3,16.0,6,309.4791666666667,2,21.8,15,0.0,0,2024,0.012355507797346572,0,0,1,0,0,1,0,0,0
0,1,0,4,3.96222,14,183839,11.3,16.0,6,309.4791666666667,2,21.8,15,0.0,0,2024,0.012355507797346572,0,0,1,0,0,1,0,0,0
0,1,0,4,3.96222,14,183839,11.3,16.0,6,309.4791666666667,2,21.8,15,0.0,0,2024,0.012355507797346572,0,0,1,0,0,1,0,0,0
0,1,0,4,3.96222,14,183839,11.3,16.0,6,309.4791666666667,2,21.8,15,0.0,0,2024,0.012355507797346572,0,0,1,0,0,1,0,0,0
0,1,0,4,3.96222,14,183839,11.3,16.0,6,309.4791666666667,2,21.8,15,0.0,0,2024,0.012355507797346572,0,0,1,0,0,1,0,0,0
0,0,0,4,3.96222,12,182347,10.9,17.8,4,309.4791666666667,2,24.7,15,0.0,0,2024,0.012355507797346572,0,0,1,0,0,0,0,0,0
0,0,0,4,3.96222,12,182347,10.9,17.8,4,309.4791666666667,2,24.7,15,0.0,0,2024,0.012355507797346572,0,0,1,0,0,0,0,0,0
0,1,0,4,3.852780000000001,14,35837,11.3,16.0,6,397.6071428571428,2,21.8,15,0.0,1,2024,0.009665607024460178,0,0,1,0,0,1,0,0,0
0,1,0,4,3.852780000000001,14,35837,11.3,16.0,6,397.6071428571428,2,21.8,15,0.0,1,2024,0.009665607024460178,0,0,1,0,0,1,0,0,0
0,1,0,4,3.852780000000001,14,35837,11.3,16.0,6,397.6071428571428,2,21.8,15,0.0,1,2024,0.009665607024460178,0,0,1,0,0,1,0,0,0
0,1,0,4,3.852780000000001,14,35837,11.3,16.0,6,397.6071428571428,2,21.8,15,0.0,1,2024,0.009665607024460178,0,0,1,0,0,1,0,0,0
0,1,0,4,14.541666666666666,14,137426,11.3,16.0,6,1602.428571428571,2,21.8,15,0.0,1,2024,0.009069107864100739,0,0,1,0,0,1,0,0,0
0,1,0,4,3.96222,14,179566,11.3,16.0,6,309.4791666666667,2,21.8,15,0.0,0,2024,0.012355507797346572,0,0,1,0,0,1,0,0,0
0,1,0,4,3.96222,14,179566,11.3,16.0,6,309.4791666666667,2,21.8,15,0.0,0,2024,0.012355507797346572,0,0,1,0,0,1,0,0,0
0,1,0,4,3.96222,14,179566,11.3,16.0,6,309.4791666666667,2,21.8,15,0.0,0,2024,0.012355507797346572,0,0,1,0,0,1,0,0,0
0,1,0,4,3.852780000000001,14,231476,11.3,16.0,6,194.17261904761904,2,21.8,15,0.0,0,2024,0.019740371466040445,0,0,1,0,0,1,0,0,0
0,1,0,4,1.4548985119047615,14,138907,11.3,16.0,6,266.9702380952381,2,21.8,15,0.0,0,2024,0.005429328727870454,0,0,1,0,0,1,0,0,0
0,1,0,4,1.4548985119047615,14,138907,11.3,16.0,6,266.9702380952381,2,21.8,15,0.0,0,2024,0.005429328727870454,0,0,1,0,0,1,0,0,0
0,1,0,4,1.4548985119047615,14,138907,11.3,16.0,6,266.9702380952381,2,21.8,15,0.0,0,2024,0.005429328727870454,0,0,1,0,0,1,0,0,0
0,1,0,4,3.96222,14,185914,11.3,16.0,6,309.4791666666667,2,21.8,15,0.0,0,2024,0.012355507797346572,0,0,1,0,0,1,0,0,0
0,1,0,4,3.96222,14,185914,11.3,16.0,6,309.4791666666667,2,21.8,15,0.0,0,2024,0.012355507797346572,0,0,1,0,0,1,0,0,0
0,1,0,4,13.44077380952381,14,183839,11.3,16.0,6,4672.5,2,21.8,15,0.0,1,2024,0.00287595459709507,0,0,1,0,0,1,0,0,0
0,1,0,4,13.44077380952381,14,183839,11.3,16.0,6,4672.5,2,21.8,15,0.0,1,2024,0.00287595459709507,0,0,1,0,0,1,0,0,0
0,1,0,4,3.96222,14,84310,11.3,16.0,6,309.4791666666667,2,21.8,15,0.0,0,2024,0.012355507797346572,0,0,1,0,0,1,0,0,0
0,1,0,4,3.96222,14,84310,11.3,16.0,6,309.4791666666667,2,21.8,15,0.0,0,2024,0.012355507797346572,0,0,1,0,0,1,0,0,0
0,1,0,4,3.96222,14,84310,11.3,16.0,6,309.4791666666667,2,21.8,15,0.0,0,2024,0.012355507797346572,0,0,1,0,0,1,0,0,0
0,1,0,4,3.96222,13,84310,13.1,20.4,5,309.4791666666667,2,27.6,15,0.0,0,2024,0.012355507797346572,0,0,1,0,1,0,0,0,0
0,1,0,4,3.96222,13,84310,13.1,20.4,5,309.4791666666667,2,27.6,15,0.0,0,2024,0.012355507797346572,0,0,1,0,1,0,0,0,0
0,1,0,4,13.889538273809524,13,84310,13.1,20.4,5,629.5714285714286,2,27.6,15,0.0,1,2024,0.022026907094849724,0,0,1,0,1,0,0,0,0
0,1,0,4,13.889538273809524,13,84310,13.1,20.4,5,629.5714285714286,2,27.6,15,0.0,1,2024,0.022026907094849724,0,0,1,0,1,0,0,0,0
0,1,0,4,2.609713571428572,14,48784,11.3,16.0,6,1154.077380952381,2,21.8,15,0.0,1,2024,0.0022593409017124194,0,0,1,0,0,1,0,0,0
0,1,0,4,2.609713571428572,14,48784,11.3,16.0,6,1154.077380952381,2,21.8,15,0.0,1,2024,0.0022593409017124194,0,0,1,0,0,1,0,0,0
0,1,0,4,2.609713571428572,14,48784,11.3,16.0,6,1154.077380952381,2,21.8,15,0.0,1,2024,0.0022593409017124194,0,0,1,0,0,1,0,0,0
0,1,0,4,2.609713571428572,14,48784,11.3,16.0,6,1154.077380952381,2,21.8,15,0.0,1,2024,0.0022593409017124194,0,0,1,0,0,1,0,0,0
0,1,0,4,2.440381547619048,13,48784,13.1,20.4,5,708.0238095238095,2,27.6,15,0.0,1,2024,0.0034418894187178885,0,0,1,0,1,0,0,0,0
0,1,0,4,2.440381547619048,13,48784,13.1,20.4,5,708.0238095238095,2,27.6,15,0.0,1,2024,0.0034418894187178885,0,0,1,0,1,0,0,0,0
0,1,0,4,10.5849875,14,19979,11.3,16.0,6,190.41666666666663,2,21.8,15,0.0,0,2024,0.05529814976055726,0,0,1,0,0,1,0,0,0
0,1,0,4,10.5849875,14,19979,11.3,16.0,6,190.41666666666663,2,21.8,15,0.0,0,2024,0.05529814976055726,0,0,1,0,0,1,0,0,0
0,1,0,4,10.5849875,14,19979,11.3,16.0,6,190.41666666666663,2,21.8,15,0.0,0,2024,0.05529814976055726,0,0,1,0,0,1,0,0,0
0,1,0,4,3.96222,13,19979,13.1,20.4,5,309.4791666666667,2,27.6,15,0.0,0,2024,0.012355507797346572,0,0,1,0,1,0,0,0,0
0,1,0,4,3.96222,13,19979,13.1,20.4,5,309.4791666666667,2,27.6,15,0.0,0,2024,0.012355507797346572,0,0,1,0,1,0,0,0,0
0,1,0,4,3.96222,13,19979,13.1,20.4,5,309.4791666666667,2,27.6,15,0.0,0,2024,0.012355507797346572,0,0,1,0,1,0,0,0,0
1,0,0,9,0.864577738095238,4,161450,16.8,19.7,2,237.85119047619048,3,24.2,36,7.4,0,2024,0.0036197338450419912,0,0,0,0,0,0,0,0,1
1,0,0,9,0.864577738095238,4,161450,16.8,19.7,2,237.85119047619048,3,24.2,36,7.4,0,2024,0.0036197338450419912,0,0,0,0,0,0,0,0,1
0,0,0,9,13.817559523809525,3,137426,18.6,20.2,1,1496.7857142857142,3,22.1,36,0.6,1,2024,0.009225324685647067,0,0,0,0,0,0,0,1,0
0,0,0,9,13.817559523809525,3,137426,18.6,20.2,1,1496.7857142857142,3,22.1,36,0.6,1,2024,0.009225324685647067,0,0,0,0,0,0,0,1,0
1,0,0,9,8.634468511904762,4,41158,16.8,19.7,2,276.2857142857143,3,24.2,36,7.4,0,2024,0.031139247595741028,0,0,0,0,0,0,0,0,1
1,0,0,9,8.634468511904762,4,41158,16.8,19.7,2,276.2857142857143,3,24.2,36,7.4,0,2024,0.031139247595741028,0,0,0,0,0,0,0,0,1
0,0,0,9,3.96222,3,41158,18.6,20.2,1,309.4791666666667,3,22.1,36,0.6,0,2024,0.012355507797346572,0,0,0,0,0,0,0,1,0
0,0,0,9,3.96222,3,41158,18.6,20.2,1,309.4791666666667,3,22.1,36,0.6,0,2024,0.012355507797346572,0,0,0,0,0,0,0,1,0
1,0,0,9,3.875715357142857,4,179566,16.8,19.7,2,396.6309523809524,3,24.2,36,7.4,1,2024,0.009747016256998293,0,0,0,0,0,0,0,0,1
1,0,0,9,3.875715357142857,4,179566,16.8,19.7,2,396.6309523809524,3,24.2,36,7.4,1,2024,0.009747016256998293,0,0,0,0,0,0,0,0,1
1,0,0,9,3.96222,4,160526,16.8,19.7,2,309.4791666666667,3,24.2,36,7.4,0,2024,0.012355507797346572,0,0,0,0,0,0,0,0,1
0,0,0,9,3.96222,2,161450,18.6,22.1,0,309.4791666666667,3,26.7,36,0.0,0,2024,0.012355507797346572,0,0,0,1,0,0,0,0,0
0,0,0,9,3.96222,2,161450,18.6,22.1,0,309.4791666666667,3,26.7,36,0.0,0,2024,0.012355507797346572,0,0,0,1,0,0,0,0,0
0,0,0,9,3.96222,2,161450,18.6,22.1,0,309.4791666666667,3,26.7,36,0.0,0,2024,0.012355507797346572,0,0,0,1,0,0,0,0,0
0,0,0,9,3.60167,2,231476,18.6,22.1,0,359.5059523809524,3,26.7,36,0.0,1,2024,0.009990597870056963,0,0,0,1,0,0,0,0,0
0,0,0,9,3.60167,2,231476,18.6,22.1,0,359.5059523809524,3,26.7,36,0.0,1,2024,0.009990597870056963,0,0,0,1,0,0,0,0,0
1,0,0,9,3.96222,4,138887,16.8,19.7,2,309.4791666666667,3,24.2,36,7.4,0,2024,0.012355507797346572,0,0,0,0,0,0,0,0,1
1,0,0,9,3.96222,4,138887,16.8,19.7,2,309.4791666666667,3,24.2,36,7.4,0,2024,0.012355507797346572,0,0,0,0,0,0,0,0,1
1,0,0,9,7.446141964285713,4,138887,16.8,19.7,2,213.29166666666663,3,24.2,36,7.4,0,2024,0.0347476972861865,0,0,0,0,0,0,0,0,1
1,0,0,9,7.446141964285713,4,138887,16.8,19.7,2,213.29166666666663,3,24.2,36,7.4,0,2024,0.0347476972861865,0,0,0,0,0,0,0,0,1
1,0,0,9,3.96222,4,84310,16.8,19.7,2,309.4791666666667,3,24.2,36,7.4,0,2024,0.012355507797346572,0,0,0,0,0,0,0,0,1
1,0,0,9,3.96222,4,84310,16.8,19.7,2,309.4791666666667,3,24.2,36,7.4,0,2024,0.012355507797346572,0,0,0,0,0,0,0,0,1
1,0,0,9,23.20982255952381,4,84310,16.8,19.7,2,669.297619047619,3,24.2,36,7.4,1,2024,0.03462614501376432,0,0,0,0,0,0,0,0,1
1,0,0,9,23.20982255952381,4,84310,16.8,19.7,2,669.297619047619,3,24.2,36,7.4,1,2024,0.03462614501376432,0,0,0,0,0,0,0,0,1
1,0,0,9,3.96222,4,35837,16.8,19.7,2,309.4791666666667,3,24.2,36,7.4,0,2024,0.012355507797346572,0,0,0,0,0,0,0,0,1
1,0,0,9,3.96222,4,35837,16.8,19.7,2,309.4791666666667,3,24.2,36,7.4,0,2024,0.012355507797346572,0,0,0,0,0,0,0,0,1
1,0,0,9,3.96222,4,48784,16.8,19.7,2,309.4791666666667,3,24.2,36,7.4,0,2024,0.012355507797346572,0,0,0,0,0,0,0,0,1
1,0,0,9,3.96222,4,182347,16.8,19.7,2,309.4791666666667,3,24.2,36,7.4,0,2024,0.012355507797346572,0,0,0,0,0,0,0,0,1
1,0,0,9,3.96222,4,182347,16.8,19.7,2,309.4791666666667,3,24.2,36,7.4,0,2024,0.012355507797346572,0,0,0,0,0,0,0,0,1
1,0,0,1,1.4288535119047618,24,179566,12.0,13.8,2,51.29761904761905,1,15.4,4,1.4,0,2024,0.027321578647848847,0,1,0,0,0,0,0,0,1
1,0,0,1,1.4288535119047618,24,179566,12.0,13.8,2,51.29761904761905,1,15.4,4,1.4,0,2024,0.027321578647848847,0,1,0,0,0,0,0,0,1
1,0,0,1,3.96222,24,231476,12.0,13.8,2,309.4791666666667,1,15.4,4,1.4,0,2024,0.012355507797346572,0,1,0,0,0,0,0,0,1
1,0,0,1,3.96222,24,231476,12.0,13.8,2,309.4791666666667,1,15.4,4,1.4,0,2024,0.012355507797346572,0,1,0,0,0,0,0,0,1
0,0,0,1,0.3575544642857143,25,182347,10.1,11.8,3,335.0654761904762,1,14.4,4,0.2,1,2024,0.0010639428611913069,0,1,0,0,0,0,1,0,0
0,0,0,1,0.3575544642857143,25,182347,10.1,11.8,3,335.0654761904762,1,14.4,4,0.2,1,2024,0.0010639428611913069,0,1,0,0,0,0,1,0,0
1,0,0,1,3.96222,24,183839,12.0,13.8,2,309.4791666666667,1,15.4,4,1.4,0,2024,0.012355507797346572,0,1,0,0,0,0,0,0,1
1,0,0,1,3.96222,24,183839,12.0,13.8,2,309.4791666666667,1,15.4,4,1.4,0,2024,0.012355507797346572,0,1,0,0,0,0,0,0,1
0,0,0,1,3.96222,25,160526,10.1,11.8,3,309.4791666666667,1,14.4,4,0.2,0,2024,0.012355507797346572,0,1,0,0,0,0,1,0,0
0,0,0,1,3.96222,25,160526,10.1,11.8,3,309.4791666666667,1,14.4,4,0.2,0,2024,0.012355507797346572,0,1,0,0,0,0,1,0,0
1,0,0,1,3.96222,24,161450,12.0,13.8,2,309.4791666666667,1,15.4,4,1.4,0,2024,0.012355507797346572,0,1,0,0,0,0,0,0,1
1,0,0,1,3.96222,24,161450,12.0,13.8,2,309.4791666666667,1,15.4,4,1.4,0,2024,0.012355507797346572,0,1,0,0,0,0,0,0,1
1,0,0,1,3.96222,24,161450,12.0,13.8,2,309.4791666666667,1,15.4,4,1.4,0,2024,0.012355507797346572,0,1,0,0,0,0,0,0,1
0,0,0,1,7.758979523809524,25,231476,10.1,11.8,3,277.6428571428572,1,14.4,4,0.2,0,2024,0.02784560710928821,0,1,0,0,0,0,1,0,0
1,0,0,1,3.96222,24,231476,12.0,13.8,2,309.4791666666667,1,15.4,4,1.4,0,2024,0.012355507797346572,0,1,0,0,0,0,0,0,1
1,0,0,1,3.96222,24,231476,12.0,13.8,2,309.4791666666667,1,15.4,4,1.4,0,2024,0.012355507797346572,0,1,0,0,0,0,0,0,1
1,0,0,1,3.96222,24,137426,12.0,13.8,2,309.4791666666667,1,15.4,4,1.4,0,2024,0.012355507797346572,0,1,0,0,0,0,0,0,1
0,0,0,1,3.96222,25,138887,10.1,11.8,3,309.4791666666667,1,14.4,4,0.2,0,2024,0.012355507797346572,0,1,0,0,0,0,1,0,0
0,0,0,1,3.96222,25,138887,10.1,11.8,3,309.4791666666667,1,14.4,4,0.2,0,2024,0.012355507797346572,0,1,0,0,0,0,1,0,0
1,0,0,1,3.99,24,84310,12.0,13.8,2,949.8630952380952,1,15.4,4,1.4,1,2024,0.004196187674105606,0,1,0,0,0,0,0,0,1
1,0,0,1,3.99,24,84310,12.0,13.8,2,949.8630952380952,1,15.4,4,1.4,1,2024,0.004196187674105606,0,1,0,0,0,0,0,0,1
0,0,0,1,2.677762857142857,25,57934,10.1,11.8,3,186.66666666666663,1,14.4,4,0.2,0,2024,0.014268718599340272,0,1,0,0,0,0,1,0,0
0,0,0,1,2.677762857142857,25,57934,10.1,11.8,3,186.66666666666663,1,14.4,4,0.2,0,2024,0.014268718599340272,0,1,0,0,0,0,1,0,0
0,0,0,1,3.96222,25,35837,10.1,11.8,3,309.4791666666667,1,14.4,4,0.2,0,2024,0.012355507797346572,0,1,0,0,0,0,1,0,0
0,0,0,1,3.96222,25,35837,10.1,11.8,3,309.4791666666667,1,14.4,4,0.2,0,2024,0.012355507797346572,0,1,0,0,0,0,1,0,0
0,0,0,1,3.96222,25,35837,10.1,11.8,3,309.4791666666667,1,14.4,4,0.2,0,2024,0.012355507797346572,0,1,0,0,0,0,1,0,0
0,0,0,1,3.96222,25,35837,10.1,11.8,3,309.4791666666667,1,14.4,4,0.2,0,2024,0.012355507797346572,0,1,0,0,0,0,1,0,0
1,1,0,7,3.96222,27,138907,16.4,17.3,5,309.4791666666667,3,18.9,30,5.4,0,2024,0.012355507797346572,1,0,0,0,1,0,0,0,0
1,1,0,7,3.96222,27,138907,16.4,17.3,5,309.4791666666667,3,18.9,30,5.4,0,2024,0.012355507797346572,1,0,0,0,1,0,0,0,0
1,1,0,7,3.96222,27,138907,16.4,17.3,5,309.4791666666667,3,18.9,30,5.4,0,2024,0.012355507797346572,1,0,0,0,1,0,0,0,0
1,1,0,7,3.96222,27,138907,16.4,17.3,5,309.4791666666667,3,18.9,30,5.4,0,2024,0.012355507797346572,1,0,0,0,1,0,0,0,0
1,1,0,7,2.85,27,185914,16.4,17.3,5,218.4821428571429,3,18.9,30,5.4,0,2024,0.01298511105687088,1,0,0,0,1,0,0,0,0
0,1,0,7,1.2401900595238096,28,161450,12.0,19.7,6,293.1428571428572,3,27.3,30,0.0,0,2024,0.004216284806540391,1,0,0,0,0,1,0,0,0
0,1,0,7,1.2401900595238096,28,161450,12.0,19.7,6,293.1428571428572,3,27.3,30,0.0,0,2024,0.004216284806540391,1,0,0,0,0,1,0,0,0
0,1,0,7,3.96222,28,161450,12.0,19.7,6,309.4791666666667,3,27.3,30,0.0,0,2024,0.012355507797346572,1,0,0,0,0,1,0,0,0
0,1,0,7,3.96222,28,161450,12.0,19.7,6,309.4791666666667,3,27.3,30,0.0,0,2024,0.012355507797346572,1,0,0,0,0,1,0,0,0
0,1,0,7,3.96222,28,161450,12.0,19.7,6,309.4791666666667,3,27.3,30,0.0,0,2024,0.012355507797346572,1,0,0,0,0,1,0,0,0
0,1,0,7,6.371347202380953,28,231476,12.0,19.7,6,202.5178571428572,3,27.3,30,0.0,0,2024,0.03130608434968266,1,0,0,0,0,1,0,0,0
0,1,0,7,6.371347202380953,28,231476,12.0,19.7,6,202.5178571428572,3,27.3,30,0.0,0,2024,0.03130608434968266,1,0,0,0,0,1,0,0,0
0,1,0,7,2.79851,28,182347,12.0,19.7,6,420.6369047619048,3,27.3,30,0.0,1,2024,0.006637251076445259,1,0,0,0,0,1,0,0,0
0,1,0,7,2.79851,28,182347,12.0,19.7,6,420.6369047619048,3,27.3,30,0.0,1,2024,0.006637251076445259,1,0,0,0,0,1,0,0,0
0,1,0,7,2.85,28,57934,12.0,19.7,6,446.2321428571428,3,27.3,30,0.0,1,2024,0.0063725294469954095,1,0,0,0,0,1,0,0,0
0,1,0,7,2.85,28,57934,12.0,19.7,6,446.2321428571428,3,27.3,30,0.0,1,2024,0.0063725294469954095,1,0,0,0,0,1,0,0,0
1,1,0,7,0.5335758928571428,27,48784,16.4,17.3,5,56.31547619047619,3,18.9,30,5.4,0,2024,0.009309455810572229,1,0,0,0,1,0,0,0,0
1,1,0,7,0.5335758928571428,27,48784,16.4,17.3,5,56.31547619047619,3,18.9,30,5.4,0,2024,0.009309455810572229,1,0,0,0,1,0,0,0,0
0,0,0,5,3.96222,23,161450,13.1,16.8,3,309.4791666666667,2,21.8,21,0.0,0,2024,0.012355507797346572,0,0,1,0,0,0,1,0,0
0,0,0,5,3.96222,23,161450,13.1,16.8,3,309.4791666666667,2,21.8,21,0.0,0,2024,0.012355507797346572,0,0,1,0,0,0,1,0,0
0,0,0,5,3.96222,23,138907,13.1,16.8,3,309.4791666666667,2,21.8,21,0.0,0,2024,0.012355507797346572,0,0,1,0,0,0,1,0,0
0,0,0,5,3.96222,23,138907,13.1,16.8,3,309.4791666666667,2,21.8,21,0.0,0,2024,0.012355507797346572,0,0,1,0,0,0,1,0,0
0,0,0,5,3.96222,23,160526,13.1,16.8,3,309.4791666666667,2,21.8,21,0.0,0,2024,0.012355507797346572,0,0,1,0,0,0,1,0,0
0,0,0,5,3.96222,23,160526,13.1,16.8,3,309.4791666666667,2,21.8,21,0.0,0,2024,0.012355507797346572,0,0,1,0,0,0,1,0,0
0,0,0,5,1.896766607142857,23,182347,13.1,16.8,3,200.07142857142856,2,21.8,21,0.0,0,2024,0.009433297513321493,0,0,1,0,0,0,1,0,0
0,0,0,5,1.896766607142857,23,182347,13.1,16.8,3,200.07142857142856,2,21.8,21,0.0,0,2024,0.009433297513321493,0,0,1,0,0,0,1,0,0
0,0,0,5,3.96222,23,137426,13.1,16.8,3,309.4791666666667,2,21.8,21,0.0,0,2024,0.012355507797346572,0,0,1,0,0,0,1,0,0
0,0,0,5,3.96222,23,137426,13.1,16.8,3,309.4791666666667,2,21.8,21,0.0,0,2024,0.012355507797346572,0,0,1,0,0,0,1,0,0
1,0,0,5,3.96222,22,138887,14.0,16.5,2,309.4791666666667,2,21.5,21,2.4,0,2024,0.012355507797346572,0,0,1,0,0,0,0,0,1
1,0,0,5,3.96222,22,138887,14.0,16.5,2,309.4791666666667,2,21.5,21,2.4,0,2024,0.012355507797346572,0,0,1,0,0,0,0,0,1
0,0,0,5,5.670163095238095,23,179566,13.1,16.8,3,406.4880952380952,2,21.8,21,0.0,1,2024,0.013914917175494465,0,0,1,0,0,0,1,0,0
0,0,0,5,5.670163095238095,23,179566,13.1,16.8,3,406.4880952380952,2,21.8,21,0.0,1,2024,0.013914917175494465,0,0,1,0,0,0,1,0,0
0,0,0,5,13.249404761904762,23,183839,13.1,16.8,3,4579.875,2,21.8,21,0.0,1,2024,0.002892330561716869,0,0,1,0,0,0,1,0,0
0,0,0,5,13.249404761904762,23,183839,13.1,16.8,3,4579.875,2,21.8,21,0.0,1,2024,0.002892330561716869,0,0,1,0,0,0,1,0,0
1,0,0,5,3.96222,22,160526,14.0,16.5,2,309.4791666666667,2,21.5,21,2.4,0,2024,0.012355507797346572,0,0,1,0,0,0,0,0,1
1,0,0,5,3.96222,22,160526,14.0,16.5,2,309.4791666666667,2,21.5,21,2.4,0,2024,0.012355507797346572,0,0,1,0,0,0,0,0,1
0,0,0,5,3.96222,23,161450,13.1,16.8,3,309.4791666666667,2,21.8,21,0.0,0,2024,0.012355507797346572,0,0,1,0,0,0,1,0,0
0,0,0,5,3.96222,23,161450,13.1,16.8,3,309.4791666666667,2,21.8,21,0.0,0,2024,0.012355507797346572,0,0,1,0,0,0,1,0,0
1,0,0,5,4.15,22,231476,14.0,16.5,2,371.5416666666667,2,21.5,21,2.4,1,2024,0.011139693546583156,0,0,1,0,0,0,0,0,1
1,0,0,5,4.15,22,231476,14.0,16.5,2,371.5416666666667,2,21.5,21,2.4,1,2024,0.011139693546583156,0,0,1,0,0,0,0,0,1
1,0,0,5,4.15,22,231476,14.0,16.5,2,371.5416666666667,2,21.5,21,2.4,1,2024,0.011139693546583156,0,0,1,0,0,0,0,0,1
1,0,0,5,4.15,22,231476,14.0,16.5,2,371.5416666666667,2,21.5,21,2.4,1,2024,0.011139693546583156,0,0,1,0,0,0,0,0,1
1,0,0,5,31.367994166666666,22,231476,14.0,16.5,2,371.5416666666667,2,21.5,21,2.4,1,2024,0.08419996197293367,0,0,1,0,0,0,0,0,1
1,0,0,5,31.367994166666666,22,231476,14.0,16.5,2,371.5416666666667,2,21.5,21,2.4,1,2024,0.08419996197293367,0,0,1,0,0,0,0,0,1
1,0,0,5,31.367994166666666,22,231476,14.0,16.5,2,371.5416666666667,2,21.5,21,2.4,1,2024,0.08419996197293367,0,0,1,0,0,0,0,0,1
1,0,0,5,3.96222,22,137426,14.0,16.5,2,309.4791666666667,2,21.5,21,2.4,0,2024,0.012355507797346572,0,0,1,0,0,0,0,0,1
1,0,0,5,3.96222,22,137426,14.0,16.5,2,309.4791666666667,2,21.5,21,2.4,0,2024,0.012355507797346572,0,0,1,0,0,0,0,0,1
1,0,0,5,1.1033107142857144,22,182347,14.0,16.5,2,149.01190476190476,2,21.5,21,2.4,0,2024,0.0073548210459487345,0,0,1,0,0,0,0,0,1
1,0,0,5,1.1033107142857144,22,182347,14.0,16.5,2,149.01190476190476,2,21.5,21,2.4,0,2024,0.0073548210459487345,0,0,1,0,0,0,0,0,1
0,0,0,5,3.96222,23,138907,13.1,16.8,3,309.4791666666667,2,21.8,21,0.0,0,2024,0.012355507797346572,0,0,1,0,0,0,1,0,0
0,0,0,5,3.96222,23,138907,13.1,16.8,3,309.4791666666667,2,21.8,21,0.0,0,2024,0.012355507797346572,0,0,1,0,0,0,1,0,0
0,0,0,5,4.15,23,138887,13.1,16.8,3,178.67261904761904,2,21.8,21,0.0,0,2024,0.023097565015736295,0,0,1,0,0,0,1,0,0
0,0,0,5,4.15,23,138887,13.1,16.8,3,178.67261904761904,2,21.8,21,0.0,0,2024,0.023097565015736295,0,0,1,0,0,0,1,0,0
0,0,0,5,4.15,23,138887,13.1,16.8,3,178.67261904761904,2,21.8,21,0.0,0,2024,0.023097565015736295,0,0,1,0,0,0,1,0,0
1,0,0,5,3.96222,22,138887,14.0,16.5,2,309.4791666666667,2,21.5,21,2.4,0,2024,0.012355507797346572,0,0,1,0,0,0,0,0,1
1,0,0,5,3.96222,22,138887,14.0,16.5,2,309.4791666666667,2,21.5,21,2.4,0,2024,0.012355507797346572,0,0,1,0,0,0,0,0,1
0,0,0,5,18.22089375,23,55932,13.1,16.8,3,156.61309523809524,2,21.8,21,0.0,0,2024,0.11560520223573396,0,0,1,0,0,0,1,0,0
0,0,0,5,18.22089375,23,55932,13.1,16.8,3,156.61309523809524,2,21.8,21,0.0,0,2024,0.11560520223573396,0,0,1,0,0,0,1,0,0
1,0,0,5,11.449991071428572,22,57934,14.0,16.5,2,588.202380952381,2,21.5,21,2.4,1,2024,0.019433035984886753,0,0,1,0,0,0,0,0,1
1,0,0,5,11.449991071428572,22,57934,14.0,16.5,2,588.202380952381,2,21.5,21,2.4,1,2024,0.019433035984886753,0,0,1,0,0,0,0,0,1
1,0,0,5,3.96222,22,32386,14.0,16.5,2,309.4791666666667,2,21.5,21,2.4,0,2024,0.012355507797346572,0,0,1,0,0,0,0,0,1
1,0,0,5,3.96222,22,32386,14.0,16.5,2,309.4791666666667,2,21.5,21,2.4,0,2024,0.012355507797346572,0,0,1,0,0,0,0,0,1
1,0,0,10,3.96222,9,55932,13.4,14.3,2,309.4791666666667,4,16.7,41,71.0,0,2024,0.012355507797346572,0,0,0,0,0,0,0,0,1
1,0,0,10,3.96222,9,55932,13.4,14.3,2,309.4791666666667,4,16.7,41,71.0,0,2024,0.012355507797346572,0,0,0,0,0,0,0,0,1
1,0,0,10,3.96222,9,183839,13.4,14.3,2,309.4791666666667,4,16.7,41,71.0,0,2024,0.012355507797346572,0,0,0,0,0,0,0,0,1
1,0,0,10,3.96222,9,183839,13.4,14.3,2,309.4791666666667,4,16.7,41,71.0,0,2024,0.012355507797346572,0,0,0,0,0,0,0,0,1
1,0,0,10,1.4010624404761904,9,182347,13.4,14.3,2,165.5654761904762,4,16.7,41,71.0,0,2024,0.008411481613836971,0,0,0,0,0,0,0,0,1
1,0,0,10,1.4010624404761904,9,182347,13.4,14.3,2,165.5654761904762,4,16.7,41,71.0,0,2024,0.008411481613836971,0,0,0,0,0,0,0,0,1
1,0,0,10,1.4010624404761904,9,182347,13.4,14.3,2,165.5654761904762,4,16.7,41,71.0,0,2024,0.008411481613836971,0,0,0,0,0,0,0,0,1
1,0,0,10,1.4010624404761904,9,182347,13.4,14.3,2,165.5654761904762,4,16.7,41,71.0,0,2024,0.008411481613836971,0,0,0,0,0,0,0,0,1
1,0,0,10,1.4010624404761904,9,182347,13.4,14.3,2,165.5654761904762,4,16.7,41,71.0,0,2024,0.008411481613836971,0,0,0,0,0,0,0,0,1
1,0,0,10,1.4010624404761904,9,182347,13.4,14.3,2,165.5654761904762,4,16.7,41,71.0,0,2024,0.008411481613836971,0,0,0,0,0,0,0,0,1
1,0,0,10,1.4010624404761904,9,182347,13.4,14.3,2,165.5654761904762,4,16.7,41,71.0,0,2024,0.008411481613836971,0,0,0,0,0,0,0,0,1
1,0,0,10,1.4010624404761904,9,182347,13.4,14.3,2,165.5654761904762,4,16.7,41,71.0,0,2024,0.008411481613836971,0,0,0,0,0,0,0,0,1
1,0,0,10,1.4010624404761904,9,182347,13.4,14.3,2,165.5654761904762,4,16.7,41,71.0,0,2024,0.008411481613836971,0,0,0,0,0,0,0,0,1
1,0,0,10,24.22847994047619,9,84310,13.4,14.3,2,657.9464285714286,4,16.7,41,71.0,1,2024,0.036768512416104356,0,0,0,0,0,0,0,0,1
1,0,0,10,24.22847994047619,9,84310,13.4,14.3,2,657.9464285714286,4,16.7,41,71.0,1,2024,0.036768512416104356,0,0,0,0,0,0,0,0,1
1,0,0,10,10.793347916666669,7,57934,13.1,16.0,0,261.5416666666667,4,17.6,41,20.4,0,2024,0.04111099031899699,0,0,0,1,0,0,0,0,0
1,0,0,10,10.793347916666669,7,57934,13.1,16.0,0,261.5416666666667,4,17.6,41,20.4,0,2024,0.04111099031899699,0,0,0,1,0,0,0,0,0
1,0,0,10,4.613046964285714,9,35837,13.4,14.3,2,526.577380952381,4,16.7,41,71.0,1,2024,0.008743830063294709,0,0,0,0,0,0,0,0,1
1,0,0,10,4.613046964285714,9,35837,13.4,14.3,2,526.577380952381,4,16.7,41,71.0,1,2024,0.008743830063294709,0,0,0,0,0,0,0,0,1
1,0,0,10,6.9542206547619045,9,35837,13.4,14.3,2,147.00595238095238,4,16.7,41,71.0,0,2024,0.04698608767343656,0,0,0,0,0,0,0,0,1
1,0,0,10,6.9542206547619045,9,35837,13.4,14.3,2,147.00595238095238,4,16.7,41,71.0,0,2024,0.04698608767343656,0,0,0,0,0,0,0,0,1
1,0,0,10,3.96222,9,15207,13.4,14.3,2,309.4791666666667,4,16.7,41,71.0,0,2024,0.012355507797346572,0,0,0,0,0,0,0,0,1
1,0,0,10,3.96222,9,15207,13.4,14.3,2,309.4791666666667,4,16.7,41,71.0,0,2024,0.012355507797346572,0,0,0,0,0,0,0,0,1
1,0,0,10,3.96222,8,15207,13.7,16.0,1,309.4791666666667,4,20.4,41,1.2,0,2024,0.012355507797346572,0,0,0,0,0,0,0,1,0
1,0,0,10,3.96222,8,15207,13.7,16.0,1,309.4791666666667,4,20.4,41,1.2,0,2024,0.012355507797346572,0,0,0,0,0,0,0,1,0
1,0,0,10,4.05,8,32386,13.7,16.0,1,978.202380952381,4,20.4,41,1.2,1,2024,0.0041360193549171455,0,0,0,0,0,0,0,1,0
1,0,0,10,4.05,8,32386,13.7,16.0,1,978.202380952381,4,20.4,41,1.2,1,2024,0.0041360193549171455,0,0,0,0,0,0,0,1,0
0,0,0,6,3.96222,26,182347,18.6,25.7,2,309.4791666666667,2,33.0,26,0.2,0,2024,0.012355507797346572,1,0,0,0,0,0,0,0,1
0,0,0,6,3.96222,26,182347,18.6,25.7,2,309.4791666666667,2,33.0,26,0.2,0,2024,0.012355507797346572,1,0,0,0,0,0,0,0,1
0,0,0,6,3.96222,26,161450,18.6,25.7,2,309.4791666666667,2,33.0,26,0.2,0,2024,0.012355507797346572,1,0,0,0,0,0,0,0,1
0,0,0,6,3.96222,26,161450,18.6,25.7,2,309.4791666666667,2,33.0,26,0.2,0,2024,0.012355507797346572,1,0,0,0,0,0,0,0,1
0,0,0,6,3.96222,26,55932,18.6,25.7,2,309.4791666666667,2,33.0,26,0.2,0,2024,0.012355507797346572,1,0,0,0,0,0,0,0,1
0,0,0,6,4.994353154761905,26,179566,18.6,25.7,2,455.6369047619048,2,33.0,26,0.2,1,2024,0.010937252558169849,1,0,0,0,0,0,0,0,1
0,0,0,6,14.077083333333333,26,183839,18.6,25.7,2,4728.910714285715,2,33.0,26,0.2,1,2024,0.002976183734465943,1,0,0,0,0,0,0,0,1
0,0,0,6,14.077083333333333,26,183839,18.6,25.7,2,4728.910714285715,2,33.0,26,0.2,1,2024,0.002976183734465943,1,0,0,0,0,0,0,0,1
0,0,0,6,3.96222,26,183839,18.6,25.7,2,309.4791666666667,2,33.0,26,0.2,0,2024,0.012355507797346572,1,0,0,0,0,0,0,0,1
0,0,0,6,3.96222,26,183839,18.6,25.7,2,309.4791666666667,2,33.0,26,0.2,0,2024,0.012355507797346572,1,0,0,0,0,0,0,0,1
0,0,0,6,3.96222,26,183839,18.6,25.7,2,309.4791666666667,2,33.0,26,0.2,0,2024,0.012355507797346572,1,0,0,0,0,0,0,0,1
0,0,0,6,3.96222,26,160526,18.6,25.7,2,309.4791666666667,2,33.0,26,0.2,0,2024,0.012355507797346572,1,0,0,0,0,0,0,0,1
0,0,0,6,3.96222,26,160526,18.6,25.7,2,309.4791666666667,2,33.0,26,0.2,0,2024,0.012355507797346572,1,0,0,0,0,0,0,0,1
0,0,0,6,3.96222,26,160526,18.6,25.7,2,309.4791666666667,2,33.0,26,0.2,0,2024,0.012355507797346572,1,0,0,0,0,0,0,0,1
0,0,0,6,3.96222,26,160526,18.6,25.7,2,309.4791666666667,2,33.0,26,0.2,0,2024,0.012355507797346572,1,0,0,0,0,0,0,0,1
0,0,0,6,4.813188869047619,26,161450,18.6,25.7,2,480.3809523809524,2,33.0,26,0.2,1,2024,0.009998710678603225,1,0,0,0,0,0,0,0,1
0,0,0,6,4.813188869047619,26,161450,18.6,25.7,2,480.3809523809524,2,33.0,26,0.2,1,2024,0.009998710678603225,1,0,0,0,0,0,0,0,1
0,0,0,6,4.15,25,160526,17.0,24.5,1,62.98214285714285,2,32.3,26,0.0,0,2024,0.06486184761373152,1,0,0,0,0,0,0,1,0
0,0,0,6,4.15,25,160526,17.0,24.5,1,62.98214285714285,2,32.3,26,0.0,0,2024,0.06486184761373152,1,0,0,0,0,0,0,1,0
0,0,0,6,3.96222,26,231476,18.6,25.7,2,309.4791666666667,2,33.0,26,0.2,0,2024,0.012355507797346572,1,0,0,0,0,0,0,0,1
0,0,0,6,3.96222,26,231476,18.6,25.7,2,309.4791666666667,2,33.0,26,0.2,0,2024,0.012355507797346572,1,0,0,0,0,0,0,0,1
0,0,0,6,28.360345,26,231476,18.6,25.7,2,417.0297619047619,2,33.0,26,0.2,1,2024,0.06784288484813965,1,0,0,0,0,0,0,0,1
0,0,0,6,28.360345,26,231476,18.6,25.7,2,417.0297619047619,2,33.0,26,0.2,1,2024,0.06784288484813965,1,0,0,0,0,0,0,0,1
0,0,0,6,28.360345,26,231476,18.6,25.7,2,417.0297619047619,2,33.0,26,0.2,1,2024,0.06784288484813965,1,0,0,0,0,0,0,0,1
0,0,0,6,28.360345,26,231476,18.6,25.7,2,417.0297619047619,2,33.0,26,0.2,1,2024,0.06784288484813965,1,0,0,0,0,0,0,0,1
0,0,0,6,3.96222,26,231476,18.6,25.7,2,309.4791666666667,2,33.0,26,0.2,0,2024,0.012355507797346572,1,0,0,0,0,0,0,0,1
0,0,0,6,3.96222,26,138907,18.6,25.7,2,309.4791666666667,2,33.0,26,0.2,0,2024,0.012355507797346572,1,0,0,0,0,0,0,0,1
0,0,0,6,3.96222,26,138907,18.6,25.7,2,309.4791666666667,2,33.0,26,0.2,0,2024,0.012355507797346572,1,0,0,0,0,0,0,0,1
0,0,0,6,3.96222,25,138907,17.0,24.5,1,309.4791666666667,2,32.3,26,0.0,0,2024,0.012355507797346572,1,0,0,0,0,0,0,1,0
0,0,0,6,3.96222,25,138907,17.0,24.5,1,309.4791666666667,2,32.3,26,0.0,0,2024,0.012355507797346572,1,0,0,0,0,0,0,1,0
0,0,0,6,3.96222,25,138907,17.0,24.5,1,309.4791666666667,2,32.3,26,0.0,0,2024,0.012355507797346572,1,0,0,0,0,0,0,1,0
0,0,0,6,3.96222,25,138907,17.0,24.5,1,309.4791666666667,2,32.3,26,0.0,0,2024,0.012355507797346572,1,0,0,0,0,0,0,1,0
0,0,0,6,18.73868125,26,48784,18.6,25.7,2,488.04761904761904,2,33.0,26,0.2,1,2024,0.03831668025803311,1,0,0,0,0,0,0,0,1
0,0,0,6,18.73868125,26,48784,18.6,25.7,2,488.04761904761904,2,33.0,26,0.2,1,2024,0.03831668025803311,1,0,0,0,0,0,0,0,1
0,0,0,6,3.96222,26,48784,18.6,25.7,2,309.4791666666667,2,33.0,26,0.2,0,2024,0.012355507797346572,1,0,0,0,0,0,0,0,1
0,0,0,6,3.96222,26,48784,18.6,25.7,2,309.4791666666667,2,33.0,26,0.2,0,2024,0.012355507797346572,1,0,0,0,0,0,0,0,1
0,0,0,6,4.15,25,48784,17.0,24.5,1,256.2678571428572,2,32.3,26,0.0,0,2024,0.016131047407510233,1,0,0,0,0,0,0,1,0
0,0,0,6,4.15,25,48784,17.0,24.5,1,256.2678571428572,2,32.3,26,0.0,0,2024,0.016131047407510233,1,0,0,0,0,0,0,1,0
0,0,0,3,14.13065476190476,6,185914,5.8,7.7,2,4359.494047619048,1,11.9,10,0.0,1,2024,0.0032406086575489062,0,0,1,0,0,0,0,0,1
0,0,0,3,14.13065476190476,6,185914,5.8,7.7,2,4359.494047619048,1,11.9,10,0.0,1,2024,0.0032406086575489062,0,0,1,0,0,0,0,0,1
0,0,0,3,14.13065476190476,6,185914,5.8,7.7,2,4359.494047619048,1,11.9,10,0.0,1,2024,0.0032406086575489062,0,0,1,0,0,0,0,0,1
0,0,0,3,14.13065476190476,6,185914,5.8,7.7,2,4359.494047619048,1,11.9,10,0.0,1,2024,0.0032406086575489062,0,0,1,0,0,0,0,0,1
0,0,0,3,14.13065476190476,6,185914,5.8,7.7,2,4359.494047619048,1,11.9,10,0.0,1,2024,0.0032406086575489062,0,0,1,0,0,0,0,0,1
0,0,0,3,3.96222,7,231476,3.0,8.9,3,309.4791666666667,1,14.9,10,0.0,0,2024,0.012355507797346572,0,0,1,0,0,0,1,0,0
0,0,0,3,4.25278,7,55932,3.0,8.9,3,207.6547619047619,1,14.9,10,0.0,0,2024,0.020381897643635533,0,0,1,0,0,0,1,0,0
0,0,0,3,4.514902023809524,7,179566,3.0,8.9,3,210.70238095238096,1,14.9,10,0.0,0,2024,0.02132664735983805,0,0,1,0,0,0,1,0,0
0,0,0,3,4.514902023809524,7,179566,3.0,8.9,3,210.70238095238096,1,14.9,10,0.0,0,2024,0.02132664735983805,0,0,1,0,0,0,1,0,0
0,0,0,3,4.514902023809524,7,179566,3.0,8.9,3,210.70238095238096,1,14.9,10,0.0,0,2024,0.02132664735983805,0,0,1,0,0,0,1,0,0
0,0,0,3,4.514902023809524,7,179566,3.0,8.9,3,210.70238095238096,1,14.9,10,0.0,0,2024,0.02132664735983805,0,0,1,0,0,0,1,0,0
0,0,0,3,3.96222,7,160526,3.0,8.9,3,309.4791666666667,1,14.9,10,0.0,0,2024,0.012355507797346572,0,0,1,0,0,0,1,0,0
0,0,0,3,3.96222,7,160526,3.0,8.9,3,309.4791666666667,1,14.9,10,0.0,0,2024,0.012355507797346572,0,0,1,0,0,0,1,0,0
0,0,0,3,3.96222,7,161450,3.0,8.9,3,309.4791666666667,1,14.9,10,0.0,0,2024,0.012355507797346572,0,0,1,0,0,0,1,0,0
0,0,0,3,3.96222,7,161450,3.0,8.9,3,309.4791666666667,1,14.9,10,0.0,0,2024,0.012355507797346572,0,0,1,0,0,0,1,0,0
0,0,0,3,3.96222,7,160526,3.0,8.9,3,309.4791666666667,1,14.9,10,0.0,0,2024,0.012355507797346572,0,0,1,0,0,0,1,0,0
0,0,0,3,3.96222,7,160526,3.0,8.9,3,309.4791666666667,1,14.9,10,0.0,0,2024,0.012355507797346572,0,0,1,0,0,0,1,0,0
0,0,0,3,4.25278,7,231476,3.0,8.9,3,221.41071428571428,1,14.9,10,0.0,0,2024,0.01912129104777198,0,0,1,0,0,0,1,0,0
0,0,0,3,4.25278,7,231476,3.0,8.9,3,221.41071428571428,1,14.9,10,0.0,0,2024,0.01912129104777198,0,0,1,0,0,0,1,0,0
0,0,0,3,4.25278,7,231476,3.0,8.9,3,424.6666666666667,1,14.9,10,0.0,1,2024,0.009990869224745496,0,0,1,0,0,0,1,0,0
0,0,0,3,4.25278,7,231476,3.0,8.9,3,424.6666666666667,1,14.9,10,0.0,1,2024,0.009990869224745496,0,0,1,0,0,0,1,0,0
0,0,0,3,3.96222,7,137426,3.0,8.9,3,309.4791666666667,1,14.9,10,0.0,0,2024,0.012355507797346572,0,0,1,0,0,0,1,0,0
0,0,0,3,3.96222,7,137426,3.0,8.9,3,309.4791666666667,1,14.9,10,0.0,0,2024,0.012355507797346572,0,0,1,0,0,0,1,0,0
0,0,0,3,3.96222,7,137426,3.0,8.9,3,309.4791666666667,1,14.9,10,0.0,0,2024,0.012355507797346572,0,0,1,0,0,0,1,0,0
0,0,0,3,13.783035714285717,7,137426,3.0,8.9,3,1496.5059523809523,1,14.9,10,0.0,1,2024,0.009203993942308841,0,0,1,0,0,0,1,0,0
0,0,0,3,13.783035714285717,7,137426,3.0,8.9,3,1496.5059523809523,1,14.9,10,0.0,1,2024,0.009203993942308841,0,0,1,0,0,0,1,0,0
0,0,0,3,4.25278,4,137426,2.5,8.3,0,513.4107142857143,1,12.9,10,0.2,1,2024,0.008267285034887353,0,0,1,1,0,0,0,0,0
0,0,0,3,4.25278,4,137426,2.5,8.3,0,513.4107142857143,1,12.9,10,0.2,1,2024,0.008267285034887353,0,0,1,1,0,0,0,0,0
0,0,0,3,3.96222,6,138907,5.8,7.7,2,309.4791666666667,1,11.9,10,0.0,0,2024,0.012355507797346572,0,0,1,0,0,0,0,0,1
0,0,0,3,3.96222,6,138907,5.8,7.7,2,309.4791666666667,1,11.9,10,0.0,0,2024,0.012355507797346572,0,0,1,0,0,0,0,0,1
0,0,0,3,3.96222,7,138887,3.0,8.9,3,309.4791666666667,1,14.9,10,0.0,0,2024,0.012355507797346572,0,0,1,0,0,0,1,0,0
0,0,0,3,3.96222,7,138887,3.0,8.9,3,309.4791666666667,1,14.9,10,0.0,0,2024,0.012355507797346572,0,0,1,0,0,0,1,0,0
0,0,0,3,4.088169166666667,7,138887,3.0,8.9,3,172.20833333333334,1,14.9,10,0.0,0,2024,0.02360261246090931,0,0,1,0,0,0,1,0,0
0,0,0,3,4.088169166666667,7,138887,3.0,8.9,3,172.20833333333334,1,14.9,10,0.0,0,2024,0.02360261246090931,0,0,1,0,0,0,1,0,0
0,0,0,3,14.003079821428573,6,57934,5.8,7.7,2,561.2202380952381,1,11.9,10,0.0,1,2024,0.024906751611912806,0,0,1,0,0,0,0,0,1
0,0,0,3,14.003079821428573,6,57934,5.8,7.7,2,561.2202380952381,1,11.9,10,0.0,1,2024,0.024906751611912806,0,0,1,0,0,0,0,0,1
0,0,0,3,3.96222,7,35837,3.0,8.9,3,309.4791666666667,1,14.9,10,0.0,0,2024,0.012355507797346572,0,0,1,0,0,0,1,0,0
0,0,0,3,3.96222,7,35837,3.0,8.9,3,309.4791666666667,1,14.9,10,0.0,0,2024,0.012355507797346572,0,0,1,0,0,0,1,0,0
0,0,0,3,4.25278,7,32386,3.0,8.9,3,965.6130952380952,1,14.9,10,0.0,1,2024,0.0043996714103614115,0,0,1,0,0,0,1,0,0
0,0,0,3,1.587808630952381,6,185914,5.8,7.7,2,61.77976190476191,1,11.9,10,0.0,0,2024,0.025291727505451785,0,0,1,0,0,0,0,0,1
0,0,0,3,1.587808630952381,6,185914,5.8,7.7,2,61.77976190476191,1,11.9,10,0.0,0,2024,0.025291727505451785,0,0,1,0,0,0,0,0,1
0,0,0,3,1.587808630952381,6,185914,5.8,7.7,2,61.77976190476191,1,11.9,10,0.0,0,2024,0.025291727505451785,0,0,1,0,0,0,0,0,1
0,1,0,4,2.1751006547619047,13,138907,13.1,20.4,5,171.375,2,27.6,15,0.0,0,2024,0.012618422942781173,0,0,1,0,1,0,0,0,0
0,1,0,4,2.1751006547619047,13,138907,13.1,20.4,5,171.375,2,27.6,15,0.0,0,2024,0.012618422942781173,0,0,1,0,1,0,0,0,0
0,1,0,4,2.1751006547619047,13,138907,13.1,20.4,5,171.375,2,27.6,15,0.0,0,2024,0.012618422942781173,0,0,1,0,1,0,0,0,0
0,1,0,4,2.1751006547619047,13,138907,13.1,20.4,5,171.375,2,27.6,15,0.0,0,2024,0.012618422942781173,0,0,1,0,1,0,0,0,0
0,1,0,4,3.96222,13,55932,13.1,20.4,5,309.4791666666667,2,27.6,15,0.0,0,2024,0.012355507797346572,0,0,1,0,1,0,0,0,0
0,1,0,4,3.96222,13,55932,13.1,20.4,5,309.4791666666667,2,27.6,15,0.0,0,2024,0.012355507797346572,0,0,1,0,1,0,0,0,0
0,1,0,4,3.96222,13,55932,13.1,20.4,5,309.4791666666667,2,27.6,15,0.0,0,2024,0.012355507797346572,0,0,1,0,1,0,0,0,0
0,1,0,4,3.96222,13,55932,13.1,20.4,5,309.4791666666667,2,27.6,15,0.0,0,2024,0.012355507797346572,0,0,1,0,1,0,0,0,0
0,1,0,4,3.96222,13,160526,13.1,20.4,5,309.4791666666667,2,27.6,15,0.0,0,2024,0.012355507797346572,0,0,1,0,1,0,0,0,0
0,1,0,4,3.96222,13,160526,13.1,20.4,5,309.4791666666667,2,27.6,15,0.0,0,2024,0.012355507797346572,0,0,1,0,1,0,0,0,0
0,0,0,4,3.96222,11,41158,12.3,15.2,3,309.4791666666667,2,20.4,15,0.0,0,2024,0.012355507797346572,0,0,1,0,0,0,1,0,0
0,0,0,4,3.96222,11,41158,12.3,15.2,3,309.4791666666667,2,20.4,15,0.0,0,2024,0.012355507797346572,0,0,1,0,0,0,1,0,0
0,1,0,4,3.852780000000001,13,48784,13.1,20.4,5,194.17261904761904,2,27.6,15,0.0,0,2024,0.019740371466040445,0,0,1,0,1,0,0,0,0
0,1,0,4,3.852780000000001,13,48784,13.1,20.4,5,194.17261904761904,2,27.6,15,0.0,0,2024,0.019740371466040445,0,0,1,0,1,0,0,0,0
0,1,0,4,3.852780000000001,13,48784,13.1,20.4,5,194.17261904761904,2,27.6,15,0.0,0,2024,0.019740371466040445,0,0,1,0,1,0,0,0,0
0,1,0,4,3.852780000000001,13,137426,13.1,20.4,5,215.125,2,27.6,15,0.0,0,2024,0.017826628108733377,0,0,1,0,1,0,0,0,0
0,1,0,4,3.852780000000001,13,137426,13.1,20.4,5,215.125,2,27.6,15,0.0,0,2024,0.017826628108733377,0,0,1,0,1,0,0,0,0
0,1,0,4,13.889538273809524,13,84310,13.1,20.4,5,629.5714285714286,2,27.6,15,0.0,1,2024,0.022026907094849724,0,0,1,0,1,0,0,0,0
0,1,0,4,13.889538273809524,13,84310,13.1,20.4,5,629.5714285714286,2,27.6,15,0.0,1,2024,0.022026907094849724,0,0,1,0,1,0,0,0,0
0,0,0,4,3.96222,12,57934,10.9,17.8,4,309.4791666666667,2,24.7,15,0.0,0,2024,0.012355507797346572,0,0,1,0,0,0,0,0,0
0,0,0,4,3.96222,12,57934,10.9,17.8,4,309.4791666666667,2,24.7,15,0.0,0,2024,0.012355507797346572,0,0,1,0,0,0,0,0,0
0,0,0,4,3.96222,12,57934,10.9,17.8,4,309.4791666666667,2,24.7,15,0.0,0,2024,0.012355507797346572,0,0,1,0,0,0,0,0,0
0,1,0,4,3.96222,13,35837,13.1,20.4,5,309.4791666666667,2,27.6,15,0.0,0,2024,0.012355507797346572,0,0,1,0,1,0,0,0,0
0,1,0,4,3.96222,13,35837,13.1,20.4,5,309.4791666666667,2,27.6,15,0.0,0,2024,0.012355507797346572,0,0,1,0,1,0,0,0,0
0,1,0,4,3.96222,13,35837,13.1,20.4,5,309.4791666666667,2,27.6,15,0.0,0,2024,0.012355507797346572,0,0,1,0,1,0,0,0,0
0,1,0,4,3.96222,13,19979,13.1,20.4,5,309.4791666666667,2,27.6,15,0.0,0,2024,0.012355507797346572,0,0,1,0,1,0,0,0,0
0,1,0,4,3.96222,13,19979,13.1,20.4,5,309.4791666666667,2,27.6,15,0.0,0,2024,0.012355507797346572,0,0,1,0,1,0,0,0,0
0,1,0,4,10.5849875,13,19979,13.1,20.4,5,190.41666666666663,2,27.6,15,0.0,0,2024,0.05529814976055726,0,0,1,0,1,0,0,0,0
0,1,0,4,10.5849875,13,19979,13.1,20.4,5,190.41666666666663,2,27.6,15,0.0,0,2024,0.05529814976055726,0,0,1,0,1,0,0,0,0
0,1,0,4,3.96222,13,32386,13.1,20.4,5,309.4791666666667,2,27.6,15,0.0,0,2024,0.012355507797346572,0,0,1,0,1,0,0,0,0
0,1,0,4,3.96222,13,32386,13.1,20.4,5,309.4791666666667,2,27.6,15,0.0,0,2024,0.012355507797346572,0,0,1,0,1,0,0,0,0
0,1,0,4,2.609713571428572,13,15207,13.1,20.4,5,1154.077380952381,2,27.6,15,0.0,1,2024,0.0022593409017124194,0,0,1,0,1,0,0,0,0
0,1,0,4,2.609713571428572,13,15207,13.1,20.4,5,1154.077380952381,2,27.6,15,0.0,1,2024,0.0022593409017124194,0,0,1,0,1,0,0,0,0
0,0,0,1,1.4288535119047618,23,185914,8.3,10.6,1,51.29761904761905,1,14.5,4,0.4,0,2024,0.027321578647848847,0,1,0,0,0,0,0,1,0
0,0,0,1,1.4288535119047618,23,185914,8.3,10.6,1,51.29761904761905,1,14.5,4,0.4,0,2024,0.027321578647848847,0,1,0,0,0,0,0,1,0
0,0,0,1,1.4288535119047618,23,185914,8.3,10.6,1,51.29761904761905,1,14.5,4,0.4,0,2024,0.027321578647848847,0,1,0,0,0,0,0,1,0
1,0,0,1,16.457738095238096,24,160526,12.0,13.8,2,4220.416666666667,1,15.4,4,1.4,1,2024,0.00389862915575058,0,1,0,0,0,0,0,0,1
1,0,0,1,3.99,24,160526,12.0,13.8,2,224.69642857142856,1,15.4,4,1.4,0,2024,0.017678613814384053,0,1,0,0,0,0,0,0,1
1,0,0,1,3.99,24,160526,12.0,13.8,2,224.69642857142856,1,15.4,4,1.4,0,2024,0.017678613814384053,0,1,0,0,0,0,0,0,1
0,0,0,1,0.8467572023809524,23,161450,8.3,10.6,1,204.04166666666663,1,14.5,4,0.4,0,2024,0.004129683571864024,0,1,0,0,0,0,0,1,0
0,0,0,1,0.8467572023809524,23,161450,8.3,10.6,1,204.04166666666663,1,14.5,4,0.4,0,2024,0.004129683571864024,0,1,0,0,0,0,0,1,0
1,0,0,1,3.99,24,231476,12.0,13.8,2,22.428571428571427,1,15.4,4,1.4,0,2024,0.1703048780487805,0,1,0,0,0,0,0,0,1
1,0,0,1,3.99,24,231476,12.0,13.8,2,22.428571428571427,1,15.4,4,1.4,0,2024,0.1703048780487805,0,1,0,0,0,0,0,0,1
1,0,0,1,3.99,24,231476,12.0,13.8,2,224.6428571428572,1,15.4,4,1.4,0,2024,0.017682811016144346,0,1,0,0,0,0,0,0,1
1,0,0,1,3.99,24,231476,12.0,13.8,2,224.6428571428572,1,15.4,4,1.4,0,2024,0.017682811016144346,0,1,0,0,0,0,0,0,1
1,0,0,1,3.96222,24,138887,12.0,13.8,2,309.4791666666667,1,15.4,4,1.4,0,2024,0.012355507797346572,0,1,0,0,0,0,0,0,1
1,0,0,1,3.96222,24,138887,12.0,13.8,2,309.4791666666667,1,15.4,4,1.4,0,2024,0.012355507797346572,0,1,0,0,0,0,0,0,1
1,0,0,1,3.96222,24,138887,12.0,13.8,2,309.4791666666667,1,15.4,4,1.4,0,2024,0.012355507797346572,0,1,0,0,0,0,0,0,1
1,0,0,1,3.96222,24,138887,12.0,13.8,2,309.4791666666667,1,15.4,4,1.4,0,2024,0.012355507797346572,0,1,0,0,0,0,0,0,1
1,0,0,1,3.96222,24,84310,12.0,13.8,2,309.4791666666667,1,15.4,4,1.4,0,2024,0.012355507797346572,0,1,0,0,0,0,0,0,1
1,0,0,1,3.96222,24,84310,12.0,13.8,2,309.4791666666667,1,15.4,4,1.4,0,2024,0.012355507797346572,0,1,0,0,0,0,0,0,1
1,0,0,1,3.96222,24,35837,12.0,13.8,2,309.4791666666667,1,15.4,4,1.4,0,2024,0.012355507797346572,0,1,0,0,0,0,0,0,1
1,0,0,1,3.96222,24,35837,12.0,13.8,2,309.4791666666667,1,15.4,4,1.4,0,2024,0.012355507797346572,0,1,0,0,0,0,0,0,1
1,0,0,1,3.99,24,35837,12.0,13.8,2,437.375,1,15.4,4,1.4,1,2024,0.00910179640718563,0,1,0,0,0,0,0,0,1
1,0,0,1,3.99,24,35837,12.0,13.8,2,437.375,1,15.4,4,1.4,1,2024,0.00910179640718563,0,1,0,0,0,0,0,0,1
1,0,0,1,3.340556785714285,24,48784,12.0,13.8,2,713.8333333333334,1,15.4,4,1.4,1,2024,0.00467319671585118,0,1,0,0,0,0,0,0,1
1,0,0,1,3.340556785714285,24,48784,12.0,13.8,2,713.8333333333334,1,15.4,4,1.4,1,2024,0.00467319671585118,0,1,0,0,0,0,0,0,1
1,0,0,1,2.121919166666667,24,15207,12.0,13.8,2,1203.017857142857,1,15.4,4,1.4,1,2024,0.0017623651958966755,0,1,0,0,0,0,0,0,1
0,0,0,9,0.9686555952380952,3,185914,18.6,20.2,1,53.63095238095238,3,22.1,36,0.6,0,2024,0.017730893440836785,0,0,0,0,0,0,0,1,0
0,0,0,9,0.9686555952380952,3,185914,18.6,20.2,1,53.63095238095238,3,22.1,36,0.6,0,2024,0.017730893440836785,0,0,0,0,0,0,0,1,0
0,0,0,9,0.9686555952380952,3,185914,18.6,20.2,1,53.63095238095238,3,22.1,36,0.6,0,2024,0.017730893440836785,0,0,0,0,0,0,0,1,0
0,0,0,9,0.9686555952380952,3,185914,18.6,20.2,1,53.63095238095238,3,22.1,36,0.6,0,2024,0.017730893440836785,0,0,0,0,0,0,0,1,0
0,0,0,9,3.96222,3,231476,18.6,20.2,1,309.4791666666667,3,22.1,36,0.6,0,2024,0.012355507797346572,0,0,0,0,0,0,0,1,0
0,0,0,9,3.96222,3,231476,18.6,20.2,1,309.4791666666667,3,22.1,36,0.6,0,2024,0.012355507797346572,0,0,0,0,0,0,0,1,0
0,0,0,9,3.96222,3,231476,18.6,20.2,1,309.4791666666667,3,22.1,36,0.6,0,2024,0.012355507797346572,0,0,0,0,0,0,0,1,0
0,0,0,9,0.9686555952380952,3,185914,18.6,20.2,1,53.63095238095238,3,22.1,36,0.6,0,2024,0.017730893440836785,0,0,0,0,0,0,0,1,0
0,0,0,9,0.9686555952380952,3,185914,18.6,20.2,1,53.63095238095238,3,22.1,36,0.6,0,2024,0.017730893440836785,0,0,0,0,0,0,0,1,0
0,0,0,9,0.8715720238095239,3,138907,18.6,20.2,1,219.1369047619048,3,22.1,36,0.6,0,2024,0.003959227212503042,0,0,0,0,0,0,0,1,0
0,0,0,9,0.8715720238095239,3,138907,18.6,20.2,1,219.1369047619048,3,22.1,36,0.6,0,2024,0.003959227212503042,0,0,0,0,0,0,0,1,0
0,0,0,9,1.449584880952381,3,179566,18.6,20.2,1,52.52976190476191,3,22.1,36,0.6,0,2024,0.027079979984432335,0,0,0,0,0,0,0,1,0
0,0,0,9,1.449584880952381,3,179566,18.6,20.2,1,52.52976190476191,3,22.1,36,0.6,0,2024,0.027079979984432335,0,0,0,0,0,0,0,1,0
0,0,0,9,1.449584880952381,3,179566,18.6,20.2,1,52.52976190476191,3,22.1,36,0.6,0,2024,0.027079979984432335,0,0,0,0,0,0,0,1,0
0,0,0,9,3.875715357142857,3,179566,18.6,20.2,1,396.6309523809524,3,22.1,36,0.6,1,2024,0.009747016256998293,0,0,0,0,0,0,0,1,0
0,0,0,9,3.875715357142857,3,179566,18.6,20.2,1,396.6309523809524,3,22.1,36,0.6,1,2024,0.009747016256998293,0,0,0,0,0,0,0,1,0
0,0,0,9,0.9595019642857142,3,182347,18.6,20.2,1,265.3392857142857,3,22.1,36,0.6,0,2024,0.0036025551458263487,0,0,0,0,0,0,0,1,0
0,0,0,9,0.9595019642857142,3,182347,18.6,20.2,1,265.3392857142857,3,22.1,36,0.6,0,2024,0.0036025551458263487,0,0,0,0,0,0,0,1,0
0,0,0,9,3.623506130952381,3,84310,18.6,20.2,1,244.2619047619048,3,22.1,36,0.6,0,2024,0.014774027521599842,0,0,0,0,0,0,0,1,0
0,0,0,9,2.740467202380952,3,138887,18.6,20.2,1,156.16071428571428,3,22.1,36,0.6,0,2024,0.017437355224785064,0,0,0,0,0,0,0,1,0
0,0,0,9,2.740467202380952,3,138887,18.6,20.2,1,156.16071428571428,3,22.1,36,0.6,0,2024,0.017437355224785064,0,0,0,0,0,0,0,1,0
0,0,0,9,1.7362013095238096,3,84310,18.6,20.2,1,496.2440476190476,3,22.1,36,0.6,1,2024,0.0034916482516729117,0,0,0,0,0,0,0,1,0
0,0,0,9,1.7362013095238096,3,84310,18.6,20.2,1,496.2440476190476,3,22.1,36,0.6,1,2024,0.0034916482516729117,0,0,0,0,0,0,0,1,0
0,0,0,9,14.5575275,3,35837,18.6,20.2,1,545.75,3,22.1,36,0.6,1,2024,0.026625564700502972,0,0,0,0,0,0,0,1,0
0,0,0,9,14.5575275,3,35837,18.6,20.2,1,545.75,3,22.1,36,0.6,1,2024,0.026625564700502972,0,0,0,0,0,0,0,1,0
0,0,0,9,3.96222,3,35837,18.6,20.2,1,309.4791666666667,3,22.1,36,0.6,0,2024,0.012355507797346572,0,0,0,0,0,0,0,1,0
0,0,0,9,3.96222,3,35837,18.6,20.2,1,309.4791666666667,3,22.1,36,0.6,0,2024,0.012355507797346572,0,0,0,0,0,0,0,1,0
0,0,0,9,3.96222,3,35837,18.6,20.2,1,309.4791666666667,3,22.1,36,0.6,0,2024,0.012355507797346572,0,0,0,0,0,0,0,1,0
1,1,0,7,13.422916666666667,27,161450,16.4,17.3,5,3675.7738095238096,3,18.9,30,5.4,1,2024,0.0036507322348461545,1,0,0,0,1,0,0,0,0
1,1,0,7,1.3027128571428572,27,179566,16.4,17.3,5,217.5892857142857,3,18.9,30,5.4,0,2024,0.0059596372845355785,1,0,0,0,1,0,0,0,0
1,1,0,7,1.3027128571428572,27,179566,16.4,17.3,5,217.5892857142857,3,18.9,30,5.4,0,2024,0.0059596372845355785,1,0,0,0,1,0,0,0,0
1,1,0,7,1.7302092857142857,27,185914,16.4,17.3,5,149.0595238095238,3,18.9,30,5.4,0,2024,0.011530153113843714,1,0,0,0,1,0,0,0,0
1,0,0,7,9.566666666666666,26,183839,18.6,20.4,4,3452.809523809524,3,23.3,30,14.0,1,2024,0.0027698883220736246,1,0,0,0,0,0,0,0,0
1,0,0,7,9.566666666666666,26,183839,18.6,20.4,4,3452.809523809524,3,23.3,30,14.0,1,2024,0.0027698883220736246,1,0,0,0,0,0,0,0,0
1,0,0,7,9.566666666666666,26,183839,18.6,20.4,4,3452.809523809524,3,23.3,30,14.0,1,2024,0.0027698883220736246,1,0,0,0,0,0,0,0,0
1,0,0,7,2.85,26,185914,18.6,20.4,4,218.4821428571429,3,23.3,30,14.0,0,2024,0.01298511105687088,1,0,0,0,0,0,0,0,0
1,0,0,7,2.85,26,185914,18.6,20.4,4,218.4821428571429,3,23.3,30,14.0,0,2024,0.01298511105687088,1,0,0,0,0,0,0,0,0
1,1,0,7,2.85,27,137426,16.4,17.3,5,494.4553571428572,3,18.9,30,5.4,1,2024,0.005752284154187165,1,0,0,0,1,0,0,0,0
1,1,0,7,2.85,27,137426,16.4,17.3,5,494.4553571428572,3,18.9,30,5.4,1,2024,0.005752284154187165,1,0,0,0,1,0,0,0,0
1,1,0,7,2.85,27,137426,16.4,17.3,5,494.4553571428572,3,18.9,30,5.4,1,2024,0.005752284154187165,1,0,0,0,1,0,0,0,0
1,1,0,7,2.85,27,137426,16.4,17.3,5,494.4553571428572,3,18.9,30,5.4,1,2024,0.005752284154187165,1,0,0,0,1,0,0,0,0
1,1,0,7,2.85,27,137426,16.4,17.3,5,494.4553571428572,3,18.9,30,5.4,1,2024,0.005752284154187165,1,0,0,0,1,0,0,0,0
1,0,0,7,2.85,26,231476,18.6,20.4,4,221.6309523809524,3,23.3,30,14.0,0,2024,0.012801454467675524,1,0,0,0,0,0,0,0,0
1,1,0,7,3.96222,27,137426,16.4,17.3,5,309.4791666666667,3,18.9,30,5.4,0,2024,0.012355507797346572,1,0,0,0,1,0,0,0,0
1,1,0,7,3.96222,27,137426,16.4,17.3,5,309.4791666666667,3,18.9,30,5.4,0,2024,0.012355507797346572,1,0,0,0,1,0,0,0,0
1,1,0,7,2.85,27,84310,16.4,17.3,5,484.5238095238095,3,18.9,30,5.4,1,2024,0.00586994899960769,1,0,0,0,1,0,0,0,0
1,1,0,7,2.85,27,84310,16.4,17.3,5,484.5238095238095,3,18.9,30,5.4,1,2024,0.00586994899960769,1,0,0,0,1,0,0,0,0
1,0,0,7,3.801936071428572,26,84310,18.6,20.4,4,411.6845238095238,3,23.3,30,14.0,1,2024,0.009212693600265396,1,0,0,0,0,0,0,0,0
1,0,0,7,3.801936071428572,26,84310,18.6,20.4,4,411.6845238095238,3,23.3,30,14.0,1,2024,0.009212693600265396,1,0,0,0,0,0,0,0,0
1,0,0,7,2.85,26,57934,18.6,20.4,4,446.2321428571428,3,23.3,30,14.0,1,2024,0.0063725294469954095,1,0,0,0,0,0,0,0,0
1,0,0,7,2.85,26,57934,18.6,20.4,4,446.2321428571428,3,23.3,30,14.0,1,2024,0.0063725294469954095,1,0,0,0,0,0,0,0,0
1,0,0,5,3.96222,22,183839,14.0,16.5,2,309.4791666666667,2,21.5,21,2.4,0,2024,0.012355507797346572,0,0,1,0,0,0,0,0,1
1,0,0,5,3.96222,22,183839,14.0,16.5,2,309.4791666666667,2,21.5,21,2.4,0,2024,0.012355507797346572,0,0,1,0,0,0,0,0,1
1,0,0,5,3.96222,22,183839,14.0,16.5,2,309.4791666666667,2,21.5,21,2.4,0,2024,0.012355507797346572,0,0,1,0,0,0,0,0,1
1,0,0,5,3.96222,22,183839,14.0,16.5,2,309.4791666666667,2,21.5,21,2.4,0,2024,0.012355507797346572,0,0,1,0,0,0,0,0,1
1,0,0,5,7.736069523809523,22,185914,14.0,16.5,2,139.23809523809524,2,21.5,21,2.4,0,2024,0.05516382342954159,0,0,1,0,0,0,0,0,1
1,0,0,5,7.736069523809523,22,185914,14.0,16.5,2,139.23809523809524,2,21.5,21,2.4,0,2024,0.05516382342954159,0,0,1,0,0,0,0,0,1
1,0,0,5,5.79993875,22,185914,14.0,16.5,2,293.8869047619048,2,21.5,21,2.4,0,2024,0.019668349649785023,0,0,1,0,0,0,0,0,1
1,0,0,5,5.79993875,22,185914,14.0,16.5,2,293.8869047619048,2,21.5,21,2.4,0,2024,0.019668349649785023,0,0,1,0,0,0,0,0,1
1,0,0,5,3.96222,22,57934,14.0,16.5,2,309.4791666666667,2,21.5,21,2.4,0,2024,0.012355507797346572,0,0,1,0,0,0,0,0,1
1,0,0,5,3.96222,22,57934,14.0,16.5,2,309.4791666666667,2,21.5,21,2.4,0,2024,0.012355507797346572,0,0,1,0,0,0,0,0,1
1,0,0,5,3.96222,22,57934,14.0,16.5,2,309.4791666666667,2,21.5,21,2.4,0,2024,0.012355507797346572,0,0,1,0,0,0,0,0,1
1,0,0,5,3.96222,21,32386,13.7,16.4,1,309.4791666666667,2,21.7,21,1.6,0,2024,0.012355507797346572,0,0,1,0,0,0,0,1,0
1,0,0,5,3.96222,21,32386,13.7,16.4,1,309.4791666666667,2,21.7,21,1.6,0,2024,0.012355507797346572,0,0,1,0,0,0,0,1,0
1,1,0,7,3.96222,27,138907,16.4,17.3,5,309.4791666666667,3,18.9,30,5.4,0,2024,0.012355507797346572,1,0,0,0,1,0,0,0,0
1,1,0,7,3.96222,27,138907,16.4,17.3,5,309.4791666666667,3,18.9,30,5.4,0,2024,0.012355507797346572,1,0,0,0,1,0,0,0,0
1,0,0,10,10.155176428571428,8,179566,13.7,16.0,1,408.5238095238095,4,20.4,41,1.2,1,2024,0.0247975238372093,0,0,0,0,0,0,0,1,0
1,0,0,10,10.155176428571428,8,179566,13.7,16.0,1,408.5238095238095,4,20.4,41,1.2,1,2024,0.0247975238372093,0,0,0,0,0,0,0,1,0
1,0,0,10,8.77879755952381,7,185914,13.1,16.0,0,201.4940476190476,4,17.6,41,20.4,0,2024,0.04335336106293542,0,0,0,1,0,0,0,0,0
1,0,0,10,8.77879755952381,7,185914,13.1,16.0,0,201.4940476190476,4,17.6,41,20.4,0,2024,0.04335336106293542,0,0,0,1,0,0,0,0,0
1,0,0,10,4.05,8,55932,13.7,16.0,1,179.5595238095238,4,20.4,41,1.2,0,2024,0.022430276257664666,0,0,0,0,0,0,0,1,0
1,0,0,10,4.05,8,55932,13.7,16.0,1,179.5595238095238,4,20.4,41,1.2,0,2024,0.022430276257664666,0,0,0,0,0,0,0,1,0
1,0,0,10,7.860530476190475,8,183839,13.7,16.0,1,416.6666666666667,4,20.4,41,1.2,1,2024,0.018820104891118454,0,0,0,0,0,0,0,1,0
1,0,0,10,7.860530476190475,8,183839,13.7,16.0,1,416.6666666666667,4,20.4,41,1.2,1,2024,0.018820104891118454,0,0,0,0,0,0,0,1,0
1,0,0,10,3.96222,8,183839,13.7,16.0,1,309.4791666666667,4,20.4,41,1.2,0,2024,0.012355507797346572,0,0,0,0,0,0,0,1,0
1,0,0,10,3.96222,8,183839,13.7,16.0,1,309.4791666666667,4,20.4,41,1.2,0,2024,0.012355507797346572,0,0,0,0,0,0,0,1,0
1,0,0,10,3.96222,8,183839,13.7,16.0,1,309.4791666666667,4,20.4,41,1.2,0,2024,0.012355507797346572,0,0,0,0,0,0,0,1,0
1,0,0,10,3.96222,8,160526,13.7,16.0,1,309.4791666666667,4,20.4,41,1.2,0,2024,0.012355507797346572,0,0,0,0,0,0,0,1,0
1,0,0,10,3.96222,8,160526,13.7,16.0,1,309.4791666666667,4,20.4,41,1.2,0,2024,0.012355507797346572,0,0,0,0,0,0,0,1,0
1,0,0,10,4.05,7,160526,13.1,16.0,0,60.13690476190476,4,17.6,41,20.4,0,2024,0.06624476681919969,0,0,0,1,0,0,0,0,0
1,0,0,10,4.05,7,160526,13.1,16.0,0,60.13690476190476,4,17.6,41,20.4,0,2024,0.06624476681919969,0,0,0,1,0,0,0,0,0
1,0,0,10,4.05,7,160526,13.1,16.0,0,60.13690476190476,4,17.6,41,20.4,0,2024,0.06624476681919969,0,0,0,1,0,0,0,0,0
1,0,0,10,3.96222,8,161450,13.7,16.0,1,309.4791666666667,4,20.4,41,1.2,0,2024,0.012355507797346572,0,0,0,0,0,0,0,1,0
1,0,0,10,3.96222,8,161450,13.7,16.0,1,309.4791666666667,4,20.4,41,1.2,0,2024,0.012355507797346572,0,0,0,0,0,0,0,1,0
1,0,0,10,3.96222,8,182347,13.7,16.0,1,309.4791666666667,4,20.4,41,1.2,0,2024,0.012355507797346572,0,0,0,0,0,0,0,1,0
1,0,0,10,3.96222,8,182347,13.7,16.0,1,309.4791666666667,4,20.4,41,1.2,0,2024,0.012355507797346572,0,0,0,0,0,0,0,1,0
1,0,0,10,3.96222,8,138887,13.7,16.0,1,309.4791666666667,4,20.4,41,1.2,0,2024,0.012355507797346572,0,0,0,0,0,0,0,1,0
1,0,0,10,3.96222,8,138887,13.7,16.0,1,309.4791666666667,4,20.4,41,1.2,0,2024,0.012355507797346572,0,0,0,0,0,0,0,1,0
1,0,0,10,3.959409166666666,7,138887,13.1,16.0,0,158.39880952380952,4,17.6,41,20.4,0,2024,0.02483964076328466,0,0,0,1,0,0,0,0,0
1,0,0,10,3.959409166666666,7,138887,13.1,16.0,0,158.39880952380952,4,17.6,41,20.4,0,2024,0.02483964076328466,0,0,0,1,0,0,0,0,0
1,0,0,10,3.96222,8,35837,13.7,16.0,1,309.4791666666667,4,20.4,41,1.2,0,2024,0.012355507797346572,0,0,0,0,0,0,0,1,0
1,0,0,10,3.96222,8,35837,13.7,16.0,1,309.4791666666667,4,20.4,41,1.2,0,2024,0.012355507797346572,0,0,0,0,0,0,0,1,0
1,0,0,10,6.9542206547619045,8,35837,13.7,16.0,1,147.00595238095238,4,20.4,41,1.2,0,2024,0.04698608767343656,0,0,0,0,0,0,0,1,0
1,0,0,10,6.9542206547619045,8,35837,13.7,16.0,1,147.00595238095238,4,20.4,41,1.2,0,2024,0.04698608767343656,0,0,0,0,0,0,0,1,0
1,0,0,10,3.96222,7,35837,13.1,16.0,0,309.4791666666667,4,17.6,41,20.4,0,2024,0.012355507797346572,0,0,0,1,0,0,0,0,0
1,0,0,10,3.96222,7,35837,13.1,16.0,0,309.4791666666667,4,17.6,41,20.4,0,2024,0.012355507797346572,0,0,0,1,0,0,0,0,0
1,0,0,10,3.96222,7,35837,13.1,16.0,0,309.4791666666667,4,17.6,41,20.4,0,2024,0.012355507797346572,0,0,0,1,0,0,0,0,0
1,0,0,10,3.96222,7,35837,13.1,16.0,0,309.4791666666667,4,17.6,41,20.4,0,2024,0.012355507797346572,0,0,0,1,0,0,0,0,0
1,0,0,10,3.96222,8,48784,13.7,16.0,1,309.4791666666667,4,20.4,41,1.2,0,2024,0.012355507797346572,0,0,0,0,0,0,0,1,0
1,0,0,10,3.96222,8,48784,13.7,16.0,1,309.4791666666667,4,20.4,41,1.2,0,2024,0.012355507797346572,0,0,0,0,0,0,0,1,0
1,1,0,10,2.422095798611111,6,138907,10.7,14.0,6,326.18055555555554,4,17.3,40,1.4,1,2024,0.0074029332045676445,0,0,0,0,0,1,0,0,0
1,1,0,10,2.422095798611111,6,138907,10.7,14.0,6,326.18055555555554,4,17.3,40,1.4,1,2024,0.0074029332045676445,0,0,0,0,0,1,0,0,0
0,1,0,10,3.96222,5,160526,5.9,12.6,5,309.4791666666667,4,19.8,40,0.2,0,2024,0.012355507797346572,0,0,0,0,1,0,0,0,0
0,1,0,10,3.96222,5,160526,5.9,12.6,5,309.4791666666667,4,19.8,40,0.2,0,2024,0.012355507797346572,0,0,0,0,1,0,0,0,0
1,0,0,10,3.96222,7,183839,13.1,16.0,0,309.4791666666667,4,17.6,41,20.4,0,2024,0.012355507797346572,0,0,0,1,0,0,0,0,0
1,0,0,10,3.96222,7,183839,13.1,16.0,0,309.4791666666667,4,17.6,41,20.4,0,2024,0.012355507797346572,0,0,0,1,0,0,0,0,0
1,0,0,10,3.96222,7,183839,13.1,16.0,0,309.4791666666667,4,17.6,41,20.4,0,2024,0.012355507797346572,0,0,0,1,0,0,0,0,0
1,0,0,10,3.96222,7,183839,13.1,16.0,0,309.4791666666667,4,17.6,41,20.4,0,2024,0.012355507797346572,0,0,0,1,0,0,0,0,0
1,0,0,10,3.96222,7,183839,13.1,16.0,0,309.4791666666667,4,17.6,41,20.4,0,2024,0.012355507797346572,0,0,0,1,0,0,0,0,0
1,0,0,10,1.0163308333333334,7,161450,13.1,16.0,0,234.95238095238096,4,17.6,41,20.4,0,2024,0.004307355701311806,0,0,0,1,0,0,0,0,0
1,0,0,10,1.0163308333333334,7,161450,13.1,16.0,0,234.95238095238096,4,17.6,41,20.4,0,2024,0.004307355701311806,0,0,0,1,0,0,0,0,0
1,0,0,10,3.96222,7,231476,13.1,16.0,0,309.4791666666667,4,17.6,41,20.4,0,2024,0.012355507797346572,0,0,0,1,0,0,0,0,0
1,0,0,10,3.96222,7,231476,13.1,16.0,0,309.4791666666667,4,17.6,41,20.4,0,2024,0.012355507797346572,0,0,0,1,0,0,0,0,0
1,1,0,10,3.96222,6,231476,10.7,14.0,6,309.4791666666667,4,17.3,40,1.4,0,2024,0.012355507797346572,0,0,0,0,0,1,0,0,0
1,1,0,10,3.96222,6,231476,10.7,14.0,6,309.4791666666667,4,17.3,40,1.4,0,2024,0.012355507797346572,0,0,0,0,0,1,0,0,0
1,0,0,10,3.96222,7,137426,13.1,16.0,0,309.4791666666667,4,17.6,41,20.4,0,2024,0.012355507797346572,0,0,0,1,0,0,0,0,0
1,0,0,10,3.96222,7,137426,13.1,16.0,0,309.4791666666667,4,17.6,41,20.4,0,2024,0.012355507797346572,0,0,0,1,0,0,0,0,0
1,0,0,10,4.05,7,84310,13.1,16.0,0,978.202380952381,4,17.6,41,20.4,1,2024,0.0041360193549171455,0,0,0,1,0,0,0,0,0
1,0,0,10,4.05,7,84310,13.1,16.0,0,978.202380952381,4,17.6,41,20.4,1,2024,0.0041360193549171455,0,0,0,1,0,0,0,0,0
1,0,0,10,3.96222,7,35837,13.1,16.0,0,309.4791666666667,4,17.6,41,20.4,0,2024,0.012355507797346572,0,0,0,1,0,0,0,0,0
1,0,0,10,3.96222,7,35837,13.1,16.0,0,309.4791666666667,4,17.6,41,20.4,0,2024,0.012355507797346572,0,0,0,1,0,0,0,0,0
0,0,0,6,3.96222,25,231476,17.0,24.5,1,309.4791666666667,2,32.3,26,0.0,0,2024,0.012355507797346572,1,0,0,0,0,0,0,1,0
0,0,0,6,3.96222,25,231476,17.0,24.5,1,309.4791666666667,2,32.3,26,0.0,0,2024,0.012355507797346572,1,0,0,0,0,0,0,1,0
0,0,0,6,4.15,25,185914,17.0,24.5,1,289.2440476190476,2,32.3,26,0.0,0,2024,0.0142983121757142,1,0,0,0,0,0,0,1,0
0,0,0,6,4.15,25,185914,17.0,24.5,1,289.2440476190476,2,32.3,26,0.0,0,2024,0.0142983121757142,1,0,0,0,0,0,0,1,0
0,0,0,6,3.96222,24,160526,14.5,22.8,0,309.4791666666667,2,29.8,26,0.0,0,2024,0.012355507797346572,1,0,0,1,0,0,0,0,0
0,0,0,6,3.96222,24,185914,14.5,22.8,0,309.4791666666667,2,29.8,26,0.0,0,2024,0.012355507797346572,1,0,0,1,0,0,0,0,0
0,0,0,6,3.96222,24,185914,14.5,22.8,0,309.4791666666667,2,29.8,26,0.0,0,2024,0.012355507797346572,1,0,0,1,0,0,0,0,0
0,0,0,6,3.96222,25,179566,17.0,24.5,1,309.4791666666667,2,32.3,26,0.0,0,2024,0.012355507797346572,1,0,0,0,0,0,0,1,0
0,0,0,6,3.96222,25,179566,17.0,24.5,1,309.4791666666667,2,32.3,26,0.0,0,2024,0.012355507797346572,1,0,0,0,0,0,0,1,0
0,0,0,6,3.96222,24,160526,14.5,22.8,0,309.4791666666667,2,29.8,26,0.0,0,2024,0.012355507797346572,1,0,0,1,0,0,0,0,0
0,0,0,6,3.96222,25,161450,17.0,24.5,1,309.4791666666667,2,32.3,26,0.0,0,2024,0.012355507797346572,1,0,0,0,0,0,0,1,0
0,0,0,6,3.96222,25,161450,17.0,24.5,1,309.4791666666667,2,32.3,26,0.0,0,2024,0.012355507797346572,1,0,0,0,0,0,0,1,0
0,0,0,6,5.1298522023809525,25,231476,17.0,24.5,1,240.0654761904762,2,32.3,26,0.0,0,2024,0.021279912343514656,1,0,0,0,0,0,0,1,0
0,0,0,6,5.1298522023809525,25,231476,17.0,24.5,1,240.0654761904762,2,32.3,26,0.0,0,2024,0.021279912343514656,1,0,0,0,0,0,0,1,0
0,0,0,6,3.96222,25,231476,17.0,24.5,1,309.4791666666667,2,32.3,26,0.0,0,2024,0.012355507797346572,1,0,0,0,0,0,0,1,0
0,0,0,6,3.96222,25,231476,17.0,24.5,1,309.4791666666667,2,32.3,26,0.0,0,2024,0.012355507797346572,1,0,0,0,0,0,0,1,0
0,0,0,6,3.96222,25,137426,17.0,24.5,1,309.4791666666667,2,32.3,26,0.0,0,2024,0.012355507797346572,1,0,0,0,0,0,0,1,0
0,0,0,6,3.96222,25,137426,17.0,24.5,1,309.4791666666667,2,32.3,26,0.0,0,2024,0.012355507797346572,1,0,0,0,0,0,0,1,0
0,0,0,6,3.021568988095238,25,138907,17.0,24.5,1,356.2083333333333,2,32.3,26,0.0,1,2024,0.008458842378897201,1,0,0,0,0,0,0,1,0
0,0,0,6,3.021568988095238,25,138907,17.0,24.5,1,356.2083333333333,2,32.3,26,0.0,1,2024,0.008458842378897201,1,0,0,0,0,0,0,1,0
0,0,0,6,1.6762644642857143,25,138887,17.0,24.5,1,183.66071428571428,2,32.3,26,0.0,0,2024,0.009077536988685814,1,0,0,0,0,0,0,1,0
0,0,0,6,1.6762644642857143,25,138887,17.0,24.5,1,183.66071428571428,2,32.3,26,0.0,0,2024,0.009077536988685814,1,0,0,0,0,0,0,1,0
0,0,0,6,3.96222,25,138887,17.0,24.5,1,309.4791666666667,2,32.3,26,0.0,0,2024,0.012355507797346572,1,0,0,0,0,0,0,1,0
0,0,0,6,3.96222,25,138887,17.0,24.5,1,309.4791666666667,2,32.3,26,0.0,0,2024,0.012355507797346572,1,0,0,0,0,0,0,1,0
0,0,0,6,3.96222,25,84310,17.0,24.5,1,309.4791666666667,2,32.3,26,0.0,0,2024,0.012355507797346572,1,0,0,0,0,0,0,1,0
0,0,0,6,3.96222,25,84310,17.0,24.5,1,309.4791666666667,2,32.3,26,0.0,0,2024,0.012355507797346572,1,0,0,0,0,0,0,1,0
0,0,0,6,3.96222,25,35837,17.0,24.5,1,309.4791666666667,2,32.3,26,0.0,0,2024,0.012355507797346572,1,0,0,0,0,0,0,1,0
0,0,0,6,3.96222,25,35837,17.0,24.5,1,309.4791666666667,2,32.3,26,0.0,0,2024,0.012355507797346572,1,0,0,0,0,0,0,1,0
0,0,0,6,3.96222,25,48784,17.0,24.5,1,309.4791666666667,2,32.3,26,0.0,0,2024,0.012355507797346572,1,0,0,0,0,0,0,1,0
0,0,0,6,3.96222,25,48784,17.0,24.5,1,309.4791666666667,2,32.3,26,0.0,0,2024,0.012355507797346572,1,0,0,0,0,0,0,1,0
0,0,0,6,9.506945416666666,25,15207,17.0,24.5,1,998.4166666666666,2,32.3,26,0.0,1,2024,0.009512494371716834,1,0,0,0,0,0,0,1,0
0,0,0,6,9.506945416666666,25,15207,17.0,24.5,1,998.4166666666666,2,32.3,26,0.0,1,2024,0.009512494371716834,1,0,0,0,0,0,0,1,0
0,0,0,6,9.506945416666666,25,15207,17.0,24.5,1,998.4166666666666,2,32.3,26,0.0,1,2024,0.009512494371716834,1,0,0,0,0,0,0,1,0
0,0,0,6,10.900094107142856,25,19979,17.0,24.5,1,296.92261904761904,2,32.3,26,0.0,0,2024,0.03658699746258816,1,0,0,0,0,0,0,1,0
0,0,0,6,10.900094107142856,25,19979,17.0,24.5,1,296.92261904761904,2,32.3,26,0.0,0,2024,0.03658699746258816,1,0,0,0,0,0,0,1,0
0,0,0,3,3.96222,6,137426,5.8,7.7,2,309.4791666666667,1,11.9,10,0.0,0,2024,0.012355507797346572,0,0,1,0,0,0,0,0,1
0,0,0,3,4.514902023809524,6,179566,5.8,7.7,2,210.70238095238096,1,11.9,10,0.0,0,2024,0.02132664735983805,0,0,1,0,0,0,0,0,1
0,0,0,3,4.514902023809524,6,179566,5.8,7.7,2,210.70238095238096,1,11.9,10,0.0,0,2024,0.02132664735983805,0,0,1,0,0,0,0,0,1
0,0,0,3,4.514902023809524,6,179566,5.8,7.7,2,210.70238095238096,1,11.9,10,0.0,0,2024,0.02132664735983805,0,0,1,0,0,0,0,0,1
1,0,0,3,3.96222,5,160526,7.0,8.0,1,309.4791666666667,1,11.0,10,4.2,0,2024,0.012355507797346572,0,0,1,0,0,0,0,1,0
1,0,0,3,3.96222,5,160526,7.0,8.0,1,309.4791666666667,1,11.0,10,4.2,0,2024,0.012355507797346572,0,0,1,0,0,0,0,1,0
0,0,0,3,3.96222,4,161450,2.5,8.3,0,309.4791666666667,1,12.9,10,0.2,0,2024,0.012355507797346572,0,0,1,1,0,0,0,0,0
0,0,0,3,3.96222,4,161450,2.5,8.3,0,309.4791666666667,1,12.9,10,0.2,0,2024,0.012355507797346572,0,0,1,1,0,0,0,0,0
0,0,0,3,3.96222,4,161450,2.5,8.3,0,309.4791666666667,1,12.9,10,0.2,0,2024,0.012355507797346572,0,0,1,1,0,0,0,0,0
0,0,0,3,4.25278,6,231476,5.8,7.7,2,424.6666666666667,1,11.9,10,0.0,1,2024,0.009990869224745496,0,0,1,0,0,0,0,0,1
0,0,0,3,4.25278,6,231476,5.8,7.7,2,424.6666666666667,1,11.9,10,0.0,1,2024,0.009990869224745496,0,0,1,0,0,0,0,0,1
0,0,0,3,3.96222,6,231476,5.8,7.7,2,309.4791666666667,1,11.9,10,0.0,0,2024,0.012355507797346572,0,0,1,0,0,0,0,0,1
0,0,0,3,3.96222,6,231476,5.8,7.7,2,309.4791666666667,1,11.9,10,0.0,0,2024,0.012355507797346572,0,0,1,0,0,0,0,0,1
1,0,0,3,17.59303410714286,5,231476,7.0,8.0,1,416.7261904761905,1,11.0,10,4.2,1,2024,0.042116186411695976,0,0,1,0,0,0,0,1,0
1,0,0,3,17.59303410714286,5,231476,7.0,8.0,1,416.7261904761905,1,11.0,10,4.2,1,2024,0.042116186411695976,0,0,1,0,0,0,0,1,0
1,0,0,3,7.784849285714285,5,137426,7.0,8.0,1,272.92857142857144,1,11.0,10,4.2,0,2024,0.02841926727509778,0,0,1,0,0,0,0,1,0
1,0,0,3,7.784849285714285,5,137426,7.0,8.0,1,272.92857142857144,1,11.0,10,4.2,0,2024,0.02841926727509778,0,0,1,0,0,0,0,1,0
0,0,0,3,3.96222,6,182347,5.8,7.7,2,309.4791666666667,1,11.9,10,0.0,0,2024,0.012355507797346572,0,0,1,0,0,0,0,0,1
0,0,0,3,3.96222,6,182347,5.8,7.7,2,309.4791666666667,1,11.9,10,0.0,0,2024,0.012355507797346572,0,0,1,0,0,0,0,0,1
0,0,0,3,1.3046636904761906,6,182347,5.8,7.7,2,162.07142857142858,1,11.9,10,0.0,0,2024,0.008000565776025698,0,0,1,0,0,0,0,0,1
0,0,0,3,1.3046636904761906,6,182347,5.8,7.7,2,162.07142857142858,1,11.9,10,0.0,0,2024,0.008000565776025698,0,0,1,0,0,0,0,0,1
0,0,0,3,3.96222,6,138907,5.8,7.7,2,309.4791666666667,1,11.9,10,0.0,0,2024,0.012355507797346572,0,0,1,0,0,0,0,0,1
0,0,0,3,3.96222,6,138907,5.8,7.7,2,309.4791666666667,1,11.9,10,0.0,0,2024,0.012355507797346572,0,0,1,0,0,0,0,0,1
0,0,0,3,3.558847023809524,6,138887,5.8,7.7,2,200.7797619047619,1,11.9,10,0.0,0,2024,0.017637284285672145,0,0,1,0,0,0,0,0,1
0,0,0,3,3.558847023809524,6,138887,5.8,7.7,2,200.7797619047619,1,11.9,10,0.0,0,2024,0.017637284285672145,0,0,1,0,0,0,0,0,1
0,0,0,3,4.25278,6,57934,5.8,7.7,2,965.6130952380952,1,11.9,10,0.0,1,2024,0.0043996714103614115,0,0,1,0,0,0,0,0,1
0,0,0,3,4.25278,6,57934,5.8,7.7,2,965.6130952380952,1,11.9,10,0.0,1,2024,0.0043996714103614115,0,0,1,0,0,0,0,0,1
0,0,0,3,3.96222,6,35837,5.8,7.7,2,309.4791666666667,1,11.9,10,0.0,0,2024,0.012355507797346572,0,0,1,0,0,0,0,0,1
0,0,0,3,3.96222,6,35837,5.8,7.7,2,309.4791666666667,1,11.9,10,0.0,0,2024,0.012355507797346572,0,0,1,0,0,0,0,0,1
0,0,0,3,3.96222,6,35837,5.8,7.7,2,309.4791666666667,1,11.9,10,0.0,0,2024,0.012355507797346572,0,0,1,0,0,0,0,0,1
0,0,0,3,13.451182261904762,6,15207,5.8,7.7,2,1184.0238095238096,1,11.9,10,0.0,1,2024,0.01135098059110727,0,0,1,0,0,0,0,0,1
0,0,0,3,13.451182261904762,6,15207,5.8,7.7,2,1184.0238095238096,1,11.9,10,0.0,1,2024,0.01135098059110727,0,0,1,0,0,0,0,0,1
0,0,0,6,3.96222,12,84310,8.6,14.5,2,309.4791666666667,2,20.9,24,0.0,0,2024,0.012355507797346572,1,0,0,0,0,0,0,0,1
0,0,0,6,3.96222,12,84310,8.6,14.5,2,309.4791666666667,2,20.9,24,0.0,0,2024,0.012355507797346572,1,0,0,0,0,0,0,0,1
1,0,0,3,3.96222,5,160526,7.0,8.0,1,309.4791666666667,1,11.0,10,4.2,0,2024,0.012355507797346572,0,0,1,0,0,0,0,1,0
0,0,0,3,3.96222,4,183839,2.5,8.3,0,309.4791666666667,1,12.9,10,0.2,0,2024,0.012355507797346572,0,0,1,1,0,0,0,0,0
0,0,0,3,3.96222,4,183839,2.5,8.3,0,309.4791666666667,1,12.9,10,0.2,0,2024,0.012355507797346572,0,0,1,1,0,0,0,0,0
0,0,0,3,4.25278,4,137426,2.5,8.3,0,261.7440476190476,1,12.9,10,0.2,0,2024,0.01618601844090528,0,0,1,1,0,0,0,0,0
0,0,0,3,4.25278,4,137426,2.5,8.3,0,261.7440476190476,1,12.9,10,0.2,0,2024,0.01618601844090528,0,0,1,1,0,0,0,0,0
0,0,0,3,3.96222,4,231476,2.5,8.3,0,309.4791666666667,1,12.9,10,0.2,0,2024,0.012355507797346572,0,0,1,1,0,0,0,0,0
0,0,0,3,3.96222,4,231476,2.5,8.3,0,309.4791666666667,1,12.9,10,0.2,0,2024,0.012355507797346572,0,0,1,1,0,0,0,0,0
1,0,0,3,3.96222,5,179566,7.0,8.0,1,309.4791666666667,1,11.0,10,4.2,0,2024,0.012355507797346572,0,0,1,0,0,0,0,1,0
1,0,0,3,3.96222,5,179566,7.0,8.0,1,309.4791666666667,1,11.0,10,4.2,0,2024,0.012355507797346572,0,0,1,0,0,0,0,1,0
1,0,0,3,3.4289298809523805,5,179566,7.0,8.0,1,292.4940476190476,1,11.0,10,4.2,0,2024,0.011683132618086681,0,0,1,0,0,0,0,1,0
1,0,0,3,3.4289298809523805,5,179566,7.0,8.0,1,292.4940476190476,1,11.0,10,4.2,0,2024,0.011683132618086681,0,0,1,0,0,0,0,1,0
1,0,0,3,4.617273630952381,5,183839,7.0,8.0,1,193.92261904761904,1,11.0,10,4.2,0,2024,0.02368772620392708,0,0,1,0,0,0,0,1,0
1,0,0,3,4.617273630952381,5,183839,7.0,8.0,1,193.92261904761904,1,11.0,10,4.2,0,2024,0.02368772620392708,0,0,1,0,0,0,0,1,0
0,0,0,3,13.783035714285717,4,137426,2.5,8.3,0,1496.5059523809523,1,12.9,10,0.2,1,2024,0.009203993942308841,0,0,1,1,0,0,0,0,0
1,0,0,3,3.96222,5,35837,7.0,8.0,1,309.4791666666667,1,11.0,10,4.2,0,2024,0.012355507797346572,0,0,1,0,0,0,0,1,0
1,0,0,3,3.96222,5,35837,7.0,8.0,1,309.4791666666667,1,11.0,10,4.2,0,2024,0.012355507797346572,0,0,1,0,0,0,0,1,0
1,0,0,3,3.1052494642857145,5,48784,7.0,8.0,1,726.1607142857143,1,11.0,10,4.2,1,2024,0.004270375727511603,0,0,1,0,0,0,0,1,0
1,0,0,3,3.1052494642857145,5,48784,7.0,8.0,1,726.1607142857143,1,11.0,10,4.2,1,2024,0.004270375727511603,0,0,1,0,0,0,0,1,0
1,0,0,3,3.96222,5,19979,7.0,8.0,1,309.4791666666667,1,11.0,10,4.2,0,2024,0.012355507797346572,0,0,1,0,0,0,0,1,0
1,0,0,3,3.96222,5,19979,7.0,8.0,1,309.4791666666667,1,11.0,10,4.2,0,2024,0.012355507797346572,0,0,1,0,0,0,0,1,0
0,0,0,1,3.96222,23,160526,8.3,10.6,1,309.4791666666667,1,14.5,4,0.4,0,2024,0.012355507797346572,0,1,0,0,0,0,0,1,0
0,0,0,1,3.96222,23,160526,8.3,10.6,1,309.4791666666667,1,14.5,4,0.4,0,2024,0.012355507797346572,0,1,0,0,0,0,0,1,0
0,0,0,1,3.96222,23,179566,8.3,10.6,1,309.4791666666667,1,14.5,4,0.4,0,2024,0.012355507797346572,0,1,0,0,0,0,0,1,0
0,0,0,1,3.96222,23,179566,8.3,10.6,1,309.4791666666667,1,14.5,4,0.4,0,2024,0.012355507797346572,0,1,0,0,0,0,0,1,0
0,0,0,1,3.99,23,183839,8.3,10.6,1,214.3869047619048,1,14.5,4,0.4,0,2024,0.018524803095205194,0,1,0,0,0,0,0,1,0
0,0,0,1,3.99,23,183839,8.3,10.6,1,214.3869047619048,1,14.5,4,0.4,0,2024,0.018524803095205194,0,1,0,0,0,0,0,1,0
0,0,0,1,3.96222,23,160526,8.3,10.6,1,309.4791666666667,1,14.5,4,0.4,0,2024,0.012355507797346572,0,1,0,0,0,0,0,1,0
0,0,0,1,3.96222,23,160526,8.3,10.6,1,309.4791666666667,1,14.5,4,0.4,0,2024,0.012355507797346572,0,1,0,0,0,0,0,1,0
0,0,0,1,3.96222,22,161450,8.1,11.5,0,309.4791666666667,1,14.6,4,0.6,0,2024,0.012355507797346572,0,1,0,1,0,0,0,0,0
0,0,0,1,3.96222,22,161450,8.1,11.5,0,309.4791666666667,1,14.6,4,0.6,0,2024,0.012355507797346572,0,1,0,1,0,0,0,0,0
0,0,0,1,3.96222,23,137426,8.3,10.6,1,309.4791666666667,1,14.5,4,0.4,0,2024,0.012355507797346572,0,1,0,0,0,0,0,1,0
0,0,0,1,3.96222,23,137426,8.3,10.6,1,309.4791666666667,1,14.5,4,0.4,0,2024,0.012355507797346572,0,1,0,0,0,0,0,1,0
0,0,0,1,3.96222,23,137426,8.3,10.6,1,309.4791666666667,1,14.5,4,0.4,0,2024,0.012355507797346572,0,1,0,0,0,0,0,1,0
0,0,0,1,3.96222,23,137426,8.3,10.6,1,309.4791666666667,1,14.5,4,0.4,0,2024,0.012355507797346572,0,1,0,0,0,0,0,1,0
0,0,0,1,3.96222,23,137426,8.3,10.6,1,309.4791666666667,1,14.5,4,0.4,0,2024,0.012355507797346572,0,1,0,0,0,0,0,1,0
0,0,0,1,3.96222,23,35837,8.3,10.6,1,309.4791666666667,1,14.5,4,0.4,0,2024,0.012355507797346572,0,1,0,0,0,0,0,1,0
0,0,0,1,3.96222,23,35837,8.3,10.6,1,309.4791666666667,1,14.5,4,0.4,0,2024,0.012355507797346572,0,1,0,0,0,0,0,1,0
0,0,0,1,3.96222,23,35837,8.3,10.6,1,309.4791666666667,1,14.5,4,0.4,0,2024,0.012355507797346572,0,1,0,0,0,0,0,1,0
0,0,0,4,3.96222,12,231476,10.9,17.8,4,309.4791666666667,2,24.7,15,0.0,0,2024,0.012355507797346572,0,0,1,0,0,0,0,0,0
0,0,0,4,3.96222,12,231476,10.9,17.8,4,309.4791666666667,2,24.7,15,0.0,0,2024,0.012355507797346572,0,0,1,0,0,0,0,0,0
0,0,0,4,18.33333333333333,12,161450,10.9,17.8,4,4337.142857142857,2,24.7,15,0.0,1,2024,0.00422607874776347,0,0,1,0,0,0,0,0,0
0,0,0,4,18.33333333333333,12,161450,10.9,17.8,4,4337.142857142857,2,24.7,15,0.0,1,2024,0.00422607874776347,0,0,1,0,0,0,0,0,0
0,0,0,4,1.0195074404761906,12,138907,10.9,17.8,4,348.48214285714283,2,24.7,15,0.0,1,2024,0.0029171946587638175,0,0,1,0,0,0,0,0,0
0,0,0,4,1.0195074404761906,12,138907,10.9,17.8,4,348.48214285714283,2,24.7,15,0.0,1,2024,0.0029171946587638175,0,0,1,0,0,0,0,0,0
1,0,0,4,3.852780000000001,9,137426,9.1,10.7,1,542.7767857142857,2,14.4,15,2.0,1,2024,0.007085223388010446,0,0,1,0,0,0,0,1,0
1,0,0,4,3.852780000000001,9,137426,9.1,10.7,1,542.7767857142857,2,14.4,15,2.0,1,2024,0.007085223388010446,0,0,1,0,0,0,0,1,0
1,0,0,4,3.852780000000001,9,137426,9.1,10.7,1,542.7767857142857,2,14.4,15,2.0,1,2024,0.007085223388010446,0,0,1,0,0,0,0,1,0
1,1,0,4,3.96222,7,179566,15.4,16.0,6,309.4791666666667,2,19.0,14,5.0,0,2024,0.012355507797346572,0,0,1,0,0,1,0,0,0
1,1,0,4,3.96222,7,179566,15.4,16.0,6,309.4791666666667,2,19.0,14,5.0,0,2024,0.012355507797346572,0,0,1,0,0,1,0,0,0
1,1,0,4,3.96222,7,179566,15.4,16.0,6,309.4791666666667,2,19.0,14,5.0,0,2024,0.012355507797346572,0,0,1,0,0,1,0,0,0
1,1,0,4,3.96222,7,179566,15.4,16.0,6,309.4791666666667,2,19.0,14,5.0,0,2024,0.012355507797346572,0,0,1,0,0,1,0,0,0
1,1,0,4,3.96222,7,179566,15.4,16.0,6,309.4791666666667,2,19.0,14,5.0,0,2024,0.012355507797346572,0,0,1,0,0,1,0,0,0
1,1,0,4,3.96222,7,179566,15.4,16.0,6,309.4791666666667,2,19.0,14,5.0,0,2024,0.012355507797346572,0,0,1,0,0,1,0,0,0
0,0,0,4,3.96222,12,185914,10.9,17.8,4,309.4791666666667,2,24.7,15,0.0,0,2024,0.012355507797346572,0,0,1,0,0,0,0,0,0
0,0,0,4,3.96222,12,185914,10.9,17.8,4,309.4791666666667,2,24.7,15,0.0,0,2024,0.012355507797346572,0,0,1,0,0,0,0,0,0
0,0,0,4,3.96222,12,179566,10.9,17.8,4,309.4791666666667,2,24.7,15,0.0,0,2024,0.012355507797346572,0,0,1,0,0,0,0,0,0
0,0,0,4,3.96222,12,179566,10.9,17.8,4,309.4791666666667,2,24.7,15,0.0,0,2024,0.012355507797346572,0,0,1,0,0,0,0,0,0
0,0,0,4,3.96222,12,179566,10.9,17.8,4,309.4791666666667,2,24.7,15,0.0,0,2024,0.012355507797346572,0,0,1,0,0,0,0,0,0
0,0,0,4,7.687621011904762,12,183839,10.9,17.8,4,449.44642857142856,2,24.7,15,0.0,1,2024,0.017066671027419888,0,0,1,0,0,0,0,0,0
0,0,0,4,7.687621011904762,12,183839,10.9,17.8,4,449.44642857142856,2,24.7,15,0.0,1,2024,0.017066671027419888,0,0,1,0,0,0,0,0,0
0,0,0,4,0.857690119047619,12,161450,10.9,17.8,4,265.1607142857143,2,24.7,15,0.0,0,2024,0.003222451973610645,0,0,1,0,0,0,0,0,0
0,0,0,4,0.857690119047619,12,161450,10.9,17.8,4,265.1607142857143,2,24.7,15,0.0,0,2024,0.003222451973610645,0,0,1,0,0,0,0,0,0
0,0,0,4,0.857690119047619,12,161450,10.9,17.8,4,265.1607142857143,2,24.7,15,0.0,0,2024,0.003222451973610645,0,0,1,0,0,0,0,0,0
0,0,0,4,14.438988095238097,12,231476,10.9,17.8,4,3936.0416666666665,2,24.7,15,0.0,1,2024,0.003667471497060127,0,0,1,0,0,0,0,0,0
0,0,0,4,14.438988095238097,12,231476,10.9,17.8,4,3936.0416666666665,2,24.7,15,0.0,1,2024,0.003667471497060127,0,0,1,0,0,0,0,0,0
0,0,0,4,3.96222,12,231476,10.9,17.8,4,309.4791666666667,2,24.7,15,0.0,0,2024,0.012355507797346572,0,0,1,0,0,0,0,0,0
0,0,0,4,3.96222,12,231476,10.9,17.8,4,309.4791666666667,2,24.7,15,0.0,0,2024,0.012355507797346572,0,0,1,0,0,0,0,0,0
0,0,0,4,3.852780000000001,12,231476,10.9,17.8,4,379.8630952380952,2,24.7,15,0.0,1,2024,0.010115918418379312,0,0,1,0,0,0,0,0,0
0,0,0,4,3.852780000000001,12,231476,10.9,17.8,4,379.8630952380952,2,24.7,15,0.0,1,2024,0.010115918418379312,0,0,1,0,0,0,0,0,0
0,0,0,4,3.96222,12,137426,10.9,17.8,4,309.4791666666667,2,24.7,15,0.0,0,2024,0.012355507797346572,0,0,1,0,0,0,0,0,0
0,0,0,4,3.96222,12,137426,10.9,17.8,4,309.4791666666667,2,24.7,15,0.0,0,2024,0.012355507797346572,0,0,1,0,0,0,0,0,0
0,0,0,4,3.96222,12,137426,10.9,17.8,4,309.4791666666667,2,24.7,15,0.0,0,2024,0.012355507797346572,0,0,1,0,0,0,0,0,0
0,0,0,4,3.96222,12,137426,10.9,17.8,4,309.4791666666667,2,24.7,15,0.0,0,2024,0.012355507797346572,0,0,1,0,0,0,0,0,0
0,0,0,4,3.852780000000001,12,182347,10.9,17.8,4,353.4345238095238,2,24.7,15,0.0,1,2024,0.010870216474934927,0,0,1,0,0,0,0,0,0
0,0,0,4,3.852780000000001,12,182347,10.9,17.8,4,353.4345238095238,2,24.7,15,0.0,1,2024,0.010870216474934927,0,0,1,0,0,0,0,0,0
0,0,0,4,3.96222,12,84310,10.9,17.8,4,309.4791666666667,2,24.7,15,0.0,0,2024,0.012355507797346572,0,0,1,0,0,0,0,0,0
0,0,0,4,3.96222,12,84310,10.9,17.8,4,309.4791666666667,2,24.7,15,0.0,0,2024,0.012355507797346572,0,0,1,0,0,0,0,0,0
0,0,0,4,3.852780000000001,12,57934,10.9,17.8,4,425.5595238095238,2,24.7,15,0.0,1,2024,0.009032221260919317,0,0,1,0,0,0,0,0,0
0,0,0,4,3.852780000000001,12,57934,10.9,17.8,4,425.5595238095238,2,24.7,15,0.0,1,2024,0.009032221260919317,0,0,1,0,0,0,0,0,0
0,0,0,4,3.852780000000001,12,19979,10.9,17.8,4,912.2380952380952,2,24.7,15,0.0,1,2024,0.004218812180623633,0,0,1,0,0,0,0,0,0
1,0,0,5,3.96222,21,161450,13.7,16.4,1,309.4791666666667,2,21.7,21,1.6,0,2024,0.012355507797346572,0,0,1,0,0,0,0,1,0
1,0,0,5,3.96222,21,161450,13.7,16.4,1,309.4791666666667,2,21.7,21,1.6,0,2024,0.012355507797346572,0,0,1,0,0,0,0,1,0
1,0,0,5,3.96222,21,179566,13.7,16.4,1,309.4791666666667,2,21.7,21,1.6,0,2024,0.012355507797346572,0,0,1,0,0,0,0,1,0
1,0,0,5,3.96222,21,179566,13.7,16.4,1,309.4791666666667,2,21.7,21,1.6,0,2024,0.012355507797346572,0,0,1,0,0,0,0,1,0
1,0,0,5,3.96222,21,179566,13.7,16.4,1,309.4791666666667,2,21.7,21,1.6,0,2024,0.012355507797346572,0,0,1,0,0,0,0,1,0
1,0,0,5,3.96222,21,183839,13.7,16.4,1,309.4791666666667,2,21.7,21,1.6,0,2024,0.012355507797346572,0,0,1,0,0,0,0,1,0
1,0,0,5,3.96222,21,183839,13.7,16.4,1,309.4791666666667,2,21.7,21,1.6,0,2024,0.012355507797346572,0,0,1,0,0,0,0,1,0
1,0,0,5,3.96222,21,138907,13.7,16.4,1,309.4791666666667,2,21.7,21,1.6,0,2024,0.012355507797346572,0,0,1,0,0,0,0,1,0
1,0,0,5,3.96222,21,138907,13.7,16.4,1,309.4791666666667,2,21.7,21,1.6,0,2024,0.012355507797346572,0,0,1,0,0,0,0,1,0
1,0,0,5,3.942021845238096,21,179566,13.7,16.4,1,211.36309523809524,2,21.7,21,1.6,0,2024,0.018562650166774115,0,0,1,0,0,0,0,1,0
1,0,0,5,5.670163095238095,21,179566,13.7,16.4,1,406.4880952380952,2,21.7,21,1.6,1,2024,0.013914917175494465,0,0,1,0,0,0,0,1,0
1,0,0,5,18.94017857142857,21,160526,13.7,16.4,1,4485.642857142857,2,21.7,21,1.6,1,2024,0.00422145893366023,0,0,1,0,0,0,0,1,0
1,0,0,5,18.94017857142857,21,160526,13.7,16.4,1,4485.642857142857,2,21.7,21,1.6,1,2024,0.00422145893366023,0,0,1,0,0,0,0,1,0
1,0,0,5,3.96222,21,161450,13.7,16.4,1,309.4791666666667,2,21.7,21,1.6,0,2024,0.012355507797346572,0,0,1,0,0,0,0,1,0
1,0,0,5,3.96222,21,161450,13.7,16.4,1,309.4791666666667,2,21.7,21,1.6,0,2024,0.012355507797346572,0,0,1,0,0,0,0,1,0
1,0,0,5,4.15,21,231476,13.7,16.4,1,394.125,2,21.7,21,1.6,1,2024,0.010503005378044923,0,0,1,0,0,0,0,1,0
1,0,0,5,4.15,21,231476,13.7,16.4,1,394.125,2,21.7,21,1.6,1,2024,0.010503005378044923,0,0,1,0,0,0,0,1,0
1,0,0,5,3.96222,20,137426,11.9,17.0,0,309.4791666666667,2,24.5,21,12.6,0,2024,0.012355507797346572,0,0,1,1,0,0,0,0,0
1,0,0,5,3.96222,20,137426,11.9,17.0,0,309.4791666666667,2,24.5,21,12.6,0,2024,0.012355507797346572,0,0,1,1,0,0,0,0,0
1,0,0,5,3.96222,20,137426,11.9,17.0,0,309.4791666666667,2,24.5,21,12.6,0,2024,0.012355507797346572,0,0,1,1,0,0,0,0,0
1,0,0,5,1.1033107142857144,21,182347,13.7,16.4,1,149.01190476190476,2,21.7,21,1.6,0,2024,0.0073548210459487345,0,0,1,0,0,0,0,1,0
1,0,0,5,1.1033107142857144,21,182347,13.7,16.4,1,149.01190476190476,2,21.7,21,1.6,0,2024,0.0073548210459487345,0,0,1,0,0,0,0,1,0
1,0,0,5,3.96222,21,138907,13.7,16.4,1,309.4791666666667,2,21.7,21,1.6,0,2024,0.012355507797346572,0,0,1,0,0,0,0,1,0
1,0,0,5,3.96222,21,138907,13.7,16.4,1,309.4791666666667,2,21.7,21,1.6,0,2024,0.012355507797346572,0,0,1,0,0,0,0,1,0
1,0,0,5,3.96222,21,138887,13.7,16.4,1,309.4791666666667,2,21.7,21,1.6,0,2024,0.012355507797346572,0,0,1,0,0,0,0,1,0
1,0,0,5,3.96222,21,138887,13.7,16.4,1,309.4791666666667,2,21.7,21,1.6,0,2024,0.012355507797346572,0,0,1,0,0,0,0,1,0
1,0,0,5,11.449991071428572,21,84310,13.7,16.4,1,588.202380952381,2,21.7,21,1.6,1,2024,0.019433035984886753,0,0,1,0,0,0,0,1,0
1,0,0,5,11.449991071428572,21,84310,13.7,16.4,1,588.202380952381,2,21.7,21,1.6,1,2024,0.019433035984886753,0,0,1,0,0,0,0,1,0
1,0,0,5,3.96222,21,57934,13.7,16.4,1,309.4791666666667,2,21.7,21,1.6,0,2024,0.012355507797346572,0,0,1,0,0,0,0,1,0
1,0,0,5,3.96222,21,57934,13.7,16.4,1,309.4791666666667,2,21.7,21,1.6,0,2024,0.012355507797346572,0,0,1,0,0,0,0,1,0
1,0,0,5,3.96222,21,35837,13.7,16.4,1,309.4791666666667,2,21.7,21,1.6,0,2024,0.012355507797346572,0,0,1,0,0,0,0,1,0
1,0,0,5,3.96222,21,35837,13.7,16.4,1,309.4791666666667,2,21.7,21,1.6,0,2024,0.012355507797346572,0,0,1,0,0,0,0,1,0
1,0,0,5,3.96222,21,35837,13.7,16.4,1,309.4791666666667,2,21.7,21,1.6,0,2024,0.012355507797346572,0,0,1,0,0,0,0,1,0
1,0,0,5,3.96222,21,35837,13.7,16.4,1,309.4791666666667,2,21.7,21,1.6,0,2024,0.012355507797346572,0,0,1,0,0,0,0,1,0
1,0,0,5,3.96222,21,35837,13.7,16.4,1,309.4791666666667,2,21.7,21,1.6,0,2024,0.012355507797346572,0,0,1,0,0,0,0,1,0
1,0,0,5,3.96222,21,48784,13.7,16.4,1,309.4791666666667,2,21.7,21,1.6,0,2024,0.012355507797346572,0,0,1,0,0,0,0,1,0
1,0,0,5,3.96222,21,48784,13.7,16.4,1,309.4791666666667,2,21.7,21,1.6,0,2024,0.012355507797346572,0,0,1,0,0,0,0,1,0
1,0,0,5,3.96222,21,48784,13.7,16.4,1,309.4791666666667,2,21.7,21,1.6,0,2024,0.012355507797346572,0,0,1,0,0,0,0,1,0
1,0,0,5,3.96222,21,19979,13.7,16.4,1,309.4791666666667,2,21.7,21,1.6,0,2024,0.012355507797346572,0,0,1,0,0,0,0,1,0
1,0,0,5,3.96222,21,19979,13.7,16.4,1,309.4791666666667,2,21.7,21,1.6,0,2024,0.012355507797346572,0,0,1,0,0,0,0,1,0
1,0,0,7,1.7302092857142857,25,138907,17.9,23.9,3,149.0595238095238,3,29.6,30,3.0,0,2024,0.011530153113843714,1,0,0,0,0,0,1,0,0
1,0,0,7,1.7302092857142857,25,138907,17.9,23.9,3,149.0595238095238,3,29.6,30,3.0,0,2024,0.011530153113843714,1,0,0,0,0,0,1,0,0
1,0,0,7,1.7302092857142857,25,138907,17.9,23.9,3,149.0595238095238,3,29.6,30,3.0,0,2024,0.011530153113843714,1,0,0,0,0,0,1,0,0
1,0,0,7,6.371347202380953,26,231476,18.6,20.4,4,202.5178571428572,3,23.3,30,14.0,0,2024,0.03130608434968266,1,0,0,0,0,0,0,0,0
1,0,0,7,6.371347202380953,26,231476,18.6,20.4,4,202.5178571428572,3,23.3,30,14.0,0,2024,0.03130608434968266,1,0,0,0,0,0,0,0,0
1,0,0,7,6.371347202380953,26,231476,18.6,20.4,4,202.5178571428572,3,23.3,30,14.0,0,2024,0.03130608434968266,1,0,0,0,0,0,0,0,0
1,0,0,7,2.85,25,185914,17.9,23.9,3,218.4821428571429,3,29.6,30,3.0,0,2024,0.01298511105687088,1,0,0,0,0,0,1,0,0
1,0,0,7,3.96222,25,161450,17.9,23.9,3,309.4791666666667,3,29.6,30,3.0,0,2024,0.012355507797346572,1,0,0,0,0,0,1,0,0
1,0,0,7,3.96222,25,161450,17.9,23.9,3,309.4791666666667,3,29.6,30,3.0,0,2024,0.012355507797346572,1,0,0,0,0,0,1,0,0
1,0,0,7,3.96222,26,160526,18.6,20.4,4,309.4791666666667,3,23.3,30,14.0,0,2024,0.012355507797346572,1,0,0,0,0,0,0,0,0
1,0,0,7,3.96222,26,160526,18.6,20.4,4,309.4791666666667,3,23.3,30,14.0,0,2024,0.012355507797346572,1,0,0,0,0,0,0,0,0
1,0,0,7,3.96222,26,160526,18.6,20.4,4,309.4791666666667,3,23.3,30,14.0,0,2024,0.012355507797346572,1,0,0,0,0,0,0,0,0
1,0,0,7,3.96222,26,160526,18.6,20.4,4,309.4791666666667,3,23.3,30,14.0,0,2024,0.012355507797346572,1,0,0,0,0,0,0,0,0
1,0,0,7,3.96222,26,160526,18.6,20.4,4,309.4791666666667,3,23.3,30,14.0,0,2024,0.012355507797346572,1,0,0,0,0,0,0,0,0
1,0,0,7,3.96222,26,160526,18.6,20.4,4,309.4791666666667,3,23.3,30,14.0,0,2024,0.012355507797346572,1,0,0,0,0,0,0,0,0
1,0,0,7,3.96222,26,160526,18.6,20.4,4,309.4791666666667,3,23.3,30,14.0,0,2024,0.012355507797346572,1,0,0,0,0,0,0,0,0
1,0,0,7,3.96222,26,179566,18.6,20.4,4,309.4791666666667,3,23.3,30,14.0,0,2024,0.012355507797346572,1,0,0,0,0,0,0,0,0
1,0,0,7,3.96222,26,179566,18.6,20.4,4,309.4791666666667,3,23.3,30,14.0,0,2024,0.012355507797346572,1,0,0,0,0,0,0,0,0
1,0,0,7,3.96222,26,160526,18.6,20.4,4,309.4791666666667,3,23.3,30,14.0,0,2024,0.012355507797346572,1,0,0,0,0,0,0,0,0
1,0,0,7,3.96222,26,160526,18.6,20.4,4,309.4791666666667,3,23.3,30,14.0,0,2024,0.012355507797346572,1,0,0,0,0,0,0,0,0
1,0,0,7,2.85,25,185914,17.9,23.9,3,218.4821428571429,3,29.6,30,3.0,0,2024,0.01298511105687088,1,0,0,0,0,0,1,0,0
1,0,0,7,2.85,25,185914,17.9,23.9,3,218.4821428571429,3,29.6,30,3.0,0,2024,0.01298511105687088,1,0,0,0,0,0,1,0,0
1,0,0,7,2.85,25,185914,17.9,23.9,3,218.4821428571429,3,29.6,30,3.0,0,2024,0.01298511105687088,1,0,0,0,0,0,1,0,0
0,0,0,7,3.96222,24,182347,14.9,21.3,2,309.4791666666667,3,27.3,30,0.0,0,2024,0.012355507797346572,1,0,0,0,0,0,0,0,1
0,0,0,7,3.96222,24,182347,14.9,21.3,2,309.4791666666667,3,27.3,30,0.0,0,2024,0.012355507797346572,1,0,0,0,0,0,0,0,1
0,0,0,7,3.96222,24,182347,14.9,21.3,2,309.4791666666667,3,27.3,30,0.0,0,2024,0.012355507797346572,1,0,0,0,0,0,0,0,1
1,0,0,7,2.85,26,185914,18.6,20.4,4,218.4821428571429,3,23.3,30,14.0,0,2024,0.01298511105687088,1,0,0,0,0,0,0,0,0
1,0,0,7,2.85,26,185914,18.6,20.4,4,218.4821428571429,3,23.3,30,14.0,0,2024,0.01298511105687088,1,0,0,0,0,0,0,0,0
1,0,0,7,2.85,26,185914,18.6,20.4,4,218.4821428571429,3,23.3,30,14.0,0,2024,0.01298511105687088,1,0,0,0,0,0,0,0,0
1,0,0,7,3.96222,26,84310,18.6,20.4,4,309.4791666666667,3,23.3,30,14.0,0,2024,0.012355507797346572,1,0,0,0,0,0,0,0,0
1,0,0,7,3.96222,26,84310,18.6,20.4,4,309.4791666666667,3,23.3,30,14.0,0,2024,0.012355507797346572,1,0,0,0,0,0,0,0,0
1,0,0,7,3.96222,25,160526,17.9,23.9,3,309.4791666666667,3,29.6,30,3.0,0,2024,0.012355507797346572,1,0,0,0,0,0,1,0,0
1,0,0,7,3.96222,25,160526,17.9,23.9,3,309.4791666666667,3,29.6,30,3.0,0,2024,0.012355507797346572,1,0,0,0,0,0,1,0,0
1,0,0,7,3.96222,25,160526,17.9,23.9,3,309.4791666666667,3,29.6,30,3.0,0,2024,0.012355507797346572,1,0,0,0,0,0,1,0,0
1,0,0,7,4.449998095238096,26,231476,18.6,20.4,4,193.29166666666663,3,23.3,30,14.0,0,2024,0.022903700254281435,1,0,0,0,0,0,0,0,0
1,0,0,7,4.449998095238096,26,231476,18.6,20.4,4,193.29166666666663,3,23.3,30,14.0,0,2024,0.022903700254281435,1,0,0,0,0,0,0,0,0
1,0,0,7,2.85,26,137426,18.6,20.4,4,160.78571428571428,3,23.3,30,14.0,0,2024,0.0176158940397351,1,0,0,0,0,0,0,0,0
1,0,0,7,2.85,26,137426,18.6,20.4,4,160.78571428571428,3,23.3,30,14.0,0,2024,0.0176158940397351,1,0,0,0,0,0,0,0,0
0,0,0,9,0.864577738095238,2,161450,18.6,22.1,0,237.85119047619048,3,26.7,36,0.0,0,2024,0.0036197338450419912,0,0,0,1,0,0,0,0,0
0,0,0,9,0.864577738095238,2,161450,18.6,22.1,0,237.85119047619048,3,26.7,36,0.0,0,2024,0.0036197338450419912,0,0,0,1,0,0,0,0,0
1,0,0,7,3.96222,26,137426,18.6,20.4,4,309.4791666666667,3,23.3,30,14.0,0,2024,0.012355507797346572,1,0,0,0,0,0,0,0,0
1,0,0,7,3.96222,26,137426,18.6,20.4,4,309.4791666666667,3,23.3,30,14.0,0,2024,0.012355507797346572,1,0,0,0,0,0,0,0,0
0,0,0,9,3.96222,2,41158,18.6,22.1,0,309.4791666666667,3,26.7,36,0.0,0,2024,0.012355507797346572,0,0,0,1,0,0,0,0,0
0,0,0,9,3.96222,2,41158,18.6,22.1,0,309.4791666666667,3,26.7,36,0.0,0,2024,0.012355507797346572,0,0,0,1,0,0,0,0,0
0,1,0,9,3.96222,1,55932,17.7,22.9,6,309.4791666666667,3,29.3,35,0.0,0,2024,0.012355507797346572,0,0,0,0,0,1,0,0,0
0,1,0,9,3.96222,1,55932,17.7,22.9,6,309.4791666666667,3,29.3,35,0.0,0,2024,0.012355507797346572,0,0,0,0,0,1,0,0,0
1,0,0,7,9.150136607142858,26,84310,18.6,20.4,4,516.672619047619,3,23.3,30,14.0,1,2024,0.017675527486805648,1,0,0,0,0,0,0,0,0
1,0,0,7,9.150136607142858,26,84310,18.6,20.4,4,516.672619047619,3,23.3,30,14.0,1,2024,0.017675527486805648,1,0,0,0,0,0,0,0,0
0,0,0,9,1.449584880952381,2,179566,18.6,22.1,0,52.52976190476191,3,26.7,36,0.0,0,2024,0.027079979984432335,0,0,0,1,0,0,0,0,0
0,0,0,9,1.449584880952381,2,179566,18.6,22.1,0,52.52976190476191,3,26.7,36,0.0,0,2024,0.027079979984432335,0,0,0,1,0,0,0,0,0
0,0,0,9,3.96222,2,183839,18.6,22.1,0,309.4791666666667,3,26.7,36,0.0,0,2024,0.012355507797346572,0,0,0,1,0,0,0,0,0
0,0,0,9,3.96222,2,183839,18.6,22.1,0,309.4791666666667,3,26.7,36,0.0,0,2024,0.012355507797346572,0,0,0,1,0,0,0,0,0
0,1,0,9,3.96222,1,161450,17.7,22.9,6,309.4791666666667,3,29.3,35,0.0,0,2024,0.012355507797346572,0,0,0,0,0,1,0,0,0
0,1,0,9,3.96222,1,161450,17.7,22.9,6,309.4791666666667,3,29.3,35,0.0,0,2024,0.012355507797346572,0,0,0,0,0,1,0,0,0
0,1,0,9,3.96222,1,161450,17.7,22.9,6,309.4791666666667,3,29.3,35,0.0,0,2024,0.012355507797346572,0,0,0,0,0,1,0,0,0
0,1,0,9,3.96222,1,161450,17.7,22.9,6,309.4791666666667,3,29.3,35,0.0,0,2024,0.012355507797346572,0,0,0,0,0,1,0,0,0
0,0,0,9,18.105059523809523,2,231476,18.6,22.1,0,3426.9761904761904,3,26.7,36,0.0,1,2024,0.005281559298489321,0,0,0,1,0,0,0,0,0
0,0,0,9,18.105059523809523,2,231476,18.6,22.1,0,3426.9761904761904,3,26.7,36,0.0,1,2024,0.005281559298489321,0,0,0,1,0,0,0,0,0
0,1,0,1,7.115398630952381,21,55932,-0.4,5.2,6,161.58928571428572,1,11.9,3,0.2,0,2024,0.043763022881200805,0,1,0,0,0,1,0,0,0
0,1,0,1,7.115398630952381,21,55932,-0.4,5.2,6,161.58928571428572,1,11.9,3,0.2,0,2024,0.043763022881200805,0,1,0,0,0,1,0,0,0
0,0,0,9,0.9595019642857142,2,138907,18.6,22.1,0,265.3392857142857,3,26.7,36,0.0,0,2024,0.0036025551458263487,0,0,0,1,0,0,0,0,0
0,0,0,9,0.9595019642857142,2,138907,18.6,22.1,0,265.3392857142857,3,26.7,36,0.0,0,2024,0.0036025551458263487,0,0,0,1,0,0,0,0,0
0,0,0,1,3.96222,22,161450,8.1,11.5,0,309.4791666666667,1,14.6,4,0.6,0,2024,0.012355507797346572,0,1,0,1,0,0,0,0,0
0,0,0,1,3.96222,22,161450,8.1,11.5,0,309.4791666666667,1,14.6,4,0.6,0,2024,0.012355507797346572,0,1,0,1,0,0,0,0,0
0,0,0,9,3.96222,2,84310,18.6,22.1,0,309.4791666666667,3,26.7,36,0.0,0,2024,0.012355507797346572,0,0,0,1,0,0,0,0,0
0,0,0,9,3.96222,2,84310,18.6,22.1,0,309.4791666666667,3,26.7,36,0.0,0,2024,0.012355507797346572,0,0,0,1,0,0,0,0,0
0,0,0,9,3.96222,2,84310,18.6,22.1,0,309.4791666666667,3,26.7,36,0.0,0,2024,0.012355507797346572,0,0,0,1,0,0,0,0,0
0,0,0,1,3.99,22,231476,8.1,11.5,0,416.4166666666667,1,14.6,4,0.6,1,2024,0.009558794170493112,0,1,0,1,0,0,0,0,0
0,0,0,1,7.758979523809524,22,231476,8.1,11.5,0,277.6428571428572,1,14.6,4,0.6,0,2024,0.02784560710928821,0,1,0,1,0,0,0,0,0
0,0,0,1,7.758979523809524,22,231476,8.1,11.5,0,277.6428571428572,1,14.6,4,0.6,0,2024,0.02784560710928821,0,1,0,1,0,0,0,0,0
0,0,0,1,3.96222,22,138907,8.1,11.5,0,309.4791666666667,1,14.6,4,0.6,0,2024,0.012355507797346572,0,1,0,1,0,0,0,0,0
0,0,0,1,3.96222,22,138907,8.1,11.5,0,309.4791666666667,1,14.6,4,0.6,0,2024,0.012355507797346572,0,1,0,1,0,0,0,0,0
0,0,0,5,3.96222,17,160526,12.0,16.5,4,309.4791666666667,2,21.3,20,0.0,0,2024,0.012355507797346572,0,0,1,0,0,0,0,0,0
0,0,0,5,3.96222,17,160526,12.0,16.5,4,309.4791666666667,2,21.3,20,0.0,0,2024,0.012355507797346572,0,0,1,0,0,0,0,0,0
0,0,0,5,3.96222,17,160526,12.0,16.5,4,309.4791666666667,2,21.3,20,0.0,0,2024,0.012355507797346572,0,0,1,0,0,0,0,0,0
1,0,0,5,14.69017857142857,20,137426,11.9,17.0,0,1563.4940476190477,2,24.5,21,12.6,1,2024,0.009389731200182622,0,0,1,1,0,0,0,0,0
1,0,0,5,3.96222,20,35837,11.9,17.0,0,309.4791666666667,2,24.5,21,12.6,0,2024,0.012355507797346572,0,0,1,1,0,0,0,0,0
1,1,0,10,3.96222,6,182347,10.7,14.0,6,309.4791666666667,4,17.3,40,1.4,0,2024,0.012355507797346572,0,0,0,0,0,1,0,0,0
1,1,0,10,3.96222,6,182347,10.7,14.0,6,309.4791666666667,4,17.3,40,1.4,0,2024,0.012355507797346572,0,0,0,0,0,1,0,0,0
1,1,0,10,3.96222,6,182347,10.7,14.0,6,309.4791666666667,4,17.3,40,1.4,0,2024,0.012355507797346572,0,0,0,0,0,1,0,0,0
1,1,0,10,3.96222,6,185914,10.7,14.0,6,309.4791666666667,4,17.3,40,1.4,0,2024,0.012355507797346572,0,0,0,0,0,1,0,0,0
1,1,0,10,3.96222,6,185914,10.7,14.0,6,309.4791666666667,4,17.3,40,1.4,0,2024,0.012355507797346572,0,0,0,0,0,1,0,0,0
1,1,0,10,3.4031538194444444,6,179566,10.7,14.0,6,304.16666666666663,4,17.3,40,1.4,0,2024,0.011151787502275625,0,0,0,0,0,1,0,0,0
1,1,0,10,3.4031538194444444,6,179566,10.7,14.0,6,304.16666666666663,4,17.3,40,1.4,0,2024,0.011151787502275625,0,0,0,0,0,1,0,0,0
1,1,0,10,3.96222,6,179566,10.7,14.0,6,309.4791666666667,4,17.3,40,1.4,0,2024,0.012355507797346572,0,0,0,0,0,1,0,0,0
1,1,0,10,3.96222,6,179566,10.7,14.0,6,309.4791666666667,4,17.3,40,1.4,0,2024,0.012355507797346572,0,0,0,0,0,1,0,0,0
1,1,0,10,22.714427951388892,6,183839,10.7,14.0,6,557.6215277777778,4,17.3,40,1.4,1,2024,0.04066156927705227,0,0,0,0,0,1,0,0,0
1,1,0,10,22.714427951388892,6,183839,10.7,14.0,6,557.6215277777778,4,17.3,40,1.4,1,2024,0.04066156927705227,0,0,0,0,0,1,0,0,0
1,1,0,10,14.86892361111111,6,183839,10.7,14.0,6,4354.604166666667,4,17.3,40,1.4,1,2024,0.003413745382306001,0,0,0,0,0,1,0,0,0
1,1,0,10,14.86892361111111,6,183839,10.7,14.0,6,4354.604166666667,4,17.3,40,1.4,1,2024,0.003413745382306001,0,0,0,0,0,1,0,0,0
0,1,0,10,1.8585372222222223,5,183839,5.9,12.6,5,463.2673611111111,4,19.8,40,0.2,1,2024,0.004003161492494896,0,0,0,0,1,0,0,0,0
0,1,0,10,1.8585372222222223,5,183839,5.9,12.6,5,463.2673611111111,4,19.8,40,0.2,1,2024,0.004003161492494896,0,0,0,0,1,0,0,0,0
0,1,0,10,1.8585372222222223,5,183839,5.9,12.6,5,463.2673611111111,4,19.8,40,0.2,1,2024,0.004003161492494896,0,0,0,0,1,0,0,0,0
1,1,0,10,3.96222,6,161450,10.7,14.0,6,309.4791666666667,4,17.3,40,1.4,0,2024,0.012355507797346572,0,0,0,0,0,1,0,0,0
1,1,0,10,3.96222,6,161450,10.7,14.0,6,309.4791666666667,4,17.3,40,1.4,0,2024,0.012355507797346572,0,0,0,0,0,1,0,0,0
1,1,0,10,3.96222,6,161450,10.7,14.0,6,309.4791666666667,4,17.3,40,1.4,0,2024,0.012355507797346572,0,0,0,0,0,1,0,0,0
1,1,0,10,3.96222,6,161450,10.7,14.0,6,309.4791666666667,4,17.3,40,1.4,0,2024,0.012355507797346572,0,0,0,0,0,1,0,0,0
0,1,0,10,3.96222,5,161450,5.9,12.6,5,309.4791666666667,4,19.8,40,0.2,0,2024,0.012355507797346572,0,0,0,0,1,0,0,0,0
0,1,0,10,3.96222,5,161450,5.9,12.6,5,309.4791666666667,4,19.8,40,0.2,0,2024,0.012355507797346572,0,0,0,0,1,0,0,0,0
0,1,0,10,3.96222,5,138907,5.9,12.6,5,309.4791666666667,4,19.8,40,0.2,0,2024,0.012355507797346572,0,0,0,0,1,0,0,0,0
1,1,0,10,2.410781006944445,6,138887,10.7,14.0,6,160.68402777777777,4,17.3,40,1.4,0,2024,0.014910446257919043,0,0,0,0,0,1,0,0,0
1,1,0,10,2.410781006944445,6,138887,10.7,14.0,6,160.68402777777777,4,17.3,40,1.4,0,2024,0.014910446257919043,0,0,0,0,0,1,0,0,0
1,1,0,10,4.0575,6,57934,10.7,14.0,6,933.5590277777777,4,17.3,40,1.4,1,2024,0.004341619822182922,0,0,0,0,0,1,0,0,0
1,1,0,10,4.0575,6,57934,10.7,14.0,6,933.5590277777777,4,17.3,40,1.4,1,2024,0.004341619822182922,0,0,0,0,0,1,0,0,0
1,1,0,10,3.96222,6,231476,10.7,14.0,6,309.4791666666667,4,17.3,40,1.4,0,2024,0.012355507797346572,0,0,0,0,0,1,0,0,0
1,1,0,10,3.96222,6,231476,10.7,14.0,6,309.4791666666667,4,17.3,40,1.4,0,2024,0.012355507797346572,0,0,0,0,0,1,0,0,0
0,1,0,10,3.96222,5,19979,5.9,12.6,5,309.4791666666667,4,19.8,40,0.2,0,2024,0.012355507797346572,0,0,0,0,1,0,0,0,0
0,1,0,10,3.96222,5,19979,5.9,12.6,5,309.4791666666667,4,19.8,40,0.2,0,2024,0.012355507797346572,0,0,0,0,1,0,0,0,0
0,1,0,6,23.47113095238096,23,138907,12.4,19.7,6,4507.2797619047615,2,26.6,25,0.0,1,2024,0.005206227694810213,1,0,0,0,0,1,0,0,0
0,1,0,6,23.47113095238096,23,138907,12.4,19.7,6,4507.2797619047615,2,26.6,25,0.0,1,2024,0.005206227694810213,1,0,0,0,0,1,0,0,0
0,1,0,6,23.47113095238096,23,138907,12.4,19.7,6,4507.2797619047615,2,26.6,25,0.0,1,2024,0.005206227694810213,1,0,0,0,0,1,0,0,0
1,1,0,6,6.358635595238096,22,179566,13.9,17.7,5,415.07738095238096,2,23.3,25,4.5,1,2024,0.015282339022331583,1,0,0,0,1,0,0,0,0
0,0,0,6,3.96222,24,41158,14.5,22.8,0,309.4791666666667,2,29.8,26,0.0,0,2024,0.012355507797346572,1,0,0,1,0,0,0,0,0
0,0,0,6,3.96222,24,41158,14.5,22.8,0,309.4791666666667,2,29.8,26,0.0,0,2024,0.012355507797346572,1,0,0,1,0,0,0,0,0
0,1,0,6,7.764753273809524,23,183839,12.4,19.7,6,463.5654761904762,2,26.6,25,0.0,1,2024,0.016714012710289952,1,0,0,0,0,1,0,0,0
0,1,0,6,7.764753273809524,23,183839,12.4,19.7,6,463.5654761904762,2,26.6,25,0.0,1,2024,0.016714012710289952,1,0,0,0,0,1,0,0,0
0,1,0,6,3.96222,23,160526,12.4,19.7,6,309.4791666666667,2,26.6,25,0.0,0,2024,0.012355507797346572,1,0,0,0,0,1,0,0,0
0,1,0,6,3.96222,23,160526,12.4,19.7,6,309.4791666666667,2,26.6,25,0.0,0,2024,0.012355507797346572,1,0,0,0,0,1,0,0,0
0,1,0,6,3.96222,23,160526,12.4,19.7,6,309.4791666666667,2,26.6,25,0.0,0,2024,0.012355507797346572,1,0,0,0,0,1,0,0,0
0,1,0,6,3.96222,23,160526,12.4,19.7,6,309.4791666666667,2,26.6,25,0.0,0,2024,0.012355507797346572,1,0,0,0,0,1,0,0,0
0,1,0,6,3.96222,23,160526,12.4,19.7,6,309.4791666666667,2,26.6,25,0.0,0,2024,0.012355507797346572,1,0,0,0,0,1,0,0,0
0,1,0,6,3.96222,23,160526,12.4,19.7,6,309.4791666666667,2,26.6,25,0.0,0,2024,0.012355507797346572,1,0,0,0,0,1,0,0,0
0,0,0,6,3.96222,24,161450,14.5,22.8,0,309.4791666666667,2,29.8,26,0.0,0,2024,0.012355507797346572,1,0,0,1,0,0,0,0,0
0,0,0,6,3.96222,24,161450,14.5,22.8,0,309.4791666666667,2,29.8,26,0.0,0,2024,0.012355507797346572,1,0,0,1,0,0,0,0,0
0,0,0,6,1.298569642857143,24,161450,14.5,22.8,0,261.4761904761905,2,29.8,26,0.0,0,2024,0.004947380714804064,1,0,0,1,0,0,0,0,0
0,0,0,6,1.298569642857143,24,161450,14.5,22.8,0,261.4761904761905,2,29.8,26,0.0,0,2024,0.004947380714804064,1,0,0,1,0,0,0,0,0
0,0,0,6,3.96222,24,231476,14.5,22.8,0,309.4791666666667,2,29.8,26,0.0,0,2024,0.012355507797346572,1,0,0,1,0,0,0,0,0
0,0,0,6,3.96222,24,231476,14.5,22.8,0,309.4791666666667,2,29.8,26,0.0,0,2024,0.012355507797346572,1,0,0,1,0,0,0,0,0
0,0,0,6,3.96222,24,231476,14.5,22.8,0,309.4791666666667,2,29.8,26,0.0,0,2024,0.012355507797346572,1,0,0,1,0,0,0,0,0
0,0,0,6,16.063086607142857,24,231476,14.5,22.8,0,456.69642857142856,2,29.8,26,0.0,1,2024,0.03509550349186532,1,0,0,1,0,0,0,0,0
0,0,0,6,16.063086607142857,24,231476,14.5,22.8,0,456.69642857142856,2,29.8,26,0.0,1,2024,0.03509550349186532,1,0,0,1,0,0,0,0,0
0,1,0,6,3.96222,23,137426,12.4,19.7,6,309.4791666666667,2,26.6,25,0.0,0,2024,0.012355507797346572,1,0,0,0,0,1,0,0,0
0,1,0,6,3.96222,23,137426,12.4,19.7,6,309.4791666666667,2,26.6,25,0.0,0,2024,0.012355507797346572,1,0,0,0,0,1,0,0,0
0,0,0,6,3.96222,24,57934,14.5,22.8,0,309.4791666666667,2,29.8,26,0.0,0,2024,0.012355507797346572,1,0,0,1,0,0,0,0,0
0,0,0,6,3.96222,24,57934,14.5,22.8,0,309.4791666666667,2,29.8,26,0.0,0,2024,0.012355507797346572,1,0,0,1,0,0,0,0,0
0,0,0,6,3.96222,24,35837,14.5,22.8,0,309.4791666666667,2,29.8,26,0.0,0,2024,0.012355507797346572,1,0,0,1,0,0,0,0,0
0,0,0,6,3.96222,24,35837,14.5,22.8,0,309.4791666666667,2,29.8,26,0.0,0,2024,0.012355507797346572,1,0,0,1,0,0,0,0,0
0,1,0,3,1.648500659722222,3,179566,5.5,7.2,6,58.467013888888886,1,10.6,9,0.0,0,2024,0.027721261787288703,0,0,1,0,0,1,0,0,0
0,1,0,3,1.648500659722222,3,179566,5.5,7.2,6,58.467013888888886,1,10.6,9,0.0,0,2024,0.027721261787288703,0,0,1,0,0,1,0,0,0
0,1,0,3,3.96222,3,185914,5.5,7.2,6,309.4791666666667,1,10.6,9,0.0,0,2024,0.012355507797346572,0,0,1,0,0,1,0,0,0
1,1,0,3,3.96222,2,179566,5.7,6.8,5,309.4791666666667,1,8.9,9,17.3,0,2024,0.012355507797346572,0,0,1,0,1,0,0,0,0
1,1,0,3,3.96222,2,179566,5.7,6.8,5,309.4791666666667,1,8.9,9,17.3,0,2024,0.012355507797346572,0,0,1,0,1,0,0,0,0
1,1,0,3,3.96222,2,179566,5.7,6.8,5,309.4791666666667,1,8.9,9,17.3,0,2024,0.012355507797346572,0,0,1,0,1,0,0,0,0
1,1,0,3,3.96222,2,179566,5.7,6.8,5,309.4791666666667,1,8.9,9,17.3,0,2024,0.012355507797346572,0,0,1,0,1,0,0,0,0
0,0,0,3,4.25278,4,55932,2.5,8.3,0,207.6547619047619,1,12.9,10,0.2,0,2024,0.020381897643635533,0,0,1,1,0,0,0,0,0
0,0,0,3,4.25278,4,55932,2.5,8.3,0,207.6547619047619,1,12.9,10,0.2,0,2024,0.020381897643635533,0,0,1,1,0,0,0,0,0
0,0,0,3,3.558847023809524,4,185914,2.5,8.3,0,200.7797619047619,1,12.9,10,0.2,0,2024,0.017637284285672145,0,0,1,1,0,0,0,0,0
0,0,0,3,3.558847023809524,4,185914,2.5,8.3,0,200.7797619047619,1,12.9,10,0.2,0,2024,0.017637284285672145,0,0,1,1,0,0,0,0,0
0,0,0,3,4.25278,4,179566,2.5,8.3,0,255.25,1,12.9,10,0.2,0,2024,0.01659621463414634,0,0,1,1,0,0,0,0,0
0,0,0,3,4.25278,4,179566,2.5,8.3,0,255.25,1,12.9,10,0.2,0,2024,0.01659621463414634,0,0,1,1,0,0,0,0,0
0,0,0,3,3.96222,4,231476,2.5,8.3,0,309.4791666666667,1,12.9,10,0.2,0,2024,0.012355507797346572,0,0,1,1,0,0,0,0,0
0,0,0,3,3.96222,4,231476,2.5,8.3,0,309.4791666666667,1,12.9,10,0.2,0,2024,0.012355507797346572,0,0,1,1,0,0,0,0,0
0,0,0,3,3.96222,4,231476,2.5,8.3,0,309.4791666666667,1,12.9,10,0.2,0,2024,0.012355507797346572,0,0,1,1,0,0,0,0,0
0,0,0,3,3.96222,4,231476,2.5,8.3,0,309.4791666666667,1,12.9,10,0.2,0,2024,0.012355507797346572,0,0,1,1,0,0,0,0,0
0,0,0,3,3.96222,4,231476,2.5,8.3,0,309.4791666666667,1,12.9,10,0.2,0,2024,0.012355507797346572,0,0,1,1,0,0,0,0,0
0,0,0,3,3.96222,4,182347,2.5,8.3,0,309.4791666666667,1,12.9,10,0.2,0,2024,0.012355507797346572,0,0,1,1,0,0,0,0,0
0,0,0,3,3.96222,4,182347,2.5,8.3,0,309.4791666666667,1,12.9,10,0.2,0,2024,0.012355507797346572,0,0,1,1,0,0,0,0,0
0,1,0,3,3.96222,3,138907,5.5,7.2,6,309.4791666666667,1,10.6,9,0.0,0,2024,0.012355507797346572,0,0,1,0,0,1,0,0,0
0,1,0,3,3.96222,3,138907,5.5,7.2,6,309.4791666666667,1,10.6,9,0.0,0,2024,0.012355507797346572,0,0,1,0,0,1,0,0,0
0,0,0,3,3.96222,4,32386,2.5,8.3,0,309.4791666666667,1,12.9,10,0.2,0,2024,0.012355507797346572,0,0,1,1,0,0,0,0,0
0,0,0,3,3.96222,4,32386,2.5,8.3,0,309.4791666666667,1,12.9,10,0.2,0,2024,0.012355507797346572,0,0,1,1,0,0,0,0,0
0,0,0,3,3.96222,4,32386,2.5,8.3,0,309.4791666666667,1,12.9,10,0.2,0,2024,0.012355507797346572,0,0,1,1,0,0,0,0,0
0,0,0,3,3.96222,4,32386,2.5,8.3,0,309.4791666666667,1,12.9,10,0.2,0,2024,0.012355507797346572,0,0,1,1,0,0,0,0,0
0,0,0,3,3.96222,4,32386,2.5,8.3,0,309.4791666666667,1,12.9,10,0.2,0,2024,0.012355507797346572,0,0,1,1,0,0,0,0,0
0,0,0,1,15.32181357142857,22,15207,8.1,11.5,0,1264.7559523809523,1,14.6,4,0.6,1,2024,0.012104871829840064,0,1,0,1,0,0,0,0,0
0,0,0,1,15.32181357142857,22,15207,8.1,11.5,0,1264.7559523809523,1,14.6,4,0.6,1,2024,0.012104871829840064,0,1,0,1,0,0,0,0,0
0,1,0,1,3.96222,21,27547,-0.4,5.2,6,309.4791666666667,1,11.9,3,0.2,0,2024,0.012355507797346572,0,1,0,0,0,1,0,0,0
0,0,0,4,3.852780000000001,10,137426,6.8,12.9,2,215.125,2,19.0,15,0.0,0,2024,0.017826628108733377,0,0,1,0,0,0,0,0,1
0,0,0,4,3.852780000000001,10,137426,6.8,12.9,2,215.125,2,19.0,15,0.0,0,2024,0.017826628108733377,0,0,1,0,0,0,0,0,1
1,0,0,4,3.96222,9,160526,9.1,10.7,1,309.4791666666667,2,14.4,15,2.0,0,2024,0.012355507797346572,0,0,1,0,0,0,0,1,0
1,0,0,4,3.96222,9,160526,9.1,10.7,1,309.4791666666667,2,14.4,15,2.0,0,2024,0.012355507797346572,0,0,1,0,0,0,0,1,0
1,0,0,4,3.96222,9,160526,9.1,10.7,1,309.4791666666667,2,14.4,15,2.0,0,2024,0.012355507797346572,0,0,1,0,0,0,0,1,0
1,0,0,4,3.96222,9,160526,9.1,10.7,1,309.4791666666667,2,14.4,15,2.0,0,2024,0.012355507797346572,0,0,1,0,0,0,0,1,0
0,0,0,4,2.518913273809524,11,179566,12.3,15.2,3,58.54166666666666,2,20.4,15,0.0,0,2024,0.04230505148455464,0,0,1,0,0,0,1,0,0
0,0,0,4,2.518913273809524,11,179566,12.3,15.2,3,58.54166666666666,2,20.4,15,0.0,0,2024,0.04230505148455464,0,0,1,0,0,0,1,0,0
0,0,0,4,3.96222,10,185914,6.8,12.9,2,309.4791666666667,2,19.0,15,0.0,0,2024,0.012355507797346572,0,0,1,0,0,0,0,0,1
0,0,0,4,3.96222,10,185914,6.8,12.9,2,309.4791666666667,2,19.0,15,0.0,0,2024,0.012355507797346572,0,0,1,0,0,0,0,0,1
0,0,0,4,3.96222,10,185914,6.8,12.9,2,309.4791666666667,2,19.0,15,0.0,0,2024,0.012355507797346572,0,0,1,0,0,0,0,0,1
0,0,0,4,3.96222,10,185914,6.8,12.9,2,309.4791666666667,2,19.0,15,0.0,0,2024,0.012355507797346572,0,0,1,0,0,0,0,0,1
0,0,0,4,3.96222,10,185914,6.8,12.9,2,309.4791666666667,2,19.0,15,0.0,0,2024,0.012355507797346572,0,0,1,0,0,0,0,0,1
0,0,0,4,8.61019636904762,11,179566,12.3,15.2,3,112.9047619047619,2,20.4,15,0.0,0,2024,0.07559118885869566,0,0,1,0,0,0,1,0,0
0,0,0,4,8.61019636904762,11,179566,12.3,15.2,3,112.9047619047619,2,20.4,15,0.0,0,2024,0.07559118885869566,0,0,1,0,0,0,1,0,0
0,0,0,4,8.61019636904762,11,179566,12.3,15.2,3,112.9047619047619,2,20.4,15,0.0,0,2024,0.07559118885869566,0,0,1,0,0,0,1,0,0
0,0,0,4,3.852780000000001,11,179566,12.3,15.2,3,251.6309523809524,2,20.4,15,0.0,0,2024,0.015250625323971539,0,0,1,0,0,0,1,0,0
0,0,0,4,3.852780000000001,11,179566,12.3,15.2,3,251.6309523809524,2,20.4,15,0.0,0,2024,0.015250625323971539,0,0,1,0,0,0,1,0,0
0,0,0,4,3.96222,10,161450,6.8,12.9,2,309.4791666666667,2,19.0,15,0.0,0,2024,0.012355507797346572,0,0,1,0,0,0,0,0,1
0,0,0,4,3.96222,10,161450,6.8,12.9,2,309.4791666666667,2,19.0,15,0.0,0,2024,0.012355507797346572,0,0,1,0,0,0,0,0,1
0,0,0,4,3.96222,11,231476,12.3,15.2,3,309.4791666666667,2,20.4,15,0.0,0,2024,0.012355507797346572,0,0,1,0,0,0,1,0,0
0,0,0,4,3.96222,11,231476,12.3,15.2,3,309.4791666666667,2,20.4,15,0.0,0,2024,0.012355507797346572,0,0,1,0,0,0,1,0,0
0,0,0,4,3.96222,11,182347,12.3,15.2,3,309.4791666666667,2,20.4,15,0.0,0,2024,0.012355507797346572,0,0,1,0,0,0,1,0,0
0,0,0,4,3.96222,11,182347,12.3,15.2,3,309.4791666666667,2,20.4,15,0.0,0,2024,0.012355507797346572,0,0,1,0,0,0,1,0,0
0,0,0,4,1.4548985119047615,10,182347,6.8,12.9,2,266.9702380952381,2,19.0,15,0.0,0,2024,0.005429328727870454,0,0,1,0,0,0,0,0,1
0,0,0,4,1.4548985119047615,10,182347,6.8,12.9,2,266.9702380952381,2,19.0,15,0.0,0,2024,0.005429328727870454,0,0,1,0,0,0,0,0,1
0,0,0,4,3.96222,11,138907,12.3,15.2,3,309.4791666666667,2,20.4,15,0.0,0,2024,0.012355507797346572,0,0,1,0,0,0,1,0,0
0,0,0,4,3.96222,11,138907,12.3,15.2,3,309.4791666666667,2,20.4,15,0.0,0,2024,0.012355507797346572,0,0,1,0,0,0,1,0,0
0,0,0,4,3.96222,11,138887,12.3,15.2,3,309.4791666666667,2,20.4,15,0.0,0,2024,0.012355507797346572,0,0,1,0,0,0,1,0,0
0,0,0,4,3.96222,11,138887,12.3,15.2,3,309.4791666666667,2,20.4,15,0.0,0,2024,0.012355507797346572,0,0,1,0,0,0,1,0,0
0,0,0,4,3.96222,11,84310,12.3,15.2,3,309.4791666666667,2,20.4,15,0.0,0,2024,0.012355507797346572,0,0,1,0,0,0,1,0,0
0,0,0,4,3.96222,11,84310,12.3,15.2,3,309.4791666666667,2,20.4,15,0.0,0,2024,0.012355507797346572,0,0,1,0,0,0,1,0,0
0,0,0,4,3.852780000000001,11,48784,12.3,15.2,3,186.57738095238096,2,20.4,15,0.0,0,2024,0.020539683305302578,0,0,1,0,0,0,1,0,0
0,0,0,4,3.852780000000001,11,48784,12.3,15.2,3,186.57738095238096,2,20.4,15,0.0,0,2024,0.020539683305302578,0,0,1,0,0,0,1,0,0
0,0,0,4,3.96222,11,48784,12.3,15.2,3,309.4791666666667,2,20.4,15,0.0,0,2024,0.012355507797346572,0,0,1,0,0,0,1,0,0
0,0,0,4,3.96222,11,48784,12.3,15.2,3,309.4791666666667,2,20.4,15,0.0,0,2024,0.012355507797346572,0,0,1,0,0,0,1,0,0
0,0,0,4,2.440381547619048,10,48784,6.8,12.9,2,708.0238095238095,2,19.0,15,0.0,1,2024,0.0034418894187178885,0,0,1,0,0,0,0,0,1
0,0,0,4,2.440381547619048,10,48784,6.8,12.9,2,708.0238095238095,2,19.0,15,0.0,1,2024,0.0034418894187178885,0,0,1,0,0,0,0,0,1
0,0,0,4,2.440381547619048,10,48784,6.8,12.9,2,708.0238095238095,2,19.0,15,0.0,1,2024,0.0034418894187178885,0,0,1,0,0,0,0,0,1
1,0,0,4,3.96222,9,48784,9.1,10.7,1,309.4791666666667,2,14.4,15,2.0,0,2024,0.012355507797346572,0,0,1,0,0,0,0,1,0
1,0,0,4,3.96222,9,48784,9.1,10.7,1,309.4791666666667,2,14.4,15,2.0,0,2024,0.012355507797346572,0,0,1,0,0,0,0,1,0
0,0,0,4,10.5849875,10,19979,6.8,12.9,2,190.41666666666663,2,19.0,15,0.0,0,2024,0.05529814976055726,0,0,1,0,0,0,0,0,1
0,0,0,4,10.5849875,10,19979,6.8,12.9,2,190.41666666666663,2,19.0,15,0.0,0,2024,0.05529814976055726,0,0,1,0,0,0,0,0,1
0,0,0,4,3.96222,10,161450,6.8,12.9,2,309.4791666666667,2,19.0,15,0.0,0,2024,0.012355507797346572,0,0,1,0,0,0,0,0,1
0,0,0,4,3.96222,10,161450,6.8,12.9,2,309.4791666666667,2,19.0,15,0.0,0,2024,0.012355507797346572,0,0,1,0,0,0,0,0,1
0,0,0,4,3.96222,10,161450,6.8,12.9,2,309.4791666666667,2,19.0,15,0.0,0,2024,0.012355507797346572,0,0,1,0,0,0,0,0,1
0,1,0,1,3.96222,21,183839,-0.4,5.2,6,309.4791666666667,1,11.9,3,0.2,0,2024,0.012355507797346572,0,1,0,0,0,1,0,0,0
0,1,0,1,3.96222,21,183839,-0.4,5.2,6,309.4791666666667,1,11.9,3,0.2,0,2024,0.012355507797346572,0,1,0,0,0,1,0,0,0
0,1,0,1,3.96222,21,183839,-0.4,5.2,6,309.4791666666667,1,11.9,3,0.2,0,2024,0.012355507797346572,0,1,0,0,0,1,0,0,0
0,1,0,1,3.96222,21,231476,-0.4,5.2,6,309.4791666666667,1,11.9,3,0.2,0,2024,0.012355507797346572,0,1,0,0,0,1,0,0,0
0,1,0,1,3.96222,21,231476,-0.4,5.2,6,309.4791666666667,1,11.9,3,0.2,0,2024,0.012355507797346572,0,1,0,0,0,1,0,0,0
0,1,0,1,3.96222,21,231476,-0.4,5.2,6,309.4791666666667,1,11.9,3,0.2,0,2024,0.012355507797346572,0,1,0,0,0,1,0,0,0
0,1,0,1,1.7070483333333333,20,138907,-2.5,0.2,5,439.7083333333333,1,4.1,3,0.2,1,2024,0.0038734196842204784,0,1,0,0,1,0,0,0,0
0,1,0,1,1.7070483333333333,20,138907,-2.5,0.2,5,439.7083333333333,1,4.1,3,0.2,1,2024,0.0038734196842204784,0,1,0,0,1,0,0,0,0
0,0,0,1,1.7070483333333333,19,138907,-2.2,0.5,4,439.7083333333333,1,6.9,3,0.0,1,2024,0.0038734196842204784,0,1,0,0,0,0,0,0,0
0,0,0,1,1.7070483333333333,19,138907,-2.2,0.5,4,439.7083333333333,1,6.9,3,0.0,1,2024,0.0038734196842204784,0,1,0,0,0,0,0,0,0
0,0,0,1,3.96222,19,160526,-2.2,0.5,4,309.4791666666667,1,6.9,3,0.0,0,2024,0.012355507797346572,0,1,0,0,0,0,0,0,0
0,0,0,1,3.96222,19,160526,-2.2,0.5,4,309.4791666666667,1,6.9,3,0.0,0,2024,0.012355507797346572,0,1,0,0,0,0,0,0,0
0,0,0,1,3.96222,19,160526,-2.2,0.5,4,309.4791666666667,1,6.9,3,0.0,0,2024,0.012355507797346572,0,1,0,0,0,0,0,0,0
0,1,0,1,15.667261904761904,21,160526,-0.4,5.2,6,3954.690476190476,1,11.9,3,0.2,1,2024,0.003960689543093434,0,1,0,0,0,1,0,0,0
0,1,0,1,3.96222,20,160526,-2.5,0.2,5,309.4791666666667,1,4.1,3,0.2,0,2024,0.012355507797346572,0,1,0,0,1,0,0,0,0
0,1,0,1,3.96222,21,231476,-0.4,5.2,6,309.4791666666667,1,11.9,3,0.2,0,2024,0.012355507797346572,0,1,0,0,0,1,0,0,0
0,1,0,1,3.96222,21,231476,-0.4,5.2,6,309.4791666666667,1,11.9,3,0.2,0,2024,0.012355507797346572,0,1,0,0,0,1,0,0,0
0,1,0,1,3.850000000000001,21,138907,-0.4,5.2,6,272.7142857142857,1,11.9,3,0.2,0,2024,0.01406576200417537,0,1,0,0,0,1,0,0,0
0,1,0,1,3.850000000000001,21,138907,-0.4,5.2,6,272.7142857142857,1,11.9,3,0.2,0,2024,0.01406576200417537,0,1,0,0,0,1,0,0,0
0,1,0,1,3.850000000000001,21,138907,-0.4,5.2,6,272.7142857142857,1,11.9,3,0.2,0,2024,0.01406576200417537,0,1,0,0,0,1,0,0,0
0,1,0,1,3.850000000000001,21,138907,-0.4,5.2,6,272.7142857142857,1,11.9,3,0.2,0,2024,0.01406576200417537,0,1,0,0,0,1,0,0,0
0,1,0,1,19.723371011904764,21,84310,-0.4,5.2,6,717.6011904761905,1,11.9,3,0.2,1,2024,0.02744689442948851,0,1,0,0,0,1,0,0,0
0,1,0,1,19.723371011904764,21,84310,-0.4,5.2,6,717.6011904761905,1,11.9,3,0.2,1,2024,0.02744689442948851,0,1,0,0,0,1,0,0,0
0,1,0,1,3.96222,21,84310,-0.4,5.2,6,309.4791666666667,1,11.9,3,0.2,0,2024,0.012355507797346572,0,1,0,0,0,1,0,0,0
0,1,0,1,3.96222,21,84310,-0.4,5.2,6,309.4791666666667,1,11.9,3,0.2,0,2024,0.012355507797346572,0,1,0,0,0,1,0,0,0
0,1,0,1,3.850000000000001,21,161450,-0.4,5.2,6,271.9940476190476,1,11.9,3,0.2,0,2024,0.014102871595839788,0,1,0,0,0,1,0,0,0
0,1,0,1,3.850000000000001,21,15207,-0.4,5.2,6,132.63690476190476,1,11.9,3,0.2,0,2024,0.028809407153356205,0,1,0,0,0,1,0,0,0
0,1,0,1,3.850000000000001,20,27547,-2.5,0.2,5,272.7142857142857,1,4.1,3,0.2,0,2024,0.01406576200417537,0,1,0,0,1,0,0,0,0
0,1,0,1,3.850000000000001,20,27547,-2.5,0.2,5,272.7142857142857,1,4.1,3,0.2,0,2024,0.01406576200417537,0,1,0,0,1,0,0,0,0
0,1,0,9,0.6279167708333333,1,161450,17.7,22.9,6,203.83680555555554,3,29.3,35,0.0,0,2024,0.003065448951570525,0,0,0,0,0,1,0,0,0
0,1,0,9,0.6279167708333333,1,161450,17.7,22.9,6,203.83680555555554,3,29.3,35,0.0,0,2024,0.003065448951570525,0,0,0,0,0,1,0,0,0
0,1,0,9,0.6279167708333333,1,161450,17.7,22.9,6,203.83680555555554,3,29.3,35,0.0,0,2024,0.003065448951570525,0,0,0,0,0,1,0,0,0
0,1,0,9,0.6279167708333333,1,161450,17.7,22.9,6,203.83680555555554,3,29.3,35,0.0,0,2024,0.003065448951570525,0,0,0,0,0,1,0,0,0
0,1,0,5,3.96222,19,137426,14.3,17.4,6,309.4791666666667,2,24.1,20,0.6,0,2024,0.012355507797346572,0,0,1,0,0,1,0,0,0
0,1,0,5,3.96222,19,137426,14.3,17.4,6,309.4791666666667,2,24.1,20,0.6,0,2024,0.012355507797346572,0,0,1,0,0,1,0,0,0
0,1,0,9,14.991493055555555,1,160526,17.7,22.9,6,3799.197916666667,3,29.3,35,0.0,1,2024,0.003944924286655391,0,0,0,0,0,1,0,0,0
0,1,0,9,14.991493055555555,1,160526,17.7,22.9,6,3799.197916666667,3,29.3,35,0.0,1,2024,0.003944924286655391,0,0,0,0,0,1,0,0,0
0,1,0,5,3.96222,19,179566,14.3,17.4,6,309.4791666666667,2,24.1,20,0.6,0,2024,0.012355507797346572,0,0,1,0,0,1,0,0,0
0,1,0,5,3.96222,19,179566,14.3,17.4,6,309.4791666666667,2,24.1,20,0.6,0,2024,0.012355507797346572,0,0,1,0,0,1,0,0,0
0,1,0,5,1.0954672619047618,18,182347,11.8,17.1,5,142.85119047619048,2,24.1,20,0.0,0,2024,0.007615281168535605,0,0,1,0,1,0,0,0,0
0,1,0,5,1.0954672619047618,18,182347,11.8,17.1,5,142.85119047619048,2,24.1,20,0.0,0,2024,0.007615281168535605,0,0,1,0,1,0,0,0,0
1,0,0,8,3.96222,30,183839,16.4,17.6,4,309.4791666666667,3,19.1,35,10.1,0,2024,0.012355507797346572,1,0,0,0,0,0,0,0,0
1,0,0,8,3.96222,30,183839,16.4,17.6,4,309.4791666666667,3,19.1,35,10.1,0,2024,0.012355507797346572,1,0,0,0,0,0,0,0,0
1,0,0,8,3.96222,30,183839,16.4,17.6,4,309.4791666666667,3,19.1,35,10.1,0,2024,0.012355507797346572,1,0,0,0,0,0,0,0,0
1,0,0,8,3.96222,30,183839,16.4,17.6,4,309.4791666666667,3,19.1,35,10.1,0,2024,0.012355507797346572,1,0,0,0,0,0,0,0,0
1,0,0,8,3.96222,30,183839,16.4,17.6,4,309.4791666666667,3,19.1,35,10.1,0,2024,0.012355507797346572,1,0,0,0,0,0,0,0,0
0,1,0,5,3.96222,19,84310,14.3,17.4,6,309.4791666666667,2,24.1,20,0.6,0,2024,0.012355507797346572,0,0,1,0,0,1,0,0,0
0,1,0,5,3.96222,19,84310,14.3,17.4,6,309.4791666666667,2,24.1,20,0.6,0,2024,0.012355507797346572,0,0,1,0,0,1,0,0,0
0,1,0,5,4.04056,18,231476,11.8,17.1,5,376.4940476190476,2,24.1,20,0.0,1,2024,0.01070363897254766,0,0,1,0,1,0,0,0,0
0,1,0,5,4.04056,18,231476,11.8,17.1,5,376.4940476190476,2,24.1,20,0.0,1,2024,0.01070363897254766,0,0,1,0,1,0,0,0,0
0,1,0,5,4.04056,18,231476,11.8,17.1,5,376.4940476190476,2,24.1,20,0.0,1,2024,0.01070363897254766,0,0,1,0,1,0,0,0,0
0,1,0,9,3.96222,1,183839,17.7,22.9,6,309.4791666666667,3,29.3,35,0.0,0,2024,0.012355507797346572,0,0,0,0,0,1,0,0,0
0,1,0,9,3.96222,1,183839,17.7,22.9,6,309.4791666666667,3,29.3,35,0.0,0,2024,0.012355507797346572,0,0,0,0,0,1,0,0,0
0,1,0,9,3.96222,1,183839,17.7,22.9,6,309.4791666666667,3,29.3,35,0.0,0,2024,0.012355507797346572,0,0,0,0,0,1,0,0,0
0,1,0,5,3.96222,19,160526,14.3,17.4,6,309.4791666666667,2,24.1,20,0.6,0,2024,0.012355507797346572,0,0,1,0,0,1,0,0,0
0,1,0,5,3.96222,19,160526,14.3,17.4,6,309.4791666666667,2,24.1,20,0.6,0,2024,0.012355507797346572,0,0,1,0,0,1,0,0,0
0,1,0,9,3.96222,1,160526,17.7,22.9,6,309.4791666666667,3,29.3,35,0.0,0,2024,0.012355507797346572,0,0,0,0,0,1,0,0,0
0,1,0,9,3.96222,1,160526,17.7,22.9,6,309.4791666666667,3,29.3,35,0.0,0,2024,0.012355507797346572,0,0,0,0,0,1,0,0,0
0,1,0,9,3.96222,1,160526,17.7,22.9,6,309.4791666666667,3,29.3,35,0.0,0,2024,0.012355507797346572,0,0,0,0,0,1,0,0,0
0,1,0,9,3.96222,1,160526,17.7,22.9,6,309.4791666666667,3,29.3,35,0.0,0,2024,0.012355507797346572,0,0,0,0,0,1,0,0,0
0,1,0,5,3.96222,18,161450,11.8,17.1,5,309.4791666666667,2,24.1,20,0.0,0,2024,0.012355507797346572,0,0,1,0,1,0,0,0,0
0,1,0,5,3.96222,18,161450,11.8,17.1,5,309.4791666666667,2,24.1,20,0.0,0,2024,0.012355507797346572,0,0,1,0,1,0,0,0,0
0,1,0,5,3.96222,18,161450,11.8,17.1,5,309.4791666666667,2,24.1,20,0.0,0,2024,0.012355507797346572,0,0,1,0,1,0,0,0,0
0,1,0,5,3.96222,18,161450,11.8,17.1,5,309.4791666666667,2,24.1,20,0.0,0,2024,0.012355507797346572,0,0,1,0,1,0,0,0,0
0,1,0,9,0.6462045833333333,1,137426,17.7,22.9,6,266.2083333333333,3,29.3,35,0.0,0,2024,0.0024183549041010446,0,0,0,0,0,1,0,0,0
0,1,0,9,0.6462045833333333,1,137426,17.7,22.9,6,266.2083333333333,3,29.3,35,0.0,0,2024,0.0024183549041010446,0,0,0,0,0,1,0,0,0
0,1,0,5,4.04056,19,231476,14.3,17.4,6,223.8095238095238,2,24.1,20,0.6,0,2024,0.01797325990256302,0,0,1,0,0,1,0,0,0
0,1,0,5,4.04056,19,231476,14.3,17.4,6,223.8095238095238,2,24.1,20,0.6,0,2024,0.01797325990256302,0,0,1,0,0,1,0,0,0
1,1,0,8,3.96222,31,137426,15.3,19.9,5,309.4791666666667,3,25.4,35,2.4,0,2024,0.012355507797346572,1,0,0,0,1,0,0,0,0
1,1,0,8,3.96222,31,137426,15.3,19.9,5,309.4791666666667,3,25.4,35,2.4,0,2024,0.012355507797346572,1,0,0,0,1,0,0,0,0
0,1,0,5,3.96222,19,182347,14.3,17.4,6,309.4791666666667,2,24.1,20,0.6,0,2024,0.012355507797346572,0,0,1,0,0,1,0,0,0
0,1,0,5,3.96222,19,182347,14.3,17.4,6,309.4791666666667,2,24.1,20,0.6,0,2024,0.012355507797346572,0,0,1,0,0,1,0,0,0
0,1,0,5,3.96222,19,182347,14.3,17.4,6,309.4791666666667,2,24.1,20,0.6,0,2024,0.012355507797346572,0,0,1,0,0,1,0,0,0
0,1,0,5,3.96222,19,182347,14.3,17.4,6,309.4791666666667,2,24.1,20,0.6,0,2024,0.012355507797346572,0,0,1,0,0,1,0,0,0
0,1,0,5,3.96222,19,182347,14.3,17.4,6,309.4791666666667,2,24.1,20,0.6,0,2024,0.012355507797346572,0,0,1,0,0,1,0,0,0
0,1,0,5,3.96222,19,84310,14.3,17.4,6,309.4791666666667,2,24.1,20,0.6,0,2024,0.012355507797346572,0,0,1,0,0,1,0,0,0
0,1,0,5,3.96222,19,84310,14.3,17.4,6,309.4791666666667,2,24.1,20,0.6,0,2024,0.012355507797346572,0,0,1,0,0,1,0,0,0
0,1,0,9,3.96222,1,138907,17.7,22.9,6,309.4791666666667,3,29.3,35,0.0,0,2024,0.012355507797346572,0,0,0,0,0,1,0,0,0
0,1,0,9,3.96222,1,138907,17.7,22.9,6,309.4791666666667,3,29.3,35,0.0,0,2024,0.012355507797346572,0,0,0,0,0,1,0,0,0
0,1,0,5,3.96222,19,19979,14.3,17.4,6,309.4791666666667,2,24.1,20,0.6,0,2024,0.012355507797346572,0,0,1,0,0,1,0,0,0
0,1,0,5,3.96222,19,19979,14.3,17.4,6,309.4791666666667,2,24.1,20,0.6,0,2024,0.012355507797346572,0,0,1,0,0,1,0,0,0
1,1,0,8,3.9741081944444447,31,138907,15.3,19.9,5,1707.0625,3,25.4,35,2.4,1,2024,0.0023266760990563544,1,0,0,0,1,0,0,0,0
1,1,0,8,3.9741081944444447,31,138907,15.3,19.9,5,1707.0625,3,25.4,35,2.4,1,2024,0.0023266760990563544,1,0,0,0,1,0,0,0,0
0,1,0,5,3.96222,18,27547,11.8,17.1,5,309.4791666666667,2,24.1,20,0.0,0,2024,0.012355507797346572,0,0,1,0,1,0,0,0,0
0,1,0,5,3.96222,18,27547,11.8,17.1,5,309.4791666666667,2,24.1,20,0.0,0,2024,0.012355507797346572,0,0,1,0,1,0,0,0,0
0,1,0,9,3.96222,1,138887,17.7,22.9,6,309.4791666666667,3,29.3,35,0.0,0,2024,0.012355507797346572,0,0,0,0,0,1,0,0,0
0,1,0,9,3.96222,1,138887,17.7,22.9,6,309.4791666666667,3,29.3,35,0.0,0,2024,0.012355507797346572,0,0,0,0,0,1,0,0,0
1,1,0,8,3.96222,31,35837,15.3,19.9,5,309.4791666666667,3,25.4,35,2.4,0,2024,0.012355507797346572,1,0,0,0,1,0,0,0,0
1,1,0,8,3.96222,31,35837,15.3,19.9,5,309.4791666666667,3,25.4,35,2.4,0,2024,0.012355507797346572,1,0,0,0,1,0,0,0,0
0,1,0,9,7.507372013888889,1,19979,17.7,22.9,6,351.1423611111111,3,29.3,35,0.0,1,2024,0.02131913919757043,0,0,0,0,0,1,0,0,0
0,1,0,9,7.507372013888889,1,19979,17.7,22.9,6,351.1423611111111,3,29.3,35,0.0,1,2024,0.02131913919757043,0,0,0,0,0,1,0,0,0
0,1,0,9,7.507372013888889,1,19979,17.7,22.9,6,351.1423611111111,3,29.3,35,0.0,1,2024,0.02131913919757043,0,0,0,0,0,1,0,0,0
1,0,0,7,0.8273360714285714,25,185914,17.9,23.9,3,50.35119047619048,3,29.6,30,3.0,0,2024,0.01611133186507476,1,0,0,0,0,0,1,0,0
1,0,0,7,0.8273360714285714,25,185914,17.9,23.9,3,50.35119047619048,3,29.6,30,3.0,0,2024,0.01611133186507476,1,0,0,0,0,0,1,0,0
1,0,0,7,1.2382852380952385,25,138907,17.9,23.9,3,235.52380952380952,3,29.6,30,3.0,0,2024,0.005235351318703445,1,0,0,0,0,0,1,0,0
1,0,0,7,1.2382852380952385,25,138907,17.9,23.9,3,235.52380952380952,3,29.6,30,3.0,0,2024,0.005235351318703445,1,0,0,0,0,0,1,0,0
1,0,0,7,3.96222,25,179566,17.9,23.9,3,309.4791666666667,3,29.6,30,3.0,0,2024,0.012355507797346572,1,0,0,0,0,0,1,0,0
1,0,0,7,3.96222,25,179566,17.9,23.9,3,309.4791666666667,3,29.6,30,3.0,0,2024,0.012355507797346572,1,0,0,0,0,0,1,0,0
0,0,0,7,2.85,24,179566,14.9,21.3,2,247.27380952380952,3,27.3,30,0.0,0,2024,0.011479261567969313,1,0,0,0,0,0,0,0,1
0,0,0,7,2.85,24,179566,14.9,21.3,2,247.27380952380952,3,27.3,30,0.0,0,2024,0.011479261567969313,1,0,0,0,0,0,0,0,1
0,0,0,7,12.525,24,138907,14.9,21.3,2,3834.130952380952,3,27.3,30,0.0,1,2024,0.0032658597986658434,1,0,0,0,0,0,0,0,1
0,0,0,7,12.525,24,138907,14.9,21.3,2,3834.130952380952,3,27.3,30,0.0,1,2024,0.0032658597986658434,1,0,0,0,0,0,0,0,1
0,0,0,7,12.525,24,138907,14.9,21.3,2,3834.130952380952,3,27.3,30,0.0,1,2024,0.0032658597986658434,1,0,0,0,0,0,0,0,1
0,1,0,1,3.96222,21,138907,-0.4,5.2,6,309.4791666666667,1,11.9,3,0.2,0,2024,0.012355507797346572,0,1,0,0,0,1,0,0,0
0,1,0,1,3.96222,21,138907,-0.4,5.2,6,309.4791666666667,1,11.9,3,0.2,0,2024,0.012355507797346572,0,1,0,0,0,1,0,0,0
0,1,0,1,3.96222,21,138907,-0.4,5.2,6,309.4791666666667,1,11.9,3,0.2,0,2024,0.012355507797346572,0,1,0,0,0,1,0,0,0
0,1,0,1,3.96222,21,138907,-0.4,5.2,6,309.4791666666667,1,11.9,3,0.2,0,2024,0.012355507797346572,0,1,0,0,0,1,0,0,0
1,0,0,7,3.96222,25,179566,17.9,23.9,3,309.4791666666667,3,29.6,30,3.0,0,2024,0.012355507797346572,1,0,0,0,0,0,1,0,0
1,0,0,7,3.96222,25,179566,17.9,23.9,3,309.4791666666667,3,29.6,30,3.0,0,2024,0.012355507797346572,1,0,0,0,0,0,1,0,0
0,0,0,7,6.7708877380952375,24,182347,14.9,21.3,2,402.7857142857143,3,27.3,30,0.0,1,2024,0.016768517306444953,1,0,0,0,0,0,0,0,1
0,0,0,7,6.7708877380952375,24,182347,14.9,21.3,2,402.7857142857143,3,27.3,30,0.0,1,2024,0.016768517306444953,1,0,0,0,0,0,0,0,1
1,0,0,7,9.150136607142858,25,84310,17.9,23.9,3,516.672619047619,3,29.6,30,3.0,1,2024,0.017675527486805648,1,0,0,0,0,0,1,0,0
1,0,0,7,9.150136607142858,25,84310,17.9,23.9,3,516.672619047619,3,29.6,30,3.0,1,2024,0.017675527486805648,1,0,0,0,0,0,1,0,0
0,0,0,7,2.85,24,48784,14.9,21.3,2,78.88095238095238,3,27.3,30,0.0,0,2024,0.03567809239940388,1,0,0,0,0,0,0,0,1
0,0,0,7,2.85,24,48784,14.9,21.3,2,78.88095238095238,3,27.3,30,0.0,0,2024,0.03567809239940388,1,0,0,0,0,0,0,0,1
0,0,0,7,3.96222,24,182347,14.9,21.3,2,309.4791666666667,3,27.3,30,0.0,0,2024,0.012355507797346572,1,0,0,0,0,0,0,0,1
0,0,0,7,3.96222,24,182347,14.9,21.3,2,309.4791666666667,3,27.3,30,0.0,0,2024,0.012355507797346572,1,0,0,0,0,0,0,0,1
0,0,0,7,3.96222,24,182347,14.9,21.3,2,309.4791666666667,3,27.3,30,0.0,0,2024,0.012355507797346572,1,0,0,0,0,0,0,0,1
1,1,0,8,0.7815541666666667,31,185914,15.3,19.9,5,45.6875,3,25.4,35,2.4,0,2024,0.016740116019634092,1,0,0,0,1,0,0,0,0
1,1,0,8,0.7815541666666667,31,185914,15.3,19.9,5,45.6875,3,25.4,35,2.4,0,2024,0.016740116019634092,1,0,0,0,1,0,0,0,0
1,1,0,8,0.7815541666666667,31,185914,15.3,19.9,5,45.6875,3,25.4,35,2.4,0,2024,0.016740116019634092,1,0,0,0,1,0,0,0,0
1,1,0,8,0.7815541666666667,31,185914,15.3,19.9,5,45.6875,3,25.4,35,2.4,0,2024,0.016740116019634092,1,0,0,0,1,0,0,0,0
1,1,0,8,0.7815541666666667,31,185914,15.3,19.9,5,45.6875,3,25.4,35,2.4,0,2024,0.016740116019634092,1,0,0,0,1,0,0,0,0
0,0,0,7,0.8431623214285715,22,182347,15.7,20.9,0,117.5654761904762,3,27.0,30,0.8,0,2024,0.0071113645263316426,1,0,0,1,0,0,0,0,0
0,0,0,7,0.8431623214285715,22,182347,15.7,20.9,0,117.5654761904762,3,27.0,30,0.8,0,2024,0.0071113645263316426,1,0,0,1,0,0,0,0,0
1,1,0,8,4.693020625,31,179566,15.3,19.9,5,375.80555555555554,3,25.4,35,2.4,1,2024,0.012454754330998895,1,0,0,0,1,0,0,0,0
1,1,0,8,4.693020625,31,179566,15.3,19.9,5,375.80555555555554,3,25.4,35,2.4,1,2024,0.012454754330998895,1,0,0,0,1,0,0,0,0
0,0,0,7,13.422916666666667,24,161450,14.9,21.3,2,3675.7738095238096,3,27.3,30,0.0,1,2024,0.0036507322348461545,1,0,0,0,0,0,0,0,1
0,0,0,7,13.422916666666667,24,161450,14.9,21.3,2,3675.7738095238096,3,27.3,30,0.0,1,2024,0.0036507322348461545,1,0,0,0,0,0,0,0,1
0,0,0,7,3.96222,23,185914,19.2,20.3,1,309.4791666666667,3,25.1,30,0.8,0,2024,0.012355507797346572,1,0,0,0,0,0,0,1,0
0,0,0,7,3.96222,23,185914,19.2,20.3,1,309.4791666666667,3,25.1,30,0.8,0,2024,0.012355507797346572,1,0,0,0,0,0,0,1,0
1,1,0,8,3.96222,31,183839,15.3,19.9,5,309.4791666666667,3,25.4,35,2.4,0,2024,0.012355507797346572,1,0,0,0,1,0,0,0,0
1,1,0,8,3.96222,31,183839,15.3,19.9,5,309.4791666666667,3,25.4,35,2.4,0,2024,0.012355507797346572,1,0,0,0,1,0,0,0,0
0,0,0,7,3.96222,24,41158,14.9,21.3,2,309.4791666666667,3,27.3,30,0.0,0,2024,0.012355507797346572,1,0,0,0,0,0,0,0,1
1,1,0,8,3.96222,31,160526,15.3,19.9,5,309.4791666666667,3,25.4,35,2.4,0,2024,0.012355507797346572,1,0,0,0,1,0,0,0,0
1,1,0,8,3.96222,31,160526,15.3,19.9,5,309.4791666666667,3,25.4,35,2.4,0,2024,0.012355507797346572,1,0,0,0,1,0,0,0,0
0,0,0,7,4.449998095238096,24,41158,14.9,21.3,2,193.29166666666663,3,27.3,30,0.0,0,2024,0.022903700254281435,1,0,0,0,0,0,0,0,1
0,0,0,7,4.449998095238096,24,41158,14.9,21.3,2,193.29166666666663,3,27.3,30,0.0,0,2024,0.022903700254281435,1,0,0,0,0,0,0,0,1
1,1,0,8,3.96222,31,160526,15.3,19.9,5,309.4791666666667,3,25.4,35,2.4,0,2024,0.012355507797346572,1,0,0,0,1,0,0,0,0
1,1,0,8,3.96222,31,160526,15.3,19.9,5,309.4791666666667,3,25.4,35,2.4,0,2024,0.012355507797346572,1,0,0,0,1,0,0,0,0
0,0,0,7,13.422916666666667,24,161450,14.9,21.3,2,3675.7738095238096,3,27.3,30,0.0,1,2024,0.0036507322348461545,1,0,0,0,0,0,0,0,1
0,0,0,7,13.422916666666667,24,161450,14.9,21.3,2,3675.7738095238096,3,27.3,30,0.0,1,2024,0.0036507322348461545,1,0,0,0,0,0,0,0,1
1,1,0,8,3.96222,31,182347,15.3,19.9,5,309.4791666666667,3,25.4,35,2.4,0,2024,0.012355507797346572,1,0,0,0,1,0,0,0,0
1,1,0,8,3.96222,31,182347,15.3,19.9,5,309.4791666666667,3,25.4,35,2.4,0,2024,0.012355507797346572,1,0,0,0,1,0,0,0,0
0,0,0,7,3.96222,24,161450,14.9,21.3,2,309.4791666666667,3,27.3,30,0.0,0,2024,0.012355507797346572,1,0,0,0,0,0,0,0,1
0,0,0,7,3.96222,24,161450,14.9,21.3,2,309.4791666666667,3,27.3,30,0.0,0,2024,0.012355507797346572,1,0,0,0,0,0,0,0,1
1,1,0,8,3.96222,31,138907,15.3,19.9,5,309.4791666666667,3,25.4,35,2.4,0,2024,0.012355507797346572,1,0,0,0,1,0,0,0,0
1,1,0,8,3.96222,31,138907,15.3,19.9,5,309.4791666666667,3,25.4,35,2.4,0,2024,0.012355507797346572,1,0,0,0,1,0,0,0,0
0,0,0,7,6.371347202380953,24,231476,14.9,21.3,2,202.5178571428572,3,27.3,30,0.0,0,2024,0.03130608434968266,1,0,0,0,0,0,0,0,1
0,0,0,7,6.371347202380953,24,231476,14.9,21.3,2,202.5178571428572,3,27.3,30,0.0,0,2024,0.03130608434968266,1,0,0,0,0,0,0,0,1
1,1,0,8,3.96222,31,138887,15.3,19.9,5,309.4791666666667,3,25.4,35,2.4,0,2024,0.012355507797346572,1,0,0,0,1,0,0,0,0
1,1,0,8,3.96222,31,138887,15.3,19.9,5,309.4791666666667,3,25.4,35,2.4,0,2024,0.012355507797346572,1,0,0,0,1,0,0,0,0
0,0,0,7,3.96222,23,231476,19.2,20.3,1,309.4791666666667,3,25.1,30,0.8,0,2024,0.012355507797346572,1,0,0,0,0,0,0,1,0
0,0,0,7,3.96222,23,231476,19.2,20.3,1,309.4791666666667,3,25.1,30,0.8,0,2024,0.012355507797346572,1,0,0,0,0,0,0,1,0
0,0,0,7,3.96222,23,231476,19.2,20.3,1,309.4791666666667,3,25.1,30,0.8,0,2024,0.012355507797346572,1,0,0,0,0,0,0,1,0
1,0,0,8,3.96222,30,19979,16.4,17.6,4,309.4791666666667,3,19.1,35,10.1,0,2024,0.012355507797346572,1,0,0,0,0,0,0,0,0
1,0,0,8,3.96222,30,19979,16.4,17.6,4,309.4791666666667,3,19.1,35,10.1,0,2024,0.012355507797346572,1,0,0,0,0,0,0,0,0
0,0,0,7,3.96222,23,137426,19.2,20.3,1,309.4791666666667,3,25.1,30,0.8,0,2024,0.012355507797346572,1,0,0,0,0,0,0,1,0
0,0,0,7,3.96222,23,137426,19.2,20.3,1,309.4791666666667,3,25.1,30,0.8,0,2024,0.012355507797346572,1,0,0,0,0,0,0,1,0
0,0,0,7,2.1166380357142858,24,138887,14.9,21.3,2,142.73214285714286,3,27.3,30,0.0,0,2024,0.014726267859361411,1,0,0,0,0,0,0,0,1
0,0,0,7,2.1166380357142858,24,138887,14.9,21.3,2,142.73214285714286,3,27.3,30,0.0,0,2024,0.014726267859361411,1,0,0,0,0,0,0,0,1
0,0,0,7,3.96222,24,138887,14.9,21.3,2,309.4791666666667,3,27.3,30,0.0,0,2024,0.012355507797346572,1,0,0,0,0,0,0,0,1
0,0,0,7,3.96222,24,138887,14.9,21.3,2,309.4791666666667,3,27.3,30,0.0,0,2024,0.012355507797346572,1,0,0,0,0,0,0,0,1
0,0,0,7,3.96222,24,138887,14.9,21.3,2,309.4791666666667,3,27.3,30,0.0,0,2024,0.012355507797346572,1,0,0,0,0,0,0,0,1
0,0,0,7,2.347924345238096,23,84310,19.2,20.3,1,463.8511904761905,3,25.1,30,0.8,1,2024,0.005050916063768488,1,0,0,0,0,0,0,1,0
0,0,0,7,2.347924345238096,23,84310,19.2,20.3,1,463.8511904761905,3,25.1,30,0.8,1,2024,0.005050916063768488,1,0,0,0,0,0,0,1,0
0,0,0,7,2.347924345238096,23,84310,19.2,20.3,1,463.8511904761905,3,25.1,30,0.8,1,2024,0.005050916063768488,1,0,0,0,0,0,0,1,0
0,0,0,7,2.85,24,57934,14.9,21.3,2,484.5238095238095,3,27.3,30,0.0,1,2024,0.00586994899960769,1,0,0,0,0,0,0,0,1
0,0,0,7,2.85,24,57934,14.9,21.3,2,484.5238095238095,3,27.3,30,0.0,1,2024,0.00586994899960769,1,0,0,0,0,0,0,0,1
0,1,0,10,3.96222,5,182347,5.9,12.6,5,309.4791666666667,4,19.8,40,0.2,0,2024,0.012355507797346572,0,0,0,0,1,0,0,0,0
0,1,0,10,3.96222,5,182347,5.9,12.6,5,309.4791666666667,4,19.8,40,0.2,0,2024,0.012355507797346572,0,0,0,0,1,0,0,0,0
0,1,0,10,3.4031538194444444,5,179566,5.9,12.6,5,304.16666666666663,4,19.8,40,0.2,0,2024,0.011151787502275625,0,0,0,0,1,0,0,0,0
0,1,0,10,3.96222,5,179566,5.9,12.6,5,309.4791666666667,4,19.8,40,0.2,0,2024,0.012355507797346572,0,0,0,0,1,0,0,0,0
0,1,0,10,3.96222,5,179566,5.9,12.6,5,309.4791666666667,4,19.8,40,0.2,0,2024,0.012355507797346572,0,0,0,0,1,0,0,0,0
0,1,0,10,3.96222,5,160526,5.9,12.6,5,309.4791666666667,4,19.8,40,0.2,0,2024,0.012355507797346572,0,0,0,0,1,0,0,0,0
0,1,0,10,3.96222,5,160526,5.9,12.6,5,309.4791666666667,4,19.8,40,0.2,0,2024,0.012355507797346572,0,0,0,0,1,0,0,0,0
0,0,0,10,4.0575,4,137426,6.4,11.4,4,208.40277777777777,4,19.4,40,0.0,0,2024,0.019376533793194935,0,0,0,0,0,0,0,0,0
0,0,0,10,4.0575,4,137426,6.4,11.4,4,208.40277777777777,4,19.4,40,0.0,0,2024,0.019376533793194935,0,0,0,0,0,0,0,0,0
0,1,0,10,8.54571875,5,48784,5.9,12.6,5,508.7916666666667,4,19.8,40,0.2,1,2024,0.016763158970167554,0,0,0,0,1,0,0,0,0
0,1,0,10,3.96222,5,48784,5.9,12.6,5,309.4791666666667,4,19.8,40,0.2,0,2024,0.012355507797346572,0,0,0,0,1,0,0,0,0
0,1,0,10,3.96222,5,48784,5.9,12.6,5,309.4791666666667,4,19.8,40,0.2,0,2024,0.012355507797346572,0,0,0,0,1,0,0,0,0
1,0,0,6,3.96222,21,161450,17.0,19.8,4,309.4791666666667,2,25.3,25,4.6,0,2024,0.012355507797346572,1,0,0,0,0,0,0,0,0
1,0,0,6,3.96222,21,161450,17.0,19.8,4,309.4791666666667,2,25.3,25,4.6,0,2024,0.012355507797346572,1,0,0,0,0,0,0,0,0
0,1,0,6,3.96222,23,161450,12.4,19.7,6,309.4791666666667,2,26.6,25,0.0,0,2024,0.012355507797346572,1,0,0,0,0,1,0,0,0
0,1,0,6,3.96222,23,161450,12.4,19.7,6,309.4791666666667,2,26.6,25,0.0,0,2024,0.012355507797346572,1,0,0,0,0,1,0,0,0
0,1,0,6,3.96222,23,138887,12.4,19.7,6,309.4791666666667,2,26.6,25,0.0,0,2024,0.012355507797346572,1,0,0,0,0,1,0,0,0
0,1,0,6,3.96222,23,138887,12.4,19.7,6,309.4791666666667,2,26.6,25,0.0,0,2024,0.012355507797346572,1,0,0,0,0,1,0,0,0
1,1,0,6,9.311886309523809,22,15207,13.9,17.7,5,1018.3035714285714,2,23.3,25,4.5,1,2024,0.009135537803005085,1,0,0,0,1,0,0,0,0
1,1,0,6,9.311886309523809,22,15207,13.9,17.7,5,1018.3035714285714,2,23.3,25,4.5,1,2024,0.009135537803005085,1,0,0,0,1,0,0,0,0
1,1,0,6,9.311886309523809,22,15207,13.9,17.7,5,1018.3035714285714,2,23.3,25,4.5,1,2024,0.009135537803005085,1,0,0,0,1,0,0,0,0
1,1,0,6,9.311886309523809,22,15207,13.9,17.7,5,1018.3035714285714,2,23.3,25,4.5,1,2024,0.009135537803005085,1,0,0,0,1,0,0,0,0
0,1,0,6,1.7472599404761904,23,185914,12.4,19.7,6,105.13690476190476,2,26.6,25,0.0,0,2024,0.016462322359934944,1,0,0,0,0,1,0,0,0
1,0,0,6,3.96222,21,161450,17.0,19.8,4,309.4791666666667,2,25.3,25,4.6,0,2024,0.012355507797346572,1,0,0,0,0,0,0,0,0
1,0,0,6,3.96222,21,161450,17.0,19.8,4,309.4791666666667,2,25.3,25,4.6,0,2024,0.012355507797346572,1,0,0,0,0,0,0,0,0
1,0,0,6,4.26,21,185914,17.0,19.8,4,317.55357142857144,2,25.3,25,4.6,1,2024,0.013372946914064689,1,0,0,0,0,0,0,0,0
1,0,0,6,4.26,21,185914,17.0,19.8,4,317.55357142857144,2,25.3,25,4.6,1,2024,0.013372946914064689,1,0,0,0,0,0,0,0,0
1,0,0,6,4.26,21,185914,17.0,19.8,4,317.55357142857144,2,25.3,25,4.6,1,2024,0.013372946914064689,1,0,0,0,0,0,0,0,0
1,0,0,6,4.26,21,185914,17.0,19.8,4,317.55357142857144,2,25.3,25,4.6,1,2024,0.013372946914064689,1,0,0,0,0,0,0,0,0
1,0,0,6,4.26,21,185914,17.0,19.8,4,317.55357142857144,2,25.3,25,4.6,1,2024,0.013372946914064689,1,0,0,0,0,0,0,0,0
1,0,0,6,4.26,21,185914,17.0,19.8,4,317.55357142857144,2,25.3,25,4.6,1,2024,0.013372946914064689,1,0,0,0,0,0,0,0,0
1,0,0,6,4.26,21,185914,17.0,19.8,4,317.55357142857144,2,25.3,25,4.6,1,2024,0.013372946914064689,1,0,0,0,0,0,0,0,0
1,1,0,6,9.311886309523809,22,41158,13.9,17.7,5,1018.3035714285714,2,23.3,25,4.5,1,2024,0.009135537803005085,1,0,0,0,1,0,0,0,0
1,1,0,6,9.311886309523809,22,41158,13.9,17.7,5,1018.3035714285714,2,23.3,25,4.5,1,2024,0.009135537803005085,1,0,0,0,1,0,0,0,0
1,1,0,6,2.847170773809524,22,138887,13.9,17.7,5,182.8333333333333,2,23.3,25,4.5,0,2024,0.01548778299443078,1,0,0,0,1,0,0,0,0
1,1,0,6,2.847170773809524,22,138887,13.9,17.7,5,182.8333333333333,2,23.3,25,4.5,0,2024,0.01548778299443078,1,0,0,0,1,0,0,0,0
1,1,0,6,7.764753273809524,22,183839,13.9,17.7,5,463.5654761904762,2,23.3,25,4.5,1,2024,0.016714012710289952,1,0,0,0,1,0,0,0,0
1,1,0,6,7.764753273809524,22,183839,13.9,17.7,5,463.5654761904762,2,23.3,25,4.5,1,2024,0.016714012710289952,1,0,0,0,1,0,0,0,0
1,1,0,6,4.26,22,231476,13.9,17.7,5,409.5952380952381,2,23.3,25,4.5,1,2024,0.010375181211945491,1,0,0,0,1,0,0,0,0
1,1,0,6,4.26,22,231476,13.9,17.7,5,409.5952380952381,2,23.3,25,4.5,1,2024,0.010375181211945491,1,0,0,0,1,0,0,0,0
1,1,0,6,3.96222,22,231476,13.9,17.7,5,309.4791666666667,2,23.3,25,4.5,0,2024,0.012355507797346572,1,0,0,0,1,0,0,0,0
1,1,0,6,3.96222,22,231476,13.9,17.7,5,309.4791666666667,2,23.3,25,4.5,0,2024,0.012355507797346572,1,0,0,0,1,0,0,0,0
1,1,0,6,3.96222,22,138907,13.9,17.7,5,309.4791666666667,2,23.3,25,4.5,0,2024,0.012355507797346572,1,0,0,0,1,0,0,0,0
1,1,0,6,3.96222,22,138907,13.9,17.7,5,309.4791666666667,2,23.3,25,4.5,0,2024,0.012355507797346572,1,0,0,0,1,0,0,0,0
1,1,0,6,3.96222,22,138887,13.9,17.7,5,309.4791666666667,2,23.3,25,4.5,0,2024,0.012355507797346572,1,0,0,0,1,0,0,0,0
1,1,0,6,3.96222,22,138887,13.9,17.7,5,309.4791666666667,2,23.3,25,4.5,0,2024,0.012355507797346572,1,0,0,0,1,0,0,0,0
1,1,0,6,3.96222,22,84310,13.9,17.7,5,309.4791666666667,2,23.3,25,4.5,0,2024,0.012355507797346572,1,0,0,0,1,0,0,0,0
1,1,0,6,3.96222,22,84310,13.9,17.7,5,309.4791666666667,2,23.3,25,4.5,0,2024,0.012355507797346572,1,0,0,0,1,0,0,0,0
1,1,0,6,3.96222,22,35837,13.9,17.7,5,309.4791666666667,2,23.3,25,4.5,0,2024,0.012355507797346572,1,0,0,0,1,0,0,0,0
1,1,0,6,3.96222,22,35837,13.9,17.7,5,309.4791666666667,2,23.3,25,4.5,0,2024,0.012355507797346572,1,0,0,0,1,0,0,0,0
1,1,0,6,4.801039404761904,22,48784,13.9,17.7,5,491.5,2,23.3,25,4.5,1,2024,0.009748303359922649,1,0,0,0,1,0,0,0,0
1,1,0,6,4.801039404761904,22,48784,13.9,17.7,5,491.5,2,23.3,25,4.5,1,2024,0.009748303359922649,1,0,0,0,1,0,0,0,0
0,1,0,3,3.96222,3,138907,5.5,7.2,6,309.4791666666667,1,10.6,9,0.0,0,2024,0.012355507797346572,0,0,1,0,0,1,0,0,0
0,1,0,3,3.96222,3,138907,5.5,7.2,6,309.4791666666667,1,10.6,9,0.0,0,2024,0.012355507797346572,0,0,1,0,0,1,0,0,0
1,1,0,3,3.96222,2,161450,5.7,6.8,5,309.4791666666667,1,8.9,9,17.3,0,2024,0.012355507797346572,0,0,1,0,1,0,0,0,0
1,1,0,3,3.96222,2,161450,5.7,6.8,5,309.4791666666667,1,8.9,9,17.3,0,2024,0.012355507797346572,0,0,1,0,1,0,0,0,0
1,1,0,3,3.310169045138889,2,231476,5.7,6.8,5,569.4809027777778,1,8.9,9,17.3,1,2024,0.0058024186769812264,0,0,1,0,1,0,0,0,0
1,1,0,3,3.310169045138889,2,231476,5.7,6.8,5,569.4809027777778,1,8.9,9,17.3,1,2024,0.0058024186769812264,0,0,1,0,1,0,0,0,0
1,1,0,3,1.2810515277777776,2,138907,5.7,6.8,5,161.94270833333331,1,8.9,9,17.3,0,2024,0.007861975174471259,0,0,1,0,1,0,0,0,0
1,1,0,3,1.2810515277777776,2,138907,5.7,6.8,5,161.94270833333331,1,8.9,9,17.3,0,2024,0.007861975174471259,0,0,1,0,1,0,0,0,0
1,1,0,3,1.2810515277777776,2,138907,5.7,6.8,5,161.94270833333331,1,8.9,9,17.3,0,2024,0.007861975174471259,0,0,1,0,1,0,0,0,0
1,1,0,3,1.2810515277777776,2,138907,5.7,6.8,5,161.94270833333331,1,8.9,9,17.3,0,2024,0.007861975174471259,0,0,1,0,1,0,0,0,0
1,1,0,3,1.2810515277777776,2,138907,5.7,6.8,5,161.94270833333331,1,8.9,9,17.3,0,2024,0.007861975174471259,0,0,1,0,1,0,0,0,0
1,1,0,3,1.2810515277777776,2,138907,5.7,6.8,5,161.94270833333331,1,8.9,9,17.3,0,2024,0.007861975174471259,0,0,1,0,1,0,0,0,0
1,0,0,3,3.96222,1,161450,5.3,8.0,4,309.4791666666667,1,12.1,9,4.6,0,2024,0.012355507797346572,0,0,1,0,0,0,0,0,0
1,0,0,3,3.96222,1,161450,5.3,8.0,4,309.4791666666667,1,12.1,9,4.6,0,2024,0.012355507797346572,0,0,1,0,0,0,0,0,0
0,1,0,3,3.96222,3,160526,5.5,7.2,6,309.4791666666667,1,10.6,9,0.0,0,2024,0.012355507797346572,0,0,1,0,0,1,0,0,0
0,1,0,3,3.96222,3,160526,5.5,7.2,6,309.4791666666667,1,10.6,9,0.0,0,2024,0.012355507797346572,0,0,1,0,0,1,0,0,0
0,1,0,3,1.8533579166666667,3,161450,5.5,7.2,6,389.59375,1,10.6,9,0.0,1,2024,0.004744975864735846,0,0,1,0,0,1,0,0,0
0,1,0,3,1.8533579166666667,3,161450,5.5,7.2,6,389.59375,1,10.6,9,0.0,1,2024,0.004744975864735846,0,0,1,0,0,1,0,0,0
0,1,0,3,4.350697500000001,3,231476,5.5,7.2,6,481.94444444444446,1,10.6,9,0.0,1,2024,0.00900869147590015,0,0,1,0,0,1,0,0,0
0,1,0,3,4.350697500000001,3,231476,5.5,7.2,6,481.94444444444446,1,10.6,9,0.0,1,2024,0.00900869147590015,0,0,1,0,0,1,0,0,0
0,1,0,3,4.350697500000001,3,231476,5.5,7.2,6,481.94444444444446,1,10.6,9,0.0,1,2024,0.00900869147590015,0,0,1,0,0,1,0,0,0
0,1,0,3,4.350697500000001,3,231476,5.5,7.2,6,481.94444444444446,1,10.6,9,0.0,1,2024,0.00900869147590015,0,0,1,0,0,1,0,0,0
0,1,0,3,4.350697500000001,3,231476,5.5,7.2,6,481.94444444444446,1,10.6,9,0.0,1,2024,0.00900869147590015,0,0,1,0,0,1,0,0,0
0,1,0,3,4.350697500000001,3,231476,5.5,7.2,6,481.94444444444446,1,10.6,9,0.0,1,2024,0.00900869147590015,0,0,1,0,0,1,0,0,0
0,1,0,3,0.6742419097222222,3,137426,5.5,7.2,6,386.0173611111111,1,10.6,9,0.0,1,2024,0.0017421490027902137,0,0,1,0,0,1,0,0,0
0,1,0,3,0.6742419097222222,3,137426,5.5,7.2,6,386.0173611111111,1,10.6,9,0.0,1,2024,0.0017421490027902137,0,0,1,0,0,1,0,0,0
1,1,0,3,0.1001180208333333,2,182347,5.7,6.8,5,272.65625,1,8.9,9,17.3,0,2024,0.00036585322218415727,0,0,1,0,1,0,0,0,0
1,1,0,3,0.1001180208333333,2,182347,5.7,6.8,5,272.65625,1,8.9,9,17.3,0,2024,0.00036585322218415727,0,0,1,0,1,0,0,0,0
0,1,0,3,3.96222,3,35837,5.5,7.2,6,309.4791666666667,1,10.6,9,0.0,0,2024,0.012355507797346572,0,0,1,0,0,1,0,0,0
0,1,0,3,3.96222,3,35837,5.5,7.2,6,309.4791666666667,1,10.6,9,0.0,0,2024,0.012355507797346572,0,0,1,0,0,1,0,0,0
0,1,0,1,3.96222,20,161450,-2.5,0.2,5,309.4791666666667,1,4.1,3,0.2,0,2024,0.012355507797346572,0,1,0,0,1,0,0,0,0
0,1,0,1,3.96222,20,161450,-2.5,0.2,5,309.4791666666667,1,4.1,3,0.2,0,2024,0.012355507797346572,0,1,0,0,1,0,0,0,0
0,1,0,1,3.96222,20,161450,-2.5,0.2,5,309.4791666666667,1,4.1,3,0.2,0,2024,0.012355507797346572,0,1,0,0,1,0,0,0,0
0,0,0,1,4.758090119047619,19,179566,-2.2,0.5,4,466.8511904761905,1,6.9,3,0.0,1,2024,0.010170093003727782,0,1,0,0,0,0,0,0,0
0,0,0,1,4.758090119047619,19,179566,-2.2,0.5,4,466.8511904761905,1,6.9,3,0.0,1,2024,0.010170093003727782,0,1,0,0,0,0,0,0,0
0,0,0,1,3.96222,19,161450,-2.2,0.5,4,309.4791666666667,1,6.9,3,0.0,0,2024,0.012355507797346572,0,1,0,0,0,0,0,0,0
0,0,0,1,3.96222,19,161450,-2.2,0.5,4,309.4791666666667,1,6.9,3,0.0,0,2024,0.012355507797346572,0,1,0,0,0,0,0,0,0
0,0,0,1,3.96222,19,161450,-2.2,0.5,4,309.4791666666667,1,6.9,3,0.0,0,2024,0.012355507797346572,0,1,0,0,0,0,0,0,0
0,0,0,1,3.96222,19,161450,-2.2,0.5,4,309.4791666666667,1,6.9,3,0.0,0,2024,0.012355507797346572,0,1,0,0,0,0,0,0,0
0,1,0,1,3.96222,20,231476,-2.5,0.2,5,309.4791666666667,1,4.1,3,0.2,0,2024,0.012355507797346572,0,1,0,0,1,0,0,0,0
0,1,0,1,3.96222,20,231476,-2.5,0.2,5,309.4791666666667,1,4.1,3,0.2,0,2024,0.012355507797346572,0,1,0,0,1,0,0,0,0
0,1,0,1,3.96222,20,231476,-2.5,0.2,5,309.4791666666667,1,4.1,3,0.2,0,2024,0.012355507797346572,0,1,0,0,1,0,0,0,0
0,1,0,1,3.96222,20,137426,-2.5,0.2,5,309.4791666666667,1,4.1,3,0.2,0,2024,0.012355507797346572,0,1,0,0,1,0,0,0,0
0,1,0,1,3.96222,20,137426,-2.5,0.2,5,309.4791666666667,1,4.1,3,0.2,0,2024,0.012355507797346572,0,1,0,0,1,0,0,0,0
0,1,0,1,3.96222,20,137426,-2.5,0.2,5,309.4791666666667,1,4.1,3,0.2,0,2024,0.012355507797346572,0,1,0,0,1,0,0,0,0
0,1,0,1,3.96222,20,137426,-2.5,0.2,5,309.4791666666667,1,4.1,3,0.2,0,2024,0.012355507797346572,0,1,0,0,1,0,0,0,0
0,1,0,1,3.850000000000001,20,182347,-2.5,0.2,5,338.9583333333333,1,4.1,3,0.2,1,2024,0.0113249172692732,0,1,0,0,1,0,0,0,0
0,1,0,1,3.850000000000001,20,182347,-2.5,0.2,5,338.9583333333333,1,4.1,3,0.2,1,2024,0.0113249172692732,0,1,0,0,1,0,0,0,0
0,0,0,1,3.850000000000001,19,182347,-2.2,0.5,4,338.9583333333333,1,6.9,3,0.0,1,2024,0.0113249172692732,0,1,0,0,0,0,0,0,0
0,0,0,1,3.850000000000001,19,182347,-2.2,0.5,4,338.9583333333333,1,6.9,3,0.0,1,2024,0.0113249172692732,0,1,0,0,0,0,0,0,0
0,1,0,1,3.96222,20,138887,-2.5,0.2,5,309.4791666666667,1,4.1,3,0.2,0,2024,0.012355507797346572,0,1,0,0,1,0,0,0,0
0,1,0,1,3.96222,20,138887,-2.5,0.2,5,309.4791666666667,1,4.1,3,0.2,0,2024,0.012355507797346572,0,1,0,0,1,0,0,0,0
0,1,0,1,3.6035034523809526,20,138887,-2.5,0.2,5,201.16071428571428,1,4.1,3,0.2,0,2024,0.017824944203986694,0,1,0,0,1,0,0,0,0
0,1,0,1,3.6035034523809526,20,138887,-2.5,0.2,5,201.16071428571428,1,4.1,3,0.2,0,2024,0.017824944203986694,0,1,0,0,1,0,0,0,0
0,0,0,4,6.883638928571429,10,179566,6.8,12.9,2,409.3095238095238,2,19.0,15,0.0,1,2024,0.01677669790518192,0,0,1,0,0,0,0,0,1
0,0,0,4,6.883638928571429,10,179566,6.8,12.9,2,409.3095238095238,2,19.0,15,0.0,1,2024,0.01677669790518192,0,0,1,0,0,0,0,0,1
0,0,0,4,3.852780000000001,10,179566,6.8,12.9,2,251.6309523809524,2,19.0,15,0.0,0,2024,0.015250625323971539,0,0,1,0,0,0,0,0,1
0,0,0,4,3.852780000000001,10,179566,6.8,12.9,2,251.6309523809524,2,19.0,15,0.0,0,2024,0.015250625323971539,0,0,1,0,0,0,0,0,1
0,0,0,4,7.687621011904762,10,183839,6.8,12.9,2,449.44642857142856,2,19.0,15,0.0,1,2024,0.017066671027419888,0,0,1,0,0,0,0,0,1
0,0,0,4,7.687621011904762,10,183839,6.8,12.9,2,449.44642857142856,2,19.0,15,0.0,1,2024,0.017066671027419888,0,0,1,0,0,0,0,0,1
0,0,0,4,3.96222,10,231476,6.8,12.9,2,309.4791666666667,2,19.0,15,0.0,0,2024,0.012355507797346572,0,0,1,0,0,0,0,0,1
0,0,0,4,3.96222,10,231476,6.8,12.9,2,309.4791666666667,2,19.0,15,0.0,0,2024,0.012355507797346572,0,0,1,0,0,0,0,0,1
0,0,0,4,3.96222,10,84310,6.8,12.9,2,309.4791666666667,2,19.0,15,0.0,0,2024,0.012355507797346572,0,0,1,0,0,0,0,0,1
0,0,0,4,3.96222,10,35837,6.8,12.9,2,309.4791666666667,2,19.0,15,0.0,0,2024,0.012355507797346572,0,0,1,0,0,0,0,0,1
0,0,0,4,3.96222,10,35837,6.8,12.9,2,309.4791666666667,2,19.0,15,0.0,0,2024,0.012355507797346572,0,0,1,0,0,0,0,0,1
0,0,0,4,3.96222,10,35837,6.8,12.9,2,309.4791666666667,2,19.0,15,0.0,0,2024,0.012355507797346572,0,0,1,0,0,0,0,0,1
0,0,0,4,11.07382738095238,10,35837,6.8,12.9,2,329.9047619047619,2,19.0,15,0.0,1,2024,0.033465300762699664,0,0,1,0,0,0,0,0,1
0,0,0,4,11.07382738095238,10,35837,6.8,12.9,2,329.9047619047619,2,19.0,15,0.0,1,2024,0.033465300762699664,0,0,1,0,0,0,0,0,1
0,1,0,5,3.96222,18,185914,11.8,17.1,5,309.4791666666667,2,24.1,20,0.0,0,2024,0.012355507797346572,0,0,1,0,1,0,0,0,0
0,1,0,5,3.96222,18,185914,11.8,17.1,5,309.4791666666667,2,24.1,20,0.0,0,2024,0.012355507797346572,0,0,1,0,1,0,0,0,0
0,0,0,4,3.96222,10,19979,6.8,12.9,2,309.4791666666667,2,19.0,15,0.0,0,2024,0.012355507797346572,0,0,1,0,0,0,0,0,1
0,0,0,4,3.96222,10,19979,6.8,12.9,2,309.4791666666667,2,19.0,15,0.0,0,2024,0.012355507797346572,0,0,1,0,0,0,0,0,1
0,1,0,5,3.96222,18,137426,11.8,17.1,5,309.4791666666667,2,24.1,20,0.0,0,2024,0.012355507797346572,0,0,1,0,1,0,0,0,0
0,1,0,5,3.96222,18,137426,11.8,17.1,5,309.4791666666667,2,24.1,20,0.0,0,2024,0.012355507797346572,0,0,1,0,1,0,0,0,0
0,1,0,5,3.96222,18,137426,11.8,17.1,5,309.4791666666667,2,24.1,20,0.0,0,2024,0.012355507797346572,0,0,1,0,1,0,0,0,0
0,0,0,5,3.96222,17,161450,12.0,16.5,4,309.4791666666667,2,21.3,20,0.0,0,2024,0.012355507797346572,0,0,1,0,0,0,0,0,0
0,0,0,5,3.96222,17,161450,12.0,16.5,4,309.4791666666667,2,21.3,20,0.0,0,2024,0.012355507797346572,0,0,1,0,0,0,0,0,0
0,0,0,5,3.96222,17,161450,12.0,16.5,4,309.4791666666667,2,21.3,20,0.0,0,2024,0.012355507797346572,0,0,1,0,0,0,0,0,0
0,0,0,5,3.96222,17,27547,12.0,16.5,4,309.4791666666667,2,21.3,20,0.0,0,2024,0.012355507797346572,0,0,1,0,0,0,0,0,0
0,0,0,5,3.96222,17,27547,12.0,16.5,4,309.4791666666667,2,21.3,20,0.0,0,2024,0.012355507797346572,0,0,1,0,0,0,0,0,0
0,0,0,5,3.96222,17,27547,12.0,16.5,4,309.4791666666667,2,21.3,20,0.0,0,2024,0.012355507797346572,0,0,1,0,0,0,0,0,0
0,0,0,5,3.96222,17,27547,12.0,16.5,4,309.4791666666667,2,21.3,20,0.0,0,2024,0.012355507797346572,0,0,1,0,0,0,0,0,0
0,0,0,5,3.96222,17,27547,12.0,16.5,4,309.4791666666667,2,21.3,20,0.0,0,2024,0.012355507797346572,0,0,1,0,0,0,0,0,0
1,0,0,3,3.96222,1,138907,5.3,8.0,4,309.4791666666667,1,12.1,9,4.6,0,2024,0.012355507797346572,0,0,1,0,0,0,0,0,0
1,0,0,3,3.96222,1,138907,5.3,8.0,4,309.4791666666667,1,12.1,9,4.6,0,2024,0.012355507797346572,0,0,1,0,0,0,0,0,0
1,0,0,3,3.96222,1,138907,5.3,8.0,4,309.4791666666667,1,12.1,9,4.6,0,2024,0.012355507797346572,0,0,1,0,0,0,0,0,0
0,1,0,5,3.96222,18,185914,11.8,17.1,5,309.4791666666667,2,24.1,20,0.0,0,2024,0.012355507797346572,0,0,1,0,1,0,0,0,0
0,1,0,5,3.96222,18,185914,11.8,17.1,5,309.4791666666667,2,24.1,20,0.0,0,2024,0.012355507797346572,0,0,1,0,1,0,0,0,0
1,0,0,3,3.96222,1,41158,5.3,8.0,4,309.4791666666667,1,12.1,9,4.6,0,2024,0.012355507797346572,0,0,1,0,0,0,0,0,0
1,0,0,3,3.96222,1,41158,5.3,8.0,4,309.4791666666667,1,12.1,9,4.6,0,2024,0.012355507797346572,0,0,1,0,0,0,0,0,0
0,1,0,5,3.96222,18,179566,11.8,17.1,5,309.4791666666667,2,24.1,20,0.0,0,2024,0.012355507797346572,0,0,1,0,1,0,0,0,0
0,1,0,5,3.96222,18,179566,11.8,17.1,5,309.4791666666667,2,24.1,20,0.0,0,2024,0.012355507797346572,0,0,1,0,1,0,0,0,0
0,1,0,5,3.96222,18,161450,11.8,17.1,5,309.4791666666667,2,24.1,20,0.0,0,2024,0.012355507797346572,0,0,1,0,1,0,0,0,0
0,1,0,5,3.96222,18,161450,11.8,17.1,5,309.4791666666667,2,24.1,20,0.0,0,2024,0.012355507797346572,0,0,1,0,1,0,0,0,0
0,1,0,5,3.96222,18,161450,11.8,17.1,5,309.4791666666667,2,24.1,20,0.0,0,2024,0.012355507797346572,0,0,1,0,1,0,0,0,0
0,1,0,5,3.96222,18,161450,11.8,17.1,5,309.4791666666667,2,24.1,20,0.0,0,2024,0.012355507797346572,0,0,1,0,1,0,0,0,0
1,1,0,3,3.96222,2,41158,5.7,6.8,5,309.4791666666667,1,8.9,9,17.3,0,2024,0.012355507797346572,0,0,1,0,1,0,0,0,0
1,1,0,3,3.96222,2,41158,5.7,6.8,5,309.4791666666667,1,8.9,9,17.3,0,2024,0.012355507797346572,0,0,1,0,1,0,0,0,0
0,1,0,5,3.96222,18,161450,11.8,17.1,5,309.4791666666667,2,24.1,20,0.0,0,2024,0.012355507797346572,0,0,1,0,1,0,0,0,0
0,1,0,5,3.96222,18,161450,11.8,17.1,5,309.4791666666667,2,24.1,20,0.0,0,2024,0.012355507797346572,0,0,1,0,1,0,0,0,0
0,1,0,5,3.96222,18,161450,11.8,17.1,5,309.4791666666667,2,24.1,20,0.0,0,2024,0.012355507797346572,0,0,1,0,1,0,0,0,0
1,1,0,3,3.96222,2,183839,5.7,6.8,5,309.4791666666667,1,8.9,9,17.3,0,2024,0.012355507797346572,0,0,1,0,1,0,0,0,0
1,1,0,3,3.96222,2,183839,5.7,6.8,5,309.4791666666667,1,8.9,9,17.3,0,2024,0.012355507797346572,0,0,1,0,1,0,0,0,0
0,1,0,5,1.8313967857142857,18,161450,11.8,17.1,5,437.0833333333333,2,24.1,20,0.0,1,2024,0.004180475828147504,0,0,1,0,1,0,0,0,0
0,1,0,5,1.8313967857142857,18,161450,11.8,17.1,5,437.0833333333333,2,24.1,20,0.0,1,2024,0.004180475828147504,0,0,1,0,1,0,0,0,0
1,1,0,3,4.350697500000001,2,160526,5.7,6.8,5,93.80729166666666,1,8.9,9,17.3,0,2024,0.04588990386200078,0,0,1,0,1,0,0,0,0
1,1,0,3,4.350697500000001,2,160526,5.7,6.8,5,93.80729166666666,1,8.9,9,17.3,0,2024,0.04588990386200078,0,0,1,0,1,0,0,0,0
0,1,0,5,13.441071428571428,18,231476,11.8,17.1,5,3742.517857142857,2,24.1,20,0.0,1,2024,0.0035904921364072182,0,0,1,0,1,0,0,0,0
0,1,0,5,13.441071428571428,18,231476,11.8,17.1,5,3742.517857142857,2,24.1,20,0.0,1,2024,0.0035904921364072182,0,0,1,0,1,0,0,0,0
0,1,0,5,13.441071428571428,18,231476,11.8,17.1,5,3742.517857142857,2,24.1,20,0.0,1,2024,0.0035904921364072182,0,0,1,0,1,0,0,0,0
1,1,0,3,5.796426840277778,2,160526,5.7,6.8,5,175.52430555555557,1,8.9,9,17.3,0,2024,0.03283642341509471,0,0,1,0,1,0,0,0,0
1,1,0,3,5.796426840277778,2,160526,5.7,6.8,5,175.52430555555557,1,8.9,9,17.3,0,2024,0.03283642341509471,0,0,1,0,1,0,0,0,0
0,1,0,5,3.96222,18,138907,11.8,17.1,5,309.4791666666667,2,24.1,20,0.0,0,2024,0.012355507797346572,0,0,1,0,1,0,0,0,0
0,1,0,5,3.96222,18,138907,11.8,17.1,5,309.4791666666667,2,24.1,20,0.0,0,2024,0.012355507797346572,0,0,1,0,1,0,0,0,0
1,0,0,3,0.7358949826388889,1,161450,5.3,8.0,4,304.2986111111111,1,12.1,9,4.6,0,2024,0.0024104105156608968,0,0,1,0,0,0,0,0,0
1,0,0,3,0.7358949826388889,1,161450,5.3,8.0,4,304.2986111111111,1,12.1,9,4.6,0,2024,0.0024104105156608968,0,0,1,0,0,0,0,0,0
1,1,0,3,4.350697500000001,2,231476,5.7,6.8,5,235.95486111111111,1,8.9,9,17.3,0,2024,0.018360870418944072,0,0,1,0,1,0,0,0,0
0,1,0,5,1.6032554761904765,18,138907,11.8,17.1,5,249.5952380952381,2,24.1,20,0.0,0,2024,0.006397789073634206,0,0,1,0,1,0,0,0,0
0,1,0,5,1.6032554761904765,18,138907,11.8,17.1,5,249.5952380952381,2,24.1,20,0.0,0,2024,0.006397789073634206,0,0,1,0,1,0,0,0,0
0,1,0,5,3.96222,18,84310,11.8,17.1,5,309.4791666666667,2,24.1,20,0.0,0,2024,0.012355507797346572,0,0,1,0,1,0,0,0,0
0,1,0,5,3.96222,18,84310,11.8,17.1,5,309.4791666666667,2,24.1,20,0.0,0,2024,0.012355507797346572,0,0,1,0,1,0,0,0,0
1,0,0,3,4.350697500000001,1,137426,5.3,8.0,4,522.6979166666666,1,12.1,9,4.6,1,2024,0.008307647140726009,0,0,1,0,0,0,0,0,0
1,0,0,3,4.350697500000001,1,137426,5.3,8.0,4,522.6979166666666,1,12.1,9,4.6,1,2024,0.008307647140726009,0,0,1,0,0,0,0,0,0
1,0,0,3,4.350697500000001,1,137426,5.3,8.0,4,522.6979166666666,1,12.1,9,4.6,1,2024,0.008307647140726009,0,0,1,0,0,0,0,0,0
0,1,0,5,3.96222,18,84310,11.8,17.1,5,309.4791666666667,2,24.1,20,0.0,0,2024,0.012355507797346572,0,0,1,0,1,0,0,0,0
0,1,0,5,3.96222,18,84310,11.8,17.1,5,309.4791666666667,2,24.1,20,0.0,0,2024,0.012355507797346572,0,0,1,0,1,0,0,0,0
1,0,0,2,8.113220677083333,29,137426,8.1,9.5,3,281.7361111111111,1,11.0,9,4.2,0,2024,0.028695381871100854,0,1,0,0,0,0,1,0,0
1,0,0,2,8.113220677083333,29,137426,8.1,9.5,3,281.7361111111111,1,11.0,9,4.2,0,2024,0.028695381871100854,0,1,0,0,0,0,1,0,0
0,0,0,5,3.96222,17,84310,12.0,16.5,4,309.4791666666667,2,21.3,20,0.0,0,2024,0.012355507797346572,0,0,1,0,0,0,0,0,0
0,0,0,5,3.96222,17,84310,12.0,16.5,4,309.4791666666667,2,21.3,20,0.0,0,2024,0.012355507797346572,0,0,1,0,0,0,0,0,0
1,1,0,3,3.96222,2,27547,5.7,6.8,5,309.4791666666667,1,8.9,9,17.3,0,2024,0.012355507797346572,0,0,1,0,1,0,0,0,0
1,1,0,3,3.96222,2,27547,5.7,6.8,5,309.4791666666667,1,8.9,9,17.3,0,2024,0.012355507797346572,0,0,1,0,1,0,0,0,0
0,0,0,5,3.96222,17,35837,12.0,16.5,4,309.4791666666667,2,21.3,20,0.0,0,2024,0.012355507797346572,0,0,1,0,0,0,0,0,0
0,0,0,5,3.96222,17,35837,12.0,16.5,4,309.4791666666667,2,21.3,20,0.0,0,2024,0.012355507797346572,0,0,1,0,0,0,0,0,0
0,1,0,5,3.96222,18,48784,11.8,17.1,5,309.4791666666667,2,24.1,20,0.0,0,2024,0.012355507797346572,0,0,1,0,1,0,0,0,0
0,1,0,5,3.96222,18,48784,11.8,17.1,5,309.4791666666667,2,24.1,20,0.0,0,2024,0.012355507797346572,0,0,1,0,1,0,0,0,0
1,1,0,3,3.96222,2,19979,5.7,6.8,5,309.4791666666667,1,8.9,9,17.3,0,2024,0.012355507797346572,0,0,1,0,1,0,0,0,0
1,1,0,3,3.96222,2,19979,5.7,6.8,5,309.4791666666667,1,8.9,9,17.3,0,2024,0.012355507797346572,0,0,1,0,1,0,0,0,0
1,1,0,3,3.96222,2,19979,5.7,6.8,5,309.4791666666667,1,8.9,9,17.3,0,2024,0.012355507797346572,0,0,1,0,1,0,0,0,0
0,0,0,1,3.850000000000001,18,137426,-0.5,1.0,3,194.1309523809524,1,4.9,3,0.0,0,2024,0.019730339820633276,0,1,0,0,0,0,1,0,0
0,0,0,1,3.850000000000001,18,137426,-0.5,1.0,3,194.1309523809524,1,4.9,3,0.0,0,2024,0.019730339820633276,0,1,0,0,0,0,1,0,0
0,0,0,1,2.7185660119047617,19,179566,-2.2,0.5,4,284.3333333333333,1,6.9,3,0.0,0,2024,0.009527684621161549,0,1,0,0,0,0,0,0,0
0,0,0,1,2.7185660119047617,19,179566,-2.2,0.5,4,284.3333333333333,1,6.9,3,0.0,0,2024,0.009527684621161549,0,1,0,0,0,0,0,0,0
0,0,0,1,4.237831845238095,19,183839,-2.2,0.5,4,176.71428571428572,1,6.9,3,0.0,0,2024,0.02384632067256163,0,1,0,0,0,0,0,0,0
0,0,0,1,4.237831845238095,19,183839,-2.2,0.5,4,176.71428571428572,1,6.9,3,0.0,0,2024,0.02384632067256163,0,1,0,0,0,0,0,0,0
0,0,0,1,3.96222,19,160526,-2.2,0.5,4,309.4791666666667,1,6.9,3,0.0,0,2024,0.012355507797346572,0,1,0,0,0,0,0,0,0
0,0,0,1,3.4184073809523814,18,138907,-0.5,1.0,3,354.0357142857143,1,4.9,3,0.0,1,2024,0.009628347919391076,0,1,0,0,0,0,1,0,0
0,0,0,1,3.4184073809523814,18,138907,-0.5,1.0,3,354.0357142857143,1,4.9,3,0.0,1,2024,0.009628347919391076,0,1,0,0,0,0,1,0,0
0,1,0,1,3.96222,21,84310,-0.4,5.2,6,309.4791666666667,1,11.9,3,0.2,0,2024,0.012355507797346572,0,1,0,0,0,1,0,0,0
0,1,0,1,3.96222,21,84310,-0.4,5.2,6,309.4791666666667,1,11.9,3,0.2,0,2024,0.012355507797346572,0,1,0,0,0,1,0,0,0
0,0,0,1,1.3319156547619049,19,35837,-2.2,0.5,4,446.4583333333333,1,6.9,3,0.0,1,2024,0.0029766249850345207,0,1,0,0,0,0,0,0,0
0,0,0,1,1.3319156547619049,19,35837,-2.2,0.5,4,446.4583333333333,1,6.9,3,0.0,1,2024,0.0029766249850345207,0,1,0,0,0,0,0,0,0
0,0,0,1,3.96222,19,32386,-2.2,0.5,4,309.4791666666667,1,6.9,3,0.0,0,2024,0.012355507797346572,0,1,0,0,0,0,0,0,0
0,0,0,1,3.96222,19,32386,-2.2,0.5,4,309.4791666666667,1,6.9,3,0.0,0,2024,0.012355507797346572,0,1,0,0,0,0,0,0,0
0,0,0,1,3.96222,18,32386,-0.5,1.0,3,309.4791666666667,1,4.9,3,0.0,0,2024,0.012355507797346572,0,1,0,0,0,0,1,0,0
0,0,0,1,3.96222,18,32386,-0.5,1.0,3,309.4791666666667,1,4.9,3,0.0,0,2024,0.012355507797346572,0,1,0,0,0,0,1,0,0
0,0,0,5,3.96222,17,183839,12.0,16.5,4,309.4791666666667,2,21.3,20,0.0,0,2024,0.012355507797346572,0,0,1,0,0,0,0,0,0
0,0,0,5,3.96222,17,183839,12.0,16.5,4,309.4791666666667,2,21.3,20,0.0,0,2024,0.012355507797346572,0,0,1,0,0,0,0,0,0
0,0,0,5,3.96222,17,160526,12.0,16.5,4,309.4791666666667,2,21.3,20,0.0,0,2024,0.012355507797346572,0,0,1,0,0,0,0,0,0
0,0,0,5,3.96222,17,160526,12.0,16.5,4,309.4791666666667,2,21.3,20,0.0,0,2024,0.012355507797346572,0,0,1,0,0,0,0,0,0
0,0,0,5,3.96222,17,160526,12.0,16.5,4,309.4791666666667,2,21.3,20,0.0,0,2024,0.012355507797346572,0,0,1,0,0,0,0,0,0
0,0,0,5,3.96222,17,185914,12.0,16.5,4,309.4791666666667,2,21.3,20,0.0,0,2024,0.012355507797346572,0,0,1,0,0,0,0,0,0
0,0,0,5,3.96222,17,185914,12.0,16.5,4,309.4791666666667,2,21.3,20,0.0,0,2024,0.012355507797346572,0,0,1,0,0,0,0,0,0
0,0,0,5,3.96222,17,183839,12.0,16.5,4,309.4791666666667,2,21.3,20,0.0,0,2024,0.012355507797346572,0,0,1,0,0,0,0,0,0
0,0,0,5,3.96222,17,183839,12.0,16.5,4,309.4791666666667,2,21.3,20,0.0,0,2024,0.012355507797346572,0,0,1,0,0,0,0,0,0
0,0,0,5,3.96222,17,160526,12.0,16.5,4,309.4791666666667,2,21.3,20,0.0,0,2024,0.012355507797346572,0,0,1,0,0,0,0,0,0
0,0,0,5,3.96222,17,160526,12.0,16.5,4,309.4791666666667,2,21.3,20,0.0,0,2024,0.012355507797346572,0,0,1,0,0,0,0,0,0
0,0,0,5,15.28095238095238,17,137426,12.0,16.5,4,1594.803571428571,2,21.3,20,0.0,1,2024,0.009575710102762081,0,0,1,0,0,0,0,0,0
0,0,0,5,15.28095238095238,17,137426,12.0,16.5,4,1594.803571428571,2,21.3,20,0.0,1,2024,0.009575710102762081,0,0,1,0,0,0,0,0,0
0,0,0,5,15.28095238095238,17,137426,12.0,16.5,4,1594.803571428571,2,21.3,20,0.0,1,2024,0.009575710102762081,0,0,1,0,0,0,0,0,0
0,0,0,5,2.4683611309523807,17,182347,12.0,16.5,4,165.9702380952381,2,21.3,20,0.0,0,2024,0.014783240169690919,0,0,1,0,0,0,0,0,0
0,0,0,5,2.4683611309523807,17,182347,12.0,16.5,4,165.9702380952381,2,21.3,20,0.0,0,2024,0.014783240169690919,0,0,1,0,0,0,0,0,0
0,0,0,5,3.96222,17,138907,12.0,16.5,4,309.4791666666667,2,21.3,20,0.0,0,2024,0.012355507797346572,0,0,1,0,0,0,0,0,0
0,0,0,5,3.96222,17,138907,12.0,16.5,4,309.4791666666667,2,21.3,20,0.0,0,2024,0.012355507797346572,0,0,1,0,0,0,0,0,0
0,0,0,5,1.7104542261904765,16,138907,12.9,16.6,3,271.6666666666667,2,21.7,20,0.4,0,2024,0.0062730595092560255,0,0,1,0,0,0,1,0,0
0,0,0,5,1.7104542261904765,16,138907,12.9,16.6,3,271.6666666666667,2,21.7,20,0.4,0,2024,0.0062730595092560255,0,0,1,0,0,0,1,0,0
0,0,0,5,3.96222,17,35837,12.0,16.5,4,309.4791666666667,2,21.3,20,0.0,0,2024,0.012355507797346572,0,0,1,0,0,0,0,0,0
0,0,0,5,3.96222,16,35837,12.9,16.6,3,309.4791666666667,2,21.7,20,0.4,0,2024,0.012355507797346572,0,0,1,0,0,0,1,0,0
0,0,0,5,3.96222,16,35837,12.9,16.6,3,309.4791666666667,2,21.7,20,0.4,0,2024,0.012355507797346572,0,0,1,0,0,0,1,0,0
0,0,0,7,6.371347202380953,23,137426,19.2,20.3,1,202.5178571428572,3,25.1,30,0.8,0,2024,0.03130608434968266,1,0,0,0,0,0,0,1,0
0,0,0,7,6.371347202380953,23,137426,19.2,20.3,1,202.5178571428572,3,25.1,30,0.8,0,2024,0.03130608434968266,1,0,0,0,0,0,0,1,0
0,0,0,7,6.371347202380953,23,137426,19.2,20.3,1,202.5178571428572,3,25.1,30,0.8,0,2024,0.03130608434968266,1,0,0,0,0,0,0,1,0
0,0,0,7,6.371347202380953,23,137426,19.2,20.3,1,202.5178571428572,3,25.1,30,0.8,0,2024,0.03130608434968266,1,0,0,0,0,0,0,1,0
0,0,0,7,3.96222,23,161450,19.2,20.3,1,309.4791666666667,3,25.1,30,0.8,0,2024,0.012355507797346572,1,0,0,0,0,0,0,1,0
0,0,0,7,3.96222,23,161450,19.2,20.3,1,309.4791666666667,3,25.1,30,0.8,0,2024,0.012355507797346572,1,0,0,0,0,0,0,1,0
0,0,0,7,3.96222,23,161450,19.2,20.3,1,309.4791666666667,3,25.1,30,0.8,0,2024,0.012355507797346572,1,0,0,0,0,0,0,1,0
0,0,0,7,3.96222,23,161450,19.2,20.3,1,309.4791666666667,3,25.1,30,0.8,0,2024,0.012355507797346572,1,0,0,0,0,0,0,1,0
0,0,0,7,3.96222,23,183839,19.2,20.3,1,309.4791666666667,3,25.1,30,0.8,0,2024,0.012355507797346572,1,0,0,0,0,0,0,1,0
0,0,0,7,3.96222,23,183839,19.2,20.3,1,309.4791666666667,3,25.1,30,0.8,0,2024,0.012355507797346572,1,0,0,0,0,0,0,1,0
0,0,0,7,2.85,23,185914,19.2,20.3,1,218.4821428571429,3,25.1,30,0.8,0,2024,0.01298511105687088,1,0,0,0,0,0,0,1,0
0,0,0,7,2.85,23,185914,19.2,20.3,1,218.4821428571429,3,25.1,30,0.8,0,2024,0.01298511105687088,1,0,0,0,0,0,0,1,0
0,0,0,7,12.525,22,138907,15.7,20.9,0,3834.130952380952,3,27.0,30,0.8,1,2024,0.0032658597986658434,1,0,0,1,0,0,0,0,0
0,0,0,7,12.525,22,138907,15.7,20.9,0,3834.130952380952,3,27.0,30,0.8,1,2024,0.0032658597986658434,1,0,0,1,0,0,0,0,0
0,0,0,7,12.525,22,138907,15.7,20.9,0,3834.130952380952,3,27.0,30,0.8,1,2024,0.0032658597986658434,1,0,0,1,0,0,0,0,0
0,0,0,7,12.525,22,138907,15.7,20.9,0,3834.130952380952,3,27.0,30,0.8,1,2024,0.0032658597986658434,1,0,0,1,0,0,0,0,0
0,0,0,7,2.85,22,137426,15.7,20.9,0,494.4553571428572,3,27.0,30,0.8,1,2024,0.005752284154187165,1,0,0,1,0,0,0,0,0
0,0,0,7,2.85,22,137426,15.7,20.9,0,494.4553571428572,3,27.0,30,0.8,1,2024,0.005752284154187165,1,0,0,1,0,0,0,0,0
0,1,0,7,3.50333,21,179566,20.1,22.4,6,254.72619047619048,3,28.5,29,0.2,0,2024,0.013699535403379731,1,0,0,0,0,1,0,0,0
0,1,0,7,3.50333,21,179566,20.1,22.4,6,254.72619047619048,3,28.5,29,0.2,0,2024,0.013699535403379731,1,0,0,0,0,1,0,0,0
0,1,0,7,3.50333,21,179566,20.1,22.4,6,254.72619047619048,3,28.5,29,0.2,0,2024,0.013699535403379731,1,0,0,0,0,1,0,0,0
0,0,0,7,3.96222,23,161450,19.2,20.3,1,309.4791666666667,3,25.1,30,0.8,0,2024,0.012355507797346572,1,0,0,0,0,0,0,1,0
0,0,0,7,3.96222,23,161450,19.2,20.3,1,309.4791666666667,3,25.1,30,0.8,0,2024,0.012355507797346572,1,0,0,0,0,0,0,1,0
0,0,0,7,4.414230714285715,23,179566,19.2,20.3,1,406.9107142857143,3,25.1,30,0.8,1,2024,0.010821561090925011,1,0,0,0,0,0,0,1,0
0,0,0,7,4.414230714285715,23,179566,19.2,20.3,1,406.9107142857143,3,25.1,30,0.8,1,2024,0.010821561090925011,1,0,0,0,0,0,0,1,0
0,0,0,7,4.414230714285715,23,179566,19.2,20.3,1,406.9107142857143,3,25.1,30,0.8,1,2024,0.010821561090925011,1,0,0,0,0,0,0,1,0
0,0,0,7,3.96222,23,179566,19.2,20.3,1,309.4791666666667,3,25.1,30,0.8,0,2024,0.012355507797346572,1,0,0,0,0,0,0,1,0
0,0,0,7,3.96222,23,179566,19.2,20.3,1,309.4791666666667,3,25.1,30,0.8,0,2024,0.012355507797346572,1,0,0,0,0,0,0,1,0
0,0,0,7,3.96222,23,160526,19.2,20.3,1,309.4791666666667,3,25.1,30,0.8,0,2024,0.012355507797346572,1,0,0,0,0,0,0,1,0
0,0,0,7,3.96222,23,160526,19.2,20.3,1,309.4791666666667,3,25.1,30,0.8,0,2024,0.012355507797346572,1,0,0,0,0,0,0,1,0
0,0,0,7,3.96222,23,161450,19.2,20.3,1,309.4791666666667,3,25.1,30,0.8,0,2024,0.012355507797346572,1,0,0,0,0,0,0,1,0
0,0,0,7,3.96222,23,161450,19.2,20.3,1,309.4791666666667,3,25.1,30,0.8,0,2024,0.012355507797346572,1,0,0,0,0,0,0,1,0
0,0,0,7,1.4198953571428572,23,161450,19.2,20.3,1,234.95238095238096,3,25.1,30,0.8,0,2024,0.006017719979818365,1,0,0,0,0,0,0,1,0
0,0,0,7,1.4198953571428572,23,161450,19.2,20.3,1,234.95238095238096,3,25.1,30,0.8,0,2024,0.006017719979818365,1,0,0,0,0,0,0,1,0
0,0,0,7,3.96222,23,161450,19.2,20.3,1,309.4791666666667,3,25.1,30,0.8,0,2024,0.012355507797346572,1,0,0,0,0,0,0,1,0
0,0,0,7,3.96222,23,161450,19.2,20.3,1,309.4791666666667,3,25.1,30,0.8,0,2024,0.012355507797346572,1,0,0,0,0,0,0,1,0
0,0,0,7,28.83005095238095,23,231476,19.2,20.3,1,357.3392857142857,3,25.1,30,0.8,1,2024,0.0804546196907028,1,0,0,0,0,0,0,1,0
0,0,0,7,28.83005095238095,23,231476,19.2,20.3,1,357.3392857142857,3,25.1,30,0.8,1,2024,0.0804546196907028,1,0,0,0,0,0,0,1,0
0,0,0,7,28.83005095238095,23,231476,19.2,20.3,1,357.3392857142857,3,25.1,30,0.8,1,2024,0.0804546196907028,1,0,0,0,0,0,0,1,0
0,0,0,7,3.96222,23,231476,19.2,20.3,1,309.4791666666667,3,25.1,30,0.8,0,2024,0.012355507797346572,1,0,0,0,0,0,0,1,0
0,0,0,7,5.04550363095238,23,15207,19.2,20.3,1,218.9642857142857,3,25.1,30,0.8,0,2024,0.02293783108729772,1,0,0,0,0,0,0,1,0
0,0,0,7,5.04550363095238,23,15207,19.2,20.3,1,218.9642857142857,3,25.1,30,0.8,0,2024,0.02293783108729772,1,0,0,0,0,0,0,1,0
1,0,0,8,10.888020833333332,30,161450,16.4,17.6,4,3767.6805555555557,3,19.1,35,10.1,1,2024,0.0028890803220991725,1,0,0,0,0,0,0,0,0
1,0,0,8,10.888020833333332,30,161450,16.4,17.6,4,3767.6805555555557,3,19.1,35,10.1,1,2024,0.0028890803220991725,1,0,0,0,0,0,0,0,0
1,0,0,8,10.888020833333332,30,161450,16.4,17.6,4,3767.6805555555557,3,19.1,35,10.1,1,2024,0.0028890803220991725,1,0,0,0,0,0,0,0,0
0,0,0,8,0.97547,27,185914,12.6,20.7,1,247.78472222222217,3,29.3,35,0.0,0,2024,0.003920940125610607,1,0,0,0,0,0,0,1,0
0,0,0,8,0.97547,27,185914,12.6,20.7,1,247.78472222222217,3,29.3,35,0.0,0,2024,0.003920940125610607,1,0,0,0,0,0,0,1,0
1,0,0,8,2.0532725,30,231476,16.4,17.6,4,446.36458333333337,3,19.1,35,10.1,1,2024,0.00458970731366568,1,0,0,0,0,0,0,0,0
1,0,0,8,2.0532725,30,231476,16.4,17.6,4,446.36458333333337,3,19.1,35,10.1,1,2024,0.00458970731366568,1,0,0,0,0,0,0,0,0
1,0,0,8,0.97547,30,185914,16.4,17.6,4,247.78472222222217,3,19.1,35,10.1,0,2024,0.003920940125610607,1,0,0,0,0,0,0,0,0
1,0,0,8,0.97547,30,185914,16.4,17.6,4,247.78472222222217,3,19.1,35,10.1,0,2024,0.003920940125610607,1,0,0,0,0,0,0,0,0
1,0,0,8,3.96222,30,231476,16.4,17.6,4,309.4791666666667,3,19.1,35,10.1,0,2024,0.012355507797346572,1,0,0,0,0,0,0,0,0
1,0,0,8,3.96222,30,231476,16.4,17.6,4,309.4791666666667,3,19.1,35,10.1,0,2024,0.012355507797346572,1,0,0,0,0,0,0,0,0
1,0,0,8,3.96222,30,231476,16.4,17.6,4,309.4791666666667,3,19.1,35,10.1,0,2024,0.012355507797346572,1,0,0,0,0,0,0,0,0
1,0,0,8,3.96222,30,231476,16.4,17.6,4,309.4791666666667,3,19.1,35,10.1,0,2024,0.012355507797346572,1,0,0,0,0,0,0,0,0
1,0,0,8,3.96222,30,35837,16.4,17.6,4,309.4791666666667,3,19.1,35,10.1,0,2024,0.012355507797346572,1,0,0,0,0,0,0,0,0
1,0,0,8,3.96222,30,35837,16.4,17.6,4,309.4791666666667,3,19.1,35,10.1,0,2024,0.012355507797346572,1,0,0,0,0,0,0,0,0
1,0,0,8,2.98806,30,32386,16.4,17.6,4,837.4583333333333,3,19.1,35,10.1,1,2024,0.0035637549073199823,1,0,0,0,0,0,0,0,0
1,0,0,8,2.98806,30,32386,16.4,17.6,4,837.4583333333333,3,19.1,35,10.1,1,2024,0.0035637549073199823,1,0,0,0,0,0,0,0,0
0,0,0,10,3.96222,4,182347,6.4,11.4,4,309.4791666666667,4,19.4,40,0.0,0,2024,0.012355507797346572,0,0,0,0,0,0,0,0,0
0,0,0,10,3.96222,4,55932,6.4,11.4,4,309.4791666666667,4,19.4,40,0.0,0,2024,0.012355507797346572,0,0,0,0,0,0,0,0,0
0,0,0,10,3.96222,4,55932,6.4,11.4,4,309.4791666666667,4,19.4,40,0.0,0,2024,0.012355507797346572,0,0,0,0,0,0,0,0,0
0,0,0,10,7.494947395833333,4,185914,6.4,11.4,4,306.9236111111111,4,19.4,40,0.0,0,2024,0.02434028156784917,0,0,0,0,0,0,0,0,0
0,0,0,10,2.3610736458333332,4,179566,6.4,11.4,4,279.65972222222223,4,19.4,40,0.0,0,2024,0.008412584560188048,0,0,0,0,0,0,0,0,0
0,0,0,10,2.3610736458333332,4,179566,6.4,11.4,4,279.65972222222223,4,19.4,40,0.0,0,2024,0.008412584560188048,0,0,0,0,0,0,0,0,0
0,0,0,10,7.654600555555556,4,183839,6.4,11.4,4,437.9826388888889,4,19.4,40,0.0,1,2024,0.017437137320350873,0,0,0,0,0,0,0,0,0
0,0,0,10,7.654600555555556,4,183839,6.4,11.4,4,437.9826388888889,4,19.4,40,0.0,1,2024,0.017437137320350873,0,0,0,0,0,0,0,0,0
0,0,0,10,3.96222,4,161450,6.4,11.4,4,309.4791666666667,4,19.4,40,0.0,0,2024,0.012355507797346572,0,0,0,0,0,0,0,0,0
0,0,0,10,3.96222,4,161450,6.4,11.4,4,309.4791666666667,4,19.4,40,0.0,0,2024,0.012355507797346572,0,0,0,0,0,0,0,0,0
0,0,0,10,3.96222,4,161450,6.4,11.4,4,309.4791666666667,4,19.4,40,0.0,0,2024,0.012355507797346572,0,0,0,0,0,0,0,0,0
0,0,0,10,3.96222,4,137426,6.4,11.4,4,309.4791666666667,4,19.4,40,0.0,0,2024,0.012355507797346572,0,0,0,0,0,0,0,0,0
0,0,0,10,3.96222,4,137426,6.4,11.4,4,309.4791666666667,4,19.4,40,0.0,0,2024,0.012355507797346572,0,0,0,0,0,0,0,0,0
0,0,0,10,3.96222,3,137426,11.1,11.9,3,309.4791666666667,4,16.5,40,0.2,0,2024,0.012355507797346572,0,0,0,0,0,0,1,0,0
0,0,0,10,3.96222,3,137426,11.1,11.9,3,309.4791666666667,4,16.5,40,0.2,0,2024,0.012355507797346572,0,0,0,0,0,0,1,0,0
0,0,0,10,0.37523284722222217,3,137426,11.1,11.9,3,552.3020833333333,4,16.5,40,0.2,1,2024,0.0006781699518672616,0,0,0,0,0,0,1,0,0
0,0,0,10,0.37523284722222217,3,137426,11.1,11.9,3,552.3020833333333,4,16.5,40,0.2,1,2024,0.0006781699518672616,0,0,0,0,0,0,1,0,0
0,0,0,10,3.607349236111111,4,138887,6.4,11.4,4,164.70833333333331,4,19.4,40,0.0,0,2024,0.021769268711759285,0,0,0,0,0,0,0,0,0
0,0,0,10,3.607349236111111,4,138887,6.4,11.4,4,164.70833333333331,4,19.4,40,0.0,0,2024,0.021769268711759285,0,0,0,0,0,0,0,0,0
0,0,0,10,3.96222,4,27547,6.4,11.4,4,309.4791666666667,4,19.4,40,0.0,0,2024,0.012355507797346572,0,0,0,0,0,0,0,0,0
0,0,0,10,3.96222,4,27547,6.4,11.4,4,309.4791666666667,4,19.4,40,0.0,0,2024,0.012355507797346572,0,0,0,0,0,0,0,0,0
0,0,0,6,4.26,20,27547,16.2,19.7,3,217.2619047619048,2,25.0,25,0.2,0,2024,0.019517835715064904,1,0,0,0,0,0,1,0,0
0,0,0,6,4.26,20,27547,16.2,19.7,3,217.2619047619048,2,25.0,25,0.2,0,2024,0.019517835715064904,1,0,0,0,0,0,1,0,0
1,0,0,6,3.96222,21,185914,17.0,19.8,4,309.4791666666667,2,25.3,25,4.6,0,2024,0.012355507797346572,1,0,0,0,0,0,0,0,0
1,0,0,6,3.96222,21,185914,17.0,19.8,4,309.4791666666667,2,25.3,25,4.6,0,2024,0.012355507797346572,1,0,0,0,0,0,0,0,0
0,0,0,6,4.26,20,179566,16.2,19.7,3,254.4047619047619,2,25.0,25,0.2,0,2024,0.01667940710357043,1,0,0,0,0,0,1,0,0
0,0,0,6,4.26,20,179566,16.2,19.7,3,254.4047619047619,2,25.0,25,0.2,0,2024,0.01667940710357043,1,0,0,0,0,0,1,0,0
1,0,0,6,3.96222,21,183839,17.0,19.8,4,309.4791666666667,2,25.3,25,4.6,0,2024,0.012355507797346572,1,0,0,0,0,0,0,0,0
1,0,0,6,3.96222,21,183839,17.0,19.8,4,309.4791666666667,2,25.3,25,4.6,0,2024,0.012355507797346572,1,0,0,0,0,0,0,0,0
0,0,0,6,15.237797619047615,20,137426,16.2,19.7,3,1601.565476190476,2,25.0,25,0.2,1,2024,0.009508377564247801,1,0,0,0,0,0,1,0,0
0,0,0,6,15.237797619047615,20,137426,16.2,19.7,3,1601.565476190476,2,25.0,25,0.2,1,2024,0.009508377564247801,1,0,0,0,0,0,1,0,0
1,0,0,6,3.96222,21,182347,17.0,19.8,4,309.4791666666667,2,25.3,25,4.6,0,2024,0.012355507797346572,1,0,0,0,0,0,0,0,0
1,0,0,6,3.96222,21,182347,17.0,19.8,4,309.4791666666667,2,25.3,25,4.6,0,2024,0.012355507797346572,1,0,0,0,0,0,0,0,0
1,0,0,6,13.98415767857143,21,35837,17.0,19.8,4,697.6190476190476,2,25.3,25,4.6,1,2024,0.020016857150160182,1,0,0,0,0,0,0,0,0
1,0,0,6,13.98415767857143,21,35837,17.0,19.8,4,697.6190476190476,2,25.3,25,4.6,1,2024,0.020016857150160182,1,0,0,0,0,0,0,0,0
1,0,0,6,13.98415767857143,21,35837,17.0,19.8,4,697.6190476190476,2,25.3,25,4.6,1,2024,0.020016857150160182,1,0,0,0,0,0,0,0,0
1,0,0,6,3.96222,21,35837,17.0,19.8,4,309.4791666666667,2,25.3,25,4.6,0,2024,0.012355507797346572,1,0,0,0,0,0,0,0,0
1,0,0,6,3.96222,21,35837,17.0,19.8,4,309.4791666666667,2,25.3,25,4.6,0,2024,0.012355507797346572,1,0,0,0,0,0,0,0,0
1,0,0,6,3.96222,21,48784,17.0,19.8,4,309.4791666666667,2,25.3,25,4.6,0,2024,0.012355507797346572,1,0,0,0,0,0,0,0,0
1,0,0,6,3.96222,21,48784,17.0,19.8,4,309.4791666666667,2,25.3,25,4.6,0,2024,0.012355507797346572,1,0,0,0,0,0,0,0,0
1,0,0,6,3.96222,21,48784,17.0,19.8,4,309.4791666666667,2,25.3,25,4.6,0,2024,0.012355507797346572,1,0,0,0,0,0,0,0,0
1,0,0,6,3.96222,21,32386,17.0,19.8,4,309.4791666666667,2,25.3,25,4.6,0,2024,0.012355507797346572,1,0,0,0,0,0,0,0,0
1,0,0,4,1.2135231547619048,9,185914,9.1,10.7,1,96.26785714285714,2,14.4,15,2.0,0,2024,0.012476096322134509,0,0,1,0,0,0,0,1,0
1,0,0,4,1.2135231547619048,9,185914,9.1,10.7,1,96.26785714285714,2,14.4,15,2.0,0,2024,0.012476096322134509,0,0,1,0,0,0,0,1,0
1,0,0,4,12.394047619047615,9,161450,9.1,10.7,1,4847.386904761905,2,14.4,15,2.0,1,2024,0.002556323961455024,0,0,1,0,0,0,0,1,0
1,0,0,4,12.394047619047615,9,161450,9.1,10.7,1,4847.386904761905,2,14.4,15,2.0,1,2024,0.002556323961455024,0,0,1,0,0,0,0,1,0
1,0,0,4,12.394047619047615,9,161450,9.1,10.7,1,4847.386904761905,2,14.4,15,2.0,1,2024,0.002556323961455024,0,0,1,0,0,0,0,1,0
1,1,0,4,0.7319778571428571,7,138907,15.4,16.0,6,328.375,2,19.0,14,5.0,1,2024,0.002222323664949851,0,0,1,0,0,1,0,0,0
1,1,0,4,0.7319778571428571,7,138907,15.4,16.0,6,328.375,2,19.0,14,5.0,1,2024,0.002222323664949851,0,0,1,0,0,1,0,0,0
1,1,0,4,0.7319778571428571,7,138907,15.4,16.0,6,328.375,2,19.0,14,5.0,1,2024,0.002222323664949851,0,0,1,0,0,1,0,0,0
1,1,0,4,3.96222,7,55932,15.4,16.0,6,309.4791666666667,2,19.0,14,5.0,0,2024,0.012355507797346572,0,0,1,0,0,1,0,0,0
1,1,0,4,3.96222,7,55932,15.4,16.0,6,309.4791666666667,2,19.0,14,5.0,0,2024,0.012355507797346572,0,0,1,0,0,1,0,0,0
1,0,0,4,7.376989166666667,9,179566,9.1,10.7,1,383.7380952380952,2,14.4,15,2.0,1,2024,0.01917405439693051,0,0,1,0,0,0,0,1,0
1,0,0,4,7.376989166666667,9,179566,9.1,10.7,1,383.7380952380952,2,14.4,15,2.0,1,2024,0.01917405439693051,0,0,1,0,0,0,0,1,0
1,0,0,4,5.333910297619048,9,179566,9.1,10.7,1,481.79761904761904,2,14.4,15,2.0,1,2024,0.01104792171125632,0,0,1,0,0,0,0,1,0
1,0,0,4,5.333910297619048,9,179566,9.1,10.7,1,481.79761904761904,2,14.4,15,2.0,1,2024,0.01104792171125632,0,0,1,0,0,0,0,1,0
1,0,0,4,6.883638928571429,9,179566,9.1,10.7,1,409.3095238095238,2,14.4,15,2.0,1,2024,0.01677669790518192,0,0,1,0,0,0,0,1,0
1,0,0,4,6.883638928571429,9,179566,9.1,10.7,1,409.3095238095238,2,14.4,15,2.0,1,2024,0.01677669790518192,0,0,1,0,0,0,0,1,0
1,0,0,4,3.96222,9,160526,9.1,10.7,1,309.4791666666667,2,14.4,15,2.0,0,2024,0.012355507797346572,0,0,1,0,0,0,0,1,0
1,0,0,4,3.96222,9,160526,9.1,10.7,1,309.4791666666667,2,14.4,15,2.0,0,2024,0.012355507797346572,0,0,1,0,0,0,0,1,0
1,0,0,4,2.764828630952381,9,161450,9.1,10.7,1,537.1964285714286,2,14.4,15,2.0,1,2024,0.00513721103332338,0,0,1,0,0,0,0,1,0
1,0,0,4,2.764828630952381,9,161450,9.1,10.7,1,537.1964285714286,2,14.4,15,2.0,1,2024,0.00513721103332338,0,0,1,0,0,0,0,1,0
1,0,0,4,2.764828630952381,9,161450,9.1,10.7,1,537.1964285714286,2,14.4,15,2.0,1,2024,0.00513721103332338,0,0,1,0,0,0,0,1,0
1,0,0,4,14.438988095238097,9,231476,9.1,10.7,1,3936.0416666666665,2,14.4,15,2.0,1,2024,0.003667471497060127,0,0,1,0,0,0,0,1,0
0,0,0,4,7.610897321428571,8,231476,11.4,16.4,0,264.2678571428572,2,24.0,15,1.0,0,2024,0.028691366543251422,0,0,1,1,0,0,0,0,0
0,0,0,4,7.610897321428571,8,231476,11.4,16.4,0,264.2678571428572,2,24.0,15,1.0,0,2024,0.028691366543251422,0,0,1,1,0,0,0,0,0
1,0,0,4,3.96222,9,138907,9.1,10.7,1,309.4791666666667,2,14.4,15,2.0,0,2024,0.012355507797346572,0,0,1,0,0,0,0,1,0
1,0,0,4,3.96222,9,138907,9.1,10.7,1,309.4791666666667,2,14.4,15,2.0,0,2024,0.012355507797346572,0,0,1,0,0,0,0,1,0
1,0,0,4,3.046277619047619,9,138887,9.1,10.7,1,182.9940476190476,2,14.4,15,2.0,0,2024,0.016556392222833297,0,0,1,0,0,0,0,1,0
1,0,0,4,3.046277619047619,9,138887,9.1,10.7,1,182.9940476190476,2,14.4,15,2.0,0,2024,0.016556392222833297,0,0,1,0,0,0,0,1,0
1,0,0,4,10.5849875,9,57934,9.1,10.7,1,190.41666666666663,2,14.4,15,2.0,0,2024,0.05529814976055726,0,0,1,0,0,0,0,1,0
1,0,0,4,10.5849875,9,57934,9.1,10.7,1,190.41666666666663,2,14.4,15,2.0,0,2024,0.05529814976055726,0,0,1,0,0,0,0,1,0
1,0,0,4,10.5849875,9,57934,9.1,10.7,1,190.41666666666663,2,14.4,15,2.0,0,2024,0.05529814976055726,0,0,1,0,0,0,0,1,0
1,0,0,4,10.5849875,9,57934,9.1,10.7,1,190.41666666666663,2,14.4,15,2.0,0,2024,0.05529814976055726,0,0,1,0,0,0,0,1,0
1,0,0,4,10.5849875,9,57934,9.1,10.7,1,190.41666666666663,2,14.4,15,2.0,0,2024,0.05529814976055726,0,0,1,0,0,0,0,1,0
1,0,0,4,10.5849875,9,57934,9.1,10.7,1,190.41666666666663,2,14.4,15,2.0,0,2024,0.05529814976055726,0,0,1,0,0,0,0,1,0
0,0,0,5,3.96222,16,19979,12.9,16.6,3,309.4791666666667,2,21.7,20,0.4,0,2024,0.012355507797346572,0,0,1,0,0,0,1,0,0
0,0,0,5,3.96222,16,19979,12.9,16.6,3,309.4791666666667,2,21.7,20,0.4,0,2024,0.012355507797346572,0,0,1,0,0,0,1,0,0
0,0,0,4,11.07382738095238,8,35837,11.4,16.4,0,329.9047619047619,2,24.0,15,1.0,1,2024,0.033465300762699664,0,0,1,1,0,0,0,0,0
0,0,0,4,11.07382738095238,8,35837,11.4,16.4,0,329.9047619047619,2,24.0,15,1.0,1,2024,0.033465300762699664,0,0,1,1,0,0,0,0,0
0,0,0,4,3.96222,8,35837,11.4,16.4,0,309.4791666666667,2,24.0,15,1.0,0,2024,0.012355507797346572,0,0,1,1,0,0,0,0,0
0,0,0,4,3.96222,8,35837,11.4,16.4,0,309.4791666666667,2,24.0,15,1.0,0,2024,0.012355507797346572,0,0,1,1,0,0,0,0,0
1,0,0,4,3.96222,9,27547,9.1,10.7,1,309.4791666666667,2,14.4,15,2.0,0,2024,0.012355507797346572,0,0,1,0,0,0,0,1,0
1,0,0,4,3.96222,9,32386,9.1,10.7,1,309.4791666666667,2,14.4,15,2.0,0,2024,0.012355507797346572,0,0,1,0,0,0,0,1,0
1,0,0,4,3.96222,9,32386,9.1,10.7,1,309.4791666666667,2,14.4,15,2.0,0,2024,0.012355507797346572,0,0,1,0,0,0,0,1,0
1,0,0,4,3.96222,9,32386,9.1,10.7,1,309.4791666666667,2,14.4,15,2.0,0,2024,0.012355507797346572,0,0,1,0,0,0,0,1,0
1,0,0,4,3.96222,9,27547,9.1,10.7,1,309.4791666666667,2,14.4,15,2.0,0,2024,0.012355507797346572,0,0,1,0,0,0,0,1,0
1,0,0,4,3.96222,9,15207,9.1,10.7,1,309.4791666666667,2,14.4,15,2.0,0,2024,0.012355507797346572,0,0,1,0,0,0,0,1,0
1,0,0,1,2.4963204761904763,17,15207,0.2,1.9,2,174.41071428571428,1,5.2,3,25.0,0,2024,0.014231288472632258,0,1,0,0,0,0,0,0,1
1,0,0,1,2.4963204761904763,17,15207,0.2,1.9,2,174.41071428571428,1,5.2,3,25.0,0,2024,0.014231288472632258,0,1,0,0,0,0,0,0,1
1,0,0,1,2.4963204761904763,17,15207,0.2,1.9,2,174.41071428571428,1,5.2,3,25.0,0,2024,0.014231288472632258,0,1,0,0,0,0,0,0,1
1,0,0,1,3.850000000000001,17,55932,0.2,1.9,2,179.33928571428572,1,5.2,3,25.0,0,2024,0.02134864838102783,0,1,0,0,0,0,0,0,1
1,0,0,1,3.850000000000001,17,55932,0.2,1.9,2,179.33928571428572,1,5.2,3,25.0,0,2024,0.02134864838102783,0,1,0,0,0,0,0,0,1
0,0,0,1,3.96222,18,179566,-0.5,1.0,3,309.4791666666667,1,4.9,3,0.0,0,2024,0.012355507797346572,0,1,0,0,0,0,1,0,0
0,0,0,1,3.96222,18,179566,-0.5,1.0,3,309.4791666666667,1,4.9,3,0.0,0,2024,0.012355507797346572,0,1,0,0,0,0,1,0,0
1,0,0,1,3.96222,17,183839,0.2,1.9,2,309.4791666666667,1,5.2,3,25.0,0,2024,0.012355507797346572,0,1,0,0,0,0,0,0,1
1,0,0,1,3.96222,17,231476,0.2,1.9,2,309.4791666666667,1,5.2,3,25.0,0,2024,0.012355507797346572,0,1,0,0,0,0,0,0,1
1,0,0,1,3.96222,17,231476,0.2,1.9,2,309.4791666666667,1,5.2,3,25.0,0,2024,0.012355507797346572,0,1,0,0,0,0,0,0,1
0,1,0,1,3.96222,14,137426,-2.4,-0.9,6,309.4791666666667,1,2.1,2,0.0,0,2024,0.012355507797346572,0,1,0,0,0,1,0,0,0
1,0,0,1,3.850000000000001,17,35837,0.2,1.9,2,461.6369047619048,1,5.2,3,25.0,1,2024,0.008321860967795892,0,1,0,0,0,0,0,0,1
1,0,0,1,3.850000000000001,17,35837,0.2,1.9,2,461.6369047619048,1,5.2,3,25.0,1,2024,0.008321860967795892,0,1,0,0,0,0,0,0,1
0,0,0,2,3.96222,27,183839,5.2,6.9,1,309.4791666666667,1,10.5,9,0.2,0,2024,0.012355507797346572,0,1,0,0,0,0,0,1,0
0,0,0,2,3.96222,27,183839,5.2,6.9,1,309.4791666666667,1,10.5,9,0.2,0,2024,0.012355507797346572,0,1,0,0,0,0,0,1,0
1,0,0,2,3.96222,29,179566,8.1,9.5,3,309.4791666666667,1,11.0,9,4.2,0,2024,0.012355507797346572,0,1,0,0,0,0,1,0,0
1,0,0,2,3.96222,29,179566,8.1,9.5,3,309.4791666666667,1,11.0,9,4.2,0,2024,0.012355507797346572,0,1,0,0,0,0,1,0,0
0,0,0,2,3.96222,28,161450,3.1,7.8,2,309.4791666666667,1,11.5,9,0.0,0,2024,0.012355507797346572,0,1,0,0,0,0,0,0,1
0,0,0,2,3.96222,28,161450,3.1,7.8,2,309.4791666666667,1,11.5,9,0.0,0,2024,0.012355507797346572,0,1,0,0,0,0,0,0,1
0,0,0,2,3.96222,28,161450,3.1,7.8,2,309.4791666666667,1,11.5,9,0.0,0,2024,0.012355507797346572,0,1,0,0,0,0,0,0,1
0,0,0,2,3.96222,28,161450,3.1,7.8,2,309.4791666666667,1,11.5,9,0.0,0,2024,0.012355507797346572,0,1,0,0,0,0,0,0,1
0,0,0,2,3.96222,28,161450,3.1,7.8,2,309.4791666666667,1,11.5,9,0.0,0,2024,0.012355507797346572,0,1,0,0,0,0,0,0,1
0,0,0,2,3.96222,28,161450,3.1,7.8,2,309.4791666666667,1,11.5,9,0.0,0,2024,0.012355507797346572,0,1,0,0,0,0,0,0,1
0,0,0,2,3.96222,27,179566,5.2,6.9,1,309.4791666666667,1,10.5,9,0.2,0,2024,0.012355507797346572,0,1,0,0,0,0,0,1,0
0,0,0,2,3.96222,27,179566,5.2,6.9,1,309.4791666666667,1,10.5,9,0.2,0,2024,0.012355507797346572,0,1,0,0,0,0,0,1,0
0,0,0,2,3.96222,27,179566,5.2,6.9,1,309.4791666666667,1,10.5,9,0.2,0,2024,0.012355507797346572,0,1,0,0,0,0,0,1,0
1,0,0,3,4.277372899305555,1,179566,5.3,8.0,4,459.98784722222223,1,12.1,9,4.6,1,2024,0.009278710762289618,0,0,1,0,0,0,0,0,0
1,0,0,3,4.277372899305555,1,179566,5.3,8.0,4,459.98784722222223,1,12.1,9,4.6,1,2024,0.009278710762289618,0,0,1,0,0,0,0,0,0
1,0,0,3,15.10753484375,1,183839,5.3,8.0,4,693.40625,1,12.1,9,4.6,1,2024,0.021756046757571666,0,0,1,0,0,0,0,0,0
1,0,0,3,15.10753484375,1,183839,5.3,8.0,4,693.40625,1,12.1,9,4.6,1,2024,0.021756046757571666,0,0,1,0,0,0,0,0,0
1,0,0,3,13.870493107638888,1,183839,5.3,8.0,4,540.2690972222222,1,12.1,9,4.6,1,2024,0.02562587293237665,0,0,1,0,0,0,0,0,0
1,0,0,3,13.870493107638888,1,183839,5.3,8.0,4,540.2690972222222,1,12.1,9,4.6,1,2024,0.02562587293237665,0,0,1,0,0,0,0,0,0
0,0,0,4,3.96222,8,138907,11.4,16.4,0,309.4791666666667,2,24.0,15,1.0,0,2024,0.012355507797346572,0,0,1,1,0,0,0,0,0
0,0,0,4,3.96222,8,138907,11.4,16.4,0,309.4791666666667,2,24.0,15,1.0,0,2024,0.012355507797346572,0,0,1,1,0,0,0,0,0
0,0,0,4,3.96222,8,138907,11.4,16.4,0,309.4791666666667,2,24.0,15,1.0,0,2024,0.012355507797346572,0,0,1,1,0,0,0,0,0
1,0,0,3,4.277545416666667,1,183839,5.3,8.0,4,185.84895833333331,1,12.1,9,4.6,0,2024,0.022893065365853664,0,0,1,0,0,0,0,0,0
1,0,0,3,4.277545416666667,1,183839,5.3,8.0,4,185.84895833333331,1,12.1,9,4.6,0,2024,0.022893065365853664,0,0,1,0,0,0,0,0,0
1,0,0,3,3.96222,1,161450,5.3,8.0,4,309.4791666666667,1,12.1,9,4.6,0,2024,0.012355507797346572,0,0,1,0,0,0,0,0,0
1,0,0,3,3.96222,1,161450,5.3,8.0,4,309.4791666666667,1,12.1,9,4.6,0,2024,0.012355507797346572,0,0,1,0,0,0,0,0,0
1,0,0,3,3.96222,1,161450,5.3,8.0,4,309.4791666666667,1,12.1,9,4.6,0,2024,0.012355507797346572,0,0,1,0,0,0,0,0,0
1,0,0,3,16.976837743055555,1,231476,5.3,8.0,4,410.26909722222223,1,12.1,9,4.6,1,2024,0.04127914754042998,0,0,1,0,0,0,0,0,0
1,0,0,3,16.976837743055555,1,231476,5.3,8.0,4,410.26909722222223,1,12.1,9,4.6,1,2024,0.04127914754042998,0,0,1,0,0,0,0,0,0
1,0,0,3,3.96222,1,137426,5.3,8.0,4,309.4791666666667,1,12.1,9,4.6,0,2024,0.012355507797346572,0,0,1,0,0,0,0,0,0
1,0,0,3,3.96222,1,137426,5.3,8.0,4,309.4791666666667,1,12.1,9,4.6,0,2024,0.012355507797346572,0,0,1,0,0,0,0,0,0
1,0,0,3,3.9972786979166672,1,182347,5.3,8.0,4,429.94444444444446,1,12.1,9,4.6,1,2024,0.009275624153989945,0,0,1,0,0,0,0,0,0
1,0,0,3,3.9972786979166672,1,182347,5.3,8.0,4,429.94444444444446,1,12.1,9,4.6,1,2024,0.009275624153989945,0,0,1,0,0,0,0,0,0
1,0,0,3,3.96222,1,35837,5.3,8.0,4,309.4791666666667,1,12.1,9,4.6,0,2024,0.012355507797346572,0,0,1,0,0,0,0,0,0
1,0,0,3,3.96222,1,35837,5.3,8.0,4,309.4791666666667,1,12.1,9,4.6,0,2024,0.012355507797346572,0,0,1,0,0,0,0,0,0
1,0,0,3,3.96222,1,137426,5.3,8.0,4,309.4791666666667,1,12.1,9,4.6,0,2024,0.012355507797346572,0,0,1,0,0,0,0,0,0
1,0,0,3,3.96222,1,137426,5.3,8.0,4,309.4791666666667,1,12.1,9,4.6,0,2024,0.012355507797346572,0,0,1,0,0,0,0,0,0
1,0,0,2,3.3502459201388888,29,48784,8.1,9.5,3,710.5503472222222,1,11.0,9,4.2,1,2024,0.004708375075941862,0,1,0,0,0,0,1,0,0
1,0,0,2,3.3502459201388888,29,48784,8.1,9.5,3,710.5503472222222,1,11.0,9,4.2,1,2024,0.004708375075941862,0,1,0,0,0,0,1,0,0
1,0,0,2,3.3502459201388888,29,48784,8.1,9.5,3,710.5503472222222,1,11.0,9,4.2,1,2024,0.004708375075941862,0,1,0,0,0,0,1,0,0
1,0,0,3,3.96222,1,15207,5.3,8.0,4,309.4791666666667,1,12.1,9,4.6,0,2024,0.012355507797346572,0,0,1,0,0,0,0,0,0
1,0,0,3,3.96222,1,15207,5.3,8.0,4,309.4791666666667,1,12.1,9,4.6,0,2024,0.012355507797346572,0,0,1,0,0,0,0,0,0
0,0,0,4,18.33333333333333,8,160526,11.4,16.4,0,4337.142857142857,2,24.0,15,1.0,1,2024,0.00422607874776347,0,0,1,1,0,0,0,0,0
0,0,0,4,18.33333333333333,8,160526,11.4,16.4,0,4337.142857142857,2,24.0,15,1.0,1,2024,0.00422607874776347,0,0,1,1,0,0,0,0,0
1,1,0,4,1.2516216071428572,7,138907,15.4,16.0,6,244.7321428571429,2,19.0,14,5.0,0,2024,0.005093438703582588,0,0,1,0,0,1,0,0,0
1,1,0,4,1.2516216071428572,7,138907,15.4,16.0,6,244.7321428571429,2,19.0,14,5.0,0,2024,0.005093438703582588,0,0,1,0,0,1,0,0,0
1,1,0,4,1.2516216071428572,7,138907,15.4,16.0,6,244.7321428571429,2,19.0,14,5.0,0,2024,0.005093438703582588,0,0,1,0,0,1,0,0,0
1,1,0,4,1.2516216071428572,7,138907,15.4,16.0,6,244.7321428571429,2,19.0,14,5.0,0,2024,0.005093438703582588,0,0,1,0,0,1,0,0,0
1,1,0,4,1.2516216071428572,7,138907,15.4,16.0,6,244.7321428571429,2,19.0,14,5.0,0,2024,0.005093438703582588,0,0,1,0,0,1,0,0,0
0,1,0,4,7.378571428571428,6,161450,14.1,19.0,5,1043.202380952381,2,24.8,14,0.0,1,2024,0.007066227355124097,0,0,1,0,1,0,0,0,0
0,1,0,4,7.378571428571428,6,161450,14.1,19.0,5,1043.202380952381,2,24.8,14,0.0,1,2024,0.007066227355124097,0,0,1,0,1,0,0,0,0
0,1,0,4,7.378571428571428,6,161450,14.1,19.0,5,1043.202380952381,2,24.8,14,0.0,1,2024,0.007066227355124097,0,0,1,0,1,0,0,0,0
1,0,0,5,3.96222,15,161450,13.0,16.5,2,309.4791666666667,2,22.6,20,3.8,0,2024,0.012355507797346572,0,0,1,0,0,0,0,0,1
1,0,0,5,3.96222,15,161450,13.0,16.5,2,309.4791666666667,2,22.6,20,3.8,0,2024,0.012355507797346572,0,0,1,0,0,0,0,0,1
0,0,0,4,3.96222,8,185914,11.4,16.4,0,309.4791666666667,2,24.0,15,1.0,0,2024,0.012355507797346572,0,0,1,1,0,0,0,0,0
0,0,0,4,3.96222,8,185914,11.4,16.4,0,309.4791666666667,2,24.0,15,1.0,0,2024,0.012355507797346572,0,0,1,1,0,0,0,0,0
1,0,0,5,3.96222,15,160526,13.0,16.5,2,309.4791666666667,2,22.6,20,3.8,0,2024,0.012355507797346572,0,0,1,0,0,0,0,0,1
1,0,0,5,3.96222,15,160526,13.0,16.5,2,309.4791666666667,2,22.6,20,3.8,0,2024,0.012355507797346572,0,0,1,0,0,0,0,0,1
1,0,0,5,6.579462083333333,15,179566,13.0,16.5,2,412.9880952380952,2,22.6,20,3.8,1,2024,0.015892877498202732,0,0,1,0,0,0,0,0,1
1,0,0,5,6.579462083333333,15,179566,13.0,16.5,2,412.9880952380952,2,22.6,20,3.8,1,2024,0.015892877498202732,0,0,1,0,0,0,0,0,1
0,0,0,4,5.5155770833333335,8,185914,11.4,16.4,0,292.2619047619048,2,24.0,15,1.0,0,2024,0.01880768348623853,0,0,1,1,0,0,0,0,0
0,0,0,4,5.5155770833333335,8,185914,11.4,16.4,0,292.2619047619048,2,24.0,15,1.0,0,2024,0.01880768348623853,0,0,1,1,0,0,0,0,0
1,0,0,5,3.96222,14,185914,13.7,15.3,1,309.4791666666667,2,16.2,20,11.7,0,2024,0.012355507797346572,0,0,1,0,0,0,0,1,0
1,0,0,5,3.96222,14,185914,13.7,15.3,1,309.4791666666667,2,16.2,20,11.7,0,2024,0.012355507797346572,0,0,1,0,0,0,0,1,0
0,0,0,4,3.96222,8,185914,11.4,16.4,0,309.4791666666667,2,24.0,15,1.0,0,2024,0.012355507797346572,0,0,1,1,0,0,0,0,0
0,0,0,4,3.96222,8,185914,11.4,16.4,0,309.4791666666667,2,24.0,15,1.0,0,2024,0.012355507797346572,0,0,1,1,0,0,0,0,0
0,0,0,5,3.96222,16,179566,12.9,16.6,3,309.4791666666667,2,21.7,20,0.4,0,2024,0.012355507797346572,0,0,1,0,0,0,1,0,0
0,0,0,5,3.96222,16,179566,12.9,16.6,3,309.4791666666667,2,21.7,20,0.4,0,2024,0.012355507797346572,0,0,1,0,0,0,1,0,0
0,0,0,5,3.96222,16,179566,12.9,16.6,3,309.4791666666667,2,21.7,20,0.4,0,2024,0.012355507797346572,0,0,1,0,0,0,1,0,0
0,0,0,4,3.96222,8,179566,11.4,16.4,0,309.4791666666667,2,24.0,15,1.0,0,2024,0.012355507797346572,0,0,1,1,0,0,0,0,0
0,0,0,4,3.96222,8,179566,11.4,16.4,0,309.4791666666667,2,24.0,15,1.0,0,2024,0.012355507797346572,0,0,1,1,0,0,0,0,0
1,0,0,5,4.04056,15,160526,13.0,16.5,2,481.6428571428572,2,22.6,20,3.8,1,2024,0.008371738937398253,0,0,1,0,0,0,0,0,1
1,0,0,5,4.04056,15,160526,13.0,16.5,2,481.6428571428572,2,22.6,20,3.8,1,2024,0.008371738937398253,0,0,1,0,0,0,0,0,1
0,0,0,4,3.96222,8,179566,11.4,16.4,0,309.4791666666667,2,24.0,15,1.0,0,2024,0.012355507797346572,0,0,1,1,0,0,0,0,0
0,0,0,4,3.96222,8,179566,11.4,16.4,0,309.4791666666667,2,24.0,15,1.0,0,2024,0.012355507797346572,0,0,1,1,0,0,0,0,0
0,0,0,5,3.96222,16,161450,12.9,16.6,3,309.4791666666667,2,21.7,20,0.4,0,2024,0.012355507797346572,0,0,1,0,0,0,1,0,0
0,0,0,5,3.96222,16,161450,12.9,16.6,3,309.4791666666667,2,21.7,20,0.4,0,2024,0.012355507797346572,0,0,1,0,0,0,1,0,0
0,0,0,5,3.96222,16,161450,12.9,16.6,3,309.4791666666667,2,21.7,20,0.4,0,2024,0.012355507797346572,0,0,1,0,0,0,1,0,0
0,0,0,5,3.96222,16,161450,12.9,16.6,3,309.4791666666667,2,21.7,20,0.4,0,2024,0.012355507797346572,0,0,1,0,0,0,1,0,0
0,0,0,5,3.96222,16,161450,12.9,16.6,3,309.4791666666667,2,21.7,20,0.4,0,2024,0.012355507797346572,0,0,1,0,0,0,1,0,0
0,0,0,5,3.96222,16,161450,12.9,16.6,3,309.4791666666667,2,21.7,20,0.4,0,2024,0.012355507797346572,0,0,1,0,0,0,1,0,0
0,0,0,5,3.96222,16,161450,12.9,16.6,3,309.4791666666667,2,21.7,20,0.4,0,2024,0.012355507797346572,0,0,1,0,0,0,1,0,0
0,0,0,5,3.96222,16,161450,12.9,16.6,3,309.4791666666667,2,21.7,20,0.4,0,2024,0.012355507797346572,0,0,1,0,0,0,1,0,0
0,0,0,4,3.96222,8,161450,11.4,16.4,0,309.4791666666667,2,24.0,15,1.0,0,2024,0.012355507797346572,0,0,1,1,0,0,0,0,0
0,0,0,4,3.96222,8,161450,11.4,16.4,0,309.4791666666667,2,24.0,15,1.0,0,2024,0.012355507797346572,0,0,1,1,0,0,0,0,0
0,0,0,4,3.96222,8,161450,11.4,16.4,0,309.4791666666667,2,24.0,15,1.0,0,2024,0.012355507797346572,0,0,1,1,0,0,0,0,0
0,0,0,5,3.96222,16,137426,12.9,16.6,3,309.4791666666667,2,21.7,20,0.4,0,2024,0.012355507797346572,0,0,1,0,0,0,1,0,0
0,0,0,5,3.96222,16,137426,12.9,16.6,3,309.4791666666667,2,21.7,20,0.4,0,2024,0.012355507797346572,0,0,1,0,0,0,1,0,0
0,0,0,4,2.6131127380952384,8,138887,11.4,16.4,0,173.48809523809524,2,24.0,15,1.0,0,2024,0.014975879784403357,0,0,1,1,0,0,0,0,0
0,0,0,4,2.6131127380952384,8,138887,11.4,16.4,0,173.48809523809524,2,24.0,15,1.0,0,2024,0.014975879784403357,0,0,1,1,0,0,0,0,0
0,0,0,4,3.852780000000001,8,19979,11.4,16.4,0,912.2380952380952,2,24.0,15,1.0,1,2024,0.004218812180623633,0,0,1,1,0,0,0,0,0
0,0,0,5,2.921684583333333,16,182347,12.9,16.6,3,416.3928571428572,2,21.7,20,0.4,1,2024,0.006999843273152504,0,0,1,0,0,0,1,0,0
0,0,0,5,2.921684583333333,16,182347,12.9,16.6,3,416.3928571428572,2,21.7,20,0.4,1,2024,0.006999843273152504,0,0,1,0,0,0,1,0,0
0,0,0,5,3.96222,16,84310,12.9,16.6,3,309.4791666666667,2,21.7,20,0.4,0,2024,0.012355507797346572,0,0,1,0,0,0,1,0,0
0,0,0,5,3.96222,16,84310,12.9,16.6,3,309.4791666666667,2,21.7,20,0.4,0,2024,0.012355507797346572,0,0,1,0,0,0,1,0,0
0,0,0,5,3.96222,16,35837,12.9,16.6,3,309.4791666666667,2,21.7,20,0.4,0,2024,0.012355507797346572,0,0,1,0,0,0,1,0,0
0,0,0,5,3.96222,16,35837,12.9,16.6,3,309.4791666666667,2,21.7,20,0.4,0,2024,0.012355507797346572,0,0,1,0,0,0,1,0,0
0,0,0,5,3.96222,16,35837,12.9,16.6,3,309.4791666666667,2,21.7,20,0.4,0,2024,0.012355507797346572,0,0,1,0,0,0,1,0,0
0,0,0,5,3.96222,16,35837,12.9,16.6,3,309.4791666666667,2,21.7,20,0.4,0,2024,0.012355507797346572,0,0,1,0,0,0,1,0,0
1,0,0,5,3.96222,15,32386,13.0,16.5,2,309.4791666666667,2,22.6,20,3.8,0,2024,0.012355507797346572,0,0,1,0,0,0,0,0,1
1,0,0,5,3.96222,15,32386,13.0,16.5,2,309.4791666666667,2,22.6,20,3.8,0,2024,0.012355507797346572,0,0,1,0,0,0,0,0,1
1,0,0,5,3.96222,15,32386,13.0,16.5,2,309.4791666666667,2,22.6,20,3.8,0,2024,0.012355507797346572,0,0,1,0,0,0,0,0,1
1,0,0,8,0.7815541666666667,30,185914,16.4,17.6,4,45.6875,3,19.1,35,10.1,0,2024,0.016740116019634092,1,0,0,0,0,0,0,0,0
1,0,0,8,0.7815541666666667,30,185914,16.4,17.6,4,45.6875,3,19.1,35,10.1,0,2024,0.016740116019634092,1,0,0,0,0,0,0,0,0
0,1,0,7,3.96222,21,183839,20.1,22.4,6,309.4791666666667,3,28.5,29,0.2,0,2024,0.012355507797346572,1,0,0,0,0,1,0,0,0
0,1,0,7,3.96222,21,183839,20.1,22.4,6,309.4791666666667,3,28.5,29,0.2,0,2024,0.012355507797346572,1,0,0,0,0,1,0,0,0
0,1,0,7,3.96222,21,183839,20.1,22.4,6,309.4791666666667,3,28.5,29,0.2,0,2024,0.012355507797346572,1,0,0,0,0,1,0,0,0
0,1,0,7,3.96222,21,183839,20.1,22.4,6,309.4791666666667,3,28.5,29,0.2,0,2024,0.012355507797346572,1,0,0,0,0,1,0,0,0
0,1,0,7,1.3896239285714285,21,231476,20.1,22.4,6,282.7797619047619,3,28.5,29,0.2,0,2024,0.004896839433665442,1,0,0,0,0,1,0,0,0
0,1,0,7,1.3896239285714285,21,231476,20.1,22.4,6,282.7797619047619,3,28.5,29,0.2,0,2024,0.004896839433665442,1,0,0,0,0,1,0,0,0
0,1,0,7,1.3896239285714285,21,231476,20.1,22.4,6,282.7797619047619,3,28.5,29,0.2,0,2024,0.004896839433665442,1,0,0,0,0,1,0,0,0
1,1,0,7,3.50333,20,137426,19.6,26.4,5,524.3571428571429,3,31.7,29,2.4,1,2024,0.006668473147518695,1,0,0,0,1,0,0,0,0
1,1,0,7,3.50333,20,137426,19.6,26.4,5,524.3571428571429,3,31.7,29,2.4,1,2024,0.006668473147518695,1,0,0,0,1,0,0,0,0
1,1,0,7,3.50333,20,137426,19.6,26.4,5,524.3571428571429,3,31.7,29,2.4,1,2024,0.006668473147518695,1,0,0,0,1,0,0,0,0
0,0,0,7,3.96222,22,41158,15.7,20.9,0,309.4791666666667,3,27.0,30,0.8,0,2024,0.012355507797346572,1,0,0,1,0,0,0,0,0
0,0,0,7,3.96222,22,41158,15.7,20.9,0,309.4791666666667,3,27.0,30,0.8,0,2024,0.012355507797346572,1,0,0,1,0,0,0,0,0
0,0,0,7,2.1166380357142858,22,185914,15.7,20.9,0,142.73214285714286,3,27.0,30,0.8,0,2024,0.014726267859361411,1,0,0,1,0,0,0,0,0
0,0,0,7,2.1166380357142858,22,185914,15.7,20.9,0,142.73214285714286,3,27.0,30,0.8,0,2024,0.014726267859361411,1,0,0,1,0,0,0,0,0
0,0,0,7,2.2729309523809524,22,179566,15.7,20.9,0,247.64880952380952,3,27.0,30,0.8,0,2024,0.009141129437675054,1,0,0,1,0,0,0,0,0
0,0,0,7,2.2729309523809524,22,179566,15.7,20.9,0,247.64880952380952,3,27.0,30,0.8,0,2024,0.009141129437675054,1,0,0,1,0,0,0,0,0
0,0,0,7,2.2729309523809524,22,179566,15.7,20.9,0,247.64880952380952,3,27.0,30,0.8,0,2024,0.009141129437675054,1,0,0,1,0,0,0,0,0
0,0,0,7,3.96222,22,160526,15.7,20.9,0,309.4791666666667,3,27.0,30,0.8,0,2024,0.012355507797346572,1,0,0,1,0,0,0,0,0
0,0,0,7,3.96222,22,160526,15.7,20.9,0,309.4791666666667,3,27.0,30,0.8,0,2024,0.012355507797346572,1,0,0,1,0,0,0,0,0
0,1,0,7,3.96222,21,138907,20.1,22.4,6,309.4791666666667,3,28.5,29,0.2,0,2024,0.012355507797346572,1,0,0,0,0,1,0,0,0
0,1,0,7,3.96222,21,138907,20.1,22.4,6,309.4791666666667,3,28.5,29,0.2,0,2024,0.012355507797346572,1,0,0,0,0,1,0,0,0
0,1,0,7,3.96222,21,138907,20.1,22.4,6,309.4791666666667,3,28.5,29,0.2,0,2024,0.012355507797346572,1,0,0,0,0,1,0,0,0
0,1,0,7,3.96222,21,138907,20.1,22.4,6,309.4791666666667,3,28.5,29,0.2,0,2024,0.012355507797346572,1,0,0,0,0,1,0,0,0
0,1,0,7,3.96222,21,138907,20.1,22.4,6,309.4791666666667,3,28.5,29,0.2,0,2024,0.012355507797346572,1,0,0,0,0,1,0,0,0
0,0,0,7,2.1166380357142858,22,138887,15.7,20.9,0,142.73214285714286,3,27.0,30,0.8,0,2024,0.014726267859361411,1,0,0,1,0,0,0,0,0
0,0,0,7,2.1166380357142858,22,138887,15.7,20.9,0,142.73214285714286,3,27.0,30,0.8,0,2024,0.014726267859361411,1,0,0,1,0,0,0,0,0
0,0,0,7,3.96222,22,48784,15.7,20.9,0,309.4791666666667,3,27.0,30,0.8,0,2024,0.012355507797346572,1,0,0,1,0,0,0,0,0
0,0,0,7,2.85,22,48784,15.7,20.9,0,78.88095238095238,3,27.0,30,0.8,0,2024,0.03567809239940388,1,0,0,1,0,0,0,0,0
0,0,0,7,2.85,22,48784,15.7,20.9,0,78.88095238095238,3,27.0,30,0.8,0,2024,0.03567809239940388,1,0,0,1,0,0,0,0,0
0,0,0,8,10.888020833333332,29,161450,17.7,22.1,3,3767.6805555555557,3,27.5,35,0.0,1,2024,0.0028890803220991725,1,0,0,0,0,0,1,0,0
0,0,0,8,10.888020833333332,29,161450,17.7,22.1,3,3767.6805555555557,3,27.5,35,0.0,1,2024,0.0028890803220991725,1,0,0,0,0,0,1,0,0
0,0,0,8,10.888020833333332,29,161450,17.7,22.1,3,3767.6805555555557,3,27.5,35,0.0,1,2024,0.0028890803220991725,1,0,0,0,0,0,1,0,0
0,0,0,8,10.888020833333332,29,161450,17.7,22.1,3,3767.6805555555557,3,27.5,35,0.0,1,2024,0.0028890803220991725,1,0,0,0,0,0,1,0,0
0,0,0,8,10.888020833333332,29,161450,17.7,22.1,3,3767.6805555555557,3,27.5,35,0.0,1,2024,0.0028890803220991725,1,0,0,0,0,0,1,0,0
0,0,0,8,10.888020833333332,29,161450,17.7,22.1,3,3767.6805555555557,3,27.5,35,0.0,1,2024,0.0028890803220991725,1,0,0,0,0,0,1,0,0
0,0,0,8,10.888020833333332,29,161450,17.7,22.1,3,3767.6805555555557,3,27.5,35,0.0,1,2024,0.0028890803220991725,1,0,0,0,0,0,1,0,0
0,0,0,8,10.888020833333332,29,161450,17.7,22.1,3,3767.6805555555557,3,27.5,35,0.0,1,2024,0.0028890803220991725,1,0,0,0,0,0,1,0,0
0,0,0,8,2.98806,28,137426,14.6,23.6,2,137.41319444444446,3,32.8,35,0.0,0,2024,0.021587970799989965,1,0,0,0,0,0,0,0,1
0,0,0,8,2.98806,28,137426,14.6,23.6,2,137.41319444444446,3,32.8,35,0.0,0,2024,0.021587970799989965,1,0,0,0,0,0,0,0,1
0,0,0,8,5.426562499999999,28,138907,14.6,23.6,2,1087.2916666666667,3,32.8,35,0.0,1,2024,0.004986312645966537,1,0,0,0,0,0,0,0,1
0,0,0,8,5.426562499999999,28,138907,14.6,23.6,2,1087.2916666666667,3,32.8,35,0.0,1,2024,0.004986312645966537,1,0,0,0,0,0,0,0,1
0,0,0,8,5.426562499999999,28,138907,14.6,23.6,2,1087.2916666666667,3,32.8,35,0.0,1,2024,0.004986312645966537,1,0,0,0,0,0,0,0,1
0,0,0,8,3.3542249305555556,29,35837,17.7,22.1,3,160.48958333333331,3,27.5,35,0.0,0,2024,0.020770534305188246,1,0,0,0,0,0,1,0,0
0,0,0,8,3.3542249305555556,29,35837,17.7,22.1,3,160.48958333333331,3,27.5,35,0.0,0,2024,0.020770534305188246,1,0,0,0,0,0,1,0,0
0,0,0,8,3.3542249305555556,29,35837,17.7,22.1,3,160.48958333333331,3,27.5,35,0.0,0,2024,0.020770534305188246,1,0,0,0,0,0,1,0,0
0,0,0,8,3.96222,29,183839,17.7,22.1,3,309.4791666666667,3,27.5,35,0.0,0,2024,0.012355507797346572,1,0,0,0,0,0,1,0,0
0,0,0,8,3.96222,29,183839,17.7,22.1,3,309.4791666666667,3,27.5,35,0.0,0,2024,0.012355507797346572,1,0,0,0,0,0,1,0,0
0,0,0,8,3.96222,29,183839,17.7,22.1,3,309.4791666666667,3,27.5,35,0.0,0,2024,0.012355507797346572,1,0,0,0,0,0,1,0,0
0,0,0,8,3.96222,29,183839,17.7,22.1,3,309.4791666666667,3,27.5,35,0.0,0,2024,0.012355507797346572,1,0,0,0,0,0,1,0,0
0,0,0,8,11.569618055555555,28,138907,14.6,23.6,2,3953.725694444445,3,32.8,35,0.0,1,2024,0.0029255172038375322,1,0,0,0,0,0,0,0,1
0,0,0,8,11.569618055555555,28,138907,14.6,23.6,2,3953.725694444445,3,32.8,35,0.0,1,2024,0.0029255172038375322,1,0,0,0,0,0,0,0,1
0,0,0,8,11.569618055555555,28,138907,14.6,23.6,2,3953.725694444445,3,32.8,35,0.0,1,2024,0.0029255172038375322,1,0,0,0,0,0,0,0,1
0,0,0,8,3.96222,28,161450,14.6,23.6,2,309.4791666666667,3,32.8,35,0.0,0,2024,0.012355507797346572,1,0,0,0,0,0,0,0,1
0,0,0,8,3.96222,28,161450,14.6,23.6,2,309.4791666666667,3,32.8,35,0.0,0,2024,0.012355507797346572,1,0,0,0,0,0,0,0,1
0,0,0,8,3.96222,28,161450,14.6,23.6,2,309.4791666666667,3,32.8,35,0.0,0,2024,0.012355507797346572,1,0,0,0,0,0,0,0,1
0,0,0,8,3.96222,28,161450,14.6,23.6,2,309.4791666666667,3,32.8,35,0.0,0,2024,0.012355507797346572,1,0,0,0,0,0,0,0,1
0,0,0,8,3.96222,28,161450,14.6,23.6,2,309.4791666666667,3,32.8,35,0.0,0,2024,0.012355507797346572,1,0,0,0,0,0,0,0,1
0,0,0,8,2.98806,29,231476,17.7,22.1,3,189.15625,3,27.5,35,0.0,0,2024,0.015713709120788826,1,0,0,0,0,0,1,0,0
0,0,0,8,2.98806,29,138907,17.7,22.1,3,135.32638888888889,3,27.5,35,0.0,0,2024,0.02191842697773929,1,0,0,0,0,0,1,0,0
0,0,0,8,2.98806,29,138907,17.7,22.1,3,135.32638888888889,3,27.5,35,0.0,0,2024,0.02191842697773929,1,0,0,0,0,0,1,0,0
0,0,0,8,2.98806,29,138887,17.7,22.1,3,135.32638888888889,3,27.5,35,0.0,0,2024,0.02191842697773929,1,0,0,0,0,0,1,0,0
0,0,0,8,2.98806,29,138887,17.7,22.1,3,135.32638888888889,3,27.5,35,0.0,0,2024,0.02191842697773929,1,0,0,0,0,0,1,0,0
0,0,0,8,2.98806,29,138887,17.7,22.1,3,135.32638888888889,3,27.5,35,0.0,0,2024,0.02191842697773929,1,0,0,0,0,0,1,0,0
0,0,0,8,3.96222,29,84310,17.7,22.1,3,309.4791666666667,3,27.5,35,0.0,0,2024,0.012355507797346572,1,0,0,0,0,0,1,0,0
0,0,0,8,3.96222,29,84310,17.7,22.1,3,309.4791666666667,3,27.5,35,0.0,0,2024,0.012355507797346572,1,0,0,0,0,0,1,0,0
0,0,0,8,3.96222,29,35837,17.7,22.1,3,309.4791666666667,3,27.5,35,0.0,0,2024,0.012355507797346572,1,0,0,0,0,0,1,0,0
0,0,0,8,3.96222,29,35837,17.7,22.1,3,309.4791666666667,3,27.5,35,0.0,0,2024,0.012355507797346572,1,0,0,0,0,0,1,0,0
0,0,0,8,1.521102951388889,29,48784,17.7,22.1,3,719.15625,3,27.5,35,0.0,1,2024,0.002112184614642849,1,0,0,0,0,0,1,0,0
0,0,0,8,1.521102951388889,29,48784,17.7,22.1,3,719.15625,3,27.5,35,0.0,1,2024,0.002112184614642849,1,0,0,0,0,0,1,0,0
0,0,0,8,3.96222,29,57934,17.7,22.1,3,309.4791666666667,3,27.5,35,0.0,0,2024,0.012355507797346572,1,0,0,0,0,0,1,0,0
0,0,0,8,3.96222,29,57934,17.7,22.1,3,309.4791666666667,3,27.5,35,0.0,0,2024,0.012355507797346572,1,0,0,0,0,0,1,0,0
0,0,0,8,3.96222,29,57934,17.7,22.1,3,309.4791666666667,3,27.5,35,0.0,0,2024,0.012355507797346572,1,0,0,0,0,0,1,0,0
0,0,0,8,3.96222,28,161450,14.6,23.6,2,309.4791666666667,3,32.8,35,0.0,0,2024,0.012355507797346572,1,0,0,0,0,0,0,0,1
0,0,0,8,3.96222,28,161450,14.6,23.6,2,309.4791666666667,3,32.8,35,0.0,0,2024,0.012355507797346572,1,0,0,0,0,0,0,0,1
0,0,0,8,3.96222,28,161450,14.6,23.6,2,309.4791666666667,3,32.8,35,0.0,0,2024,0.012355507797346572,1,0,0,0,0,0,0,0,1
0,0,0,10,14.266493055555554,3,183839,11.1,11.9,3,4785.715277777777,4,16.5,40,0.2,1,2024,0.0029804348551474204,0,0,0,0,0,0,1,0,0
0,0,0,10,14.266493055555554,3,183839,11.1,11.9,3,4785.715277777777,4,16.5,40,0.2,1,2024,0.0029804348551474204,0,0,0,0,0,0,1,0,0
0,0,0,10,3.6149298263888885,3,183839,11.1,11.9,3,177.88541666666669,4,16.5,40,0.2,0,2024,0.02020807449678759,0,0,0,0,0,0,1,0,0
0,0,0,10,3.6149298263888885,3,183839,11.1,11.9,3,177.88541666666669,4,16.5,40,0.2,0,2024,0.02020807449678759,0,0,0,0,0,0,1,0,0
0,0,0,10,3.96222,3,231476,11.1,11.9,3,309.4791666666667,4,16.5,40,0.2,0,2024,0.012355507797346572,0,0,0,0,0,0,1,0,0
0,0,0,10,3.96222,3,231476,11.1,11.9,3,309.4791666666667,4,16.5,40,0.2,0,2024,0.012355507797346572,0,0,0,0,0,0,1,0,0
0,0,0,10,3.607349236111111,3,138887,11.1,11.9,3,164.70833333333331,4,16.5,40,0.2,0,2024,0.021769268711759285,0,0,0,0,0,0,1,0,0
0,0,0,10,3.607349236111111,3,138887,11.1,11.9,3,164.70833333333331,4,16.5,40,0.2,0,2024,0.021769268711759285,0,0,0,0,0,0,1,0,0
0,0,0,10,3.607349236111111,3,138887,11.1,11.9,3,164.70833333333331,4,16.5,40,0.2,0,2024,0.021769268711759285,0,0,0,0,0,0,1,0,0
0,0,0,10,14.118210416666667,3,15207,11.1,11.9,3,260.8576388888889,4,16.5,40,0.2,0,2024,0.05391559504077438,0,0,0,0,0,0,1,0,0
0,0,0,10,14.118210416666667,3,15207,11.1,11.9,3,260.8576388888889,4,16.5,40,0.2,0,2024,0.05391559504077438,0,0,0,0,0,0,1,0,0
0,0,0,6,3.96222,20,182347,16.2,19.7,3,309.4791666666667,2,25.0,25,0.2,0,2024,0.012355507797346572,1,0,0,0,0,0,1,0,0
0,0,0,6,3.96222,20,160526,16.2,19.7,3,309.4791666666667,2,25.0,25,0.2,0,2024,0.012355507797346572,1,0,0,0,0,0,1,0,0
0,0,0,6,3.96222,20,160526,16.2,19.7,3,309.4791666666667,2,25.0,25,0.2,0,2024,0.012355507797346572,1,0,0,0,0,0,1,0,0
0,0,0,6,3.96222,20,160526,16.2,19.7,3,309.4791666666667,2,25.0,25,0.2,0,2024,0.012355507797346572,1,0,0,0,0,0,1,0,0
0,0,0,6,3.96222,20,160526,16.2,19.7,3,309.4791666666667,2,25.0,25,0.2,0,2024,0.012355507797346572,1,0,0,0,0,0,1,0,0
0,0,0,6,3.96222,20,160526,16.2,19.7,3,309.4791666666667,2,25.0,25,0.2,0,2024,0.012355507797346572,1,0,0,0,0,0,1,0,0
0,0,0,6,3.96222,20,160526,16.2,19.7,3,309.4791666666667,2,25.0,25,0.2,0,2024,0.012355507797346572,1,0,0,0,0,0,1,0,0
0,0,0,6,3.96222,20,160526,16.2,19.7,3,309.4791666666667,2,25.0,25,0.2,0,2024,0.012355507797346572,1,0,0,0,0,0,1,0,0
0,0,0,6,3.96222,20,160526,16.2,19.7,3,309.4791666666667,2,25.0,25,0.2,0,2024,0.012355507797346572,1,0,0,0,0,0,1,0,0
0,0,0,6,2.600163630952381,19,182347,16.4,18.8,2,406.8511904761905,2,23.7,25,0.2,1,2024,0.0063752753250923095,1,0,0,0,0,0,0,0,1
0,0,0,6,2.600163630952381,19,182347,16.4,18.8,2,406.8511904761905,2,23.7,25,0.2,1,2024,0.0063752753250923095,1,0,0,0,0,0,0,0,1
0,0,0,6,1.4080702976190476,19,182347,16.4,18.8,2,327.92261904761904,2,23.7,25,0.2,1,2024,0.004280855788197398,1,0,0,0,0,0,0,0,1
0,0,0,6,1.4080702976190476,19,182347,16.4,18.8,2,327.92261904761904,2,23.7,25,0.2,1,2024,0.004280855788197398,1,0,0,0,0,0,0,0,1
0,0,0,6,1.931915892857143,20,138887,16.2,19.7,3,183.4940476190476,2,25.0,25,0.2,0,2024,0.010471426681722861,1,0,0,0,0,0,1,0,0
0,0,0,6,1.931915892857143,20,138887,16.2,19.7,3,183.4940476190476,2,25.0,25,0.2,0,2024,0.010471426681722861,1,0,0,0,0,0,1,0,0
0,0,0,6,3.96222,20,185914,16.2,19.7,3,309.4791666666667,2,25.0,25,0.2,0,2024,0.012355507797346572,1,0,0,0,0,0,1,0,0
0,0,0,6,3.96222,20,185914,16.2,19.7,3,309.4791666666667,2,25.0,25,0.2,0,2024,0.012355507797346572,1,0,0,0,0,0,1,0,0
0,0,0,6,1.9715985119047617,19,185914,16.4,18.8,2,88.42261904761905,2,23.7,25,0.2,0,2024,0.02204809625241296,1,0,0,0,0,0,0,0,1
0,0,0,6,1.9715985119047617,19,185914,16.4,18.8,2,88.42261904761905,2,23.7,25,0.2,0,2024,0.02204809625241296,1,0,0,0,0,0,0,0,1
0,0,0,6,3.1321276785714285,19,179566,16.4,18.8,2,323.98809523809524,2,23.7,25,0.2,1,2024,0.009637668962233049,1,0,0,0,0,0,0,0,1
0,0,0,6,3.1321276785714285,19,179566,16.4,18.8,2,323.98809523809524,2,23.7,25,0.2,1,2024,0.009637668962233049,1,0,0,0,0,0,0,0,1
0,0,0,6,5.980051071428572,20,183839,16.2,19.7,3,573.6071428571429,2,25.0,25,0.2,1,2024,0.010407199328733917,1,0,0,0,0,0,1,0,0
0,0,0,6,5.980051071428572,20,183839,16.2,19.7,3,573.6071428571429,2,25.0,25,0.2,1,2024,0.010407199328733917,1,0,0,0,0,0,1,0,0
0,0,0,6,3.96222,20,161450,16.2,19.7,3,309.4791666666667,2,25.0,25,0.2,0,2024,0.012355507797346572,1,0,0,0,0,0,1,0,0
0,0,0,6,3.96222,20,161450,16.2,19.7,3,309.4791666666667,2,25.0,25,0.2,0,2024,0.012355507797346572,1,0,0,0,0,0,1,0,0
0,0,0,6,15.237797619047615,19,137426,16.4,18.8,2,1601.565476190476,2,23.7,25,0.2,1,2024,0.009508377564247801,1,0,0,0,0,0,0,0,1
0,0,0,6,15.237797619047615,19,137426,16.4,18.8,2,1601.565476190476,2,23.7,25,0.2,1,2024,0.009508377564247801,1,0,0,0,0,0,0,0,1
0,0,0,6,4.26,20,84310,16.2,19.7,3,913.1190476190476,2,25.0,25,0.2,1,2024,0.0046602245200948085,1,0,0,0,0,0,1,0,0
0,0,0,6,4.26,20,84310,16.2,19.7,3,913.1190476190476,2,25.0,25,0.2,1,2024,0.0046602245200948085,1,0,0,0,0,0,1,0,0
0,0,0,6,3.96222,20,48784,16.2,19.7,3,309.4791666666667,2,25.0,25,0.2,0,2024,0.012355507797346572,1,0,0,0,0,0,1,0,0
0,0,0,6,3.96222,20,48784,16.2,19.7,3,309.4791666666667,2,25.0,25,0.2,0,2024,0.012355507797346572,1,0,0,0,0,0,1,0,0
0,0,0,6,3.96222,20,15207,16.2,19.7,3,309.4791666666667,2,25.0,25,0.2,0,2024,0.012355507797346572,1,0,0,0,0,0,1,0,0
0,0,0,6,3.96222,20,15207,16.2,19.7,3,309.4791666666667,2,25.0,25,0.2,0,2024,0.012355507797346572,1,0,0,0,0,0,1,0,0
0,0,0,6,3.96222,20,15207,16.2,19.7,3,309.4791666666667,2,25.0,25,0.2,0,2024,0.012355507797346572,1,0,0,0,0,0,1,0,0
0,0,0,6,3.96222,20,15207,16.2,19.7,3,309.4791666666667,2,25.0,25,0.2,0,2024,0.012355507797346572,1,0,0,0,0,0,1,0,0
1,0,0,1,1.175652857142857,17,182347,0.2,1.9,2,154.20833333333334,1,5.2,3,25.0,0,2024,0.007574676126558004,0,1,0,0,0,0,0,0,1
1,0,0,1,1.175652857142857,17,182347,0.2,1.9,2,154.20833333333334,1,5.2,3,25.0,0,2024,0.007574676126558004,0,1,0,0,0,0,0,0,1
1,0,0,1,15.667261904761904,16,161450,-3.1,0.5,1,3954.690476190476,1,5.0,3,6.0,1,2024,0.003960689543093434,0,1,0,0,0,0,0,1,0
1,0,0,1,15.667261904761904,16,161450,-3.1,0.5,1,3954.690476190476,1,5.0,3,6.0,1,2024,0.003960689543093434,0,1,0,0,0,0,0,1,0
1,0,0,1,0.7184540476190476,17,161450,0.2,1.9,2,182.10119047619048,1,5.2,3,25.0,0,2024,0.003923808718832288,0,1,0,0,0,0,0,0,1
1,0,0,1,0.7184540476190476,17,161450,0.2,1.9,2,182.10119047619048,1,5.2,3,25.0,0,2024,0.003923808718832288,0,1,0,0,0,0,0,0,1
1,0,0,1,3.96222,17,161450,0.2,1.9,2,309.4791666666667,1,5.2,3,25.0,0,2024,0.012355507797346572,0,1,0,0,0,0,0,0,1
1,0,0,1,3.96222,17,161450,0.2,1.9,2,309.4791666666667,1,5.2,3,25.0,0,2024,0.012355507797346572,0,1,0,0,0,0,0,0,1
1,0,0,1,3.96222,16,161450,-3.1,0.5,1,309.4791666666667,1,5.0,3,6.0,0,2024,0.012355507797346572,0,1,0,0,0,0,0,1,0
1,0,0,1,3.96222,16,161450,-3.1,0.5,1,309.4791666666667,1,5.0,3,6.0,0,2024,0.012355507797346572,0,1,0,0,0,0,0,1,0
1,0,0,1,3.96222,16,161450,-3.1,0.5,1,309.4791666666667,1,5.0,3,6.0,0,2024,0.012355507797346572,0,1,0,0,0,0,0,1,0
1,0,0,1,7.115398630952381,17,182347,0.2,1.9,2,161.58928571428572,1,5.2,3,25.0,0,2024,0.043763022881200805,0,1,0,0,0,0,0,0,1
1,0,0,1,7.115398630952381,17,182347,0.2,1.9,2,161.58928571428572,1,5.2,3,25.0,0,2024,0.043763022881200805,0,1,0,0,0,0,0,0,1
1,0,0,1,1.7070483333333333,17,138907,0.2,1.9,2,439.7083333333333,1,5.2,3,25.0,1,2024,0.0038734196842204784,0,1,0,0,0,0,0,0,1
1,0,0,1,1.7070483333333333,17,138907,0.2,1.9,2,439.7083333333333,1,5.2,3,25.0,1,2024,0.0038734196842204784,0,1,0,0,0,0,0,0,1
1,0,0,1,19.723371011904764,17,84310,0.2,1.9,2,717.6011904761905,1,5.2,3,25.0,1,2024,0.02744689442948851,0,1,0,0,0,0,0,0,1
1,0,0,1,19.723371011904764,17,84310,0.2,1.9,2,717.6011904761905,1,5.2,3,25.0,1,2024,0.02744689442948851,0,1,0,0,0,0,0,0,1
1,0,0,1,3.850000000000001,16,15207,-3.1,0.5,1,132.63690476190476,1,5.0,3,6.0,0,2024,0.028809407153356205,0,1,0,0,0,0,0,1,0
1,0,0,1,3.850000000000001,16,15207,-3.1,0.5,1,132.63690476190476,1,5.0,3,6.0,0,2024,0.028809407153356205,0,1,0,0,0,0,0,1,0
1,0,0,1,3.850000000000001,16,15207,-3.1,0.5,1,132.63690476190476,1,5.0,3,6.0,0,2024,0.028809407153356205,0,1,0,0,0,0,0,1,0
1,0,0,1,3.850000000000001,16,15207,-3.1,0.5,1,132.63690476190476,1,5.0,3,6.0,0,2024,0.028809407153356205,0,1,0,0,0,0,0,1,0
1,0,0,2,3.96222,29,185914,8.1,9.5,3,309.4791666666667,1,11.0,9,4.2,0,2024,0.012355507797346572,0,1,0,0,0,0,1,0,0
1,0,0,2,3.96222,29,185914,8.1,9.5,3,309.4791666666667,1,11.0,9,4.2,0,2024,0.012355507797346572,0,1,0,0,0,0,1,0,0
1,0,0,2,3.96222,29,185914,8.1,9.5,3,309.4791666666667,1,11.0,9,4.2,0,2024,0.012355507797346572,0,1,0,0,0,0,1,0,0
1,0,0,2,4.32,29,55932,8.1,9.5,3,208.81944444444449,1,11.0,9,4.2,0,2024,0.02058913086648573,0,1,0,0,0,0,1,0,0
1,0,0,2,4.32,29,55932,8.1,9.5,3,208.81944444444449,1,11.0,9,4.2,0,2024,0.02058913086648573,0,1,0,0,0,0,1,0,0
1,0,0,2,1.2810515277777776,29,185914,8.1,9.5,3,161.94270833333331,1,11.0,9,4.2,0,2024,0.007861975174471259,0,1,0,0,0,0,1,0,0
1,0,0,2,1.2810515277777776,29,185914,8.1,9.5,3,161.94270833333331,1,11.0,9,4.2,0,2024,0.007861975174471259,0,1,0,0,0,0,1,0,0
0,0,0,2,3.96222,28,185914,3.1,7.8,2,309.4791666666667,1,11.5,9,0.0,0,2024,0.012355507797346572,0,1,0,0,0,0,0,0,1
0,0,0,2,3.96222,28,185914,3.1,7.8,2,309.4791666666667,1,11.5,9,0.0,0,2024,0.012355507797346572,0,1,0,0,0,0,0,0,1
1,0,0,2,4.350697500000001,29,183839,8.1,9.5,3,220.01562499999994,1,11.0,9,4.2,0,2024,0.019685022269353137,0,1,0,0,0,0,1,0,0
1,0,0,2,4.350697500000001,29,183839,8.1,9.5,3,220.01562499999994,1,11.0,9,4.2,0,2024,0.019685022269353137,0,1,0,0,0,0,1,0,0
0,0,0,2,3.96222,28,161450,3.1,7.8,2,309.4791666666667,1,11.5,9,0.0,0,2024,0.012355507797346572,0,1,0,0,0,0,0,0,1
0,0,0,2,3.96222,28,161450,3.1,7.8,2,309.4791666666667,1,11.5,9,0.0,0,2024,0.012355507797346572,0,1,0,0,0,0,0,0,1
1,0,0,2,2.71194921875,29,182347,8.1,9.5,3,259.0434027777778,1,11.0,9,4.2,0,2024,0.010428832993958005,0,1,0,0,0,0,1,0,0
1,0,0,2,2.71194921875,29,182347,8.1,9.5,3,259.0434027777778,1,11.0,9,4.2,0,2024,0.010428832993958005,0,1,0,0,0,0,1,0,0
1,0,0,2,15.10753484375,29,84310,8.1,9.5,3,693.40625,1,11.0,9,4.2,1,2024,0.021756046757571666,0,1,0,0,0,0,1,0,0
1,0,0,2,15.10753484375,29,84310,8.1,9.5,3,693.40625,1,11.0,9,4.2,1,2024,0.021756046757571666,0,1,0,0,0,0,1,0,0
1,0,0,2,15.10753484375,29,84310,8.1,9.5,3,693.40625,1,11.0,9,4.2,1,2024,0.021756046757571666,0,1,0,0,0,0,1,0,0
1,0,0,2,15.10753484375,29,84310,8.1,9.5,3,693.40625,1,11.0,9,4.2,1,2024,0.021756046757571666,0,1,0,0,0,0,1,0,0
1,0,0,2,3.96222,29,48784,8.1,9.5,3,309.4791666666667,1,11.0,9,4.2,0,2024,0.012355507797346572,0,1,0,0,0,0,1,0,0
1,1,0,4,3.84723,7,161450,15.4,16.0,6,280.375,2,19.0,14,5.0,0,2024,0.01367296312749889,0,0,1,0,0,1,0,0,0
1,1,0,4,3.84723,7,161450,15.4,16.0,6,280.375,2,19.0,14,5.0,0,2024,0.01367296312749889,0,0,1,0,0,1,0,0,0
1,1,0,4,3.84723,7,161450,15.4,16.0,6,280.375,2,19.0,14,5.0,0,2024,0.01367296312749889,0,0,1,0,0,1,0,0,0
1,1,0,4,3.84723,7,161450,15.4,16.0,6,280.375,2,19.0,14,5.0,0,2024,0.01367296312749889,0,0,1,0,0,1,0,0,0
1,1,0,4,3.84723,7,161450,15.4,16.0,6,280.375,2,19.0,14,5.0,0,2024,0.01367296312749889,0,0,1,0,0,1,0,0,0
1,1,0,4,3.84723,7,161450,15.4,16.0,6,280.375,2,19.0,14,5.0,0,2024,0.01367296312749889,0,0,1,0,0,1,0,0,0
1,1,0,4,3.84723,7,161450,15.4,16.0,6,280.375,2,19.0,14,5.0,0,2024,0.01367296312749889,0,0,1,0,0,1,0,0,0
1,1,0,4,3.84723,7,161450,15.4,16.0,6,280.375,2,19.0,14,5.0,0,2024,0.01367296312749889,0,0,1,0,0,1,0,0,0
0,0,0,4,3.96222,5,84310,13.9,16.1,4,309.4791666666667,2,18.6,14,0.6,0,2024,0.012355507797346572,0,0,1,0,0,0,0,0,0
0,0,0,4,3.96222,5,84310,13.9,16.1,4,309.4791666666667,2,18.6,14,0.6,0,2024,0.012355507797346572,0,0,1,0,0,0,0,0,0
0,0,0,4,3.96222,5,161450,13.9,16.1,4,309.4791666666667,2,18.6,14,0.6,0,2024,0.012355507797346572,0,0,1,0,0,0,0,0,0
0,0,0,4,3.96222,5,161450,13.9,16.1,4,309.4791666666667,2,18.6,14,0.6,0,2024,0.012355507797346572,0,0,1,0,0,0,0,0,0
1,1,0,4,3.96222,7,185914,15.4,16.0,6,309.4791666666667,2,19.0,14,5.0,0,2024,0.012355507797346572,0,0,1,0,0,1,0,0,0
1,1,0,4,3.96222,7,185914,15.4,16.0,6,309.4791666666667,2,19.0,14,5.0,0,2024,0.012355507797346572,0,0,1,0,0,1,0,0,0
1,0,0,5,0.9811282738095238,15,138907,13.0,16.5,2,294.9107142857143,2,22.6,20,3.8,0,2024,0.0033156226741496188,0,0,1,0,0,0,0,0,1
1,0,0,5,0.9811282738095238,15,138907,13.0,16.5,2,294.9107142857143,2,22.6,20,3.8,0,2024,0.0033156226741496188,0,0,1,0,0,0,0,0,1
0,1,0,4,1.2516216071428572,6,185914,14.1,19.0,5,244.7321428571429,2,24.8,14,0.0,0,2024,0.005093438703582588,0,0,1,0,1,0,0,0,0
0,1,0,4,1.2516216071428572,6,185914,14.1,19.0,5,244.7321428571429,2,24.8,14,0.0,0,2024,0.005093438703582588,0,0,1,0,1,0,0,0,0
0,1,0,4,1.2516216071428572,6,185914,14.1,19.0,5,244.7321428571429,2,24.8,14,0.0,0,2024,0.005093438703582588,0,0,1,0,1,0,0,0,0
1,0,0,5,3.96222,14,161450,13.7,15.3,1,309.4791666666667,2,16.2,20,11.7,0,2024,0.012355507797346572,0,0,1,0,0,0,0,1,0
1,0,0,5,3.96222,14,161450,13.7,15.3,1,309.4791666666667,2,16.2,20,11.7,0,2024,0.012355507797346572,0,0,1,0,0,0,0,1,0
1,1,0,4,6.745500238095239,7,179566,15.4,16.0,6,415.7916666666667,2,19.0,14,5.0,1,2024,0.01618434526784822,0,0,1,0,0,1,0,0,0
1,1,0,4,6.745500238095239,7,179566,15.4,16.0,6,415.7916666666667,2,19.0,14,5.0,1,2024,0.01618434526784822,0,0,1,0,0,1,0,0,0
1,0,0,5,4.04056,15,160526,13.0,16.5,2,481.6428571428572,2,22.6,20,3.8,1,2024,0.008371738937398253,0,0,1,0,0,0,0,0,1
1,0,0,5,4.04056,15,160526,13.0,16.5,2,481.6428571428572,2,22.6,20,3.8,1,2024,0.008371738937398253,0,0,1,0,0,0,0,0,1
1,1,0,4,3.96222,7,160526,15.4,16.0,6,309.4791666666667,2,19.0,14,5.0,0,2024,0.012355507797346572,0,0,1,0,0,1,0,0,0
1,1,0,4,3.96222,7,160526,15.4,16.0,6,309.4791666666667,2,19.0,14,5.0,0,2024,0.012355507797346572,0,0,1,0,0,1,0,0,0
1,0,0,5,3.96222,15,138887,13.0,16.5,2,309.4791666666667,2,22.6,20,3.8,0,2024,0.012355507797346572,0,0,1,0,0,0,0,0,1
1,0,0,5,3.96222,15,138887,13.0,16.5,2,309.4791666666667,2,22.6,20,3.8,0,2024,0.012355507797346572,0,0,1,0,0,0,0,0,1
1,1,0,4,3.96222,7,160526,15.4,16.0,6,309.4791666666667,2,19.0,14,5.0,0,2024,0.012355507797346572,0,0,1,0,0,1,0,0,0
1,1,0,4,3.96222,7,160526,15.4,16.0,6,309.4791666666667,2,19.0,14,5.0,0,2024,0.012355507797346572,0,0,1,0,0,1,0,0,0
1,1,0,4,3.96222,7,160526,15.4,16.0,6,309.4791666666667,2,19.0,14,5.0,0,2024,0.012355507797346572,0,0,1,0,0,1,0,0,0
1,1,0,4,3.96222,7,160526,15.4,16.0,6,309.4791666666667,2,19.0,14,5.0,0,2024,0.012355507797346572,0,0,1,0,0,1,0,0,0
1,0,0,5,3.96222,15,19979,13.0,16.5,2,309.4791666666667,2,22.6,20,3.8,0,2024,0.012355507797346572,0,0,1,0,0,0,0,0,1
1,0,0,5,3.96222,15,19979,13.0,16.5,2,309.4791666666667,2,22.6,20,3.8,0,2024,0.012355507797346572,0,0,1,0,0,0,0,0,1
1,1,0,4,7.066389285714285,7,41158,15.4,16.0,6,263.5892857142857,2,19.0,14,5.0,0,2024,0.02670701221569818,0,0,1,0,0,1,0,0,0
1,1,0,4,7.066389285714285,7,41158,15.4,16.0,6,263.5892857142857,2,19.0,14,5.0,0,2024,0.02670701221569818,0,0,1,0,0,1,0,0,0
1,1,0,4,3.96222,7,231476,15.4,16.0,6,309.4791666666667,2,19.0,14,5.0,0,2024,0.012355507797346572,0,0,1,0,0,1,0,0,0
0,1,0,4,3.96222,6,138907,14.1,19.0,5,309.4791666666667,2,24.8,14,0.0,0,2024,0.012355507797346572,0,0,1,0,1,0,0,0,0
0,1,0,4,3.96222,6,138907,14.1,19.0,5,309.4791666666667,2,24.8,14,0.0,0,2024,0.012355507797346572,0,0,1,0,1,0,0,0,0
0,1,0,4,3.96222,6,138907,14.1,19.0,5,309.4791666666667,2,24.8,14,0.0,0,2024,0.012355507797346572,0,0,1,0,1,0,0,0,0
0,1,0,4,3.96222,6,138907,14.1,19.0,5,309.4791666666667,2,24.8,14,0.0,0,2024,0.012355507797346572,0,0,1,0,1,0,0,0,0
0,1,0,4,3.96222,6,138907,14.1,19.0,5,309.4791666666667,2,24.8,14,0.0,0,2024,0.012355507797346572,0,0,1,0,1,0,0,0,0
1,1,0,4,3.96222,7,15207,15.4,16.0,6,309.4791666666667,2,19.0,14,5.0,0,2024,0.012355507797346572,0,0,1,0,0,1,0,0,0
1,1,0,4,3.96222,7,15207,15.4,16.0,6,309.4791666666667,2,19.0,14,5.0,0,2024,0.012355507797346572,0,0,1,0,0,1,0,0,0
1,1,0,4,3.96222,7,27547,15.4,16.0,6,309.4791666666667,2,19.0,14,5.0,0,2024,0.012355507797346572,0,0,1,0,0,1,0,0,0
1,1,0,4,3.96222,7,27547,15.4,16.0,6,309.4791666666667,2,19.0,14,5.0,0,2024,0.012355507797346572,0,0,1,0,0,1,0,0,0
0,1,0,4,2.7308874404761903,6,15207,14.1,19.0,5,1097.0119047619048,2,24.8,14,0.0,1,2024,0.0024871200654863223,0,0,1,0,1,0,0,0,0
1,1,0,7,3.50333,20,137426,19.6,26.4,5,176.32738095238096,3,31.7,29,2.4,0,2024,0.019756283441307778,1,0,0,0,1,0,0,0,0
1,1,0,7,3.50333,20,137426,19.6,26.4,5,176.32738095238096,3,31.7,29,2.4,0,2024,0.019756283441307778,1,0,0,0,1,0,0,0,0
1,1,0,7,3.50333,20,137426,19.6,26.4,5,176.32738095238096,3,31.7,29,2.4,0,2024,0.019756283441307778,1,0,0,0,1,0,0,0,0
1,1,0,7,3.50333,20,137426,19.6,26.4,5,176.32738095238096,3,31.7,29,2.4,0,2024,0.019756283441307778,1,0,0,0,1,0,0,0,0
0,0,0,1,3.96222,15,183839,-0.2,2.4,0,309.4791666666667,1,6.6,3,0.0,0,2024,0.012355507797346572,0,1,0,1,0,0,0,0,0
0,0,0,1,3.96222,15,183839,-0.2,2.4,0,309.4791666666667,1,6.6,3,0.0,0,2024,0.012355507797346572,0,1,0,1,0,0,0,0,0
1,1,0,7,3.96222,20,231476,19.6,26.4,5,309.4791666666667,3,31.7,29,2.4,0,2024,0.012355507797346572,1,0,0,0,1,0,0,0,0
1,1,0,7,3.96222,20,231476,19.6,26.4,5,309.4791666666667,3,31.7,29,2.4,0,2024,0.012355507797346572,1,0,0,0,1,0,0,0,0
1,1,0,7,3.96222,20,231476,19.6,26.4,5,309.4791666666667,3,31.7,29,2.4,0,2024,0.012355507797346572,1,0,0,0,1,0,0,0,0
0,0,0,1,17.778869047619047,15,138907,-0.2,2.4,0,4275.059523809524,1,6.6,3,0.0,1,2024,0.004157769308080147,0,1,0,1,0,0,0,0,0
0,0,0,1,17.778869047619047,15,138907,-0.2,2.4,0,4275.059523809524,1,6.6,3,0.0,1,2024,0.004157769308080147,0,1,0,1,0,0,0,0,0
1,0,0,1,2.7620283333333333,16,179566,-3.1,0.5,1,172.1547619047619,1,5.0,3,6.0,0,2024,0.015951212100378136,0,1,0,0,0,0,0,1,0
1,0,0,1,2.7620283333333333,16,179566,-3.1,0.5,1,172.1547619047619,1,5.0,3,6.0,0,2024,0.015951212100378136,0,1,0,0,0,0,0,1,0
0,0,0,7,3.96222,19,231476,18.0,27.3,4,309.4791666666667,3,35.2,29,0.0,0,2024,0.012355507797346572,1,0,0,0,0,0,0,0,0
0,0,0,7,3.96222,19,231476,18.0,27.3,4,309.4791666666667,3,35.2,29,0.0,0,2024,0.012355507797346572,1,0,0,0,0,0,0,0,0
0,0,0,7,3.96222,19,231476,18.0,27.3,4,309.4791666666667,3,35.2,29,0.0,0,2024,0.012355507797346572,1,0,0,0,0,0,0,0,0
0,0,0,7,1.072458392857143,19,185914,18.0,27.3,4,57.92261904761905,3,35.2,29,0.0,0,2024,0.018201132437619963,1,0,0,0,0,0,0,0,0
0,0,0,7,1.072458392857143,19,185914,18.0,27.3,4,57.92261904761905,3,35.2,29,0.0,0,2024,0.018201132437619963,1,0,0,0,0,0,0,0,0
1,0,0,1,3.96222,16,160526,-3.1,0.5,1,309.4791666666667,1,5.0,3,6.0,0,2024,0.012355507797346572,0,1,0,0,0,0,0,1,0
1,0,0,1,3.96222,16,160526,-3.1,0.5,1,309.4791666666667,1,5.0,3,6.0,0,2024,0.012355507797346572,0,1,0,0,0,0,0,1,0
0,1,0,7,3.96222,21,182347,20.1,22.4,6,309.4791666666667,3,28.5,29,0.2,0,2024,0.012355507797346572,1,0,0,0,0,1,0,0,0
1,0,0,1,2.1086584523809524,16,138907,-3.1,0.5,1,151.20238095238096,1,5.0,3,6.0,0,2024,0.013854306609307782,0,1,0,0,0,0,0,1,0
1,0,0,1,2.1086584523809524,16,138907,-3.1,0.5,1,151.20238095238096,1,5.0,3,6.0,0,2024,0.013854306609307782,0,1,0,0,0,0,0,1,0
0,0,0,1,3.96222,15,138907,-0.2,2.4,0,309.4791666666667,1,6.6,3,0.0,0,2024,0.012355507797346572,0,1,0,1,0,0,0,0,0
0,0,0,1,3.96222,15,138907,-0.2,2.4,0,309.4791666666667,1,6.6,3,0.0,0,2024,0.012355507797346572,0,1,0,1,0,0,0,0,0
1,0,0,1,3.96222,16,48784,-3.1,0.5,1,309.4791666666667,1,5.0,3,6.0,0,2024,0.012355507797346572,0,1,0,0,0,0,0,1,0
1,0,0,1,3.96222,16,48784,-3.1,0.5,1,309.4791666666667,1,5.0,3,6.0,0,2024,0.012355507797346572,0,1,0,0,0,0,0,1,0
1,1,0,7,3.96222,20,160526,19.6,26.4,5,309.4791666666667,3,31.7,29,2.4,0,2024,0.012355507797346572,1,0,0,0,1,0,0,0,0
1,1,0,7,3.96222,20,160526,19.6,26.4,5,309.4791666666667,3,31.7,29,2.4,0,2024,0.012355507797346572,1,0,0,0,1,0,0,0,0
1,1,0,7,3.96222,20,160526,19.6,26.4,5,309.4791666666667,3,31.7,29,2.4,0,2024,0.012355507797346572,1,0,0,0,1,0,0,0,0
1,1,0,7,3.96222,20,160526,19.6,26.4,5,309.4791666666667,3,31.7,29,2.4,0,2024,0.012355507797346572,1,0,0,0,1,0,0,0,0
1,1,0,7,3.96222,20,160526,19.6,26.4,5,309.4791666666667,3,31.7,29,2.4,0,2024,0.012355507797346572,1,0,0,0,1,0,0,0,0
1,1,0,7,3.96222,20,160526,19.6,26.4,5,309.4791666666667,3,31.7,29,2.4,0,2024,0.012355507797346572,1,0,0,0,1,0,0,0,0
1,1,0,7,3.96222,20,160526,19.6,26.4,5,309.4791666666667,3,31.7,29,2.4,0,2024,0.012355507797346572,1,0,0,0,1,0,0,0,0
1,1,0,7,3.96222,20,160526,19.6,26.4,5,309.4791666666667,3,31.7,29,2.4,0,2024,0.012355507797346572,1,0,0,0,1,0,0,0,0
1,1,0,7,3.96222,20,160526,19.6,26.4,5,309.4791666666667,3,31.7,29,2.4,0,2024,0.012355507797346572,1,0,0,0,1,0,0,0,0
0,1,0,7,2.436009821428572,21,185914,20.1,22.4,6,225.1071428571429,3,28.5,29,0.2,0,2024,0.01077369688832728,1,0,0,0,0,1,0,0,0
0,1,0,7,2.436009821428572,21,185914,20.1,22.4,6,225.1071428571429,3,28.5,29,0.2,0,2024,0.01077369688832728,1,0,0,0,0,1,0,0,0
0,1,0,7,2.436009821428572,21,185914,20.1,22.4,6,225.1071428571429,3,28.5,29,0.2,0,2024,0.01077369688832728,1,0,0,0,0,1,0,0,0
0,1,0,7,3.96222,21,160526,20.1,22.4,6,309.4791666666667,3,28.5,29,0.2,0,2024,0.012355507797346572,1,0,0,0,0,1,0,0,0
0,1,0,7,3.96222,21,160526,20.1,22.4,6,309.4791666666667,3,28.5,29,0.2,0,2024,0.012355507797346572,1,0,0,0,0,1,0,0,0
0,1,0,7,3.96222,21,137426,20.1,22.4,6,309.4791666666667,3,28.5,29,0.2,0,2024,0.012355507797346572,1,0,0,0,0,1,0,0,0
0,1,0,7,3.96222,21,137426,20.1,22.4,6,309.4791666666667,3,28.5,29,0.2,0,2024,0.012355507797346572,1,0,0,0,0,1,0,0,0
0,1,0,7,3.96222,21,137426,20.1,22.4,6,309.4791666666667,3,28.5,29,0.2,0,2024,0.012355507797346572,1,0,0,0,0,1,0,0,0
0,1,0,7,3.96222,21,27547,20.1,22.4,6,309.4791666666667,3,28.5,29,0.2,0,2024,0.012355507797346572,1,0,0,0,0,1,0,0,0
0,1,0,7,3.96222,21,138887,20.1,22.4,6,309.4791666666667,3,28.5,29,0.2,0,2024,0.012355507797346572,1,0,0,0,0,1,0,0,0
0,1,0,7,3.96222,21,138887,20.1,22.4,6,309.4791666666667,3,28.5,29,0.2,0,2024,0.012355507797346572,1,0,0,0,0,1,0,0,0
1,1,0,4,3.96222,7,185914,15.4,16.0,6,309.4791666666667,2,19.0,14,5.0,0,2024,0.012355507797346572,0,0,1,0,0,1,0,0,0
1,1,0,4,3.96222,7,185914,15.4,16.0,6,309.4791666666667,2,19.0,14,5.0,0,2024,0.012355507797346572,0,0,1,0,0,1,0,0,0
1,1,0,4,3.96222,7,185914,15.4,16.0,6,309.4791666666667,2,19.0,14,5.0,0,2024,0.012355507797346572,0,0,1,0,0,1,0,0,0
1,1,0,4,3.96222,7,185914,15.4,16.0,6,309.4791666666667,2,19.0,14,5.0,0,2024,0.012355507797346572,0,0,1,0,0,1,0,0,0
0,0,0,8,11.617361111111112,27,137426,12.6,20.7,1,1352.013888888889,3,29.3,35,0.0,1,2024,0.008586283708182351,1,0,0,0,0,0,0,1,0
0,0,0,8,11.617361111111112,27,137426,12.6,20.7,1,1352.013888888889,3,29.3,35,0.0,1,2024,0.008586283708182351,1,0,0,0,0,0,0,1,0
0,0,0,8,11.617361111111112,27,137426,12.6,20.7,1,1352.013888888889,3,29.3,35,0.0,1,2024,0.008586283708182351,1,0,0,0,0,0,0,1,0
0,0,0,8,1.1190209375,26,138907,11.1,18.6,0,208.18749999999994,3,26.5,35,0.0,0,2024,0.005349368090827608,1,0,0,1,0,0,0,0,0
0,0,0,8,1.1190209375,26,138907,11.1,18.6,0,208.18749999999994,3,26.5,35,0.0,0,2024,0.005349368090827608,1,0,0,1,0,0,0,0,0
0,0,0,8,1.8954699305555553,28,185914,14.6,23.6,2,135.50347222222223,3,32.8,35,0.0,0,2024,0.01388587337521939,1,0,0,0,0,0,0,0,1
0,0,0,8,3.96222,28,179566,14.6,23.6,2,309.4791666666667,3,32.8,35,0.0,0,2024,0.012355507797346572,1,0,0,0,0,0,0,0,1
0,0,0,8,3.2150085763888887,28,182347,14.6,23.6,2,447.0173611111111,3,32.8,35,0.0,1,2024,0.007176080338528548,1,0,0,0,0,0,0,0,1
0,0,0,8,3.2150085763888887,28,182347,14.6,23.6,2,447.0173611111111,3,32.8,35,0.0,1,2024,0.007176080338528548,1,0,0,0,0,0,0,0,1
0,0,0,8,1.4948765277777778,28,138887,14.6,23.6,2,114.67361111111111,3,32.8,35,0.0,0,2024,0.012923228672630125,1,0,0,0,0,0,0,0,1
0,0,0,8,1.4948765277777778,28,138887,14.6,23.6,2,114.67361111111111,3,32.8,35,0.0,0,2024,0.012923228672630125,1,0,0,0,0,0,0,0,1
0,0,0,8,3.1857943055555555,28,32386,14.6,23.6,2,327.63194444444446,3,32.8,35,0.0,1,2024,0.00969411026350823,1,0,0,0,0,0,0,0,1
0,0,0,8,3.1857943055555555,28,32386,14.6,23.6,2,327.63194444444446,3,32.8,35,0.0,1,2024,0.00969411026350823,1,0,0,0,0,0,0,0,1
0,0,0,8,3.96222,28,84310,14.6,23.6,2,309.4791666666667,3,32.8,35,0.0,0,2024,0.012355507797346572,1,0,0,0,0,0,0,0,1
0,0,0,8,3.96222,28,84310,14.6,23.6,2,309.4791666666667,3,32.8,35,0.0,0,2024,0.012355507797346572,1,0,0,0,0,0,0,0,1
0,0,0,8,7.153639375000001,28,35837,14.6,23.6,2,494.8472222222222,3,32.8,35,0.0,1,2024,0.014427103862636905,1,0,0,0,0,0,0,0,1
0,0,0,8,7.153639375000001,28,35837,14.6,23.6,2,494.8472222222222,3,32.8,35,0.0,1,2024,0.014427103862636905,1,0,0,0,0,0,0,0,1
0,0,0,8,3.96222,28,27547,14.6,23.6,2,309.4791666666667,3,32.8,35,0.0,0,2024,0.012355507797346572,1,0,0,0,0,0,0,0,1
0,0,0,8,3.96222,28,27547,14.6,23.6,2,309.4791666666667,3,32.8,35,0.0,0,2024,0.012355507797346572,1,0,0,0,0,0,0,0,1
1,1,0,7,3.96222,20,138907,19.6,26.4,5,309.4791666666667,3,31.7,29,2.4,0,2024,0.012355507797346572,1,0,0,0,1,0,0,0,0
1,1,0,7,3.96222,20,138907,19.6,26.4,5,309.4791666666667,3,31.7,29,2.4,0,2024,0.012355507797346572,1,0,0,0,1,0,0,0,0
1,1,0,7,3.96222,20,138907,19.6,26.4,5,309.4791666666667,3,31.7,29,2.4,0,2024,0.012355507797346572,1,0,0,0,1,0,0,0,0
0,0,0,7,14.057440476190475,19,161450,18.0,27.3,4,4234.125,3,35.2,29,0.0,1,2024,0.003319250429725327,1,0,0,0,0,0,0,0,0
0,0,0,7,14.057440476190475,19,161450,18.0,27.3,4,4234.125,3,35.2,29,0.0,1,2024,0.003319250429725327,1,0,0,0,0,0,0,0,0
0,0,0,10,3.96222,2,179566,12.8,13.7,2,309.4791666666667,4,16.1,40,1.0,0,2024,0.012355507797346572,0,0,0,0,0,0,0,0,1
0,0,0,10,3.96222,2,179566,12.8,13.7,2,309.4791666666667,4,16.1,40,1.0,0,2024,0.012355507797346572,0,0,0,0,0,0,0,0,1
0,0,0,10,3.96222,2,183839,12.8,13.7,2,309.4791666666667,4,16.1,40,1.0,0,2024,0.012355507797346572,0,0,0,0,0,0,0,0,1
0,0,0,10,3.96222,2,183839,12.8,13.7,2,309.4791666666667,4,16.1,40,1.0,0,2024,0.012355507797346572,0,0,0,0,0,0,0,0,1
0,0,0,10,4.0575,1,183839,12.5,15.2,1,230.99652777777777,4,20.5,40,0.0,0,2024,0.017489485893886103,0,0,0,0,0,0,0,1,0
0,0,0,10,4.0575,1,183839,12.5,15.2,1,230.99652777777777,4,20.5,40,0.0,0,2024,0.017489485893886103,0,0,0,0,0,0,0,1,0
0,0,0,10,3.96222,2,160526,12.8,13.7,2,309.4791666666667,4,16.1,40,1.0,0,2024,0.012355507797346572,0,0,0,0,0,0,0,0,1
0,0,0,10,3.96222,2,160526,12.8,13.7,2,309.4791666666667,4,16.1,40,1.0,0,2024,0.012355507797346572,0,0,0,0,0,0,0,0,1
0,0,0,10,3.96222,2,160526,12.8,13.7,2,309.4791666666667,4,16.1,40,1.0,0,2024,0.012355507797346572,0,0,0,0,0,0,0,0,1
0,0,0,10,3.96222,2,160526,12.8,13.7,2,309.4791666666667,4,16.1,40,1.0,0,2024,0.012355507797346572,0,0,0,0,0,0,0,0,1
0,0,0,10,3.96222,2,160526,12.8,13.7,2,309.4791666666667,4,16.1,40,1.0,0,2024,0.012355507797346572,0,0,0,0,0,0,0,0,1
0,0,0,10,1.3887744444444445,2,138907,12.8,13.7,2,270.51041666666663,4,16.1,40,1.0,0,2024,0.005114995076411537,0,0,0,0,0,0,0,0,1
0,0,0,10,1.3887744444444445,2,138907,12.8,13.7,2,270.51041666666663,4,16.1,40,1.0,0,2024,0.005114995076411537,0,0,0,0,0,0,0,0,1
0,0,0,10,3.96222,2,138907,12.8,13.7,2,309.4791666666667,4,16.1,40,1.0,0,2024,0.012355507797346572,0,0,0,0,0,0,0,0,1
0,0,0,10,3.96222,2,138907,12.8,13.7,2,309.4791666666667,4,16.1,40,1.0,0,2024,0.012355507797346572,0,0,0,0,0,0,0,0,1
0,0,0,10,22.714427951388892,2,57934,12.8,13.7,2,557.6215277777778,4,16.1,40,1.0,1,2024,0.04066156927705227,0,0,0,0,0,0,0,0,1
0,0,0,10,22.714427951388892,2,57934,12.8,13.7,2,557.6215277777778,4,16.1,40,1.0,1,2024,0.04066156927705227,0,0,0,0,0,0,0,0,1
0,0,0,10,3.96222,2,35837,12.8,13.7,2,309.4791666666667,4,16.1,40,1.0,0,2024,0.012355507797346572,0,0,0,0,0,0,0,0,1
0,0,0,10,3.96222,2,35837,12.8,13.7,2,309.4791666666667,4,16.1,40,1.0,0,2024,0.012355507797346572,0,0,0,0,0,0,0,0,1
0,0,0,10,3.96222,2,35837,12.8,13.7,2,309.4791666666667,4,16.1,40,1.0,0,2024,0.012355507797346572,0,0,0,0,0,0,0,0,1
0,0,0,10,3.96222,2,48784,12.8,13.7,2,309.4791666666667,4,16.1,40,1.0,0,2024,0.012355507797346572,0,0,0,0,0,0,0,0,1
0,0,0,10,3.96222,2,48784,12.8,13.7,2,309.4791666666667,4,16.1,40,1.0,0,2024,0.012355507797346572,0,0,0,0,0,0,0,0,1
0,0,0,10,3.96222,2,48784,12.8,13.7,2,309.4791666666667,4,16.1,40,1.0,0,2024,0.012355507797346572,0,0,0,0,0,0,0,0,1
0,0,0,10,3.96222,2,27547,12.8,13.7,2,309.4791666666667,4,16.1,40,1.0,0,2024,0.012355507797346572,0,0,0,0,0,0,0,0,1
0,0,0,8,2.98806,27,137426,12.6,20.7,1,508.24479166666663,3,29.3,35,0.0,1,2024,0.00586762996676042,1,0,0,0,0,0,0,1,0
0,0,0,8,2.98806,27,137426,12.6,20.7,1,508.24479166666663,3,29.3,35,0.0,1,2024,0.00586762996676042,1,0,0,0,0,0,0,1,0
0,0,0,8,2.98806,27,137426,12.6,20.7,1,508.24479166666663,3,29.3,35,0.0,1,2024,0.00586762996676042,1,0,0,0,0,0,0,1,0
0,0,0,8,14.991493055555555,26,160526,11.1,18.6,0,3799.197916666667,3,26.5,35,0.0,1,2024,0.003944924286655391,1,0,0,1,0,0,0,0,0
0,0,0,8,14.991493055555555,26,160526,11.1,18.6,0,3799.197916666667,3,26.5,35,0.0,1,2024,0.003944924286655391,1,0,0,1,0,0,0,0,0
0,0,0,8,11.617361111111112,27,137426,12.6,20.7,1,1352.013888888889,3,29.3,35,0.0,1,2024,0.008586283708182351,1,0,0,0,0,0,0,1,0
0,0,0,8,11.617361111111112,27,137426,12.6,20.7,1,1352.013888888889,3,29.3,35,0.0,1,2024,0.008586283708182351,1,0,0,0,0,0,0,1,0
1,0,0,6,10.527380952380952,17,161450,15.1,19.6,0,4184.363095238095,2,24.7,25,3.6,1,2024,0.002515284985514996,1,0,0,1,0,0,0,0,0
1,0,0,6,10.527380952380952,17,161450,15.1,19.6,0,4184.363095238095,2,24.7,25,3.6,1,2024,0.002515284985514996,1,0,0,1,0,0,0,0,0
0,0,0,6,4.26,19,185914,16.4,18.8,2,317.55357142857144,2,23.7,25,0.2,1,2024,0.013372946914064689,1,0,0,0,0,0,0,0,1
0,0,0,6,4.26,19,185914,16.4,18.8,2,317.55357142857144,2,23.7,25,0.2,1,2024,0.013372946914064689,1,0,0,0,0,0,0,0,1
0,0,0,6,4.410566785714286,19,179566,16.4,18.8,2,449.5297619047619,2,23.7,25,0.2,1,2024,0.009789734571734333,1,0,0,0,0,0,0,0,1
0,0,0,6,4.410566785714286,19,179566,16.4,18.8,2,449.5297619047619,2,23.7,25,0.2,1,2024,0.009789734571734333,1,0,0,0,0,0,0,0,1
0,0,0,6,4.410566785714286,19,179566,16.4,18.8,2,449.5297619047619,2,23.7,25,0.2,1,2024,0.009789734571734333,1,0,0,0,0,0,0,0,1
0,0,0,6,7.764753273809524,19,183839,16.4,18.8,2,463.5654761904762,2,23.7,25,0.2,1,2024,0.016714012710289952,1,0,0,0,0,0,0,0,1
0,0,0,6,7.764753273809524,19,183839,16.4,18.8,2,463.5654761904762,2,23.7,25,0.2,1,2024,0.016714012710289952,1,0,0,0,0,0,0,0,1
0,0,0,6,23.98660184523809,19,183839,16.4,18.8,2,755.9464285714286,2,23.7,25,0.2,1,2024,0.0316886386405278,1,0,0,0,0,0,0,0,1
0,0,0,6,23.98660184523809,19,183839,16.4,18.8,2,755.9464285714286,2,23.7,25,0.2,1,2024,0.0316886386405278,1,0,0,0,0,0,0,0,1
0,0,0,6,2.9457029166666664,19,161450,16.4,18.8,2,625.125,2,23.7,25,0.2,1,2024,0.004704656285353031,1,0,0,0,0,0,0,0,1
0,0,0,6,2.9457029166666664,19,161450,16.4,18.8,2,625.125,2,23.7,25,0.2,1,2024,0.004704656285353031,1,0,0,0,0,0,0,0,1
0,0,0,6,0.8690954761904761,19,161450,16.4,18.8,2,284.1607142857143,2,23.7,25,0.2,0,2024,0.003047739161291669,1,0,0,0,0,0,0,0,1
0,0,0,6,0.8690954761904761,19,161450,16.4,18.8,2,284.1607142857143,2,23.7,25,0.2,0,2024,0.003047739161291669,1,0,0,0,0,0,0,0,1
0,0,0,6,3.96222,19,182347,16.4,18.8,2,309.4791666666667,2,23.7,25,0.2,0,2024,0.012355507797346572,1,0,0,0,0,0,0,0,1
0,0,0,6,3.96222,19,182347,16.4,18.8,2,309.4791666666667,2,23.7,25,0.2,0,2024,0.012355507797346572,1,0,0,0,0,0,0,0,1
0,0,0,6,3.96222,19,138907,16.4,18.8,2,309.4791666666667,2,23.7,25,0.2,0,2024,0.012355507797346572,1,0,0,0,0,0,0,0,1
0,0,0,6,3.96222,19,138907,16.4,18.8,2,309.4791666666667,2,23.7,25,0.2,0,2024,0.012355507797346572,1,0,0,0,0,0,0,0,1
0,0,0,6,3.96222,19,138907,16.4,18.8,2,309.4791666666667,2,23.7,25,0.2,0,2024,0.012355507797346572,1,0,0,0,0,0,0,0,1
0,0,0,6,3.96222,19,138907,16.4,18.8,2,309.4791666666667,2,23.7,25,0.2,0,2024,0.012355507797346572,1,0,0,0,0,0,0,0,1
0,0,0,6,3.96222,19,138887,16.4,18.8,2,309.4791666666667,2,23.7,25,0.2,0,2024,0.012355507797346572,1,0,0,0,0,0,0,0,1
0,0,0,6,3.96222,19,138887,16.4,18.8,2,309.4791666666667,2,23.7,25,0.2,0,2024,0.012355507797346572,1,0,0,0,0,0,0,0,1
0,0,0,6,11.36728625,19,84310,16.4,18.8,2,603.0238095238095,2,23.7,25,0.2,1,2024,0.01881926849698451,1,0,0,0,0,0,0,0,1
0,0,0,6,11.36728625,19,84310,16.4,18.8,2,603.0238095238095,2,23.7,25,0.2,1,2024,0.01881926849698451,1,0,0,0,0,0,0,0,1
0,0,0,6,3.96222,19,35837,16.4,18.8,2,309.4791666666667,2,23.7,25,0.2,0,2024,0.012355507797346572,1,0,0,0,0,0,0,0,1
0,0,0,6,3.96222,19,35837,16.4,18.8,2,309.4791666666667,2,23.7,25,0.2,0,2024,0.012355507797346572,1,0,0,0,0,0,0,0,1
0,0,0,6,3.96222,19,48784,16.4,18.8,2,309.4791666666667,2,23.7,25,0.2,0,2024,0.012355507797346572,1,0,0,0,0,0,0,0,1
0,0,0,6,3.96222,19,48784,16.4,18.8,2,309.4791666666667,2,23.7,25,0.2,0,2024,0.012355507797346572,1,0,0,0,0,0,0,0,1
0,0,0,6,13.98415767857143,19,48784,16.4,18.8,2,697.6190476190476,2,23.7,25,0.2,1,2024,0.020016857150160182,1,0,0,0,0,0,0,0,1
0,0,0,6,20.41871505952381,19,19979,16.4,18.8,2,511.5238095238095,2,23.7,25,0.2,1,2024,0.039839544388181734,1,0,0,0,0,0,0,0,1
0,0,0,6,20.41871505952381,19,19979,16.4,18.8,2,511.5238095238095,2,23.7,25,0.2,1,2024,0.039839544388181734,1,0,0,0,0,0,0,0,1
0,0,0,10,3.96222,15,35837,12.2,16.0,1,309.4791666666667,4,19.9,42,0.2,0,2024,0.012355507797346572,0,0,0,0,0,0,0,1,0
0,0,0,10,3.96222,15,35837,12.2,16.0,1,309.4791666666667,4,19.9,42,0.2,0,2024,0.012355507797346572,0,0,0,0,0,0,0,1,0
0,0,0,10,3.96222,15,35837,12.2,16.0,1,309.4791666666667,4,19.9,42,0.2,0,2024,0.012355507797346572,0,0,0,0,0,0,0,1,0
0,0,0,5,3.96222,13,160526,16.1,18.9,0,309.4791666666667,2,23.1,20,1.0,0,2024,0.012355507797346572,0,0,1,1,0,0,0,0,0
0,0,0,5,3.96222,13,160526,16.1,18.9,0,309.4791666666667,2,23.1,20,1.0,0,2024,0.012355507797346572,0,0,1,1,0,0,0,0,0
0,0,0,5,3.96222,13,160526,16.1,18.9,0,309.4791666666667,2,23.1,20,1.0,0,2024,0.012355507797346572,0,0,1,1,0,0,0,0,0
0,0,0,5,1.650556666666667,13,185914,16.1,18.9,0,113.94642857142856,2,23.1,20,1.0,0,2024,0.014359355807570818,0,0,1,1,0,0,0,0,0
0,0,0,5,1.650556666666667,13,185914,16.1,18.9,0,113.94642857142856,2,23.1,20,1.0,0,2024,0.014359355807570818,0,0,1,1,0,0,0,0,0
0,0,0,5,1.650556666666667,13,185914,16.1,18.9,0,113.94642857142856,2,23.1,20,1.0,0,2024,0.014359355807570818,0,0,1,1,0,0,0,0,0
0,0,0,5,1.650556666666667,13,185914,16.1,18.9,0,113.94642857142856,2,23.1,20,1.0,0,2024,0.014359355807570818,0,0,1,1,0,0,0,0,0
0,0,0,5,1.650556666666667,13,185914,16.1,18.9,0,113.94642857142856,2,23.1,20,1.0,0,2024,0.014359355807570818,0,0,1,1,0,0,0,0,0
1,0,0,5,3.037163988095238,14,179566,13.7,15.3,1,316.9404761904762,2,16.2,20,11.7,1,2024,0.00955261822743101,0,0,1,0,0,0,0,1,0
1,0,0,5,3.037163988095238,14,179566,13.7,15.3,1,316.9404761904762,2,16.2,20,11.7,1,2024,0.00955261822743101,0,0,1,0,0,0,0,1,0
0,0,0,5,16.21875,13,160526,16.1,18.9,0,4202.422619047619,2,23.1,20,1.0,1,2024,0.0038584628456119234,0,0,1,1,0,0,0,0,0
0,0,0,5,16.21875,13,160526,16.1,18.9,0,4202.422619047619,2,23.1,20,1.0,1,2024,0.0038584628456119234,0,0,1,1,0,0,0,0,0
0,0,0,5,16.21875,13,160526,16.1,18.9,0,4202.422619047619,2,23.1,20,1.0,1,2024,0.0038584628456119234,0,0,1,1,0,0,0,0,0
0,0,0,5,16.21875,13,160526,16.1,18.9,0,4202.422619047619,2,23.1,20,1.0,1,2024,0.0038584628456119234,0,0,1,1,0,0,0,0,0
0,0,0,5,16.21875,13,160526,16.1,18.9,0,4202.422619047619,2,23.1,20,1.0,1,2024,0.0038584628456119234,0,0,1,1,0,0,0,0,0
0,0,0,5,16.21875,13,160526,16.1,18.9,0,4202.422619047619,2,23.1,20,1.0,1,2024,0.0038584628456119234,0,0,1,1,0,0,0,0,0
0,0,0,5,3.96222,13,160526,16.1,18.9,0,309.4791666666667,2,23.1,20,1.0,0,2024,0.012355507797346572,0,0,1,1,0,0,0,0,0
0,0,0,5,3.96222,13,160526,16.1,18.9,0,309.4791666666667,2,23.1,20,1.0,0,2024,0.012355507797346572,0,0,1,1,0,0,0,0,0
1,0,0,5,3.96222,14,161450,13.7,15.3,1,309.4791666666667,2,16.2,20,11.7,0,2024,0.012355507797346572,0,0,1,0,0,0,0,1,0
1,0,0,5,3.96222,14,161450,13.7,15.3,1,309.4791666666667,2,16.2,20,11.7,0,2024,0.012355507797346572,0,0,1,0,0,0,0,1,0
1,0,0,5,3.96222,14,161450,13.7,15.3,1,309.4791666666667,2,16.2,20,11.7,0,2024,0.012355507797346572,0,0,1,0,0,0,0,1,0
1,0,0,5,3.96222,14,161450,13.7,15.3,1,309.4791666666667,2,16.2,20,11.7,0,2024,0.012355507797346572,0,0,1,0,0,0,0,1,0
1,0,0,5,3.96222,14,161450,13.7,15.3,1,309.4791666666667,2,16.2,20,11.7,0,2024,0.012355507797346572,0,0,1,0,0,0,0,1,0
1,0,0,5,3.96222,14,161450,13.7,15.3,1,309.4791666666667,2,16.2,20,11.7,0,2024,0.012355507797346572,0,0,1,0,0,0,0,1,0
1,0,0,5,3.96222,14,161450,13.7,15.3,1,309.4791666666667,2,16.2,20,11.7,0,2024,0.012355507797346572,0,0,1,0,0,0,0,1,0
1,0,0,5,3.96222,14,161450,13.7,15.3,1,309.4791666666667,2,16.2,20,11.7,0,2024,0.012355507797346572,0,0,1,0,0,0,0,1,0
1,0,0,5,3.96222,14,57934,13.7,15.3,1,309.4791666666667,2,16.2,20,11.7,0,2024,0.012355507797346572,0,0,1,0,0,0,0,1,0
1,0,0,5,3.96222,14,57934,13.7,15.3,1,309.4791666666667,2,16.2,20,11.7,0,2024,0.012355507797346572,0,0,1,0,0,0,0,1,0
1,0,0,5,3.96222,14,48784,13.7,15.3,1,309.4791666666667,2,16.2,20,11.7,0,2024,0.012355507797346572,0,0,1,0,0,0,0,1,0
1,0,0,5,3.96222,14,48784,13.7,15.3,1,309.4791666666667,2,16.2,20,11.7,0,2024,0.012355507797346572,0,0,1,0,0,0,0,1,0
0,0,0,5,3.96222,13,48784,16.1,18.9,0,309.4791666666667,2,23.1,20,1.0,0,2024,0.012355507797346572,0,0,1,1,0,0,0,0,0
0,0,0,5,3.96222,13,48784,16.1,18.9,0,309.4791666666667,2,23.1,20,1.0,0,2024,0.012355507797346572,0,0,1,1,0,0,0,0,0
1,0,0,5,3.96222,14,15207,13.7,15.3,1,309.4791666666667,2,16.2,20,11.7,0,2024,0.012355507797346572,0,0,1,0,0,0,0,1,0
0,0,0,5,3.96222,13,27547,16.1,18.9,0,309.4791666666667,2,23.1,20,1.0,0,2024,0.012355507797346572,0,0,1,1,0,0,0,0,0
0,0,0,1,3.96222,15,179566,-0.2,2.4,0,309.4791666666667,1,6.6,3,0.0,0,2024,0.012355507797346572,0,1,0,1,0,0,0,0,0
0,0,0,1,3.96222,15,179566,-0.2,2.4,0,309.4791666666667,1,6.6,3,0.0,0,2024,0.012355507797346572,0,1,0,1,0,0,0,0,0
0,0,0,1,6.862689523809523,15,183839,-0.2,2.4,0,403.2559523809524,1,6.6,3,0.0,1,2024,0.01697610012515644,0,1,0,1,0,0,0,0,0
0,0,0,1,6.862689523809523,15,183839,-0.2,2.4,0,403.2559523809524,1,6.6,3,0.0,1,2024,0.01697610012515644,0,1,0,1,0,0,0,0,0
0,0,0,1,3.96222,15,160526,-0.2,2.4,0,309.4791666666667,1,6.6,3,0.0,0,2024,0.012355507797346572,0,1,0,1,0,0,0,0,0
0,0,0,1,3.96222,15,160526,-0.2,2.4,0,309.4791666666667,1,6.6,3,0.0,0,2024,0.012355507797346572,0,1,0,1,0,0,0,0,0
0,1,0,1,3.79167,13,137426,-0.9,-0.7,5,192.53571428571428,1,-0.3,2,0.0,0,2024,0.019591577781878575,0,1,0,0,1,0,0,0,0
0,1,0,1,3.79167,13,137426,-0.9,-0.7,5,192.53571428571428,1,-0.3,2,0.0,0,2024,0.019591577781878575,0,1,0,0,1,0,0,0,0
0,1,0,1,3.79167,14,138907,-2.4,-0.9,6,305.8809523809524,1,2.1,2,0.0,0,2024,0.012355507797346572,0,1,0,0,0,1,0,0,0
0,1,0,1,3.79167,14,138907,-2.4,-0.9,6,305.8809523809524,1,2.1,2,0.0,0,2024,0.012355507797346572,0,1,0,0,0,1,0,0,0
0,1,0,1,3.79167,14,138907,-2.4,-0.9,6,305.8809523809524,1,2.1,2,0.0,0,2024,0.012355507797346572,0,1,0,0,0,1,0,0,0
0,1,0,1,3.79167,14,138907,-2.4,-0.9,6,305.8809523809524,1,2.1,2,0.0,0,2024,0.012355507797346572,0,1,0,0,0,1,0,0,0
0,1,0,1,3.79167,14,138907,-2.4,-0.9,6,305.8809523809524,1,2.1,2,0.0,0,2024,0.012355507797346572,0,1,0,0,0,1,0,0,0
0,0,0,1,16.241691250000002,15,15207,-0.2,2.4,0,1256.827380952381,1,6.6,3,0.0,1,2024,0.012912496178690582,0,1,0,1,0,0,0,0,0
0,0,0,1,16.241691250000002,15,15207,-0.2,2.4,0,1256.827380952381,1,6.6,3,0.0,1,2024,0.012912496178690582,0,1,0,1,0,0,0,0,0
0,0,0,4,3.96222,5,161450,13.9,16.1,4,309.4791666666667,2,18.6,14,0.6,0,2024,0.012355507797346572,0,0,1,0,0,0,0,0,0
0,0,0,4,3.96222,5,161450,13.9,16.1,4,309.4791666666667,2,18.6,14,0.6,0,2024,0.012355507797346572,0,0,1,0,0,0,0,0,0
0,0,0,4,3.96222,5,161450,13.9,16.1,4,309.4791666666667,2,18.6,14,0.6,0,2024,0.012355507797346572,0,0,1,0,0,0,0,0,0
0,0,0,4,3.96222,5,161450,13.9,16.1,4,309.4791666666667,2,18.6,14,0.6,0,2024,0.012355507797346572,0,0,1,0,0,0,0,0,0
0,0,0,4,3.96222,5,161450,13.9,16.1,4,309.4791666666667,2,18.6,14,0.6,0,2024,0.012355507797346572,0,0,1,0,0,0,0,0,0
1,0,0,4,1.548533869047619,4,185914,10.7,15.3,3,80.07142857142857,2,20.7,14,12.1,0,2024,0.019100858296622614,0,0,1,0,0,0,1,0,0
1,0,0,4,1.548533869047619,4,185914,10.7,15.3,3,80.07142857142857,2,20.7,14,12.1,0,2024,0.019100858296622614,0,0,1,0,0,0,1,0,0
0,1,0,4,4.263797916666666,6,138907,14.1,19.0,5,390.2559523809524,2,24.8,14,0.0,1,2024,0.010897720253761543,0,0,1,0,1,0,0,0,0
0,1,0,4,4.263797916666666,6,138907,14.1,19.0,5,390.2559523809524,2,24.8,14,0.0,1,2024,0.010897720253761543,0,0,1,0,1,0,0,0,0
0,1,0,4,4.263797916666666,6,138907,14.1,19.0,5,390.2559523809524,2,24.8,14,0.0,1,2024,0.010897720253761543,0,0,1,0,1,0,0,0,0
0,1,0,4,4.263797916666666,6,138907,14.1,19.0,5,390.2559523809524,2,24.8,14,0.0,1,2024,0.010897720253761543,0,0,1,0,1,0,0,0,0
0,1,0,4,4.263797916666666,6,138907,14.1,19.0,5,390.2559523809524,2,24.8,14,0.0,1,2024,0.010897720253761543,0,0,1,0,1,0,0,0,0
0,1,0,4,4.263797916666666,6,138907,14.1,19.0,5,390.2559523809524,2,24.8,14,0.0,1,2024,0.010897720253761543,0,0,1,0,1,0,0,0,0
0,1,0,4,4.263797916666666,6,138907,14.1,19.0,5,390.2559523809524,2,24.8,14,0.0,1,2024,0.010897720253761543,0,0,1,0,1,0,0,0,0
0,1,0,4,4.263797916666666,6,138907,14.1,19.0,5,390.2559523809524,2,24.8,14,0.0,1,2024,0.010897720253761543,0,0,1,0,1,0,0,0,0
0,1,0,4,4.263797916666666,6,138907,14.1,19.0,5,390.2559523809524,2,24.8,14,0.0,1,2024,0.010897720253761543,0,0,1,0,1,0,0,0,0
0,1,0,4,4.263797916666666,6,138907,14.1,19.0,5,390.2559523809524,2,24.8,14,0.0,1,2024,0.010897720253761543,0,0,1,0,1,0,0,0,0
0,1,0,4,4.263797916666666,6,138907,14.1,19.0,5,390.2559523809524,2,24.8,14,0.0,1,2024,0.010897720253761543,0,0,1,0,1,0,0,0,0
0,1,0,4,4.263797916666666,6,138907,14.1,19.0,5,390.2559523809524,2,24.8,14,0.0,1,2024,0.010897720253761543,0,0,1,0,1,0,0,0,0
0,1,0,4,6.745500238095239,6,179566,14.1,19.0,5,415.7916666666667,2,24.8,14,0.0,1,2024,0.01618434526784822,0,0,1,0,1,0,0,0,0
0,1,0,4,6.745500238095239,6,179566,14.1,19.0,5,415.7916666666667,2,24.8,14,0.0,1,2024,0.01618434526784822,0,0,1,0,1,0,0,0,0
0,1,0,4,6.745500238095239,6,179566,14.1,19.0,5,415.7916666666667,2,24.8,14,0.0,1,2024,0.01618434526784822,0,0,1,0,1,0,0,0,0
0,1,0,4,3.96222,6,160526,14.1,19.0,5,309.4791666666667,2,24.8,14,0.0,0,2024,0.012355507797346572,0,0,1,0,1,0,0,0,0
0,1,0,4,3.96222,6,160526,14.1,19.0,5,309.4791666666667,2,24.8,14,0.0,0,2024,0.012355507797346572,0,0,1,0,1,0,0,0,0
0,1,0,4,3.96222,6,161450,14.1,19.0,5,309.4791666666667,2,24.8,14,0.0,0,2024,0.012355507797346572,0,0,1,0,1,0,0,0,0
0,1,0,4,3.96222,6,137426,14.1,19.0,5,309.4791666666667,2,24.8,14,0.0,0,2024,0.012355507797346572,0,0,1,0,1,0,0,0,0
0,1,0,4,3.96222,6,137426,14.1,19.0,5,309.4791666666667,2,24.8,14,0.0,0,2024,0.012355507797346572,0,0,1,0,1,0,0,0,0
0,1,0,4,3.96222,6,137426,14.1,19.0,5,309.4791666666667,2,24.8,14,0.0,0,2024,0.012355507797346572,0,0,1,0,1,0,0,0,0
0,1,0,4,3.96222,6,137426,14.1,19.0,5,309.4791666666667,2,24.8,14,0.0,0,2024,0.012355507797346572,0,0,1,0,1,0,0,0,0
0,1,0,4,3.96222,6,137426,14.1,19.0,5,309.4791666666667,2,24.8,14,0.0,0,2024,0.012355507797346572,0,0,1,0,1,0,0,0,0
0,1,0,4,3.96222,6,137426,14.1,19.0,5,309.4791666666667,2,24.8,14,0.0,0,2024,0.012355507797346572,0,0,1,0,1,0,0,0,0
0,1,0,4,3.96222,6,138907,14.1,19.0,5,309.4791666666667,2,24.8,14,0.0,0,2024,0.012355507797346572,0,0,1,0,1,0,0,0,0
0,1,0,4,3.96222,6,138907,14.1,19.0,5,309.4791666666667,2,24.8,14,0.0,0,2024,0.012355507797346572,0,0,1,0,1,0,0,0,0
0,1,0,4,3.96222,6,138907,14.1,19.0,5,309.4791666666667,2,24.8,14,0.0,0,2024,0.012355507797346572,0,0,1,0,1,0,0,0,0
0,0,0,4,3.84723,5,57934,13.9,16.1,4,448.2797619047619,2,18.6,14,0.6,1,2024,0.008563105499542919,0,0,1,0,0,0,0,0,0
0,0,0,4,3.84723,5,57934,13.9,16.1,4,448.2797619047619,2,18.6,14,0.6,1,2024,0.008563105499542919,0,0,1,0,0,0,0,0,0
0,1,0,4,10.998298154761905,6,35837,14.1,19.0,5,302.2738095238095,2,24.8,14,0.0,0,2024,0.036265242198233565,0,0,1,0,1,0,0,0,0
0,1,0,4,10.998298154761905,6,35837,14.1,19.0,5,302.2738095238095,2,24.8,14,0.0,0,2024,0.036265242198233565,0,0,1,0,1,0,0,0,0
0,1,0,1,1.9878250595238096,14,182347,-2.4,-0.9,6,188.5178571428572,1,2.1,2,0.0,0,2024,0.010488853607211279,0,1,0,0,0,1,0,0,0
0,1,0,1,1.9878250595238096,14,182347,-2.4,-0.9,6,188.5178571428572,1,2.1,2,0.0,0,2024,0.010488853607211279,0,1,0,0,0,1,0,0,0
0,1,0,1,1.6027489285714285,14,138907,-2.4,-0.9,6,153.22619047619048,1,2.1,2,0.0,0,2024,0.010392196835198764,0,1,0,0,0,1,0,0,0
0,1,0,1,3.96222,14,231476,-2.4,-0.9,6,309.4791666666667,1,2.1,2,0.0,0,2024,0.012355507797346572,0,1,0,0,0,1,0,0,0
0,1,0,1,3.96222,14,231476,-2.4,-0.9,6,309.4791666666667,1,2.1,2,0.0,0,2024,0.012355507797346572,0,1,0,0,0,1,0,0,0
0,1,0,1,3.96222,14,179566,-2.4,-0.9,6,309.4791666666667,1,2.1,2,0.0,0,2024,0.012355507797346572,0,1,0,0,0,1,0,0,0
0,1,0,1,3.96222,14,179566,-2.4,-0.9,6,309.4791666666667,1,2.1,2,0.0,0,2024,0.012355507797346572,0,1,0,0,0,1,0,0,0
0,1,0,1,3.96222,14,179566,-2.4,-0.9,6,309.4791666666667,1,2.1,2,0.0,0,2024,0.012355507797346572,0,1,0,0,0,1,0,0,0
0,1,0,1,3.96222,14,179566,-2.4,-0.9,6,309.4791666666667,1,2.1,2,0.0,0,2024,0.012355507797346572,0,1,0,0,0,1,0,0,0
0,1,0,1,1.3864564285714285,14,185914,-2.4,-0.9,6,60.17261904761905,1,2.1,2,0.0,0,2024,0.02266465700107035,0,1,0,0,0,1,0,0,0
0,1,0,1,3.96222,14,55932,-2.4,-0.9,6,309.4791666666667,1,2.1,2,0.0,0,2024,0.012355507797346572,0,1,0,0,0,1,0,0,0
0,1,0,1,3.96222,14,55932,-2.4,-0.9,6,309.4791666666667,1,2.1,2,0.0,0,2024,0.012355507797346572,0,1,0,0,0,1,0,0,0
0,1,0,1,3.96222,14,55932,-2.4,-0.9,6,309.4791666666667,1,2.1,2,0.0,0,2024,0.012355507797346572,0,1,0,0,0,1,0,0,0
0,1,0,1,3.96222,14,55932,-2.4,-0.9,6,309.4791666666667,1,2.1,2,0.0,0,2024,0.012355507797346572,0,1,0,0,0,1,0,0,0
0,1,0,1,3.96222,14,55932,-2.4,-0.9,6,309.4791666666667,1,2.1,2,0.0,0,2024,0.012355507797346572,0,1,0,0,0,1,0,0,0
0,1,0,1,3.96222,13,35837,-0.9,-0.7,5,309.4791666666667,1,-0.3,2,0.0,0,2024,0.012355507797346572,0,1,0,0,1,0,0,0,0
0,1,0,1,3.96222,13,35837,-0.9,-0.7,5,309.4791666666667,1,-0.3,2,0.0,0,2024,0.012355507797346572,0,1,0,0,1,0,0,0,0
0,1,0,1,3.96222,13,35837,-0.9,-0.7,5,309.4791666666667,1,-0.3,2,0.0,0,2024,0.012355507797346572,0,1,0,0,1,0,0,0,0
0,1,0,1,3.96222,13,35837,-0.9,-0.7,5,309.4791666666667,1,-0.3,2,0.0,0,2024,0.012355507797346572,0,1,0,0,1,0,0,0,0
0,1,0,1,3.96222,13,35837,-0.9,-0.7,5,309.4791666666667,1,-0.3,2,0.0,0,2024,0.012355507797346572,0,1,0,0,1,0,0,0,0
0,1,0,1,3.96222,14,160526,-2.4,-0.9,6,309.4791666666667,1,2.1,2,0.0,0,2024,0.012355507797346572,0,1,0,0,0,1,0,0,0
0,1,0,1,3.96222,14,160526,-2.4,-0.9,6,309.4791666666667,1,2.1,2,0.0,0,2024,0.012355507797346572,0,1,0,0,0,1,0,0,0
0,1,0,1,3.96222,14,160526,-2.4,-0.9,6,309.4791666666667,1,2.1,2,0.0,0,2024,0.012355507797346572,0,1,0,0,0,1,0,0,0
0,0,0,1,3.96222,12,231476,-0.9,1.8,4,309.4791666666667,1,3.5,2,0.0,0,2024,0.012355507797346572,0,1,0,0,0,0,0,0,0
0,0,0,1,3.96222,12,231476,-0.9,1.8,4,309.4791666666667,1,3.5,2,0.0,0,2024,0.012355507797346572,0,1,0,0,0,0,0,0,0
1,1,0,7,3.96222,20,185914,19.6,26.4,5,309.4791666666667,3,31.7,29,2.4,0,2024,0.012355507797346572,1,0,0,0,1,0,0,0,0
1,1,0,7,3.96222,20,185914,19.6,26.4,5,309.4791666666667,3,31.7,29,2.4,0,2024,0.012355507797346572,1,0,0,0,1,0,0,0,0
0,1,0,1,3.79167,14,182347,-2.4,-0.9,6,418.7797619047619,1,2.1,2,0.0,1,2024,0.009032522155892403,0,1,0,0,0,1,0,0,0
0,1,0,1,3.79167,14,182347,-2.4,-0.9,6,418.7797619047619,1,2.1,2,0.0,1,2024,0.009032522155892403,0,1,0,0,0,1,0,0,0
1,1,0,7,3.96222,20,160526,19.6,26.4,5,309.4791666666667,3,31.7,29,2.4,0,2024,0.012355507797346572,1,0,0,0,1,0,0,0,0
1,1,0,7,3.96222,20,160526,19.6,26.4,5,309.4791666666667,3,31.7,29,2.4,0,2024,0.012355507797346572,1,0,0,0,1,0,0,0,0
0,1,0,1,14.222920892857143,13,15207,-0.9,-0.7,5,1247.2619047619048,1,-0.3,2,0.0,1,2024,0.011394180050355732,0,1,0,0,1,0,0,0,0
1,1,0,7,3.96222,20,138887,19.6,26.4,5,309.4791666666667,3,31.7,29,2.4,0,2024,0.012355507797346572,1,0,0,0,1,0,0,0,0
1,1,0,7,3.96222,20,138887,19.6,26.4,5,309.4791666666667,3,31.7,29,2.4,0,2024,0.012355507797346572,1,0,0,0,1,0,0,0,0
1,1,0,7,3.96222,20,138887,19.6,26.4,5,309.4791666666667,3,31.7,29,2.4,0,2024,0.012355507797346572,1,0,0,0,1,0,0,0,0
0,0,0,8,9.301736111111111,26,183839,11.1,18.6,0,3566.284722222222,3,26.5,35,0.0,1,2024,0.002607511548816502,1,0,0,1,0,0,0,0,0
0,0,0,8,9.301736111111111,26,183839,11.1,18.6,0,3566.284722222222,3,26.5,35,0.0,1,2024,0.002607511548816502,1,0,0,1,0,0,0,0,0
0,0,0,8,3.96222,27,55932,12.6,20.7,1,309.4791666666667,3,29.3,35,0.0,0,2024,0.012355507797346572,1,0,0,0,0,0,0,1,0
0,0,0,8,10.310840694444444,27,55932,12.6,20.7,1,166.68055555555554,3,29.3,35,0.0,0,2024,0.06149097407438085,1,0,0,0,0,0,0,1,0
0,0,0,8,10.310840694444444,27,55932,12.6,20.7,1,166.68055555555554,3,29.3,35,0.0,0,2024,0.06149097407438085,1,0,0,0,0,0,0,1,0
0,0,0,8,10.310840694444444,27,55932,12.6,20.7,1,166.68055555555554,3,29.3,35,0.0,0,2024,0.06149097407438085,1,0,0,0,0,0,0,1,0
0,0,0,8,0.97547,27,185914,12.6,20.7,1,247.78472222222217,3,29.3,35,0.0,0,2024,0.003920940125610607,1,0,0,0,0,0,0,1,0
0,0,0,8,2.3105894791666666,27,179566,12.6,20.7,1,243.06944444444446,3,29.3,35,0.0,0,2024,0.009466934644056221,1,0,0,0,0,0,0,1,0
0,0,0,8,2.3105894791666666,27,179566,12.6,20.7,1,243.06944444444446,3,29.3,35,0.0,0,2024,0.009466934644056221,1,0,0,0,0,0,0,1,0
0,0,0,8,3.96222,27,161450,12.6,20.7,1,309.4791666666667,3,29.3,35,0.0,0,2024,0.012355507797346572,1,0,0,0,0,0,0,1,0
0,0,0,8,3.96222,27,161450,12.6,20.7,1,309.4791666666667,3,29.3,35,0.0,0,2024,0.012355507797346572,1,0,0,0,0,0,0,1,0
0,0,0,8,2.98806,27,160526,12.6,20.7,1,223.4097222222222,3,29.3,35,0.0,0,2024,0.013315198514621695,1,0,0,0,0,0,0,1,0
0,0,0,8,2.98806,27,160526,12.6,20.7,1,223.4097222222222,3,29.3,35,0.0,0,2024,0.013315198514621695,1,0,0,0,0,0,0,1,0
0,0,0,8,3.96222,27,160526,12.6,20.7,1,309.4791666666667,3,29.3,35,0.0,0,2024,0.012355507797346572,1,0,0,0,0,0,0,1,0
0,0,0,8,3.96222,27,160526,12.6,20.7,1,309.4791666666667,3,29.3,35,0.0,0,2024,0.012355507797346572,1,0,0,0,0,0,0,1,0
0,0,0,8,3.96222,26,161450,11.1,18.6,0,309.4791666666667,3,26.5,35,0.0,0,2024,0.012355507797346572,1,0,0,1,0,0,0,0,0
0,0,0,8,3.96222,26,161450,11.1,18.6,0,309.4791666666667,3,26.5,35,0.0,0,2024,0.012355507797346572,1,0,0,1,0,0,0,0,0
0,0,0,8,3.96222,26,161450,11.1,18.6,0,309.4791666666667,3,26.5,35,0.0,0,2024,0.012355507797346572,1,0,0,1,0,0,0,0,0
0,0,0,8,3.96222,26,161450,11.1,18.6,0,309.4791666666667,3,26.5,35,0.0,0,2024,0.012355507797346572,1,0,0,1,0,0,0,0,0
0,0,0,8,1.9510875694444447,26,161450,11.1,18.6,0,281.03819444444446,3,26.5,35,0.0,0,2024,0.0069178132886847975,1,0,0,1,0,0,0,0,0
0,1,0,8,3.96222,25,161450,13.2,18.2,6,309.4791666666667,3,24.1,34,0.0,0,2024,0.012355507797346572,1,0,0,0,0,1,0,0,0
0,1,0,8,3.96222,25,161450,13.2,18.2,6,309.4791666666667,3,24.1,34,0.0,0,2024,0.012355507797346572,1,0,0,0,0,1,0,0,0
0,0,0,8,2.98806,26,231476,11.1,18.6,0,321.15972222222223,3,26.5,35,0.0,1,2024,0.009275088702550064,1,0,0,1,0,0,0,0,0
0,0,0,8,2.98806,26,231476,11.1,18.6,0,321.15972222222223,3,26.5,35,0.0,1,2024,0.009275088702550064,1,0,0,1,0,0,0,0,0
0,0,0,8,3.96222,27,138887,12.6,20.7,1,309.4791666666667,3,29.3,35,0.0,0,2024,0.012355507797346572,1,0,0,0,0,0,0,1,0
0,0,0,8,3.96222,27,138887,12.6,20.7,1,309.4791666666667,3,29.3,35,0.0,0,2024,0.012355507797346572,1,0,0,0,0,0,0,1,0
0,0,0,8,2.98806,27,138887,12.6,20.7,1,135.32638888888889,3,29.3,35,0.0,0,2024,0.02191842697773929,1,0,0,0,0,0,0,1,0
0,0,0,8,2.98806,27,138887,12.6,20.7,1,135.32638888888889,3,29.3,35,0.0,0,2024,0.02191842697773929,1,0,0,0,0,0,0,1,0
0,0,0,8,3.96222,27,138887,12.6,20.7,1,309.4791666666667,3,29.3,35,0.0,0,2024,0.012355507797346572,1,0,0,0,0,0,0,1,0
0,0,0,8,3.96222,27,138887,12.6,20.7,1,309.4791666666667,3,29.3,35,0.0,0,2024,0.012355507797346572,1,0,0,0,0,0,0,1,0
0,0,0,8,31.875034270833332,26,84310,11.1,18.6,0,720.7847222222222,3,26.5,35,0.0,1,2024,0.04416141446260716,1,0,0,1,0,0,0,0,0
0,0,0,8,31.875034270833332,26,84310,11.1,18.6,0,720.7847222222222,3,26.5,35,0.0,1,2024,0.04416141446260716,1,0,0,1,0,0,0,0,0
0,0,0,8,3.3542249305555556,27,35837,12.6,20.7,1,160.48958333333331,3,29.3,35,0.0,0,2024,0.020770534305188246,1,0,0,0,0,0,0,1,0
0,0,0,8,3.3542249305555556,27,35837,12.6,20.7,1,160.48958333333331,3,29.3,35,0.0,0,2024,0.020770534305188246,1,0,0,0,0,0,0,1,0
0,0,0,8,7.153639375000001,27,35837,12.6,20.7,1,494.8472222222222,3,29.3,35,0.0,1,2024,0.014427103862636905,1,0,0,0,0,0,0,1,0
0,0,0,8,7.153639375000001,27,35837,12.6,20.7,1,494.8472222222222,3,29.3,35,0.0,1,2024,0.014427103862636905,1,0,0,0,0,0,0,1,0
0,0,0,7,0.8926141071428572,19,161450,18.0,27.3,4,194.04761904761904,3,35.2,29,0.0,0,2024,0.004576390686035156,1,0,0,0,0,0,0,0,0
0,0,0,7,3.96222,19,183839,18.0,27.3,4,309.4791666666667,3,35.2,29,0.0,0,2024,0.012355507797346572,1,0,0,0,0,0,0,0,0
0,0,0,7,3.50333,18,185914,15.5,23.3,3,246.69642857142856,3,31.4,29,0.0,0,2024,0.014143643572921924,1,0,0,0,0,0,1,0,0
0,0,0,7,3.50333,18,185914,15.5,23.3,3,246.69642857142856,3,31.4,29,0.0,0,2024,0.014143643572921924,1,0,0,0,0,0,1,0,0
0,0,0,7,3.96222,18,138907,15.5,23.3,3,309.4791666666667,3,31.4,29,0.0,0,2024,0.012355507797346572,1,0,0,0,0,0,1,0,0
0,0,0,7,3.96222,18,138907,15.5,23.3,3,309.4791666666667,3,31.4,29,0.0,0,2024,0.012355507797346572,1,0,0,0,0,0,1,0,0
0,0,0,7,3.96222,18,138907,15.5,23.3,3,309.4791666666667,3,31.4,29,0.0,0,2024,0.012355507797346572,1,0,0,0,0,0,1,0,0
0,0,0,10,3.96222,1,179566,12.5,15.2,1,309.4791666666667,4,20.5,40,0.0,0,2024,0.012355507797346572,0,0,0,0,0,0,0,1,0
0,0,0,10,3.96222,1,179566,12.5,15.2,1,309.4791666666667,4,20.5,40,0.0,0,2024,0.012355507797346572,0,0,0,0,0,0,0,1,0
0,0,0,7,3.96222,18,231476,15.5,23.3,3,309.4791666666667,3,31.4,29,0.0,0,2024,0.012355507797346572,1,0,0,0,0,0,1,0,0
0,0,0,7,3.96222,18,231476,15.5,23.3,3,309.4791666666667,3,31.4,29,0.0,0,2024,0.012355507797346572,1,0,0,0,0,0,1,0,0
0,0,0,7,3.96222,18,231476,15.5,23.3,3,309.4791666666667,3,31.4,29,0.0,0,2024,0.012355507797346572,1,0,0,0,0,0,1,0,0
1,0,0,9,14.86892361111111,30,183839,12.2,15.5,0,4354.604166666667,3,18.5,40,1.2,1,2024,0.003413745382306001,0,0,0,1,0,0,0,0,0
1,0,0,9,14.86892361111111,30,183839,12.2,15.5,0,4354.604166666667,3,18.5,40,1.2,1,2024,0.003413745382306001,0,0,0,1,0,0,0,0,0
1,0,0,9,14.86892361111111,30,183839,12.2,15.5,0,4354.604166666667,3,18.5,40,1.2,1,2024,0.003413745382306001,0,0,0,1,0,0,0,0,0
0,0,0,7,3.96222,19,179566,18.0,27.3,4,309.4791666666667,3,35.2,29,0.0,0,2024,0.012355507797346572,1,0,0,0,0,0,0,0,0
0,0,0,7,3.96222,19,179566,18.0,27.3,4,309.4791666666667,3,35.2,29,0.0,0,2024,0.012355507797346572,1,0,0,0,0,0,0,0,0
0,0,0,7,3.96222,19,183839,18.0,27.3,4,309.4791666666667,3,35.2,29,0.0,0,2024,0.012355507797346572,1,0,0,0,0,0,0,0,0
0,0,0,7,3.96222,19,183839,18.0,27.3,4,309.4791666666667,3,35.2,29,0.0,0,2024,0.012355507797346572,1,0,0,0,0,0,0,0,0
0,0,0,10,3.96222,1,41158,12.5,15.2,1,309.4791666666667,4,20.5,40,0.0,0,2024,0.012355507797346572,0,0,0,0,0,0,0,1,0
0,0,0,10,3.96222,1,41158,12.5,15.2,1,309.4791666666667,4,20.5,40,0.0,0,2024,0.012355507797346572,0,0,0,0,0,0,0,1,0
0,0,0,10,3.96222,1,41158,12.5,15.2,1,309.4791666666667,4,20.5,40,0.0,0,2024,0.012355507797346572,0,0,0,0,0,0,0,1,0
1,0,0,9,3.96222,30,185914,12.2,15.5,0,309.4791666666667,3,18.5,40,1.2,0,2024,0.012355507797346572,0,0,0,1,0,0,0,0,0
1,0,0,9,3.96222,30,185914,12.2,15.5,0,309.4791666666667,3,18.5,40,1.2,0,2024,0.012355507797346572,0,0,0,1,0,0,0,0,0
0,0,0,7,3.96222,19,160526,18.0,27.3,4,309.4791666666667,3,35.2,29,0.0,0,2024,0.012355507797346572,1,0,0,0,0,0,0,0,0
0,0,0,7,3.96222,19,160526,18.0,27.3,4,309.4791666666667,3,35.2,29,0.0,0,2024,0.012355507797346572,1,0,0,0,0,0,0,0,0
0,0,0,10,4.0575,1,160526,12.5,15.2,1,220.1111111111111,4,20.5,40,0.0,0,2024,0.018350502512562816,0,0,0,0,0,0,0,1,0
0,0,0,10,4.0575,1,160526,12.5,15.2,1,220.1111111111111,4,20.5,40,0.0,0,2024,0.018350502512562816,0,0,0,0,0,0,0,1,0
0,0,0,7,3.96222,17,137426,15.2,21.7,2,309.4791666666667,3,28.7,29,0.0,0,2024,0.012355507797346572,1,0,0,0,0,0,0,0,1
0,0,0,7,3.96222,17,137426,15.2,21.7,2,309.4791666666667,3,28.7,29,0.0,0,2024,0.012355507797346572,1,0,0,0,0,0,0,0,1
0,0,0,10,3.96222,1,161450,12.5,15.2,1,309.4791666666667,4,20.5,40,0.0,0,2024,0.012355507797346572,0,0,0,0,0,0,0,1,0
0,0,0,10,3.96222,1,161450,12.5,15.2,1,309.4791666666667,4,20.5,40,0.0,0,2024,0.012355507797346572,0,0,0,0,0,0,0,1,0
0,0,0,7,3.96222,19,138907,18.0,27.3,4,309.4791666666667,3,35.2,29,0.0,0,2024,0.012355507797346572,1,0,0,0,0,0,0,0,0
0,0,0,7,3.96222,19,138907,18.0,27.3,4,309.4791666666667,3,35.2,29,0.0,0,2024,0.012355507797346572,1,0,0,0,0,0,0,0,0
0,0,0,7,3.96222,19,138907,18.0,27.3,4,309.4791666666667,3,35.2,29,0.0,0,2024,0.012355507797346572,1,0,0,0,0,0,0,0,0
0,0,0,10,1.9541834722222222,1,84310,12.5,15.2,1,147.0138888888889,4,20.5,40,0.0,0,2024,0.01320270338744487,0,0,0,0,0,0,0,1,0
0,0,0,10,1.9541834722222222,1,84310,12.5,15.2,1,147.0138888888889,4,20.5,40,0.0,0,2024,0.01320270338744487,0,0,0,0,0,0,0,1,0
1,0,0,9,21.06684954861111,30,35837,12.2,15.5,0,503.6145833333333,3,18.5,40,1.2,1,2024,0.041748396190712106,0,0,0,1,0,0,0,0,0
0,0,0,7,3.50333,19,57934,18.0,27.3,4,477.1130952380952,3,35.2,29,0.0,1,2024,0.007327408587826651,1,0,0,0,0,0,0,0,0
0,0,0,7,3.50333,19,57934,18.0,27.3,4,477.1130952380952,3,35.2,29,0.0,1,2024,0.007327408587826651,1,0,0,0,0,0,0,0,0
0,0,0,7,3.96222,19,35837,18.0,27.3,4,309.4791666666667,3,35.2,29,0.0,0,2024,0.012355507797346572,1,0,0,0,0,0,0,0,0
0,0,0,7,3.96222,19,35837,18.0,27.3,4,309.4791666666667,3,35.2,29,0.0,0,2024,0.012355507797346572,1,0,0,0,0,0,0,0,0
0,0,0,8,2.98806,26,160526,11.1,18.6,0,223.4097222222222,3,26.5,35,0.0,0,2024,0.013315198514621695,1,0,0,1,0,0,0,0,0
0,0,0,8,2.98806,26,160526,11.1,18.6,0,223.4097222222222,3,26.5,35,0.0,0,2024,0.013315198514621695,1,0,0,1,0,0,0,0,0
0,0,0,8,2.98806,26,160526,11.1,18.6,0,223.4097222222222,3,26.5,35,0.0,0,2024,0.013315198514621695,1,0,0,1,0,0,0,0,0
0,0,0,8,0.97547,26,185914,11.1,18.6,0,247.78472222222217,3,26.5,35,0.0,0,2024,0.003920940125610607,1,0,0,1,0,0,0,0,0
0,0,0,8,0.97547,26,185914,11.1,18.6,0,247.78472222222217,3,26.5,35,0.0,0,2024,0.003920940125610607,1,0,0,1,0,0,0,0,0
0,1,0,8,3.96222,25,161450,13.2,18.2,6,309.4791666666667,3,24.1,34,0.0,0,2024,0.012355507797346572,1,0,0,0,0,1,0,0,0
0,1,0,8,3.96222,25,161450,13.2,18.2,6,309.4791666666667,3,24.1,34,0.0,0,2024,0.012355507797346572,1,0,0,0,0,1,0,0,0
0,1,0,8,3.96222,25,161450,13.2,18.2,6,309.4791666666667,3,24.1,34,0.0,0,2024,0.012355507797346572,1,0,0,0,0,1,0,0,0
0,0,0,8,2.98806,26,231476,11.1,18.6,0,321.15972222222223,3,26.5,35,0.0,1,2024,0.009275088702550064,1,0,0,1,0,0,0,0,0
0,0,0,8,2.98806,26,231476,11.1,18.6,0,321.15972222222223,3,26.5,35,0.0,1,2024,0.009275088702550064,1,0,0,1,0,0,0,0,0
0,0,0,8,2.98806,26,231476,11.1,18.6,0,321.15972222222223,3,26.5,35,0.0,1,2024,0.009275088702550064,1,0,0,1,0,0,0,0,0
0,0,0,8,2.98806,26,231476,11.1,18.6,0,321.15972222222223,3,26.5,35,0.0,1,2024,0.009275088702550064,1,0,0,1,0,0,0,0,0
0,0,0,8,3.96222,26,183839,11.1,18.6,0,309.4791666666667,3,26.5,35,0.0,0,2024,0.012355507797346572,1,0,0,1,0,0,0,0,0
0,0,0,8,3.96222,26,183839,11.1,18.6,0,309.4791666666667,3,26.5,35,0.0,0,2024,0.012355507797346572,1,0,0,1,0,0,0,0,0
0,0,0,8,3.96222,26,183839,11.1,18.6,0,309.4791666666667,3,26.5,35,0.0,0,2024,0.012355507797346572,1,0,0,1,0,0,0,0,0
0,0,0,8,3.96222,26,183839,11.1,18.6,0,309.4791666666667,3,26.5,35,0.0,0,2024,0.012355507797346572,1,0,0,1,0,0,0,0,0
0,0,0,8,3.96222,26,160526,11.1,18.6,0,309.4791666666667,3,26.5,35,0.0,0,2024,0.012355507797346572,1,0,0,1,0,0,0,0,0
0,0,0,8,3.96222,26,160526,11.1,18.6,0,309.4791666666667,3,26.5,35,0.0,0,2024,0.012355507797346572,1,0,0,1,0,0,0,0,0
0,0,0,8,18.219574166666664,26,231476,11.1,18.6,0,189.15625,3,26.5,35,0.0,0,2024,0.09581370145165707,1,0,0,1,0,0,0,0,0
0,0,0,8,18.219574166666664,26,231476,11.1,18.6,0,189.15625,3,26.5,35,0.0,0,2024,0.09581370145165707,1,0,0,1,0,0,0,0,0
0,1,0,8,3.96222,25,35837,13.2,18.2,6,309.4791666666667,3,24.1,34,0.0,0,2024,0.012355507797346572,1,0,0,0,0,1,0,0,0
0,1,0,8,3.96222,25,35837,13.2,18.2,6,309.4791666666667,3,24.1,34,0.0,0,2024,0.012355507797346572,1,0,0,0,0,1,0,0,0
0,0,0,8,3.96222,26,27547,11.1,18.6,0,309.4791666666667,3,26.5,35,0.0,0,2024,0.012355507797346572,1,0,0,1,0,0,0,0,0
0,0,0,8,3.96222,26,27547,11.1,18.6,0,309.4791666666667,3,26.5,35,0.0,0,2024,0.012355507797346572,1,0,0,1,0,0,0,0,0
1,0,0,6,4.26,17,185914,15.1,19.6,0,317.55357142857144,2,24.7,25,3.6,1,2024,0.013372946914064689,1,0,0,1,0,0,0,0,0
1,1,0,6,5.906195059523809,16,231476,13.0,16.0,6,263.0833333333333,2,19.7,24,2.2,0,2024,0.022364891358247308,1,0,0,0,0,1,0,0,0
1,1,0,6,5.906195059523809,16,231476,13.0,16.0,6,263.0833333333333,2,19.7,24,2.2,0,2024,0.022364891358247308,1,0,0,0,0,1,0,0,0
1,1,0,6,5.906195059523809,16,231476,13.0,16.0,6,263.0833333333333,2,19.7,24,2.2,0,2024,0.022364891358247308,1,0,0,0,0,1,0,0,0
1,1,0,6,5.906195059523809,16,231476,13.0,16.0,6,263.0833333333333,2,19.7,24,2.2,0,2024,0.022364891358247308,1,0,0,0,0,1,0,0,0
1,0,0,6,4.26,18,179566,15.8,19.6,1,254.4047619047619,2,24.6,25,4.8,0,2024,0.01667940710357043,1,0,0,0,0,0,0,1,0
1,0,0,6,4.26,18,179566,15.8,19.6,1,254.4047619047619,2,24.6,25,4.8,0,2024,0.01667940710357043,1,0,0,0,0,0,0,1,0
1,0,0,6,4.26,18,179566,15.8,19.6,1,254.4047619047619,2,24.6,25,4.8,0,2024,0.01667940710357043,1,0,0,0,0,0,0,1,0
1,0,0,6,4.26,18,179566,15.8,19.6,1,254.4047619047619,2,24.6,25,4.8,0,2024,0.01667940710357043,1,0,0,0,0,0,0,1,0
1,0,0,6,4.26,18,179566,15.8,19.6,1,254.4047619047619,2,24.6,25,4.8,0,2024,0.01667940710357043,1,0,0,0,0,0,0,1,0
1,0,0,6,4.26,18,179566,15.8,19.6,1,254.4047619047619,2,24.6,25,4.8,0,2024,0.01667940710357043,1,0,0,0,0,0,0,1,0
1,0,0,6,3.96222,17,41158,15.1,19.6,0,309.4791666666667,2,24.7,25,3.6,0,2024,0.012355507797346572,1,0,0,1,0,0,0,0,0
1,0,0,6,3.96222,17,41158,15.1,19.6,0,309.4791666666667,2,24.7,25,3.6,0,2024,0.012355507797346572,1,0,0,1,0,0,0,0,0
1,0,0,6,3.96222,17,41158,15.1,19.6,0,309.4791666666667,2,24.7,25,3.6,0,2024,0.012355507797346572,1,0,0,1,0,0,0,0,0
1,0,0,6,3.96222,17,41158,15.1,19.6,0,309.4791666666667,2,24.7,25,3.6,0,2024,0.012355507797346572,1,0,0,1,0,0,0,0,0
1,0,0,6,4.829792857142857,18,179566,15.8,19.6,1,124.23809523809524,2,24.6,25,4.8,0,2024,0.038564885931558934,1,0,0,0,0,0,0,1,0
1,0,0,6,4.829792857142857,18,179566,15.8,19.6,1,124.23809523809524,2,24.6,25,4.8,0,2024,0.038564885931558934,1,0,0,0,0,0,0,1,0
1,0,0,6,3.96222,18,160526,15.8,19.6,1,309.4791666666667,2,24.6,25,4.8,0,2024,0.012355507797346572,1,0,0,0,0,0,0,1,0
1,0,0,6,5.2765884523809525,18,161450,15.8,19.6,1,320.7797619047619,2,24.6,25,4.8,1,2024,0.016398136480512034,1,0,0,0,0,0,0,1,0
1,0,0,6,5.2765884523809525,18,161450,15.8,19.6,1,320.7797619047619,2,24.6,25,4.8,1,2024,0.016398136480512034,1,0,0,0,0,0,0,1,0
1,0,0,6,5.2765884523809525,17,161450,15.1,19.6,0,320.7797619047619,2,24.7,25,3.6,1,2024,0.016398136480512034,1,0,0,1,0,0,0,0,0
1,0,0,6,5.2765884523809525,17,161450,15.1,19.6,0,320.7797619047619,2,24.7,25,3.6,1,2024,0.016398136480512034,1,0,0,1,0,0,0,0,0
1,0,0,6,26.63244523809524,17,231476,15.1,19.6,0,409.5952380952381,2,24.7,25,3.6,1,2024,0.06486301536677298,1,0,0,1,0,0,0,0,0
1,0,0,6,26.63244523809524,17,231476,15.1,19.6,0,409.5952380952381,2,24.7,25,3.6,1,2024,0.06486301536677298,1,0,0,1,0,0,0,0,0
1,0,0,6,3.96222,18,138887,15.8,19.6,1,309.4791666666667,2,24.6,25,4.8,0,2024,0.012355507797346572,1,0,0,0,0,0,0,1,0
1,0,0,6,3.96222,18,138887,15.8,19.6,1,309.4791666666667,2,24.6,25,4.8,0,2024,0.012355507797346572,1,0,0,0,0,0,0,1,0
1,0,0,6,11.36728625,18,84310,15.8,19.6,1,603.0238095238095,2,24.6,25,4.8,1,2024,0.01881926849698451,1,0,0,0,0,0,0,1,0
1,0,0,6,11.36728625,18,84310,15.8,19.6,1,603.0238095238095,2,24.6,25,4.8,1,2024,0.01881926849698451,1,0,0,0,0,0,0,1,0
1,0,0,6,36.60245797619048,18,35837,15.8,19.6,1,482.2261904761905,2,24.6,25,4.8,1,2024,0.07574601438742579,1,0,0,0,0,0,0,1,0
1,0,0,6,36.60245797619048,18,35837,15.8,19.6,1,482.2261904761905,2,24.6,25,4.8,1,2024,0.07574601438742579,1,0,0,0,0,0,0,1,0
1,0,0,6,4.26,18,35837,15.8,19.6,1,541.5059523809524,2,24.6,25,4.8,1,2024,0.007852448404121087,1,0,0,0,0,0,0,1,0
1,0,0,6,4.26,18,35837,15.8,19.6,1,541.5059523809524,2,24.6,25,4.8,1,2024,0.007852448404121087,1,0,0,0,0,0,0,1,0
1,0,0,6,3.96222,18,48784,15.8,19.6,1,309.4791666666667,2,24.6,25,4.8,0,2024,0.012355507797346572,1,0,0,0,0,0,0,1,0
1,0,0,6,3.96222,18,48784,15.8,19.6,1,309.4791666666667,2,24.6,25,4.8,0,2024,0.012355507797346572,1,0,0,0,0,0,0,1,0
1,0,0,6,4.26,17,48784,15.1,19.6,0,254.0059523809524,2,24.7,25,3.6,0,2024,0.016705492402138138,1,0,0,1,0,0,0,0,0
1,0,0,6,4.26,17,48784,15.1,19.6,0,254.0059523809524,2,24.7,25,3.6,0,2024,0.016705492402138138,1,0,0,1,0,0,0,0,0
1,0,0,6,3.96222,18,19979,15.8,19.6,1,309.4791666666667,2,24.6,25,4.8,0,2024,0.012355507797346572,1,0,0,0,0,0,0,1,0
1,0,0,6,3.96222,18,19979,15.8,19.6,1,309.4791666666667,2,24.6,25,4.8,0,2024,0.012355507797346572,1,0,0,0,0,0,0,1,0
1,0,0,6,3.96222,18,19979,15.8,19.6,1,309.4791666666667,2,24.6,25,4.8,0,2024,0.012355507797346572,1,0,0,0,0,0,0,1,0
1,0,0,6,3.96222,18,19979,15.8,19.6,1,309.4791666666667,2,24.6,25,4.8,0,2024,0.012355507797346572,1,0,0,0,0,0,0,1,0
1,0,0,6,9.311886309523809,18,15207,15.8,19.6,1,1018.3035714285714,2,24.6,25,4.8,1,2024,0.009135537803005085,1,0,0,0,0,0,0,1,0
1,0,0,9,1.6028885763888887,30,185914,12.2,15.5,0,334.25694444444446,3,18.5,40,1.2,1,2024,0.004781074942519212,0,0,0,1,0,0,0,0,0
1,0,0,9,1.6028885763888887,30,185914,12.2,15.5,0,334.25694444444446,3,18.5,40,1.2,1,2024,0.004781074942519212,0,0,0,1,0,0,0,0,0
0,1,0,9,3.96222,29,160526,6.1,10.7,6,309.4791666666667,3,14.3,39,0.2,0,2024,0.012355507797346572,0,0,0,0,0,1,0,0,0
0,1,0,9,3.96222,29,160526,6.1,10.7,6,309.4791666666667,3,14.3,39,0.2,0,2024,0.012355507797346572,0,0,0,0,0,1,0,0,0
0,1,0,9,3.96222,29,160526,6.1,10.7,6,309.4791666666667,3,14.3,39,0.2,0,2024,0.012355507797346572,0,0,0,0,0,1,0,0,0
0,1,0,9,8.412451607142858,29,231476,6.1,10.7,6,261.6011904761905,3,14.3,39,0.2,0,2024,0.032035085567921666,0,0,0,0,0,1,0,0,0
0,1,0,9,8.412451607142858,29,231476,6.1,10.7,6,261.6011904761905,3,14.3,39,0.2,0,2024,0.032035085567921666,0,0,0,0,0,1,0,0,0
0,1,0,9,3.96222,29,27547,6.1,10.7,6,309.4791666666667,3,14.3,39,0.2,0,2024,0.012355507797346572,0,0,0,0,0,1,0,0,0
0,1,0,9,3.96222,29,27547,6.1,10.7,6,309.4791666666667,3,14.3,39,0.2,0,2024,0.012355507797346572,0,0,0,0,0,1,0,0,0
1,0,0,9,3.96222,30,179566,12.2,15.5,0,309.4791666666667,3,18.5,40,1.2,0,2024,0.012355507797346572,0,0,0,1,0,0,0,0,0
1,0,0,9,3.96222,30,179566,12.2,15.5,0,309.4791666666667,3,18.5,40,1.2,0,2024,0.012355507797346572,0,0,0,1,0,0,0,0,0
1,0,0,9,3.96222,30,179566,12.2,15.5,0,309.4791666666667,3,18.5,40,1.2,0,2024,0.012355507797346572,0,0,0,1,0,0,0,0,0
1,0,0,9,1.3487396527777777,30,160526,12.2,15.5,0,78.01388888888889,3,18.5,40,1.2,0,2024,0.017069652838811743,0,0,0,1,0,0,0,0,0
1,0,0,9,1.3487396527777777,30,160526,12.2,15.5,0,78.01388888888889,3,18.5,40,1.2,0,2024,0.017069652838811743,0,0,0,1,0,0,0,0,0
1,0,0,9,3.96222,30,161450,12.2,15.5,0,309.4791666666667,3,18.5,40,1.2,0,2024,0.012355507797346572,0,0,0,1,0,0,0,0,0
1,0,0,9,3.96222,30,161450,12.2,15.5,0,309.4791666666667,3,18.5,40,1.2,0,2024,0.012355507797346572,0,0,0,1,0,0,0,0,0
1,0,0,9,4.0575,30,182347,12.2,15.5,0,421.875,3,18.5,40,1.2,1,2024,0.009595033993496897,0,0,0,1,0,0,0,0,0
1,0,0,9,4.0575,30,182347,12.2,15.5,0,421.875,3,18.5,40,1.2,1,2024,0.009595033993496897,0,0,0,1,0,0,0,0,0
1,0,0,9,10.357965416666666,30,182347,12.2,15.5,0,403.43402777777777,3,18.5,40,1.2,1,2024,0.025611013676519825,0,0,0,1,0,0,0,0,0
1,0,0,9,10.357965416666666,30,182347,12.2,15.5,0,403.43402777777777,3,18.5,40,1.2,1,2024,0.025611013676519825,0,0,0,1,0,0,0,0,0
1,1,0,5,3.96222,12,41158,13.8,19.8,6,309.4791666666667,2,28.0,19,1.8,0,2024,0.012355507797346572,0,0,1,0,0,1,0,0,0
1,1,0,5,3.96222,12,41158,13.8,19.8,6,309.4791666666667,2,28.0,19,1.8,0,2024,0.012355507797346572,0,0,1,0,0,1,0,0,0
0,0,0,5,2.4660921428571427,13,179566,16.1,18.9,0,196.0297619047619,2,23.1,20,1.0,0,2024,0.01251634331289085,0,0,1,1,0,0,0,0,0
0,0,0,5,2.4660921428571427,13,179566,16.1,18.9,0,196.0297619047619,2,23.1,20,1.0,0,2024,0.01251634331289085,0,0,1,1,0,0,0,0,0
0,0,0,5,6.579462083333333,13,179566,16.1,18.9,0,412.9880952380952,2,23.1,20,1.0,1,2024,0.015892877498202732,0,0,1,1,0,0,0,0,0
0,0,0,5,6.579462083333333,13,179566,16.1,18.9,0,412.9880952380952,2,23.1,20,1.0,1,2024,0.015892877498202732,0,0,1,1,0,0,0,0,0
0,0,0,5,7.536456666666667,13,183839,16.1,18.9,0,445.3154761904762,2,23.1,20,1.0,1,2024,0.016885940704978595,0,0,1,1,0,0,0,0,0
0,0,0,5,7.536456666666667,13,183839,16.1,18.9,0,445.3154761904762,2,23.1,20,1.0,1,2024,0.016885940704978595,0,0,1,1,0,0,0,0,0
1,1,0,5,11.84077380952381,12,231476,13.8,19.8,6,3442.3511904761904,2,28.0,19,1.8,1,2024,0.0034387354511714262,0,0,1,0,0,1,0,0,0
1,1,0,5,11.84077380952381,12,231476,13.8,19.8,6,3442.3511904761904,2,28.0,19,1.8,1,2024,0.0034387354511714262,0,0,1,0,0,1,0,0,0
0,0,0,5,3.96222,13,138907,16.1,18.9,0,309.4791666666667,2,23.1,20,1.0,0,2024,0.012355507797346572,0,0,1,1,0,0,0,0,0
0,0,0,5,3.96222,13,138907,16.1,18.9,0,309.4791666666667,2,23.1,20,1.0,0,2024,0.012355507797346572,0,0,1,1,0,0,0,0,0
0,0,0,5,12.386390595238094,13,84310,16.1,18.9,0,582.2321428571429,2,23.1,20,1.0,1,2024,0.021237496504495676,0,0,1,1,0,0,0,0,0
0,0,0,5,12.386390595238094,13,84310,16.1,18.9,0,582.2321428571429,2,23.1,20,1.0,1,2024,0.021237496504495676,0,0,1,1,0,0,0,0,0
0,0,0,5,3.96222,13,84310,16.1,18.9,0,309.4791666666667,2,23.1,20,1.0,0,2024,0.012355507797346572,0,0,1,1,0,0,0,0,0
0,0,0,5,3.96222,13,84310,16.1,18.9,0,309.4791666666667,2,23.1,20,1.0,0,2024,0.012355507797346572,0,0,1,1,0,0,0,0,0
0,0,0,5,3.96222,13,35837,16.1,18.9,0,309.4791666666667,2,23.1,20,1.0,0,2024,0.012355507797346572,0,0,1,1,0,0,0,0,0
0,0,0,5,3.96222,13,35837,16.1,18.9,0,309.4791666666667,2,23.1,20,1.0,0,2024,0.012355507797346572,0,0,1,1,0,0,0,0,0
1,1,0,5,3.96222,12,19979,13.8,19.8,6,309.4791666666667,2,28.0,19,1.8,0,2024,0.012355507797346572,0,0,1,0,0,1,0,0,0
1,1,0,5,3.96222,12,19979,13.8,19.8,6,309.4791666666667,2,28.0,19,1.8,0,2024,0.012355507797346572,0,0,1,0,0,1,0,0,0
1,1,0,5,3.96222,12,19979,13.8,19.8,6,309.4791666666667,2,28.0,19,1.8,0,2024,0.012355507797346572,0,0,1,0,0,1,0,0,0
0,0,0,1,1.6027489285714285,12,138907,-0.9,1.8,4,153.22619047619048,1,3.5,2,0.0,0,2024,0.010392196835198764,0,1,0,0,0,0,0,0,0
0,0,0,1,1.6027489285714285,12,138907,-0.9,1.8,4,153.22619047619048,1,3.5,2,0.0,0,2024,0.010392196835198764,0,1,0,0,0,0,0,0,0
0,0,0,1,1.6027489285714285,12,138907,-0.9,1.8,4,153.22619047619048,1,3.5,2,0.0,0,2024,0.010392196835198764,0,1,0,0,0,0,0,0,0
0,0,0,1,1.6027489285714285,12,138907,-0.9,1.8,4,153.22619047619048,1,3.5,2,0.0,0,2024,0.010392196835198764,0,1,0,0,0,0,0,0,0
0,1,0,1,14.222920892857143,13,41158,-0.9,-0.7,5,1247.2619047619048,1,-0.3,2,0.0,1,2024,0.011394180050355732,0,1,0,0,1,0,0,0,0
0,1,0,1,3.96222,13,179566,-0.9,-0.7,5,309.4791666666667,1,-0.3,2,0.0,0,2024,0.012355507797346572,0,1,0,0,1,0,0,0,0
0,1,0,1,3.96222,13,179566,-0.9,-0.7,5,309.4791666666667,1,-0.3,2,0.0,0,2024,0.012355507797346572,0,1,0,0,1,0,0,0,0
0,1,0,1,3.79167,13,160526,-0.9,-0.7,5,226.8154761904762,1,-0.3,2,0.0,0,2024,0.016643601494526164,0,1,0,0,1,0,0,0,0
0,1,0,1,3.79167,13,160526,-0.9,-0.7,5,226.8154761904762,1,-0.3,2,0.0,0,2024,0.016643601494526164,0,1,0,0,1,0,0,0,0
0,1,0,1,3.79167,13,160526,-0.9,-0.7,5,216.6845238095238,1,-0.3,2,0.0,0,2024,0.017418188181892755,0,1,0,0,1,0,0,0,0
0,1,0,1,3.79167,13,160526,-0.9,-0.7,5,216.6845238095238,1,-0.3,2,0.0,0,2024,0.017418188181892755,0,1,0,0,1,0,0,0,0
0,0,0,1,3.96222,12,57934,-0.9,1.8,4,309.4791666666667,1,3.5,2,0.0,0,2024,0.012355507797346572,0,1,0,0,0,0,0,0,0
0,0,0,1,3.96222,12,57934,-0.9,1.8,4,309.4791666666667,1,3.5,2,0.0,0,2024,0.012355507797346572,0,1,0,0,0,0,0,0,0
0,1,0,1,3.96222,13,161450,-0.9,-0.7,5,309.4791666666667,1,-0.3,2,0.0,0,2024,0.012355507797346572,0,1,0,0,1,0,0,0,0
0,1,0,1,3.96222,13,48784,-0.9,-0.7,5,309.4791666666667,1,-0.3,2,0.0,0,2024,0.012355507797346572,0,1,0,0,1,0,0,0,0
0,0,0,4,3.96222,5,138907,13.9,16.1,4,309.4791666666667,2,18.6,14,0.6,0,2024,0.012355507797346572,0,0,1,0,0,0,0,0,0
0,0,0,4,3.96222,5,138907,13.9,16.1,4,309.4791666666667,2,18.6,14,0.6,0,2024,0.012355507797346572,0,0,1,0,0,0,0,0,0
0,0,0,4,3.96222,5,138907,13.9,16.1,4,309.4791666666667,2,18.6,14,0.6,0,2024,0.012355507797346572,0,0,1,0,0,0,0,0,0
0,0,0,4,3.96222,5,138907,13.9,16.1,4,309.4791666666667,2,18.6,14,0.6,0,2024,0.012355507797346572,0,0,1,0,0,0,0,0,0
1,0,0,4,3.96222,4,161450,10.7,15.3,3,309.4791666666667,2,20.7,14,12.1,0,2024,0.012355507797346572,0,0,1,0,0,0,1,0,0
1,0,0,4,3.96222,4,161450,10.7,15.3,3,309.4791666666667,2,20.7,14,12.1,0,2024,0.012355507797346572,0,0,1,0,0,0,1,0,0
1,0,0,4,3.96222,3,161450,10.4,13.9,2,309.4791666666667,2,18.1,14,5.4,0,2024,0.012355507797346572,0,0,1,0,0,0,0,0,1
1,0,0,4,3.96222,3,161450,10.4,13.9,2,309.4791666666667,2,18.1,14,5.4,0,2024,0.012355507797346572,0,0,1,0,0,0,0,0,1
1,0,0,4,3.96222,4,55932,10.7,15.3,3,309.4791666666667,2,20.7,14,12.1,0,2024,0.012355507797346572,0,0,1,0,0,0,1,0,0
1,0,0,4,3.96222,4,55932,10.7,15.3,3,309.4791666666667,2,20.7,14,12.1,0,2024,0.012355507797346572,0,0,1,0,0,0,1,0,0
1,0,0,4,3.96222,4,55932,10.7,15.3,3,309.4791666666667,2,20.7,14,12.1,0,2024,0.012355507797346572,0,0,1,0,0,0,1,0,0
1,0,0,4,3.96222,4,55932,10.7,15.3,3,309.4791666666667,2,20.7,14,12.1,0,2024,0.012355507797346572,0,0,1,0,0,0,1,0,0
1,0,0,4,3.96222,4,55932,10.7,15.3,3,309.4791666666667,2,20.7,14,12.1,0,2024,0.012355507797346572,0,0,1,0,0,0,1,0,0
0,0,0,4,3.96222,5,160526,13.9,16.1,4,309.4791666666667,2,18.6,14,0.6,0,2024,0.012355507797346572,0,0,1,0,0,0,0,0,0
0,0,0,4,3.96222,5,160526,13.9,16.1,4,309.4791666666667,2,18.6,14,0.6,0,2024,0.012355507797346572,0,0,1,0,0,0,0,0,0
0,0,0,4,3.96222,5,137426,13.9,16.1,4,309.4791666666667,2,18.6,14,0.6,0,2024,0.012355507797346572,0,0,1,0,0,0,0,0,0
1,0,0,4,3.84723,4,138907,10.7,15.3,3,156.5952380952381,2,20.7,14,12.1,0,2024,0.024412095482701315,0,0,1,0,0,0,1,0,0
1,0,0,4,3.84723,4,138907,10.7,15.3,3,156.5952380952381,2,20.7,14,12.1,0,2024,0.024412095482701315,0,0,1,0,0,0,1,0,0
0,0,0,4,12.609313214285711,5,84310,13.9,16.1,4,656.4583333333334,2,18.6,14,0.6,1,2024,0.019178878074837254,0,0,1,0,0,0,0,0,0
0,0,0,4,12.609313214285711,5,84310,13.9,16.1,4,656.4583333333334,2,18.6,14,0.6,1,2024,0.019178878074837254,0,0,1,0,0,0,0,0,0
0,0,0,4,3.96222,5,35837,13.9,16.1,4,309.4791666666667,2,18.6,14,0.6,0,2024,0.012355507797346572,0,0,1,0,0,0,0,0,0
0,0,0,4,3.96222,5,35837,13.9,16.1,4,309.4791666666667,2,18.6,14,0.6,0,2024,0.012355507797346572,0,0,1,0,0,0,0,0,0
0,0,0,4,3.96222,5,35837,13.9,16.1,4,309.4791666666667,2,18.6,14,0.6,0,2024,0.012355507797346572,0,0,1,0,0,0,0,0,0
1,0,0,2,3.96222,8,185914,11.9,12.5,3,309.4791666666667,1,14.4,6,5.2,0,2024,0.012355507797346572,0,1,0,0,0,0,1,0,0
1,0,0,2,3.96222,8,185914,11.9,12.5,3,309.4791666666667,1,14.4,6,5.2,0,2024,0.012355507797346572,0,1,0,0,0,0,1,0,0
1,0,0,2,3.96222,8,185914,11.9,12.5,3,309.4791666666667,1,14.4,6,5.2,0,2024,0.012355507797346572,0,1,0,0,0,0,1,0,0
1,1,0,5,1.834465238095238,12,182347,13.8,19.8,6,144.67261904761904,2,28.0,19,1.8,0,2024,0.01259306827932824,0,0,1,0,0,1,0,0,0
1,1,0,5,1.834465238095238,12,182347,13.8,19.8,6,144.67261904761904,2,28.0,19,1.8,0,2024,0.01259306827932824,0,0,1,0,0,1,0,0,0
0,1,0,5,3.96222,11,160526,12.2,20.9,5,309.4791666666667,2,28.4,19,0.0,0,2024,0.012355507797346572,0,0,1,0,1,0,0,0,0
0,1,0,5,3.96222,11,160526,12.2,20.9,5,309.4791666666667,2,28.4,19,0.0,0,2024,0.012355507797346572,0,0,1,0,1,0,0,0,0
0,1,0,5,3.96222,11,160526,12.2,20.9,5,309.4791666666667,2,28.4,19,0.0,0,2024,0.012355507797346572,0,0,1,0,1,0,0,0,0
0,1,0,5,3.96222,11,160526,12.2,20.9,5,309.4791666666667,2,28.4,19,0.0,0,2024,0.012355507797346572,0,0,1,0,1,0,0,0,0
1,1,0,5,3.96222,12,185914,13.8,19.8,6,309.4791666666667,2,28.0,19,1.8,0,2024,0.012355507797346572,0,0,1,0,0,1,0,0,0
1,1,0,5,3.96222,12,185914,13.8,19.8,6,309.4791666666667,2,28.0,19,1.8,0,2024,0.012355507797346572,0,0,1,0,0,1,0,0,0
1,1,0,5,3.96222,12,179566,13.8,19.8,6,309.4791666666667,2,28.0,19,1.8,0,2024,0.012355507797346572,0,0,1,0,0,1,0,0,0
1,1,0,5,3.96222,12,179566,13.8,19.8,6,309.4791666666667,2,28.0,19,1.8,0,2024,0.012355507797346572,0,0,1,0,0,1,0,0,0
1,1,0,5,4.4957714285714285,12,179566,13.8,19.8,6,449.3869047619048,2,28.0,19,1.8,1,2024,0.00998202074935571,0,0,1,0,0,1,0,0,0
1,1,0,5,4.4957714285714285,12,179566,13.8,19.8,6,449.3869047619048,2,28.0,19,1.8,1,2024,0.00998202074935571,0,0,1,0,0,1,0,0,0
1,1,0,5,6.457759047619048,12,179566,13.8,19.8,6,97.07142857142856,2,28.0,19,1.8,0,2024,0.06584750667637777,0,0,1,0,0,1,0,0,0
1,1,0,5,6.457759047619048,12,179566,13.8,19.8,6,97.07142857142856,2,28.0,19,1.8,0,2024,0.06584750667637777,0,0,1,0,0,1,0,0,0
1,1,0,5,3.4777800000000005,12,183839,13.8,19.8,6,191.9404761904762,2,28.0,19,1.8,0,2024,0.018025144690565806,0,0,1,0,0,1,0,0,0
1,1,0,5,3.4777800000000005,12,183839,13.8,19.8,6,191.9404761904762,2,28.0,19,1.8,0,2024,0.018025144690565806,0,0,1,0,0,1,0,0,0
1,1,0,5,3.96222,12,161450,13.8,19.8,6,309.4791666666667,2,28.0,19,1.8,0,2024,0.012355507797346572,0,0,1,0,0,1,0,0,0
1,1,0,5,3.96222,12,161450,13.8,19.8,6,309.4791666666667,2,28.0,19,1.8,0,2024,0.012355507797346572,0,0,1,0,0,1,0,0,0
1,1,0,5,3.96222,12,161450,13.8,19.8,6,309.4791666666667,2,28.0,19,1.8,0,2024,0.012355507797346572,0,0,1,0,0,1,0,0,0
1,1,0,5,3.96222,12,161450,13.8,19.8,6,309.4791666666667,2,28.0,19,1.8,0,2024,0.012355507797346572,0,0,1,0,0,1,0,0,0
1,1,0,5,3.96222,12,161450,13.8,19.8,6,309.4791666666667,2,28.0,19,1.8,0,2024,0.012355507797346572,0,0,1,0,0,1,0,0,0
1,1,0,5,3.96222,12,161450,13.8,19.8,6,309.4791666666667,2,28.0,19,1.8,0,2024,0.012355507797346572,0,0,1,0,0,1,0,0,0
1,1,0,5,3.96222,12,161450,13.8,19.8,6,309.4791666666667,2,28.0,19,1.8,0,2024,0.012355507797346572,0,0,1,0,0,1,0,0,0
1,1,0,5,3.96222,12,161450,13.8,19.8,6,309.4791666666667,2,28.0,19,1.8,0,2024,0.012355507797346572,0,0,1,0,0,1,0,0,0
1,1,0,5,3.4777800000000005,12,160526,13.8,19.8,6,386.82738095238096,2,28.0,19,1.8,1,2024,0.008967340035300439,0,0,1,0,0,1,0,0,0
1,1,0,5,3.4777800000000005,12,160526,13.8,19.8,6,386.82738095238096,2,28.0,19,1.8,1,2024,0.008967340035300439,0,0,1,0,0,1,0,0,0
1,1,0,5,3.4777800000000005,12,160526,13.8,19.8,6,386.82738095238096,2,28.0,19,1.8,1,2024,0.008967340035300439,0,0,1,0,0,1,0,0,0
1,1,0,5,3.96222,12,137426,13.8,19.8,6,309.4791666666667,2,28.0,19,1.8,0,2024,0.012355507797346572,0,0,1,0,0,1,0,0,0
1,1,0,5,3.96222,12,137426,13.8,19.8,6,309.4791666666667,2,28.0,19,1.8,0,2024,0.012355507797346572,0,0,1,0,0,1,0,0,0
1,1,0,5,3.96222,12,137426,13.8,19.8,6,309.4791666666667,2,28.0,19,1.8,0,2024,0.012355507797346572,0,0,1,0,0,1,0,0,0
1,1,0,5,11.962623333333331,12,84310,13.8,19.8,6,528.5535714285714,2,28.0,19,1.8,1,2024,0.022590015399314333,0,0,1,0,0,1,0,0,0
1,1,0,5,11.962623333333331,12,84310,13.8,19.8,6,528.5535714285714,2,28.0,19,1.8,1,2024,0.022590015399314333,0,0,1,0,0,1,0,0,0
1,1,0,5,3.4777800000000005,12,35837,13.8,19.8,6,386.82738095238096,2,28.0,19,1.8,1,2024,0.008967340035300439,0,0,1,0,0,1,0,0,0
1,1,0,5,3.4777800000000005,12,35837,13.8,19.8,6,386.82738095238096,2,28.0,19,1.8,1,2024,0.008967340035300439,0,0,1,0,0,1,0,0,0
1,1,0,5,3.4777800000000005,12,35837,13.8,19.8,6,386.82738095238096,2,28.0,19,1.8,1,2024,0.008967340035300439,0,0,1,0,0,1,0,0,0
1,1,0,5,3.4777800000000005,12,35837,13.8,19.8,6,386.82738095238096,2,28.0,19,1.8,1,2024,0.008967340035300439,0,0,1,0,0,1,0,0,0
1,1,0,5,3.4777800000000005,12,35837,13.8,19.8,6,386.82738095238096,2,28.0,19,1.8,1,2024,0.008967340035300439,0,0,1,0,0,1,0,0,0
0,1,0,5,3.96222,11,48784,12.2,20.9,5,309.4791666666667,2,28.4,19,0.0,0,2024,0.012355507797346572,0,0,1,0,1,0,0,0,0
0,1,0,5,3.96222,11,48784,12.2,20.9,5,309.4791666666667,2,28.4,19,0.0,0,2024,0.012355507797346572,0,0,1,0,1,0,0,0,0
0,0,0,2,4.350697500000001,28,35837,3.1,7.8,2,189.14930555555554,1,11.5,9,0.0,0,2024,0.02288042802622209,0,1,0,0,0,0,0,0,1
0,0,0,2,4.350697500000001,28,35837,3.1,7.8,2,189.14930555555554,1,11.5,9,0.0,0,2024,0.02288042802622209,0,1,0,0,0,0,0,0,1
0,0,0,2,3.588712934027778,28,179566,3.1,7.8,2,304.59027777777777,1,11.5,9,0.0,0,2024,0.011743544199522782,0,1,0,0,0,0,0,0,1
0,0,0,2,4.350697500000001,28,179566,3.1,7.8,2,274.85243055555554,1,11.5,9,0.0,0,2024,0.015771829493174568,0,1,0,0,0,0,0,0,1
0,0,0,2,4.350697500000001,28,179566,3.1,7.8,2,274.85243055555554,1,11.5,9,0.0,0,2024,0.015771829493174568,0,1,0,0,0,0,0,0,1
0,0,0,2,4.350697500000001,28,179566,3.1,7.8,2,274.85243055555554,1,11.5,9,0.0,0,2024,0.015771829493174568,0,1,0,0,0,0,0,0,1
0,0,0,2,3.96222,27,179566,5.2,6.9,1,309.4791666666667,1,10.5,9,0.2,0,2024,0.012355507797346572,0,1,0,0,0,0,0,1,0
0,0,0,2,3.96222,27,179566,5.2,6.9,1,309.4791666666667,1,10.5,9,0.2,0,2024,0.012355507797346572,0,1,0,0,0,0,0,1,0
0,0,0,2,3.96222,28,160526,3.1,7.8,2,309.4791666666667,1,11.5,9,0.0,0,2024,0.012355507797346572,0,1,0,0,0,0,0,0,1
0,0,0,2,3.96222,28,160526,3.1,7.8,2,309.4791666666667,1,11.5,9,0.0,0,2024,0.012355507797346572,0,1,0,0,0,0,0,0,1
0,0,0,2,3.96222,28,161450,3.1,7.8,2,309.4791666666667,1,11.5,9,0.0,0,2024,0.012355507797346572,0,1,0,0,0,0,0,0,1
0,0,0,2,3.96222,28,161450,3.1,7.8,2,309.4791666666667,1,11.5,9,0.0,0,2024,0.012355507797346572,0,1,0,0,0,0,0,0,1
0,0,0,2,1.3490518055555556,27,231476,5.2,6.9,1,259.0,1,10.5,9,0.2,0,2024,0.005188660790598291,0,1,0,0,0,0,0,1,0
0,0,0,2,1.3490518055555556,27,231476,5.2,6.9,1,259.0,1,10.5,9,0.2,0,2024,0.005188660790598291,0,1,0,0,0,0,0,1,0
0,0,0,2,1.2810515277777776,28,138907,3.1,7.8,2,161.94270833333331,1,11.5,9,0.0,0,2024,0.007861975174471259,0,1,0,0,0,0,0,0,1
0,0,0,2,1.2810515277777776,28,138907,3.1,7.8,2,161.94270833333331,1,11.5,9,0.0,0,2024,0.007861975174471259,0,1,0,0,0,0,0,0,1
0,0,0,2,13.870493107638888,28,57934,3.1,7.8,2,540.2690972222222,1,11.5,9,0.0,1,2024,0.02562587293237665,0,1,0,0,0,0,0,0,1
0,0,0,2,13.870493107638888,28,57934,3.1,7.8,2,540.2690972222222,1,11.5,9,0.0,1,2024,0.02562587293237665,0,1,0,0,0,0,0,0,1
0,0,0,2,4.350697500000001,28,57934,3.1,7.8,2,94.78125,1,11.5,9,0.0,0,2024,0.04542326916802611,0,1,0,0,0,0,0,0,1
0,0,0,2,4.350697500000001,28,57934,3.1,7.8,2,94.78125,1,11.5,9,0.0,0,2024,0.04542326916802611,0,1,0,0,0,0,0,0,1
0,0,0,2,3.96222,28,35837,3.1,7.8,2,309.4791666666667,1,11.5,9,0.0,0,2024,0.012355507797346572,0,1,0,0,0,0,0,0,1
0,0,0,2,3.96222,28,35837,3.1,7.8,2,309.4791666666667,1,11.5,9,0.0,0,2024,0.012355507797346572,0,1,0,0,0,0,0,0,1
0,0,0,2,4.350697500000001,28,19979,3.1,7.8,2,1032.4930555555557,1,11.5,9,0.0,1,2024,0.004209701726211675,0,1,0,0,0,0,0,0,1
0,0,0,2,4.350697500000001,28,19979,3.1,7.8,2,1032.4930555555557,1,11.5,9,0.0,1,2024,0.004209701726211675,0,1,0,0,0,0,0,0,1
1,0,0,4,7.378571428571428,4,161450,10.7,15.3,3,1043.202380952381,2,20.7,14,12.1,1,2024,0.007066227355124097,0,0,1,0,0,0,1,0,0
1,0,0,4,7.378571428571428,4,161450,10.7,15.3,3,1043.202380952381,2,20.7,14,12.1,1,2024,0.007066227355124097,0,0,1,0,0,0,1,0,0
1,0,0,4,7.378571428571428,4,161450,10.7,15.3,3,1043.202380952381,2,20.7,14,12.1,1,2024,0.007066227355124097,0,0,1,0,0,0,1,0,0
0,0,0,8,11.617361111111112,26,137426,11.1,18.6,0,1352.013888888889,3,26.5,35,0.0,1,2024,0.008586283708182351,1,0,0,1,0,0,0,0,0
0,1,0,8,4.461747678571429,25,161450,13.2,18.2,6,210.4642857142857,3,24.1,34,0.0,0,2024,0.021099296571525084,1,0,0,0,0,1,0,0,0
0,1,0,8,4.461747678571429,25,161450,13.2,18.2,6,210.4642857142857,3,24.1,34,0.0,0,2024,0.021099296571525084,1,0,0,0,0,1,0,0,0
1,1,0,8,2.649741666666667,24,185914,18.8,21.9,5,172.29761904761904,3,30.8,34,3.6,0,2024,0.015290121590987155,1,0,0,0,1,0,0,0,0
1,1,0,8,2.649741666666667,24,185914,18.8,21.9,5,172.29761904761904,3,30.8,34,3.6,0,2024,0.015290121590987155,1,0,0,0,1,0,0,0,0
1,1,0,8,2.649741666666667,24,185914,18.8,21.9,5,172.29761904761904,3,30.8,34,3.6,0,2024,0.015290121590987155,1,0,0,0,1,0,0,0,0
1,1,0,8,2.649741666666667,24,185914,18.8,21.9,5,172.29761904761904,3,30.8,34,3.6,0,2024,0.015290121590987155,1,0,0,0,1,0,0,0,0
1,1,0,8,2.649741666666667,24,185914,18.8,21.9,5,172.29761904761904,3,30.8,34,3.6,0,2024,0.015290121590987155,1,0,0,0,1,0,0,0,0
1,1,0,8,2.649741666666667,24,185914,18.8,21.9,5,172.29761904761904,3,30.8,34,3.6,0,2024,0.015290121590987155,1,0,0,0,1,0,0,0,0
1,1,0,8,2.649741666666667,24,185914,18.8,21.9,5,172.29761904761904,3,30.8,34,3.6,0,2024,0.015290121590987155,1,0,0,0,1,0,0,0,0
0,0,0,8,0.7243267857142857,23,138907,17.2,22.2,4,158.04166666666666,3,26.0,34,0.0,0,2024,0.004554320895243085,1,0,0,0,0,0,0,0,0
0,0,0,8,0.7243267857142857,23,138907,17.2,22.2,4,158.04166666666666,3,26.0,34,0.0,0,2024,0.004554320895243085,1,0,0,0,0,0,0,0,0
0,0,0,8,0.7243267857142857,23,138907,17.2,22.2,4,158.04166666666666,3,26.0,34,0.0,0,2024,0.004554320895243085,1,0,0,0,0,0,0,0,0
0,0,0,8,0.7243267857142857,23,138907,17.2,22.2,4,158.04166666666666,3,26.0,34,0.0,0,2024,0.004554320895243085,1,0,0,0,0,0,0,0,0
0,0,0,8,0.7243267857142857,23,138907,17.2,22.2,4,158.04166666666666,3,26.0,34,0.0,0,2024,0.004554320895243085,1,0,0,0,0,0,0,0,0
0,0,0,8,0.7243267857142857,23,138907,17.2,22.2,4,158.04166666666666,3,26.0,34,0.0,0,2024,0.004554320895243085,1,0,0,0,0,0,0,0,0
0,0,0,8,0.7243267857142857,23,138907,17.2,22.2,4,158.04166666666666,3,26.0,34,0.0,0,2024,0.004554320895243085,1,0,0,0,0,0,0,0,0
0,0,0,8,0.8030733333333332,23,138907,17.2,22.2,4,199.8809523809524,3,26.0,34,0.0,0,2024,0.0039977574967405465,1,0,0,0,0,0,0,0,0
0,0,0,8,0.8030733333333332,23,138907,17.2,22.2,4,199.8809523809524,3,26.0,34,0.0,0,2024,0.0039977574967405465,1,0,0,0,0,0,0,0,0
1,1,0,8,2.1801371428571428,24,182347,18.8,21.9,5,365.6130952380952,3,30.8,34,3.6,1,2024,0.005946697407088699,1,0,0,0,1,0,0,0,0
1,1,0,8,2.1801371428571428,24,182347,18.8,21.9,5,365.6130952380952,3,30.8,34,3.6,1,2024,0.005946697407088699,1,0,0,0,1,0,0,0,0
0,1,0,8,6.639583333333333,25,161450,13.2,18.2,6,2803.2321428571427,3,24.1,34,0.0,1,2024,0.0023677010301181678,1,0,0,0,0,1,0,0,0
0,1,0,8,6.639583333333333,25,161450,13.2,18.2,6,2803.2321428571427,3,24.1,34,0.0,1,2024,0.0023677010301181678,1,0,0,0,0,1,0,0,0
0,1,0,8,3.96222,25,161450,13.2,18.2,6,309.4791666666667,3,24.1,34,0.0,0,2024,0.012355507797346572,1,0,0,0,0,1,0,0,0
0,1,0,8,3.96222,25,161450,13.2,18.2,6,309.4791666666667,3,24.1,34,0.0,0,2024,0.012355507797346572,1,0,0,0,0,1,0,0,0
1,1,0,8,3.96222,24,138907,18.8,21.9,5,309.4791666666667,3,30.8,34,3.6,0,2024,0.012355507797346572,1,0,0,0,1,0,0,0,0
1,1,0,8,3.96222,24,138907,18.8,21.9,5,309.4791666666667,3,30.8,34,3.6,0,2024,0.012355507797346572,1,0,0,0,1,0,0,0,0
0,1,0,8,3.96222,25,138887,13.2,18.2,6,309.4791666666667,3,24.1,34,0.0,0,2024,0.012355507797346572,1,0,0,0,0,1,0,0,0
0,1,0,8,3.96222,25,138887,13.2,18.2,6,309.4791666666667,3,24.1,34,0.0,0,2024,0.012355507797346572,1,0,0,0,0,1,0,0,0
0,1,0,8,3.96222,25,138887,13.2,18.2,6,309.4791666666667,3,24.1,34,0.0,0,2024,0.012355507797346572,1,0,0,0,0,1,0,0,0
1,0,0,6,22.599107142857143,17,182347,15.1,19.6,0,4411.970238095239,2,24.7,25,3.6,1,2024,0.005121064934399273,1,0,0,1,0,0,0,0,0
1,0,0,6,22.599107142857143,17,182347,15.1,19.6,0,4411.970238095239,2,24.7,25,3.6,1,2024,0.005121064934399273,1,0,0,1,0,0,0,0,0
1,0,0,6,22.599107142857143,17,182347,15.1,19.6,0,4411.970238095239,2,24.7,25,3.6,1,2024,0.005121064934399273,1,0,0,1,0,0,0,0,0
1,0,0,6,22.599107142857143,17,182347,15.1,19.6,0,4411.970238095239,2,24.7,25,3.6,1,2024,0.005121064934399273,1,0,0,1,0,0,0,0,0
1,0,0,6,22.599107142857143,17,182347,15.1,19.6,0,4411.970238095239,2,24.7,25,3.6,1,2024,0.005121064934399273,1,0,0,1,0,0,0,0,0
0,1,0,8,2.289197619047619,25,84310,13.2,18.2,6,267.29761904761904,3,24.1,34,0.0,0,2024,0.008532306873141944,1,0,0,0,0,1,0,0,0
0,1,0,8,2.289197619047619,25,84310,13.2,18.2,6,267.29761904761904,3,24.1,34,0.0,0,2024,0.008532306873141944,1,0,0,0,0,1,0,0,0
1,0,0,6,4.26,17,179566,15.1,19.6,0,254.4047619047619,2,24.7,25,3.6,0,2024,0.01667940710357043,1,0,0,1,0,0,0,0,0
1,0,0,6,4.26,17,179566,15.1,19.6,0,254.4047619047619,2,24.7,25,3.6,0,2024,0.01667940710357043,1,0,0,1,0,0,0,0,0
1,0,0,6,4.26,17,179566,15.1,19.6,0,254.4047619047619,2,24.7,25,3.6,0,2024,0.01667940710357043,1,0,0,1,0,0,0,0,0
1,0,0,6,4.26,17,179566,15.1,19.6,0,254.4047619047619,2,24.7,25,3.6,0,2024,0.01667940710357043,1,0,0,1,0,0,0,0,0
1,0,0,6,3.96222,17,55932,15.1,19.6,0,309.4791666666667,2,24.7,25,3.6,0,2024,0.012355507797346572,1,0,0,1,0,0,0,0,0
1,0,0,6,3.96222,17,55932,15.1,19.6,0,309.4791666666667,2,24.7,25,3.6,0,2024,0.012355507797346572,1,0,0,1,0,0,0,0,0
1,0,0,6,3.96222,17,160526,15.1,19.6,0,309.4791666666667,2,24.7,25,3.6,0,2024,0.012355507797346572,1,0,0,1,0,0,0,0,0
1,0,0,6,3.96222,17,160526,15.1,19.6,0,309.4791666666667,2,24.7,25,3.6,0,2024,0.012355507797346572,1,0,0,1,0,0,0,0,0
1,0,0,6,3.96222,17,84310,15.1,19.6,0,309.4791666666667,2,24.7,25,3.6,0,2024,0.012355507797346572,1,0,0,1,0,0,0,0,0
1,0,0,6,3.96222,17,84310,15.1,19.6,0,309.4791666666667,2,24.7,25,3.6,0,2024,0.012355507797346572,1,0,0,1,0,0,0,0,0
1,0,0,6,26.63244523809524,17,231476,15.1,19.6,0,409.5952380952381,2,24.7,25,3.6,1,2024,0.06486301536677298,1,0,0,1,0,0,0,0,0
1,0,0,6,26.63244523809524,17,231476,15.1,19.6,0,409.5952380952381,2,24.7,25,3.6,1,2024,0.06486301536677298,1,0,0,1,0,0,0,0,0
1,0,0,6,9.311886309523809,17,15207,15.1,19.6,0,1018.3035714285714,2,24.7,25,3.6,1,2024,0.009135537803005085,1,0,0,1,0,0,0,0,0
1,0,0,6,9.311886309523809,17,15207,15.1,19.6,0,1018.3035714285714,2,24.7,25,3.6,1,2024,0.009135537803005085,1,0,0,1,0,0,0,0,0
1,0,0,6,9.311886309523809,17,15207,15.1,19.6,0,1018.3035714285714,2,24.7,25,3.6,1,2024,0.009135537803005085,1,0,0,1,0,0,0,0,0
0,0,0,7,3.50333,18,185914,15.5,23.3,3,246.69642857142856,3,31.4,29,0.0,0,2024,0.014143643572921924,1,0,0,0,0,0,1,0,0
0,0,0,7,3.50333,18,185914,15.5,23.3,3,246.69642857142856,3,31.4,29,0.0,0,2024,0.014143643572921924,1,0,0,0,0,0,1,0,0
0,0,0,7,3.50333,18,160526,15.5,23.3,3,205.75,3,31.4,29,0.0,0,2024,0.016944764207980655,1,0,0,0,0,0,1,0,0
0,0,0,7,3.50333,18,160526,15.5,23.3,3,205.75,3,31.4,29,0.0,0,2024,0.016944764207980655,1,0,0,0,0,0,1,0,0
0,0,0,7,2.09677761904762,18,138907,15.5,23.3,3,348.9940476190476,3,31.4,29,0.0,1,2024,0.005990895083249719,1,0,0,0,0,0,1,0,0
0,0,0,7,2.09677761904762,18,138907,15.5,23.3,3,348.9940476190476,3,31.4,29,0.0,1,2024,0.005990895083249719,1,0,0,0,0,0,1,0,0
0,0,0,7,3.96222,18,179566,15.5,23.3,3,309.4791666666667,3,31.4,29,0.0,0,2024,0.012355507797346572,1,0,0,0,0,0,1,0,0
0,0,0,7,3.96222,18,179566,15.5,23.3,3,309.4791666666667,3,31.4,29,0.0,0,2024,0.012355507797346572,1,0,0,0,0,0,1,0,0
0,0,0,7,3.96222,17,160526,15.2,21.7,2,309.4791666666667,3,28.7,29,0.0,0,2024,0.012355507797346572,1,0,0,0,0,0,0,0,1
0,0,0,7,3.96222,17,160526,15.2,21.7,2,309.4791666666667,3,28.7,29,0.0,0,2024,0.012355507797346572,1,0,0,0,0,0,0,0,1
0,0,0,7,3.96222,17,231476,15.2,21.7,2,309.4791666666667,3,28.7,29,0.0,0,2024,0.012355507797346572,1,0,0,0,0,0,0,0,1
0,0,0,7,3.96222,17,231476,15.2,21.7,2,309.4791666666667,3,28.7,29,0.0,0,2024,0.012355507797346572,1,0,0,0,0,0,0,0,1
0,0,0,7,3.96222,17,231476,15.2,21.7,2,309.4791666666667,3,28.7,29,0.0,0,2024,0.012355507797346572,1,0,0,0,0,0,0,0,1
0,0,0,7,3.96222,17,231476,15.2,21.7,2,309.4791666666667,3,28.7,29,0.0,0,2024,0.012355507797346572,1,0,0,0,0,0,0,0,1
0,0,0,7,3.96222,17,185914,15.2,21.7,2,309.4791666666667,3,28.7,29,0.0,0,2024,0.012355507797346572,1,0,0,0,0,0,0,0,1
0,0,0,7,3.96222,17,185914,15.2,21.7,2,309.4791666666667,3,28.7,29,0.0,0,2024,0.012355507797346572,1,0,0,0,0,0,0,0,1
0,0,0,7,3.96222,17,185914,15.2,21.7,2,309.4791666666667,3,28.7,29,0.0,0,2024,0.012355507797346572,1,0,0,0,0,0,0,0,1
0,0,0,7,3.96222,17,185914,15.2,21.7,2,309.4791666666667,3,28.7,29,0.0,0,2024,0.012355507797346572,1,0,0,0,0,0,0,0,1
0,0,0,7,3.96222,17,185914,15.2,21.7,2,309.4791666666667,3,28.7,29,0.0,0,2024,0.012355507797346572,1,0,0,0,0,0,0,0,1
0,0,0,7,3.96222,17,185914,15.2,21.7,2,309.4791666666667,3,28.7,29,0.0,0,2024,0.012355507797346572,1,0,0,0,0,0,0,0,1
0,0,0,7,3.96222,17,185914,15.2,21.7,2,309.4791666666667,3,28.7,29,0.0,0,2024,0.012355507797346572,1,0,0,0,0,0,0,0,1
0,0,0,7,3.96222,17,185914,15.2,21.7,2,309.4791666666667,3,28.7,29,0.0,0,2024,0.012355507797346572,1,0,0,0,0,0,0,0,1
0,0,0,7,3.96222,17,185914,15.2,21.7,2,309.4791666666667,3,28.7,29,0.0,0,2024,0.012355507797346572,1,0,0,0,0,0,0,0,1
0,0,0,7,3.96222,18,160526,15.5,23.3,3,309.4791666666667,3,31.4,29,0.0,0,2024,0.012355507797346572,1,0,0,0,0,0,1,0,0
0,0,0,7,3.96222,18,160526,15.5,23.3,3,309.4791666666667,3,31.4,29,0.0,0,2024,0.012355507797346572,1,0,0,0,0,0,1,0,0
0,0,0,7,3.96222,18,160526,15.5,23.3,3,309.4791666666667,3,31.4,29,0.0,0,2024,0.012355507797346572,1,0,0,0,0,0,1,0,0
0,0,0,7,1.3835958928571428,17,161450,15.2,21.7,2,146.98214285714286,3,28.7,29,0.0,0,2024,0.009349749004464824,1,0,0,0,0,0,0,0,1
0,0,0,7,1.3835958928571428,17,161450,15.2,21.7,2,146.98214285714286,3,28.7,29,0.0,0,2024,0.009349749004464824,1,0,0,0,0,0,0,0,1
0,0,0,7,19.825892857142858,18,231476,15.5,23.3,3,3302.1964285714284,3,31.4,29,0.0,1,2024,0.0060020326631671705,1,0,0,0,0,0,1,0,0
0,0,0,7,3.96222,17,137426,15.2,21.7,2,309.4791666666667,3,28.7,29,0.0,0,2024,0.012355507797346572,1,0,0,0,0,0,0,0,1
0,0,0,7,3.96222,17,137426,15.2,21.7,2,309.4791666666667,3,28.7,29,0.0,0,2024,0.012355507797346572,1,0,0,0,0,0,0,0,1
0,0,0,7,3.96222,18,182347,15.5,23.3,3,309.4791666666667,3,31.4,29,0.0,0,2024,0.012355507797346572,1,0,0,0,0,0,1,0,0
0,0,0,7,3.96222,18,182347,15.5,23.3,3,309.4791666666667,3,31.4,29,0.0,0,2024,0.012355507797346572,1,0,0,0,0,0,1,0,0
0,0,0,7,3.96222,18,182347,15.5,23.3,3,309.4791666666667,3,31.4,29,0.0,0,2024,0.012355507797346572,1,0,0,0,0,0,1,0,0
0,0,0,7,3.96222,18,182347,15.5,23.3,3,309.4791666666667,3,31.4,29,0.0,0,2024,0.012355507797346572,1,0,0,0,0,0,1,0,0
0,0,0,7,2.09677761904762,17,138907,15.2,21.7,2,348.9940476190476,3,28.7,29,0.0,1,2024,0.005990895083249719,1,0,0,0,0,0,0,0,1
0,0,0,7,2.09677761904762,17,138907,15.2,21.7,2,348.9940476190476,3,28.7,29,0.0,1,2024,0.005990895083249719,1,0,0,0,0,0,0,0,1
0,0,0,7,12.45536476190476,18,84310,15.5,23.3,3,563.547619047619,3,31.4,29,0.0,1,2024,0.022062558306271348,1,0,0,0,0,0,1,0,0
0,0,0,7,12.45536476190476,18,84310,15.5,23.3,3,563.547619047619,3,31.4,29,0.0,1,2024,0.022062558306271348,1,0,0,0,0,0,1,0,0
0,0,0,7,3.96222,18,57934,15.5,23.3,3,309.4791666666667,3,31.4,29,0.0,0,2024,0.012355507797346572,1,0,0,0,0,0,1,0,0
0,0,0,7,3.96222,18,57934,15.5,23.3,3,309.4791666666667,3,31.4,29,0.0,0,2024,0.012355507797346572,1,0,0,0,0,0,1,0,0
0,0,0,7,11.06696898809524,17,35837,15.2,21.7,2,488.0297619047619,3,28.7,29,0.0,1,2024,0.02263046106844213,1,0,0,0,0,0,0,0,1
0,0,0,7,11.06696898809524,17,35837,15.2,21.7,2,488.0297619047619,3,28.7,29,0.0,1,2024,0.02263046106844213,1,0,0,0,0,0,0,0,1
0,0,0,7,3.96222,18,48784,15.5,23.3,3,309.4791666666667,3,31.4,29,0.0,0,2024,0.012355507797346572,1,0,0,0,0,0,1,0,0
0,0,0,7,3.96222,18,48784,15.5,23.3,3,309.4791666666667,3,31.4,29,0.0,0,2024,0.012355507797346572,1,0,0,0,0,0,1,0,0
0,0,0,7,3.50333,18,32386,15.5,23.3,3,578.6071428571429,3,31.4,29,0.0,1,2024,0.006044318195822293,1,0,0,0,0,0,1,0,0
0,0,0,7,3.50333,18,32386,15.5,23.3,3,578.6071428571429,3,31.4,29,0.0,1,2024,0.006044318195822293,1,0,0,0,0,0,1,0,0
1,1,0,6,2.0899714880952383,16,185914,13.0,16.0,6,123.63690476190476,2,19.7,24,2.2,0,2024,0.016768480347676584,1,0,0,0,0,1,0,0,0
1,1,0,6,2.0899714880952383,16,185914,13.0,16.0,6,123.63690476190476,2,19.7,24,2.2,0,2024,0.016768480347676584,1,0,0,0,0,1,0,0,0
0,1,0,9,3.96222,28,19979,8.0,11.0,5,309.4791666666667,3,17.5,39,0.0,0,2024,0.012355507797346572,0,0,0,0,1,0,0,0,0
0,1,0,9,3.96222,28,19979,8.0,11.0,5,309.4791666666667,3,17.5,39,0.0,0,2024,0.012355507797346572,0,0,0,0,1,0,0,0,0
1,1,0,6,3.96222,16,160526,13.0,16.0,6,309.4791666666667,2,19.7,24,2.2,0,2024,0.012355507797346572,1,0,0,0,0,1,0,0,0
1,1,0,6,3.96222,16,160526,13.0,16.0,6,309.4791666666667,2,19.7,24,2.2,0,2024,0.012355507797346572,1,0,0,0,0,1,0,0,0
1,1,0,6,4.280540238095238,15,179566,11.9,15.2,5,120.16666666666669,2,18.3,24,4.2,0,2024,0.03532770485360581,1,0,0,0,1,0,0,0,0
0,1,0,9,3.96222,29,183839,6.1,10.7,6,309.4791666666667,3,14.3,39,0.2,0,2024,0.012355507797346572,0,0,0,0,0,1,0,0,0
0,1,0,9,3.96222,29,183839,6.1,10.7,6,309.4791666666667,3,14.3,39,0.2,0,2024,0.012355507797346572,0,0,0,0,0,1,0,0,0
1,1,0,6,3.96222,16,161450,13.0,16.0,6,309.4791666666667,2,19.7,24,2.2,0,2024,0.012355507797346572,1,0,0,0,0,1,0,0,0
1,1,0,6,3.96222,16,161450,13.0,16.0,6,309.4791666666667,2,19.7,24,2.2,0,2024,0.012355507797346572,1,0,0,0,0,1,0,0,0
0,1,0,9,4.15445,29,160526,6.1,10.7,6,66.27380952380952,3,14.3,39,0.2,0,2024,0.061754344363829414,0,0,0,0,0,1,0,0,0
0,1,0,9,4.15445,29,160526,6.1,10.7,6,66.27380952380952,3,14.3,39,0.2,0,2024,0.061754344363829414,0,0,0,0,0,1,0,0,0
0,1,0,9,4.15445,29,160526,6.1,10.7,6,66.27380952380952,3,14.3,39,0.2,0,2024,0.061754344363829414,0,0,0,0,0,1,0,0,0
1,1,0,6,2.2571580357142857,15,161450,11.9,15.2,5,543.0297619047619,2,18.3,24,4.2,1,2024,0.004148960578574789,1,0,0,0,1,0,0,0,0
1,1,0,6,2.2571580357142857,15,161450,11.9,15.2,5,543.0297619047619,2,18.3,24,4.2,1,2024,0.004148960578574789,1,0,0,0,1,0,0,0,0
0,1,0,9,4.15445,29,160526,6.1,10.7,6,66.27380952380952,3,14.3,39,0.2,0,2024,0.061754344363829414,0,0,0,0,0,1,0,0,0
0,1,0,9,4.15445,29,160526,6.1,10.7,6,66.27380952380952,3,14.3,39,0.2,0,2024,0.061754344363829414,0,0,0,0,0,1,0,0,0
0,1,0,9,4.15445,29,160526,6.1,10.7,6,66.27380952380952,3,14.3,39,0.2,0,2024,0.061754344363829414,0,0,0,0,0,1,0,0,0
0,1,0,9,4.15445,29,160526,6.1,10.7,6,66.27380952380952,3,14.3,39,0.2,0,2024,0.061754344363829414,0,0,0,0,0,1,0,0,0
1,1,0,6,4.1,16,231476,13.0,16.0,6,384.5654761904762,2,19.7,24,2.2,1,2024,0.01063373214974913,1,0,0,0,0,1,0,0,0
1,1,0,6,4.1,16,231476,13.0,16.0,6,384.5654761904762,2,19.7,24,2.2,1,2024,0.01063373214974913,1,0,0,0,0,1,0,0,0
1,1,0,6,4.1,16,231476,13.0,16.0,6,384.5654761904762,2,19.7,24,2.2,1,2024,0.01063373214974913,1,0,0,0,0,1,0,0,0
0,1,0,9,3.96222,29,161450,6.1,10.7,6,309.4791666666667,3,14.3,39,0.2,0,2024,0.012355507797346572,0,0,0,0,0,1,0,0,0
1,1,0,6,5.906195059523809,16,231476,13.0,16.0,6,263.0833333333333,2,19.7,24,2.2,0,2024,0.022364891358247308,1,0,0,0,0,1,0,0,0
1,1,0,6,5.906195059523809,16,231476,13.0,16.0,6,263.0833333333333,2,19.7,24,2.2,0,2024,0.022364891358247308,1,0,0,0,0,1,0,0,0
0,1,0,9,3.96222,28,161450,8.0,11.0,5,309.4791666666667,3,17.5,39,0.0,0,2024,0.012355507797346572,0,0,0,0,1,0,0,0,0
0,1,0,9,3.96222,28,161450,8.0,11.0,5,309.4791666666667,3,17.5,39,0.0,0,2024,0.012355507797346572,0,0,0,0,1,0,0,0,0
0,1,0,9,3.96222,28,161450,8.0,11.0,5,309.4791666666667,3,17.5,39,0.0,0,2024,0.012355507797346572,0,0,0,0,1,0,0,0,0
1,1,0,6,3.96222,16,137426,13.0,16.0,6,309.4791666666667,2,19.7,24,2.2,0,2024,0.012355507797346572,1,0,0,0,0,1,0,0,0
1,1,0,6,3.96222,16,137426,13.0,16.0,6,309.4791666666667,2,19.7,24,2.2,0,2024,0.012355507797346572,1,0,0,0,0,1,0,0,0
1,1,0,6,3.96222,16,137426,13.0,16.0,6,309.4791666666667,2,19.7,24,2.2,0,2024,0.012355507797346572,1,0,0,0,0,1,0,0,0
0,1,0,9,3.96222,28,161450,8.0,11.0,5,309.4791666666667,3,17.5,39,0.0,0,2024,0.012355507797346572,0,0,0,0,1,0,0,0,0
0,1,0,9,3.96222,28,161450,8.0,11.0,5,309.4791666666667,3,17.5,39,0.0,0,2024,0.012355507797346572,0,0,0,0,1,0,0,0,0
0,1,0,9,3.96222,28,161450,8.0,11.0,5,309.4791666666667,3,17.5,39,0.0,0,2024,0.012355507797346572,0,0,0,0,1,0,0,0,0
0,1,0,9,3.96222,28,161450,8.0,11.0,5,309.4791666666667,3,17.5,39,0.0,0,2024,0.012355507797346572,0,0,0,0,1,0,0,0,0
1,1,0,6,3.96222,16,35837,13.0,16.0,6,309.4791666666667,2,19.7,24,2.2,0,2024,0.012355507797346572,1,0,0,0,0,1,0,0,0
1,1,0,6,3.96222,16,35837,13.0,16.0,6,309.4791666666667,2,19.7,24,2.2,0,2024,0.012355507797346572,1,0,0,0,0,1,0,0,0
1,1,0,6,3.96222,16,35837,13.0,16.0,6,309.4791666666667,2,19.7,24,2.2,0,2024,0.012355507797346572,1,0,0,0,0,1,0,0,0
1,1,0,6,3.96222,16,35837,13.0,16.0,6,309.4791666666667,2,19.7,24,2.2,0,2024,0.012355507797346572,1,0,0,0,0,1,0,0,0
0,1,0,9,3.96222,29,182347,6.1,10.7,6,309.4791666666667,3,14.3,39,0.2,0,2024,0.012355507797346572,0,0,0,0,0,1,0,0,0
0,1,0,9,3.96222,29,182347,6.1,10.7,6,309.4791666666667,3,14.3,39,0.2,0,2024,0.012355507797346572,0,0,0,0,0,1,0,0,0
0,1,0,9,3.96222,29,182347,6.1,10.7,6,309.4791666666667,3,14.3,39,0.2,0,2024,0.012355507797346572,0,0,0,0,0,1,0,0,0
1,1,0,6,3.96222,16,35837,13.0,16.0,6,309.4791666666667,2,19.7,24,2.2,0,2024,0.012355507797346572,1,0,0,0,0,1,0,0,0
1,1,0,6,3.96222,16,35837,13.0,16.0,6,309.4791666666667,2,19.7,24,2.2,0,2024,0.012355507797346572,1,0,0,0,0,1,0,0,0
1,1,0,6,3.96222,16,35837,13.0,16.0,6,309.4791666666667,2,19.7,24,2.2,0,2024,0.012355507797346572,1,0,0,0,0,1,0,0,0
0,1,0,9,4.15445,28,182347,8.0,11.0,5,139.29761904761904,3,17.5,39,0.0,0,2024,0.029611692829868478,0,0,0,0,1,0,0,0,0
0,1,0,9,4.15445,28,182347,8.0,11.0,5,139.29761904761904,3,17.5,39,0.0,0,2024,0.029611692829868478,0,0,0,0,1,0,0,0,0
1,1,0,6,3.96222,16,27547,13.0,16.0,6,309.4791666666667,2,19.7,24,2.2,0,2024,0.012355507797346572,1,0,0,0,0,1,0,0,0
1,1,0,6,3.96222,16,27547,13.0,16.0,6,309.4791666666667,2,19.7,24,2.2,0,2024,0.012355507797346572,1,0,0,0,0,1,0,0,0
0,1,0,9,3.96222,29,138907,6.1,10.7,6,309.4791666666667,3,14.3,39,0.2,0,2024,0.012355507797346572,0,0,0,0,0,1,0,0,0
0,1,0,9,3.96222,29,138907,6.1,10.7,6,309.4791666666667,3,14.3,39,0.2,0,2024,0.012355507797346572,0,0,0,0,0,1,0,0,0
0,1,0,9,3.96222,29,138907,6.1,10.7,6,309.4791666666667,3,14.3,39,0.2,0,2024,0.012355507797346572,0,0,0,0,0,1,0,0,0
0,1,0,9,3.96222,29,138907,6.1,10.7,6,309.4791666666667,3,14.3,39,0.2,0,2024,0.012355507797346572,0,0,0,0,0,1,0,0,0
0,1,0,9,3.96222,29,138907,6.1,10.7,6,309.4791666666667,3,14.3,39,0.2,0,2024,0.012355507797346572,0,0,0,0,0,1,0,0,0
0,1,0,9,3.96222,29,138907,6.1,10.7,6,309.4791666666667,3,14.3,39,0.2,0,2024,0.012355507797346572,0,0,0,0,0,1,0,0,0
0,0,0,1,3.96222,11,183839,-2.3,-0.2,3,309.4791666666667,1,3.4,2,0.0,0,2024,0.012355507797346572,0,1,0,0,0,0,1,0,0
0,0,0,1,3.96222,11,183839,-2.3,-0.2,3,309.4791666666667,1,3.4,2,0.0,0,2024,0.012355507797346572,0,1,0,0,0,0,1,0,0
0,0,0,1,3.96222,12,179566,-0.9,1.8,4,309.4791666666667,1,3.5,2,0.0,0,2024,0.012355507797346572,0,1,0,0,0,0,0,0,0
0,0,0,1,3.96222,12,179566,-0.9,1.8,4,309.4791666666667,1,3.5,2,0.0,0,2024,0.012355507797346572,0,1,0,0,0,0,0,0,0
0,0,0,1,3.96222,12,160526,-0.9,1.8,4,309.4791666666667,1,3.5,2,0.0,0,2024,0.012355507797346572,0,1,0,0,0,0,0,0,0
0,0,0,1,3.96222,12,160526,-0.9,1.8,4,309.4791666666667,1,3.5,2,0.0,0,2024,0.012355507797346572,0,1,0,0,0,0,0,0,0
0,0,0,1,3.96222,12,160526,-0.9,1.8,4,309.4791666666667,1,3.5,2,0.0,0,2024,0.012355507797346572,0,1,0,0,0,0,0,0,0
0,0,0,1,3.96222,12,160526,-0.9,1.8,4,309.4791666666667,1,3.5,2,0.0,0,2024,0.012355507797346572,0,1,0,0,0,0,0,0,0
0,0,0,1,2.165692321428572,12,138907,-0.9,1.8,4,250.69642857142856,1,3.5,2,0.0,0,2024,0.008604382405108198,0,1,0,0,0,0,0,0,0
0,0,0,1,2.165692321428572,12,138907,-0.9,1.8,4,250.69642857142856,1,3.5,2,0.0,0,2024,0.008604382405108198,0,1,0,0,0,0,0,0,0
0,0,0,1,3.79167,12,138907,-0.9,1.8,4,305.8809523809524,1,3.5,2,0.0,0,2024,0.012355507797346572,0,1,0,0,0,0,0,0,0
0,0,0,1,3.79167,12,138907,-0.9,1.8,4,305.8809523809524,1,3.5,2,0.0,0,2024,0.012355507797346572,0,1,0,0,0,0,0,0,0
0,0,0,1,3.96222,12,84310,-0.9,1.8,4,309.4791666666667,1,3.5,2,0.0,0,2024,0.012355507797346572,0,1,0,0,0,0,0,0,0
0,0,0,1,3.96222,11,84310,-2.3,-0.2,3,309.4791666666667,1,3.4,2,0.0,0,2024,0.012355507797346572,0,1,0,0,0,0,1,0,0
0,0,0,1,3.96222,11,84310,-2.3,-0.2,3,309.4791666666667,1,3.4,2,0.0,0,2024,0.012355507797346572,0,1,0,0,0,0,1,0,0
0,0,0,1,3.79167,12,35837,-0.9,1.8,4,448.9880952380952,1,3.5,2,0.0,1,2024,0.008426156247519776,0,1,0,0,0,0,0,0,0
0,0,0,1,3.79167,12,35837,-0.9,1.8,4,448.9880952380952,1,3.5,2,0.0,1,2024,0.008426156247519776,0,1,0,0,0,0,0,0,0
0,0,0,1,3.96222,12,137426,-0.9,1.8,4,309.4791666666667,1,3.5,2,0.0,0,2024,0.012355507797346572,0,1,0,0,0,0,0,0,0
0,0,0,1,3.96222,12,137426,-0.9,1.8,4,309.4791666666667,1,3.5,2,0.0,0,2024,0.012355507797346572,0,1,0,0,0,0,0,0,0
1,0,0,4,12.180952380952382,4,161450,10.7,15.3,3,4386.916666666667,2,20.7,14,12.1,1,2024,0.002776021813150291,0,0,1,0,0,0,1,0,0
1,0,0,4,12.180952380952382,4,161450,10.7,15.3,3,4386.916666666667,2,20.7,14,12.1,1,2024,0.002776021813150291,0,0,1,0,0,0,1,0,0
1,0,0,4,12.180952380952382,4,161450,10.7,15.3,3,4386.916666666667,2,20.7,14,12.1,1,2024,0.002776021813150291,0,0,1,0,0,0,1,0,0
1,0,0,4,3.96222,4,160526,10.7,15.3,3,309.4791666666667,2,20.7,14,12.1,0,2024,0.012355507797346572,0,0,1,0,0,0,1,0,0
1,0,0,4,3.96222,4,160526,10.7,15.3,3,309.4791666666667,2,20.7,14,12.1,0,2024,0.012355507797346572,0,0,1,0,0,0,1,0,0
1,0,0,4,3.96222,4,27547,10.7,15.3,3,309.4791666666667,2,20.7,14,12.1,0,2024,0.012355507797346572,0,0,1,0,0,0,1,0,0
1,0,0,4,3.96222,4,27547,10.7,15.3,3,309.4791666666667,2,20.7,14,12.1,0,2024,0.012355507797346572,0,0,1,0,0,0,1,0,0
1,0,0,4,3.96222,4,27547,10.7,15.3,3,309.4791666666667,2,20.7,14,12.1,0,2024,0.012355507797346572,0,0,1,0,0,0,1,0,0
1,0,0,4,3.96222,4,27547,10.7,15.3,3,309.4791666666667,2,20.7,14,12.1,0,2024,0.012355507797346572,0,0,1,0,0,0,1,0,0
1,0,0,4,1.6973619047619046,4,182347,10.7,15.3,3,260.8333333333333,2,20.7,14,12.1,0,2024,0.006482604346639993,0,0,1,0,0,0,1,0,0
1,0,0,4,1.6973619047619046,4,182347,10.7,15.3,3,260.8333333333333,2,20.7,14,12.1,0,2024,0.006482604346639993,0,0,1,0,0,0,1,0,0
1,0,0,4,1.6973619047619046,4,182347,10.7,15.3,3,260.8333333333333,2,20.7,14,12.1,0,2024,0.006482604346639993,0,0,1,0,0,0,1,0,0
1,0,0,4,1.2516216071428572,3,185914,10.4,13.9,2,244.7321428571429,2,18.1,14,5.4,0,2024,0.005093438703582588,0,0,1,0,0,0,0,0,1
1,0,0,4,1.2516216071428572,3,185914,10.4,13.9,2,244.7321428571429,2,18.1,14,5.4,0,2024,0.005093438703582588,0,0,1,0,0,0,0,0,1
0,0,0,2,6.972529357638889,27,55932,5.2,6.9,1,180.88194444444446,1,10.5,9,0.2,0,2024,0.03833546743156046,0,1,0,0,0,0,0,1,0
0,0,0,2,6.972529357638889,27,55932,5.2,6.9,1,180.88194444444446,1,10.5,9,0.2,0,2024,0.03833546743156046,0,1,0,0,0,0,0,1,0
1,0,0,4,7.474713749999999,4,179566,10.7,15.3,3,110.1547619047619,2,20.7,14,12.1,0,2024,0.06724600567634144,0,0,1,0,0,0,1,0,0
1,0,0,4,7.474713749999999,4,179566,10.7,15.3,3,110.1547619047619,2,20.7,14,12.1,0,2024,0.06724600567634144,0,0,1,0,0,0,1,0,0
1,0,0,2,14.17595486111111,26,183839,6.2,7.9,0,4387.347222222223,1,10.7,9,9.4,1,2024,0.003230363082785533,0,1,0,1,0,0,0,0,0
1,0,0,2,14.17595486111111,26,183839,6.2,7.9,0,4387.347222222223,1,10.7,9,9.4,1,2024,0.003230363082785533,0,1,0,1,0,0,0,0,0
1,0,0,4,3.96222,4,160526,10.7,15.3,3,309.4791666666667,2,20.7,14,12.1,0,2024,0.012355507797346572,0,0,1,0,0,0,1,0,0
1,0,0,4,3.96222,4,160526,10.7,15.3,3,309.4791666666667,2,20.7,14,12.1,0,2024,0.012355507797346572,0,0,1,0,0,0,1,0,0
0,0,0,2,3.96222,27,160526,5.2,6.9,1,309.4791666666667,1,10.5,9,0.2,0,2024,0.012355507797346572,0,1,0,0,0,0,0,1,0
0,0,0,2,3.96222,27,160526,5.2,6.9,1,309.4791666666667,1,10.5,9,0.2,0,2024,0.012355507797346572,0,1,0,0,0,0,0,1,0
1,0,0,4,3.96222,4,161450,10.7,15.3,3,309.4791666666667,2,20.7,14,12.1,0,2024,0.012355507797346572,0,0,1,0,0,0,1,0,0
0,0,0,2,3.96222,27,161450,5.2,6.9,1,309.4791666666667,1,10.5,9,0.2,0,2024,0.012355507797346572,0,1,0,0,0,0,0,1,0
0,0,0,2,3.96222,27,161450,5.2,6.9,1,309.4791666666667,1,10.5,9,0.2,0,2024,0.012355507797346572,0,1,0,0,0,0,0,1,0
0,0,0,2,3.96222,27,161450,5.2,6.9,1,309.4791666666667,1,10.5,9,0.2,0,2024,0.012355507797346572,0,1,0,0,0,0,0,1,0
1,0,0,4,3.84723,3,137426,10.4,13.9,2,218.30357142857144,2,18.1,14,5.4,0,2024,0.01754294275710447,0,0,1,0,0,0,0,0,1
1,0,0,4,3.84723,3,137426,10.4,13.9,2,218.30357142857144,2,18.1,14,5.4,0,2024,0.01754294275710447,0,0,1,0,0,0,0,0,1
1,0,0,4,0.4711357142857143,2,137426,8.7,11.7,1,430.0119047619048,2,15.6,14,6.6,1,2024,0.0010930921143488467,0,0,1,0,0,0,0,1,0
1,0,0,4,0.4711357142857143,2,137426,8.7,11.7,1,430.0119047619048,2,15.6,14,6.6,1,2024,0.0010930921143488467,0,0,1,0,0,0,0,1,0
1,0,0,2,4.350697500000001,26,137426,6.2,7.9,0,266.55381944444446,1,10.7,9,9.4,0,2024,0.016261018097345422,0,1,0,1,0,0,0,0,0
1,0,0,2,4.350697500000001,26,137426,6.2,7.9,0,266.55381944444446,1,10.7,9,9.4,0,2024,0.016261018097345422,0,1,0,1,0,0,0,0,0
1,0,0,4,3.3590748214285715,4,138907,10.7,15.3,3,168.74404761904762,2,20.7,14,12.1,0,2024,0.019789058105691343,0,0,1,0,0,0,1,0,0
1,0,0,4,3.3590748214285715,4,138907,10.7,15.3,3,168.74404761904762,2,20.7,14,12.1,0,2024,0.019789058105691343,0,0,1,0,0,0,1,0,0
1,0,0,2,3.96222,26,138907,6.2,7.9,0,309.4791666666667,1,10.7,9,9.4,0,2024,0.012355507797346572,0,1,0,1,0,0,0,0,0
1,0,0,2,3.96222,26,138907,6.2,7.9,0,309.4791666666667,1,10.7,9,9.4,0,2024,0.012355507797346572,0,1,0,1,0,0,0,0,0
1,0,0,4,3.96222,4,138887,10.7,15.3,3,309.4791666666667,2,20.7,14,12.1,0,2024,0.012355507797346572,0,0,1,0,0,0,1,0,0
1,0,0,4,3.96222,4,138887,10.7,15.3,3,309.4791666666667,2,20.7,14,12.1,0,2024,0.012355507797346572,0,0,1,0,0,0,1,0,0
0,0,0,2,4.337599756944445,27,161450,5.2,6.9,1,254.94791666666663,1,10.5,9,0.2,0,2024,0.016947196966613762,0,1,0,0,0,0,0,1,0
0,0,0,2,4.337599756944445,27,161450,5.2,6.9,1,254.94791666666663,1,10.5,9,0.2,0,2024,0.016947196966613762,0,1,0,0,0,0,0,1,0
1,0,0,4,3.84723,4,84310,10.7,15.3,3,891.8630952380952,2,20.7,14,12.1,1,2024,0.004308868874207505,0,0,1,0,0,0,1,0,0
1,0,0,4,3.84723,4,84310,10.7,15.3,3,891.8630952380952,2,20.7,14,12.1,1,2024,0.004308868874207505,0,0,1,0,0,0,1,0,0
1,0,0,4,3.84723,4,84310,10.7,15.3,3,891.8630952380952,2,20.7,14,12.1,1,2024,0.004308868874207505,0,0,1,0,0,0,1,0,0
1,0,0,4,3.84723,4,84310,10.7,15.3,3,891.8630952380952,2,20.7,14,12.1,1,2024,0.004308868874207505,0,0,1,0,0,0,1,0,0
0,0,0,2,3.96222,27,35837,5.2,6.9,1,309.4791666666667,1,10.5,9,0.2,0,2024,0.012355507797346572,0,1,0,0,0,0,0,1,0
1,0,0,4,3.96222,4,57934,10.7,15.3,3,309.4791666666667,2,20.7,14,12.1,0,2024,0.012355507797346572,0,0,1,0,0,0,1,0,0
1,0,0,4,3.84723,4,35837,10.7,15.3,3,404.1190476190476,2,20.7,14,12.1,1,2024,0.00949654187481634,0,0,1,0,0,0,1,0,0
1,0,0,4,3.84723,4,35837,10.7,15.3,3,404.1190476190476,2,20.7,14,12.1,1,2024,0.00949654187481634,0,0,1,0,0,0,1,0,0
1,0,0,4,3.84723,4,35837,10.7,15.3,3,404.1190476190476,2,20.7,14,12.1,1,2024,0.00949654187481634,0,0,1,0,0,0,1,0,0
0,0,0,2,3.96222,27,48784,5.2,6.9,1,309.4791666666667,1,10.5,9,0.2,0,2024,0.012355507797346572,0,1,0,0,0,0,0,1,0
0,0,0,2,3.96222,27,48784,5.2,6.9,1,309.4791666666667,1,10.5,9,0.2,0,2024,0.012355507797346572,0,1,0,0,0,0,0,1,0
0,0,0,2,3.848055,20,48784,7.1,9.0,1,205.6845238095238,1,11.6,8,0.0,0,2024,0.018618012268525188,0,1,0,0,0,0,0,1,0
0,0,0,2,3.848055,20,48784,7.1,9.0,1,205.6845238095238,1,11.6,8,0.0,0,2024,0.018618012268525188,0,1,0,0,0,0,0,1,0
1,0,0,4,2.40465375,4,35837,10.7,15.3,3,459.3571428571428,2,20.7,14,12.1,1,2024,0.005223452676493406,0,0,1,0,0,0,1,0,0
1,0,0,4,2.40465375,4,35837,10.7,15.3,3,459.3571428571428,2,20.7,14,12.1,1,2024,0.005223452676493406,0,0,1,0,0,0,1,0,0
0,0,0,2,3.96222,27,19979,5.2,6.9,1,309.4791666666667,1,10.5,9,0.2,0,2024,0.012355507797346572,0,1,0,0,0,0,0,1,0
1,0,0,4,3.96222,4,48784,10.7,15.3,3,309.4791666666667,2,20.7,14,12.1,0,2024,0.012355507797346572,0,0,1,0,0,0,1,0,0
1,0,0,4,3.96222,4,27547,10.7,15.3,3,309.4791666666667,2,20.7,14,12.1,0,2024,0.012355507797346572,0,0,1,0,0,0,1,0,0
0,1,0,5,0.904593988095238,11,138907,12.2,20.9,5,261.9583333333333,2,28.4,19,0.0,0,2024,0.0034400658713810354,0,0,1,0,1,0,0,0,0
0,1,0,5,0.904593988095238,11,138907,12.2,20.9,5,261.9583333333333,2,28.4,19,0.0,0,2024,0.0034400658713810354,0,0,1,0,1,0,0,0,0
0,1,0,5,0.9742736904761904,11,185914,12.2,20.9,5,194.53571428571428,2,28.4,19,0.0,0,2024,0.004982586910197869,0,0,1,0,1,0,0,0,0
0,1,0,5,0.9742736904761904,11,185914,12.2,20.9,5,194.53571428571428,2,28.4,19,0.0,0,2024,0.004982586910197869,0,0,1,0,1,0,0,0,0
0,0,0,5,4.915289285714286,10,179566,11.1,19.3,4,256.0952380952381,2,27.0,19,0.0,0,2024,0.019118554361918876,0,0,1,0,0,0,0,0,0
0,0,0,5,4.915289285714286,10,179566,11.1,19.3,4,256.0952380952381,2,27.0,19,0.0,0,2024,0.019118554361918876,0,0,1,0,0,0,0,0,0
0,0,0,5,3.5293167857142853,10,183839,11.1,19.3,4,170.32738095238096,2,27.0,19,0.0,0,2024,0.02059984087829621,0,0,1,0,0,0,0,0,0
0,0,0,5,3.5293167857142853,10,183839,11.1,19.3,4,170.32738095238096,2,27.0,19,0.0,0,2024,0.02059984087829621,0,0,1,0,0,0,0,0,0
0,0,0,5,3.5293167857142853,10,183839,11.1,19.3,4,170.32738095238096,2,27.0,19,0.0,0,2024,0.02059984087829621,0,0,1,0,0,0,0,0,0
0,1,0,5,3.96222,11,161450,12.2,20.9,5,309.4791666666667,2,28.4,19,0.0,0,2024,0.012355507797346572,0,0,1,0,1,0,0,0,0
0,1,0,5,3.4777800000000005,11,231476,12.2,20.9,5,278.86309523809524,2,28.4,19,0.0,0,2024,0.012426718846374717,0,0,1,0,1,0,0,0,0
0,1,0,5,3.4777800000000005,11,231476,12.2,20.9,5,278.86309523809524,2,28.4,19,0.0,0,2024,0.012426718846374717,0,0,1,0,1,0,0,0,0
0,1,0,5,11.984872083333332,11,182347,12.2,20.9,5,157.79166666666666,2,28.4,19,0.0,0,2024,0.07547544738913671,0,0,1,0,1,0,0,0,0
0,1,0,5,11.984872083333332,11,182347,12.2,20.9,5,157.79166666666666,2,28.4,19,0.0,0,2024,0.07547544738913671,0,0,1,0,1,0,0,0,0
1,0,0,2,14.17595486111111,26,183839,6.2,7.9,0,4387.347222222223,1,10.7,9,9.4,1,2024,0.003230363082785533,0,1,0,1,0,0,0,0,0
0,0,0,1,3.96222,11,137426,-2.3,-0.2,3,309.4791666666667,1,3.4,2,0.0,0,2024,0.012355507797346572,0,1,0,0,0,0,1,0,0
0,0,0,1,3.96222,11,137426,-2.3,-0.2,3,309.4791666666667,1,3.4,2,0.0,0,2024,0.012355507797346572,0,1,0,0,0,0,1,0,0
0,0,0,1,3.96222,11,137426,-2.3,-0.2,3,309.4791666666667,1,3.4,2,0.0,0,2024,0.012355507797346572,0,1,0,0,0,0,1,0,0
1,0,0,2,13.870493107638888,26,183839,6.2,7.9,0,540.2690972222222,1,10.7,9,9.4,1,2024,0.02562587293237665,0,1,0,1,0,0,0,0,0
1,0,0,2,13.870493107638888,26,183839,6.2,7.9,0,540.2690972222222,1,10.7,9,9.4,1,2024,0.02562587293237665,0,1,0,1,0,0,0,0,0
0,0,0,1,3.79167,11,179566,-2.3,-0.2,3,257.9107142857143,1,3.4,2,0.0,0,2024,0.014644701013863025,0,1,0,0,0,0,1,0,0
0,0,0,1,3.79167,11,179566,-2.3,-0.2,3,257.9107142857143,1,3.4,2,0.0,0,2024,0.014644701013863025,0,1,0,0,0,0,1,0,0
1,0,0,2,4.350697500000001,26,160526,6.2,7.9,0,408.5590277777778,1,10.7,9,9.4,1,2024,0.010622882673607285,0,1,0,1,0,0,0,0,0
1,0,0,2,4.350697500000001,26,160526,6.2,7.9,0,408.5590277777778,1,10.7,9,9.4,1,2024,0.010622882673607285,0,1,0,1,0,0,0,0,0
1,0,0,2,3.310169045138889,26,161450,6.2,7.9,0,569.4809027777778,1,10.7,9,9.4,1,2024,0.0058024186769812264,0,1,0,1,0,0,0,0,0
1,0,0,2,3.310169045138889,26,161450,6.2,7.9,0,569.4809027777778,1,10.7,9,9.4,1,2024,0.0058024186769812264,0,1,0,1,0,0,0,0,0
1,0,0,2,4.350697500000001,26,231476,6.2,7.9,0,235.95486111111111,1,10.7,9,9.4,0,2024,0.018360870418944072,0,1,0,1,0,0,0,0,0
1,0,0,2,4.350697500000001,26,231476,6.2,7.9,0,235.95486111111111,1,10.7,9,9.4,0,2024,0.018360870418944072,0,1,0,1,0,0,0,0,0
1,0,0,2,4.350697500000001,26,231476,6.2,7.9,0,235.95486111111111,1,10.7,9,9.4,0,2024,0.018360870418944072,0,1,0,1,0,0,0,0,0
1,0,0,2,4.350697500000001,26,182347,6.2,7.9,0,484.09375,1,10.7,9,9.4,1,2024,0.008968776653997297,0,1,0,1,0,0,0,0,0
1,0,0,2,4.350697500000001,26,182347,6.2,7.9,0,484.09375,1,10.7,9,9.4,1,2024,0.008968776653997297,0,1,0,1,0,0,0,0,0
1,0,0,2,3.96222,26,15207,6.2,7.9,0,309.4791666666667,1,10.7,9,9.4,0,2024,0.012355507797346572,0,1,0,1,0,0,0,0,0
1,0,0,2,3.96222,26,15207,6.2,7.9,0,309.4791666666667,1,10.7,9,9.4,0,2024,0.012355507797346572,0,1,0,1,0,0,0,0,0
0,1,0,5,2.746217976190476,11,182347,12.2,20.9,5,399.375,2,28.4,19,0.0,1,2024,0.0068591145206131155,0,0,1,0,1,0,0,0,0
1,1,0,2,12.367857142857144,25,183839,5.1,7.4,6,4486.75,1,9.2,8,6.2,1,2024,0.0027559149112265932,0,1,0,0,0,1,0,0,0
1,1,0,2,12.367857142857144,25,183839,5.1,7.4,6,4486.75,1,9.2,8,6.2,1,2024,0.0027559149112265932,0,1,0,0,0,1,0,0,0
1,1,0,2,12.367857142857144,25,183839,5.1,7.4,6,4486.75,1,9.2,8,6.2,1,2024,0.0027559149112265932,0,1,0,0,0,1,0,0,0
1,1,0,2,12.367857142857144,25,183839,5.1,7.4,6,4486.75,1,9.2,8,6.2,1,2024,0.0027559149112265932,0,1,0,0,0,1,0,0,0
1,1,0,2,3.96222,25,160526,5.1,7.4,6,309.4791666666667,1,9.2,8,6.2,0,2024,0.012355507797346572,0,1,0,0,0,1,0,0,0
1,1,0,2,3.96222,25,160526,5.1,7.4,6,309.4791666666667,1,9.2,8,6.2,0,2024,0.012355507797346572,0,1,0,0,0,1,0,0,0
1,1,0,2,17.096130952380953,25,161450,5.1,7.4,6,4069.029761904762,1,9.2,8,6.2,1,2024,0.004200492859388825,0,1,0,0,0,1,0,0,0
1,1,0,2,3.96222,25,161450,5.1,7.4,6,309.4791666666667,1,9.2,8,6.2,0,2024,0.012355507797346572,0,1,0,0,0,1,0,0,0
1,1,0,2,3.96222,25,161450,5.1,7.4,6,309.4791666666667,1,9.2,8,6.2,0,2024,0.012355507797346572,0,1,0,0,0,1,0,0,0
1,1,0,2,3.96222,25,161450,5.1,7.4,6,309.4791666666667,1,9.2,8,6.2,0,2024,0.012355507797346572,0,1,0,0,0,1,0,0,0
1,1,0,2,4.521449821428571,24,231476,4.3,6.3,5,279.4047619047619,1,9.3,8,5.0,0,2024,0.016124725524327074,0,1,0,0,1,0,0,0,0
1,1,0,2,3.96222,25,182347,5.1,7.4,6,309.4791666666667,1,9.2,8,6.2,0,2024,0.012355507797346572,0,1,0,0,0,1,0,0,0
1,1,0,2,3.96222,25,182347,5.1,7.4,6,309.4791666666667,1,9.2,8,6.2,0,2024,0.012355507797346572,0,1,0,0,0,1,0,0,0
1,1,0,2,3.96222,25,182347,5.1,7.4,6,309.4791666666667,1,9.2,8,6.2,0,2024,0.012355507797346572,0,1,0,0,0,1,0,0,0
1,1,0,2,3.96222,25,182347,5.1,7.4,6,309.4791666666667,1,9.2,8,6.2,0,2024,0.012355507797346572,0,1,0,0,0,1,0,0,0
1,1,0,2,3.96222,25,182347,5.1,7.4,6,309.4791666666667,1,9.2,8,6.2,0,2024,0.012355507797346572,0,1,0,0,0,1,0,0,0
1,1,0,2,3.96222,25,182347,5.1,7.4,6,309.4791666666667,1,9.2,8,6.2,0,2024,0.012355507797346572,0,1,0,0,0,1,0,0,0
1,1,0,2,3.96222,25,138887,5.1,7.4,6,309.4791666666667,1,9.2,8,6.2,0,2024,0.012355507797346572,0,1,0,0,0,1,0,0,0
1,1,0,2,3.96222,25,138887,5.1,7.4,6,309.4791666666667,1,9.2,8,6.2,0,2024,0.012355507797346572,0,1,0,0,0,1,0,0,0
0,0,0,7,14.842857142857142,17,137426,15.2,21.7,2,1464.178571428571,3,28.7,29,0.0,1,2024,0.010130408287629495,1,0,0,0,0,0,0,0,1
1,1,0,2,3.96222,25,35837,5.1,7.4,6,309.4791666666667,1,9.2,8,6.2,0,2024,0.012355507797346572,0,1,0,0,0,1,0,0,0
1,1,0,2,3.96222,25,35837,5.1,7.4,6,309.4791666666667,1,9.2,8,6.2,0,2024,0.012355507797346572,0,1,0,0,0,1,0,0,0
0,0,0,8,8.651785714285714,23,183839,17.2,22.2,4,3644.8511904761904,3,26.0,34,0.0,1,2024,0.0023730496013897075,1,0,0,0,0,0,0,0,0
0,0,0,8,8.651785714285714,23,183839,17.2,22.2,4,3644.8511904761904,3,26.0,34,0.0,1,2024,0.0023730496013897075,1,0,0,0,0,0,0,0,0
0,0,0,8,8.651785714285714,23,183839,17.2,22.2,4,3644.8511904761904,3,26.0,34,0.0,1,2024,0.0023730496013897075,1,0,0,0,0,0,0,0,0
1,1,0,8,3.96222,24,185914,18.8,21.9,5,309.4791666666667,3,30.8,34,3.6,0,2024,0.012355507797346572,1,0,0,0,1,0,0,0,0
1,1,0,8,3.96222,24,185914,18.8,21.9,5,309.4791666666667,3,30.8,34,3.6,0,2024,0.012355507797346572,1,0,0,0,1,0,0,0,0
1,1,0,8,3.96222,24,161450,18.8,21.9,5,309.4791666666667,3,30.8,34,3.6,0,2024,0.012355507797346572,1,0,0,0,1,0,0,0,0
1,1,0,8,3.96222,24,161450,18.8,21.9,5,309.4791666666667,3,30.8,34,3.6,0,2024,0.012355507797346572,1,0,0,0,1,0,0,0,0
1,1,0,8,3.96222,24,161450,18.8,21.9,5,309.4791666666667,3,30.8,34,3.6,0,2024,0.012355507797346572,1,0,0,0,1,0,0,0,0
0,0,0,8,2.53222,23,231476,17.2,22.2,4,270.69642857142856,3,26.0,34,0.0,0,2024,0.009320034176799212,1,0,0,0,0,0,0,0,0
0,0,0,8,2.53222,23,231476,17.2,22.2,4,270.69642857142856,3,26.0,34,0.0,0,2024,0.009320034176799212,1,0,0,0,0,0,0,0,0
0,0,0,8,3.96222,23,231476,17.2,22.2,4,309.4791666666667,3,26.0,34,0.0,0,2024,0.012355507797346572,1,0,0,0,0,0,0,0,0
0,0,0,8,3.96222,23,231476,17.2,22.2,4,309.4791666666667,3,26.0,34,0.0,0,2024,0.012355507797346572,1,0,0,0,0,0,0,0,0
1,1,0,8,3.96222,24,138907,18.8,21.9,5,309.4791666666667,3,30.8,34,3.6,0,2024,0.012355507797346572,1,0,0,0,1,0,0,0,0
1,1,0,8,3.96222,24,138907,18.8,21.9,5,309.4791666666667,3,30.8,34,3.6,0,2024,0.012355507797346572,1,0,0,0,1,0,0,0,0
1,1,0,8,3.96222,24,138907,18.8,21.9,5,309.4791666666667,3,30.8,34,3.6,0,2024,0.012355507797346572,1,0,0,0,1,0,0,0,0
1,1,0,8,3.96222,24,138907,18.8,21.9,5,309.4791666666667,3,30.8,34,3.6,0,2024,0.012355507797346572,1,0,0,0,1,0,0,0,0
1,1,0,8,3.96222,24,138907,18.8,21.9,5,309.4791666666667,3,30.8,34,3.6,0,2024,0.012355507797346572,1,0,0,0,1,0,0,0,0
1,1,0,8,3.96222,24,138907,18.8,21.9,5,309.4791666666667,3,30.8,34,3.6,0,2024,0.012355507797346572,1,0,0,0,1,0,0,0,0
1,1,0,8,3.96222,24,138907,18.8,21.9,5,309.4791666666667,3,30.8,34,3.6,0,2024,0.012355507797346572,1,0,0,0,1,0,0,0,0
1,1,0,8,3.96222,24,138907,18.8,21.9,5,309.4791666666667,3,30.8,34,3.6,0,2024,0.012355507797346572,1,0,0,0,1,0,0,0,0
1,1,0,8,3.96222,24,138907,18.8,21.9,5,309.4791666666667,3,30.8,34,3.6,0,2024,0.012355507797346572,1,0,0,0,1,0,0,0,0
1,1,0,8,1.2650581547619049,24,138887,18.8,21.9,5,105.8095238095238,3,30.8,34,3.6,0,2024,0.011844057623718237,1,0,0,0,1,0,0,0,0
1,1,0,8,1.2650581547619049,24,138887,18.8,21.9,5,105.8095238095238,3,30.8,34,3.6,0,2024,0.011844057623718237,1,0,0,0,1,0,0,0,0
1,1,0,8,3.96222,24,57934,18.8,21.9,5,309.4791666666667,3,30.8,34,3.6,0,2024,0.012355507797346572,1,0,0,0,1,0,0,0,0
1,1,0,8,3.96222,24,57934,18.8,21.9,5,309.4791666666667,3,30.8,34,3.6,0,2024,0.012355507797346572,1,0,0,0,1,0,0,0,0
1,1,0,8,3.96222,24,57934,18.8,21.9,5,309.4791666666667,3,30.8,34,3.6,0,2024,0.012355507797346572,1,0,0,0,1,0,0,0,0
1,1,0,8,3.96222,24,57934,18.8,21.9,5,309.4791666666667,3,30.8,34,3.6,0,2024,0.012355507797346572,1,0,0,0,1,0,0,0,0
1,1,0,8,3.96222,24,57934,18.8,21.9,5,309.4791666666667,3,30.8,34,3.6,0,2024,0.012355507797346572,1,0,0,0,1,0,0,0,0
1,1,0,8,3.96222,24,57934,18.8,21.9,5,309.4791666666667,3,30.8,34,3.6,0,2024,0.012355507797346572,1,0,0,0,1,0,0,0,0
0,0,0,7,13.442559523809525,16,183839,16.5,20.0,1,3561.303571428572,3,24.0,29,0.0,1,2024,0.003773558107631665,1,0,0,0,0,0,0,1,0
0,0,0,7,13.442559523809525,16,183839,16.5,20.0,1,3561.303571428572,3,24.0,29,0.0,1,2024,0.003773558107631665,1,0,0,0,0,0,0,1,0
0,0,0,7,3.50333,17,179566,15.2,21.7,2,254.72619047619048,3,28.7,29,0.0,0,2024,0.013699535403379731,1,0,0,0,0,0,0,0,1
0,0,0,7,11.67120488095238,17,231476,15.2,21.7,2,364.2083333333333,3,28.7,29,0.0,1,2024,0.031957663108141146,1,0,0,0,0,0,0,0,1
0,0,0,7,11.67120488095238,17,231476,15.2,21.7,2,364.2083333333333,3,28.7,29,0.0,1,2024,0.031957663108141146,1,0,0,0,0,0,0,0,1
0,0,0,7,1.3835958928571428,17,48784,15.2,21.7,2,146.98214285714286,3,28.7,29,0.0,0,2024,0.009349749004464824,1,0,0,0,0,0,0,0,1
0,0,0,7,1.3835958928571428,17,48784,15.2,21.7,2,146.98214285714286,3,28.7,29,0.0,0,2024,0.009349749004464824,1,0,0,0,0,0,0,0,1
0,0,0,7,1.3835958928571428,17,48784,15.2,21.7,2,146.98214285714286,3,28.7,29,0.0,0,2024,0.009349749004464824,1,0,0,0,0,0,0,0,1
0,0,0,7,3.96222,17,137426,15.2,21.7,2,309.4791666666667,3,28.7,29,0.0,0,2024,0.012355507797346572,1,0,0,0,0,0,0,0,1
0,0,0,7,3.96222,17,137426,15.2,21.7,2,309.4791666666667,3,28.7,29,0.0,0,2024,0.012355507797346572,1,0,0,0,0,0,0,0,1
0,0,0,7,2.19054005952381,17,138887,15.2,21.7,2,162.45238095238096,3,28.7,29,0.0,0,2024,0.013401701747997088,1,0,0,0,0,0,0,0,1
0,0,0,7,2.19054005952381,17,138887,15.2,21.7,2,162.45238095238096,3,28.7,29,0.0,0,2024,0.013401701747997088,1,0,0,0,0,0,0,0,1
0,0,0,7,2.1780041071428573,17,138887,15.2,21.7,2,165.08333333333334,3,28.7,29,0.0,0,2024,0.013113923374668483,1,0,0,0,0,0,0,0,1
0,0,0,7,2.1780041071428573,17,138887,15.2,21.7,2,165.08333333333334,3,28.7,29,0.0,0,2024,0.013113923374668483,1,0,0,0,0,0,0,0,1
0,0,0,7,2.626363392857143,17,84310,15.2,21.7,2,497.25,3,28.7,29,0.0,1,2024,0.005271175901369078,1,0,0,0,0,0,0,0,1
0,0,0,7,2.626363392857143,17,84310,15.2,21.7,2,497.25,3,28.7,29,0.0,1,2024,0.005271175901369078,1,0,0,0,0,0,0,0,1
0,0,0,7,3.96222,17,27547,15.2,21.7,2,309.4791666666667,3,28.7,29,0.0,0,2024,0.012355507797346572,1,0,0,0,0,0,0,0,1
0,0,0,7,3.96222,17,27547,15.2,21.7,2,309.4791666666667,3,28.7,29,0.0,0,2024,0.012355507797346572,1,0,0,0,0,0,0,0,1
0,0,0,7,3.96222,17,19979,15.2,21.7,2,309.4791666666667,3,28.7,29,0.0,0,2024,0.012355507797346572,1,0,0,0,0,0,0,0,1
0,0,0,7,3.96222,17,19979,15.2,21.7,2,309.4791666666667,3,28.7,29,0.0,0,2024,0.012355507797346572,1,0,0,0,0,0,0,0,1
0,0,0,7,3.96222,17,27547,15.2,21.7,2,309.4791666666667,3,28.7,29,0.0,0,2024,0.012355507797346572,1,0,0,0,0,0,0,0,1
0,0,0,7,3.96222,17,27547,15.2,21.7,2,309.4791666666667,3,28.7,29,0.0,0,2024,0.012355507797346572,1,0,0,0,0,0,0,0,1
0,0,0,7,3.96222,17,27547,15.2,21.7,2,309.4791666666667,3,28.7,29,0.0,0,2024,0.012355507797346572,1,0,0,0,0,0,0,0,1
1,1,0,6,2.0899714880952383,15,185914,11.9,15.2,5,123.63690476190476,2,18.3,24,4.2,0,2024,0.016768480347676584,1,0,0,0,1,0,0,0,0
1,0,0,9,7.973460178571429,27,185914,12.1,13.5,4,257.17261904761904,3,17.4,39,5.2,0,2024,0.030884220828626106,0,0,0,0,0,0,0,0,0
1,0,0,9,7.973460178571429,27,185914,12.1,13.5,4,257.17261904761904,3,17.4,39,5.2,0,2024,0.030884220828626106,0,0,0,0,0,0,0,0,0
1,0,0,9,7.973460178571429,27,185914,12.1,13.5,4,257.17261904761904,3,17.4,39,5.2,0,2024,0.030884220828626106,0,0,0,0,0,0,0,0,0
1,0,0,9,4.15445,27,160526,12.1,13.5,4,66.27380952380952,3,17.4,39,5.2,0,2024,0.061754344363829414,0,0,0,0,0,0,0,0,0
1,0,0,9,4.15445,27,160526,12.1,13.5,4,66.27380952380952,3,17.4,39,5.2,0,2024,0.061754344363829414,0,0,0,0,0,0,0,0,0
0,1,0,9,3.96222,28,179566,8.0,11.0,5,309.4791666666667,3,17.5,39,0.0,0,2024,0.012355507797346572,0,0,0,0,1,0,0,0,0
0,1,0,9,3.96222,28,179566,8.0,11.0,5,309.4791666666667,3,17.5,39,0.0,0,2024,0.012355507797346572,0,0,0,0,1,0,0,0,0
0,1,0,9,1.2210889285714286,28,160526,8.0,11.0,5,64.58333333333333,3,17.5,39,0.0,0,2024,0.018618890905790525,0,0,0,0,1,0,0,0,0
0,1,0,9,1.2210889285714286,28,160526,8.0,11.0,5,64.58333333333333,3,17.5,39,0.0,0,2024,0.018618890905790525,0,0,0,0,1,0,0,0,0
0,1,0,9,1.2210889285714286,28,160526,8.0,11.0,5,64.58333333333333,3,17.5,39,0.0,0,2024,0.018618890905790525,0,0,0,0,1,0,0,0,0
0,1,0,9,3.96222,28,160526,8.0,11.0,5,309.4791666666667,3,17.5,39,0.0,0,2024,0.012355507797346572,0,0,0,0,1,0,0,0,0
0,1,0,9,3.96222,28,160526,8.0,11.0,5,309.4791666666667,3,17.5,39,0.0,0,2024,0.012355507797346572,0,0,0,0,1,0,0,0,0
0,1,0,9,3.3942802380952384,28,182347,8.0,11.0,5,449.6607142857143,3,17.5,39,0.0,1,2024,0.007531786398277662,0,0,0,0,1,0,0,0,0
0,1,0,9,3.3942802380952384,28,182347,8.0,11.0,5,449.6607142857143,3,17.5,39,0.0,1,2024,0.007531786398277662,0,0,0,0,1,0,0,0,0
0,1,0,9,18.170461130952383,28,57934,8.0,11.0,5,255.27380952380952,3,17.5,39,0.0,0,2024,0.07090252868490733,0,0,0,0,1,0,0,0,0
0,1,0,9,18.170461130952383,28,57934,8.0,11.0,5,255.27380952380952,3,17.5,39,0.0,0,2024,0.07090252868490733,0,0,0,0,1,0,0,0,0
1,0,0,9,3.96222,27,35837,12.1,13.5,4,309.4791666666667,3,17.4,39,5.2,0,2024,0.012355507797346572,0,0,0,0,0,0,0,0,0
1,0,0,9,3.96222,27,35837,12.1,13.5,4,309.4791666666667,3,17.4,39,5.2,0,2024,0.012355507797346572,0,0,0,0,0,0,0,0,0
1,0,0,9,3.96222,27,35837,12.1,13.5,4,309.4791666666667,3,17.4,39,5.2,0,2024,0.012355507797346572,0,0,0,0,0,0,0,0,0
1,0,0,6,2.0899714880952383,14,185914,13.4,17.2,4,123.63690476190476,2,23.2,24,3.6,0,2024,0.016768480347676584,1,0,0,0,0,0,0,0,0
1,0,0,6,2.0899714880952383,14,185914,13.4,17.2,4,123.63690476190476,2,23.2,24,3.6,0,2024,0.016768480347676584,1,0,0,0,0,0,0,0,0
1,0,0,6,2.0899714880952383,14,185914,13.4,17.2,4,123.63690476190476,2,23.2,24,3.6,0,2024,0.016768480347676584,1,0,0,0,0,0,0,0,0
1,0,0,6,2.0899714880952383,14,185914,13.4,17.2,4,123.63690476190476,2,23.2,24,3.6,0,2024,0.016768480347676584,1,0,0,0,0,0,0,0,0
1,0,0,6,2.0899714880952383,14,185914,13.4,17.2,4,123.63690476190476,2,23.2,24,3.6,0,2024,0.016768480347676584,1,0,0,0,0,0,0,0,0
1,0,0,6,4.53899619047619,14,185914,13.4,17.2,4,112.0654761904762,2,23.2,24,3.6,0,2024,0.040144846538562776,1,0,0,0,0,0,0,0,0
1,0,0,6,4.53899619047619,14,185914,13.4,17.2,4,112.0654761904762,2,23.2,24,3.6,0,2024,0.040144846538562776,1,0,0,0,0,0,0,0,0
1,0,0,9,4.26268744047619,27,48784,12.1,13.5,4,726.1130952380952,3,17.4,39,5.2,1,2024,0.005862482010560354,0,0,0,0,0,0,0,0,0
1,0,0,9,4.26268744047619,27,48784,12.1,13.5,4,726.1130952380952,3,17.4,39,5.2,1,2024,0.005862482010560354,0,0,0,0,0,0,0,0,0
1,0,0,6,3.96222,14,161450,13.4,17.2,4,309.4791666666667,2,23.2,24,3.6,0,2024,0.012355507797346572,1,0,0,0,0,0,0,0,0
1,0,0,6,3.96222,14,161450,13.4,17.2,4,309.4791666666667,2,23.2,24,3.6,0,2024,0.012355507797346572,1,0,0,0,0,0,0,0,0
1,0,0,6,3.96222,14,161450,13.4,17.2,4,309.4791666666667,2,23.2,24,3.6,0,2024,0.012355507797346572,1,0,0,0,0,0,0,0,0
1,0,0,6,3.96222,14,138907,13.4,17.2,4,309.4791666666667,2,23.2,24,3.6,0,2024,0.012355507797346572,1,0,0,0,0,0,0,0,0
1,0,0,6,3.96222,14,138907,13.4,17.2,4,309.4791666666667,2,23.2,24,3.6,0,2024,0.012355507797346572,1,0,0,0,0,0,0,0,0
1,0,0,6,15.966369047619049,14,161450,13.4,17.2,4,4533.220238095239,2,23.2,24,3.6,1,2024,0.003521304261639988,1,0,0,0,0,0,0,0,0
1,0,0,6,15.966369047619049,14,161450,13.4,17.2,4,4533.220238095239,2,23.2,24,3.6,1,2024,0.003521304261639988,1,0,0,0,0,0,0,0,0
1,0,0,6,3.96222,14,179566,13.4,17.2,4,309.4791666666667,2,23.2,24,3.6,0,2024,0.012355507797346572,1,0,0,0,0,0,0,0,0
0,1,0,9,7.357322380952381,28,32386,8.0,11.0,5,398.7619047619048,3,17.5,39,0.0,1,2024,0.018404260869565214,0,0,0,0,1,0,0,0,0
0,1,0,9,7.357322380952381,28,32386,8.0,11.0,5,398.7619047619048,3,17.5,39,0.0,1,2024,0.018404260869565214,0,0,0,0,1,0,0,0,0
1,1,0,6,3.96222,15,179566,11.9,15.2,5,309.4791666666667,2,18.3,24,4.2,0,2024,0.012355507797346572,1,0,0,0,1,0,0,0,0
1,1,0,6,3.96222,15,179566,11.9,15.2,5,309.4791666666667,2,18.3,24,4.2,0,2024,0.012355507797346572,1,0,0,0,1,0,0,0,0
0,0,0,6,3.96222,11,231476,9.2,13.7,1,309.4791666666667,2,19.3,24,0.8,0,2024,0.012355507797346572,1,0,0,0,0,0,0,1,0
0,1,0,9,4.15445,28,57934,8.0,11.0,5,1008.7559523809524,3,17.5,39,0.0,1,2024,0.004114310978018026,0,0,0,0,1,0,0,0,0
0,1,0,9,4.15445,28,57934,8.0,11.0,5,1008.7559523809524,3,17.5,39,0.0,1,2024,0.004114310978018026,0,0,0,0,1,0,0,0,0
0,1,0,9,4.15445,28,57934,8.0,11.0,5,1008.7559523809524,3,17.5,39,0.0,1,2024,0.004114310978018026,0,0,0,0,1,0,0,0,0
0,0,0,6,3.96222,12,183839,8.6,14.5,2,309.4791666666667,2,20.9,24,0.0,0,2024,0.012355507797346572,1,0,0,0,0,0,0,0,1
0,0,0,6,3.96222,12,183839,8.6,14.5,2,309.4791666666667,2,20.9,24,0.0,0,2024,0.012355507797346572,1,0,0,0,0,0,0,0,1
0,0,0,6,3.96222,12,183839,8.6,14.5,2,309.4791666666667,2,20.9,24,0.0,0,2024,0.012355507797346572,1,0,0,0,0,0,0,0,1
0,0,0,6,3.96222,12,183839,8.6,14.5,2,309.4791666666667,2,20.9,24,0.0,0,2024,0.012355507797346572,1,0,0,0,0,0,0,0,1
1,1,0,6,4.1,15,179566,11.9,15.2,5,252.3809523809524,2,18.3,24,4.2,0,2024,0.016181168953204282,1,0,0,0,1,0,0,0,0
1,1,0,6,4.1,15,179566,11.9,15.2,5,252.3809523809524,2,18.3,24,4.2,0,2024,0.016181168953204282,1,0,0,0,1,0,0,0,0
1,0,0,9,3.8433050595238094,27,15207,12.1,13.5,4,1110.7261904761904,3,17.4,39,5.2,1,2024,0.0034570608234727206,0,0,0,0,0,0,0,0,0
1,0,0,9,3.8433050595238094,27,15207,12.1,13.5,4,1110.7261904761904,3,17.4,39,5.2,1,2024,0.0034570608234727206,0,0,0,0,0,0,0,0,0
1,0,0,9,3.8433050595238094,27,15207,12.1,13.5,4,1110.7261904761904,3,17.4,39,5.2,1,2024,0.0034570608234727206,0,0,0,0,0,0,0,0,0
1,0,0,9,3.96222,27,27547,12.1,13.5,4,309.4791666666667,3,17.4,39,5.2,0,2024,0.012355507797346572,0,0,0,0,0,0,0,0,0
1,1,0,6,25.26209071428572,15,183839,11.9,15.2,5,675.9821428571429,2,18.3,24,4.2,1,2024,0.03731574160533883,1,0,0,0,1,0,0,0,0
1,1,0,6,25.26209071428572,15,183839,11.9,15.2,5,675.9821428571429,2,18.3,24,4.2,1,2024,0.03731574160533883,1,0,0,0,1,0,0,0,0
1,1,0,6,3.96222,15,231476,11.9,15.2,5,309.4791666666667,2,18.3,24,4.2,0,2024,0.012355507797346572,1,0,0,0,1,0,0,0,0
1,1,0,6,3.96222,15,231476,11.9,15.2,5,309.4791666666667,2,18.3,24,4.2,0,2024,0.012355507797346572,1,0,0,0,1,0,0,0,0
1,0,0,9,3.96222,27,27547,12.1,13.5,4,309.4791666666667,3,17.4,39,5.2,0,2024,0.012355507797346572,0,0,0,0,0,0,0,0,0
1,0,0,9,3.96222,27,27547,12.1,13.5,4,309.4791666666667,3,17.4,39,5.2,0,2024,0.012355507797346572,0,0,0,0,0,0,0,0,0
1,0,0,6,14.951785714285714,14,137426,13.4,17.2,4,1560.3511904761904,2,23.2,24,3.6,1,2024,0.009576183632156215,1,0,0,0,0,0,0,0,0
1,0,0,6,14.951785714285714,14,137426,13.4,17.2,4,1560.3511904761904,2,23.2,24,3.6,1,2024,0.009576183632156215,1,0,0,0,0,0,0,0,0
1,0,0,6,3.96222,14,57934,13.4,17.2,4,309.4791666666667,2,23.2,24,3.6,0,2024,0.012355507797346572,1,0,0,0,0,0,0,0,0
1,0,0,6,3.96222,14,57934,13.4,17.2,4,309.4791666666667,2,23.2,24,3.6,0,2024,0.012355507797346572,1,0,0,0,0,0,0,0,0
1,0,0,6,12.23308,14,57934,13.4,17.2,4,272.0595238095238,2,23.2,24,3.6,0,2024,0.04480004882940228,1,0,0,0,0,0,0,0,0
1,0,0,6,12.23308,14,57934,13.4,17.2,4,272.0595238095238,2,23.2,24,3.6,0,2024,0.04480004882940228,1,0,0,0,0,0,0,0,0
1,1,0,6,3.96222,15,48784,11.9,15.2,5,309.4791666666667,2,18.3,24,4.2,0,2024,0.012355507797346572,1,0,0,0,1,0,0,0,0
0,0,0,8,3.96222,23,182347,17.2,22.2,4,309.4791666666667,3,26.0,34,0.0,0,2024,0.012355507797346572,1,0,0,0,0,0,0,0,0
0,0,0,8,3.96222,23,182347,17.2,22.2,4,309.4791666666667,3,26.0,34,0.0,0,2024,0.012355507797346572,1,0,0,0,0,0,0,0,0
0,0,0,8,3.96222,23,161450,17.2,22.2,4,309.4791666666667,3,26.0,34,0.0,0,2024,0.012355507797346572,1,0,0,0,0,0,0,0,0
0,0,0,8,3.96222,23,161450,17.2,22.2,4,309.4791666666667,3,26.0,34,0.0,0,2024,0.012355507797346572,1,0,0,0,0,0,0,0,0
0,0,0,8,0.8030733333333332,23,138907,17.2,22.2,4,199.8809523809524,3,26.0,34,0.0,0,2024,0.0039977574967405465,1,0,0,0,0,0,0,0,0
0,0,0,8,0.8030733333333332,23,138907,17.2,22.2,4,199.8809523809524,3,26.0,34,0.0,0,2024,0.0039977574967405465,1,0,0,0,0,0,0,0,0
0,0,0,8,0.8030733333333332,23,138907,17.2,22.2,4,199.8809523809524,3,26.0,34,0.0,0,2024,0.0039977574967405465,1,0,0,0,0,0,0,0,0
0,0,0,8,0.8030733333333332,23,138907,17.2,22.2,4,199.8809523809524,3,26.0,34,0.0,0,2024,0.0039977574967405465,1,0,0,0,0,0,0,0,0
0,0,0,8,0.8030733333333332,23,138907,17.2,22.2,4,199.8809523809524,3,26.0,34,0.0,0,2024,0.0039977574967405465,1,0,0,0,0,0,0,0,0
0,0,0,8,2.649741666666667,22,185914,12.6,20.3,3,172.29761904761904,3,26.7,34,0.0,0,2024,0.015290121590987155,1,0,0,0,0,0,1,0,0
0,0,0,8,2.649741666666667,22,185914,12.6,20.3,3,172.29761904761904,3,26.7,34,0.0,0,2024,0.015290121590987155,1,0,0,0,0,0,1,0,0
0,0,0,8,2.649741666666667,22,185914,12.6,20.3,3,172.29761904761904,3,26.7,34,0.0,0,2024,0.015290121590987155,1,0,0,0,0,0,1,0,0
0,0,0,8,2.649741666666667,22,185914,12.6,20.3,3,172.29761904761904,3,26.7,34,0.0,0,2024,0.015290121590987155,1,0,0,0,0,0,1,0,0
0,0,0,8,2.649741666666667,22,185914,12.6,20.3,3,172.29761904761904,3,26.7,34,0.0,0,2024,0.015290121590987155,1,0,0,0,0,0,1,0,0
0,0,0,8,3.96222,23,160526,17.2,22.2,4,309.4791666666667,3,26.0,34,0.0,0,2024,0.012355507797346572,1,0,0,0,0,0,0,0,0
0,0,0,8,3.96222,23,160526,17.2,22.2,4,309.4791666666667,3,26.0,34,0.0,0,2024,0.012355507797346572,1,0,0,0,0,0,0,0,0
0,0,0,8,3.96222,23,160526,17.2,22.2,4,309.4791666666667,3,26.0,34,0.0,0,2024,0.012355507797346572,1,0,0,0,0,0,0,0,0
0,0,0,8,2.53222,23,35837,17.2,22.2,4,492.1071428571428,3,26.0,34,0.0,1,2024,0.005135232852900704,1,0,0,0,0,0,0,0,0
0,0,0,8,2.53222,23,161450,17.2,22.2,4,281.8095238095238,3,26.0,34,0.0,0,2024,0.008953800303081327,1,0,0,0,0,0,0,0,0
0,0,0,8,2.53222,23,161450,17.2,22.2,4,281.8095238095238,3,26.0,34,0.0,0,2024,0.008953800303081327,1,0,0,0,0,0,0,0,0
0,0,0,8,13.509700416666666,23,84310,17.2,22.2,4,565.327380952381,3,26.0,34,0.0,1,2024,0.02385493068328726,1,0,0,0,0,0,0,0,0
0,0,0,8,13.509700416666666,23,84310,17.2,22.2,4,565.327380952381,3,26.0,34,0.0,1,2024,0.02385493068328726,1,0,0,0,0,0,0,0,0
0,0,0,8,3.96222,23,57934,17.2,22.2,4,309.4791666666667,3,26.0,34,0.0,0,2024,0.012355507797346572,1,0,0,0,0,0,0,0,0
0,0,0,8,3.96222,23,57934,17.2,22.2,4,309.4791666666667,3,26.0,34,0.0,0,2024,0.012355507797346572,1,0,0,0,0,0,0,0,0
1,0,1,5,3.80917,1,41158,13.4,16.8,2,326.875,2,21.4,18,9.2,1,2024,0.01161775066717499,0,0,1,0,0,0,0,0,1
1,0,1,5,3.80917,1,41158,13.4,16.8,2,326.875,2,21.4,18,9.2,1,2024,0.01161775066717499,0,0,1,0,0,0,0,0,1
1,0,0,9,3.96222,27,41158,12.1,13.5,4,309.4791666666667,3,17.4,39,5.2,0,2024,0.012355507797346572,0,0,0,0,0,0,0,0,0
1,0,0,9,3.96222,27,41158,12.1,13.5,4,309.4791666666667,3,17.4,39,5.2,0,2024,0.012355507797346572,0,0,0,0,0,0,0,0,0
1,0,0,9,3.96222,27,41158,12.1,13.5,4,309.4791666666667,3,17.4,39,5.2,0,2024,0.012355507797346572,0,0,0,0,0,0,0,0,0
1,0,0,9,3.96222,27,41158,12.1,13.5,4,309.4791666666667,3,17.4,39,5.2,0,2024,0.012355507797346572,0,0,0,0,0,0,0,0,0
1,0,0,9,7.973460178571429,27,185914,12.1,13.5,4,257.17261904761904,3,17.4,39,5.2,0,2024,0.030884220828626106,0,0,0,0,0,0,0,0,0
1,0,0,9,7.973460178571429,27,185914,12.1,13.5,4,257.17261904761904,3,17.4,39,5.2,0,2024,0.030884220828626106,0,0,0,0,0,0,0,0,0
1,0,0,9,3.3346472023809524,27,183839,12.1,13.5,4,316.86309523809524,3,17.4,39,5.2,1,2024,0.010490828448905452,0,0,0,0,0,0,0,0,0
1,0,0,9,3.3346472023809524,27,183839,12.1,13.5,4,316.86309523809524,3,17.4,39,5.2,1,2024,0.010490828448905452,0,0,0,0,0,0,0,0,0
1,0,0,9,4.15445,27,160526,12.1,13.5,4,66.27380952380952,3,17.4,39,5.2,0,2024,0.061754344363829414,0,0,0,0,0,0,0,0,0
1,0,0,9,4.15445,27,160526,12.1,13.5,4,66.27380952380952,3,17.4,39,5.2,0,2024,0.061754344363829414,0,0,0,0,0,0,0,0,0
1,0,0,9,20.77348,27,160526,12.1,13.5,4,593.0654761904761,3,17.4,39,5.2,1,2024,0.03496833401801549,0,0,0,0,0,0,0,0,0
1,0,0,9,20.77348,27,160526,12.1,13.5,4,593.0654761904761,3,17.4,39,5.2,1,2024,0.03496833401801549,0,0,0,0,0,0,0,0,0
1,0,0,9,4.15445,27,160526,12.1,13.5,4,66.27380952380952,3,17.4,39,5.2,0,2024,0.061754344363829414,0,0,0,0,0,0,0,0,0
1,0,0,9,4.15445,27,160526,12.1,13.5,4,66.27380952380952,3,17.4,39,5.2,0,2024,0.061754344363829414,0,0,0,0,0,0,0,0,0
1,0,0,9,15.748511904761903,27,161450,12.1,13.5,4,3280.7380952380954,3,17.4,39,5.2,1,2024,0.004798832645302648,0,0,0,0,0,0,0,0,0
1,0,0,9,15.748511904761903,27,161450,12.1,13.5,4,3280.7380952380954,3,17.4,39,5.2,1,2024,0.004798832645302648,0,0,0,0,0,0,0,0,0
1,0,0,9,3.96222,26,231476,15.0,16.2,3,309.4791666666667,3,19.5,39,17.0,0,2024,0.012355507797346572,0,0,0,0,0,0,1,0,0
1,0,0,9,3.96222,26,231476,15.0,16.2,3,309.4791666666667,3,19.5,39,17.0,0,2024,0.012355507797346572,0,0,0,0,0,0,1,0,0
1,0,0,9,4.15445,25,137426,13.8,15.2,2,519.9732142857143,3,16.6,39,18.5,1,2024,0.007974402303381376,0,0,0,0,0,0,0,0,1
1,0,0,9,4.15445,25,137426,13.8,15.2,2,519.9732142857143,3,16.6,39,18.5,1,2024,0.007974402303381376,0,0,0,0,0,0,0,0,1
1,0,0,9,3.3942802380952384,27,182347,12.1,13.5,4,449.6607142857143,3,17.4,39,5.2,1,2024,0.007531786398277662,0,0,0,0,0,0,0,0,0
1,0,0,9,3.3942802380952384,27,182347,12.1,13.5,4,449.6607142857143,3,17.4,39,5.2,1,2024,0.007531786398277662,0,0,0,0,0,0,0,0,0
1,0,0,9,3.96222,26,138907,15.0,16.2,3,309.4791666666667,3,19.5,39,17.0,0,2024,0.012355507797346572,0,0,0,0,0,0,1,0,0
1,0,0,9,3.96222,26,138907,15.0,16.2,3,309.4791666666667,3,19.5,39,17.0,0,2024,0.012355507797346572,0,0,0,0,0,0,1,0,0
1,0,0,9,3.96222,25,138907,13.8,15.2,2,309.4791666666667,3,16.6,39,18.5,0,2024,0.012355507797346572,0,0,0,0,0,0,0,0,1
1,0,0,9,3.96222,25,138907,13.8,15.2,2,309.4791666666667,3,16.6,39,18.5,0,2024,0.012355507797346572,0,0,0,0,0,0,0,0,1
1,0,0,9,3.8433050595238094,27,48784,12.1,13.5,4,1110.7261904761904,3,17.4,39,5.2,1,2024,0.0034570608234727206,0,0,0,0,0,0,0,0,0
1,0,0,9,3.8433050595238094,27,48784,12.1,13.5,4,1110.7261904761904,3,17.4,39,5.2,1,2024,0.0034570608234727206,0,0,0,0,0,0,0,0,0
1,0,0,9,12.490665535714284,27,15207,12.1,13.5,4,1066.922619047619,3,17.4,39,5.2,1,2024,0.011696227154410821,0,0,0,0,0,0,0,0,0
1,0,0,9,12.490665535714284,27,15207,12.1,13.5,4,1066.922619047619,3,17.4,39,5.2,1,2024,0.011696227154410821,0,0,0,0,0,0,0,0,0
0,0,0,1,1.9878250595238096,10,182347,-2.0,-0.4,2,188.5178571428572,1,2.4,2,0.0,0,2024,0.010488853607211279,0,1,0,0,0,0,0,0,1
0,0,0,1,1.9878250595238096,10,182347,-2.0,-0.4,2,188.5178571428572,1,2.4,2,0.0,0,2024,0.010488853607211279,0,1,0,0,0,0,0,0,1
0,0,0,1,3.96222,11,185914,-2.3,-0.2,3,309.4791666666667,1,3.4,2,0.0,0,2024,0.012355507797346572,0,1,0,0,0,0,1,0,0
0,0,0,1,3.96222,11,185914,-2.3,-0.2,3,309.4791666666667,1,3.4,2,0.0,0,2024,0.012355507797346572,0,1,0,0,0,0,1,0,0
0,0,0,1,13.093205833333332,11,231476,-2.3,-0.2,3,399.9404761904762,1,3.4,2,0.0,1,2024,0.0326562335580035,0,1,0,0,0,0,1,0,0
0,0,0,1,13.093205833333332,11,231476,-2.3,-0.2,3,399.9404761904762,1,3.4,2,0.0,1,2024,0.0326562335580035,0,1,0,0,0,0,1,0,0
0,0,0,1,3.96222,11,138907,-2.3,-0.2,3,309.4791666666667,1,3.4,2,0.0,0,2024,0.012355507797346572,0,1,0,0,0,0,1,0,0
0,0,0,1,3.96222,11,138907,-2.3,-0.2,3,309.4791666666667,1,3.4,2,0.0,0,2024,0.012355507797346572,0,1,0,0,0,0,1,0,0
0,0,0,1,3.96222,11,138887,-2.3,-0.2,3,309.4791666666667,1,3.4,2,0.0,0,2024,0.012355507797346572,0,1,0,0,0,0,1,0,0
0,0,0,1,3.96222,11,138887,-2.3,-0.2,3,309.4791666666667,1,3.4,2,0.0,0,2024,0.012355507797346572,0,1,0,0,0,0,1,0,0
0,0,0,1,3.96222,10,84310,-2.0,-0.4,2,309.4791666666667,1,2.4,2,0.0,0,2024,0.012355507797346572,0,1,0,0,0,0,0,0,1
0,0,0,1,3.96222,10,84310,-2.0,-0.4,2,309.4791666666667,1,2.4,2,0.0,0,2024,0.012355507797346572,0,1,0,0,0,0,0,0,1
0,0,0,1,3.96222,11,35837,-2.3,-0.2,3,309.4791666666667,1,3.4,2,0.0,0,2024,0.012355507797346572,0,1,0,0,0,0,1,0,0
0,0,0,1,3.96222,11,35837,-2.3,-0.2,3,309.4791666666667,1,3.4,2,0.0,0,2024,0.012355507797346572,0,1,0,0,0,0,1,0,0
1,0,0,4,12.180952380952382,3,161450,10.4,13.9,2,4386.916666666667,2,18.1,14,5.4,1,2024,0.002776021813150291,0,0,1,0,0,0,0,0,1
1,0,0,4,12.180952380952382,3,161450,10.4,13.9,2,4386.916666666667,2,18.1,14,5.4,1,2024,0.002776021813150291,0,0,1,0,0,0,0,0,1
1,0,0,4,11.811607142857142,3,183839,10.4,13.9,2,4439.613095238095,2,18.1,14,5.4,1,2024,0.0026599045873920775,0,0,1,0,0,0,0,0,1
1,0,0,4,11.811607142857142,3,183839,10.4,13.9,2,4439.613095238095,2,18.1,14,5.4,1,2024,0.0026599045873920775,0,0,1,0,0,0,0,0,1
1,0,0,4,11.811607142857142,3,183839,10.4,13.9,2,4439.613095238095,2,18.1,14,5.4,1,2024,0.0026599045873920775,0,0,1,0,0,0,0,0,1
1,0,0,4,3.96222,2,161450,8.7,11.7,1,309.4791666666667,2,15.6,14,6.6,0,2024,0.012355507797346572,0,0,1,0,0,0,0,1,0
1,0,0,4,3.96222,2,161450,8.7,11.7,1,309.4791666666667,2,15.6,14,6.6,0,2024,0.012355507797346572,0,0,1,0,0,0,0,1,0
1,0,0,4,3.96222,3,182347,10.4,13.9,2,309.4791666666667,2,18.1,14,5.4,0,2024,0.012355507797346572,0,0,1,0,0,0,0,0,1
1,0,0,4,3.96222,3,182347,10.4,13.9,2,309.4791666666667,2,18.1,14,5.4,0,2024,0.012355507797346572,0,0,1,0,0,0,0,0,1
1,0,0,4,3.96222,3,182347,10.4,13.9,2,309.4791666666667,2,18.1,14,5.4,0,2024,0.012355507797346572,0,0,1,0,0,0,0,0,1
1,0,0,4,3.96222,3,182347,10.4,13.9,2,309.4791666666667,2,18.1,14,5.4,0,2024,0.012355507797346572,0,0,1,0,0,0,0,0,1
1,0,0,4,0.7319778571428571,3,138907,10.4,13.9,2,328.375,2,18.1,14,5.4,1,2024,0.002222323664949851,0,0,1,0,0,0,0,0,1
1,0,0,4,0.7319778571428571,3,138907,10.4,13.9,2,328.375,2,18.1,14,5.4,1,2024,0.002222323664949851,0,0,1,0,0,0,0,0,1
1,0,0,4,16.917944285714288,2,138907,8.7,11.7,1,1255.470238095238,2,15.6,14,6.6,1,2024,0.013464659784828059,0,0,1,0,0,0,0,1,0
1,0,0,4,16.917944285714288,2,138907,8.7,11.7,1,1255.470238095238,2,15.6,14,6.6,1,2024,0.013464659784828059,0,0,1,0,0,0,0,1,0
1,0,0,4,3.019587976190476,3,138887,10.4,13.9,2,199.7142857142857,2,18.1,14,5.4,0,2024,0.015044210557532623,0,0,1,0,0,0,0,0,1
1,0,0,4,3.019587976190476,3,138887,10.4,13.9,2,199.7142857142857,2,18.1,14,5.4,0,2024,0.015044210557532623,0,0,1,0,0,0,0,0,1
1,0,0,4,3.96222,3,84310,10.4,13.9,2,309.4791666666667,2,18.1,14,5.4,0,2024,0.012355507797346572,0,0,1,0,0,0,0,0,1
1,0,0,4,3.96222,3,84310,10.4,13.9,2,309.4791666666667,2,18.1,14,5.4,0,2024,0.012355507797346572,0,0,1,0,0,0,0,0,1
1,0,0,4,3.96222,3,35837,10.4,13.9,2,309.4791666666667,2,18.1,14,5.4,0,2024,0.012355507797346572,0,0,1,0,0,0,0,0,1
1,0,0,4,3.96222,3,35837,10.4,13.9,2,309.4791666666667,2,18.1,14,5.4,0,2024,0.012355507797346572,0,0,1,0,0,0,0,0,1
1,0,0,4,2.7308874404761903,3,48784,10.4,13.9,2,1097.0119047619048,2,18.1,14,5.4,1,2024,0.0024871200654863223,0,0,1,0,0,0,0,0,1
1,0,0,4,2.7308874404761903,3,48784,10.4,13.9,2,1097.0119047619048,2,18.1,14,5.4,1,2024,0.0024871200654863223,0,0,1,0,0,0,0,0,1
1,0,0,4,3.96222,3,27547,10.4,13.9,2,309.4791666666667,2,18.1,14,5.4,0,2024,0.012355507797346572,0,0,1,0,0,0,0,0,1
1,0,0,4,3.96222,3,27547,10.4,13.9,2,309.4791666666667,2,18.1,14,5.4,0,2024,0.012355507797346572,0,0,1,0,0,0,0,0,1
0,0,0,1,7.1617935714285705,10,183839,-2.0,-0.4,2,404.1547619047619,1,2.4,2,0.0,1,2024,0.01767668615755296,0,1,0,0,0,0,0,0,1
0,0,0,1,7.1617935714285705,10,183839,-2.0,-0.4,2,404.1547619047619,1,2.4,2,0.0,1,2024,0.01767668615755296,0,1,0,0,0,0,0,0,1
0,0,0,1,3.79167,10,160526,-2.0,-0.4,2,448.9880952380952,1,2.4,2,0.0,1,2024,0.008426156247519776,0,1,0,0,0,0,0,0,1
0,0,0,1,3.79167,10,160526,-2.0,-0.4,2,448.9880952380952,1,2.4,2,0.0,1,2024,0.008426156247519776,0,1,0,0,0,0,0,0,1
0,0,0,1,3.79167,9,161450,-1.9,-1.4,1,271.55357142857144,1,-0.8,2,0.0,0,2024,0.01391165039638341,0,1,0,0,0,0,0,1,0
0,0,0,1,3.79167,9,161450,-1.9,-1.4,1,271.55357142857144,1,-0.8,2,0.0,0,2024,0.01391165039638341,0,1,0,0,0,0,0,1,0
0,0,0,1,14.67767857142857,10,231476,-2.0,-0.4,2,3661.529761904762,1,2.4,2,0.0,1,2024,0.004007524723511104,0,1,0,0,0,0,0,0,1
0,0,0,1,14.67767857142857,10,231476,-2.0,-0.4,2,3661.529761904762,1,2.4,2,0.0,1,2024,0.004007524723511104,0,1,0,0,0,0,0,0,1
0,0,0,1,3.96222,10,231476,-2.0,-0.4,2,309.4791666666667,1,2.4,2,0.0,0,2024,0.012355507797346572,0,1,0,0,0,0,0,0,1
0,0,0,1,3.96222,10,231476,-2.0,-0.4,2,309.4791666666667,1,2.4,2,0.0,0,2024,0.012355507797346572,0,1,0,0,0,0,0,0,1
0,0,0,1,3.96222,8,137426,-1.0,-0.6,0,309.4791666666667,1,-0.2,2,0.5,0,2024,0.012355507797346572,0,1,0,1,0,0,0,0,0
0,0,0,1,3.96222,8,137426,-1.0,-0.6,0,309.4791666666667,1,-0.2,2,0.5,0,2024,0.012355507797346572,0,1,0,1,0,0,0,0,0
0,0,0,1,3.79167,10,84310,-2.0,-0.4,2,930.4821428571428,1,2.4,2,0.0,1,2024,0.004070577229070414,0,1,0,0,0,0,0,0,1
0,0,0,1,3.79167,10,84310,-2.0,-0.4,2,930.4821428571428,1,2.4,2,0.0,1,2024,0.004070577229070414,0,1,0,0,0,0,0,0,1
0,0,0,1,3.96222,9,27547,-1.9,-1.4,1,309.4791666666667,1,-0.8,2,0.0,0,2024,0.012355507797346572,0,1,0,0,0,0,0,1,0
0,0,0,1,3.96222,9,27547,-1.9,-1.4,1,309.4791666666667,1,-0.8,2,0.0,0,2024,0.012355507797346572,0,1,0,0,0,0,0,1,0
0,0,0,5,4.4957714285714285,9,179566,9.0,15.4,3,449.3869047619048,2,23.7,19,0.0,1,2024,0.00998202074935571,0,0,1,0,0,0,1,0,0
0,0,0,5,6.855087321428571,10,179566,11.1,19.3,4,416.3928571428572,2,27.0,19,0.0,1,2024,0.016423585607940442,0,0,1,0,0,0,0,0,0
0,0,0,5,6.855087321428571,10,179566,11.1,19.3,4,416.3928571428572,2,27.0,19,0.0,1,2024,0.016423585607940442,0,0,1,0,0,0,0,0,0
0,0,0,5,3.96222,10,179566,11.1,19.3,4,309.4791666666667,2,27.0,19,0.0,0,2024,0.012355507797346572,0,0,1,0,0,0,0,0,0
0,0,0,5,3.96222,10,179566,11.1,19.3,4,309.4791666666667,2,27.0,19,0.0,0,2024,0.012355507797346572,0,0,1,0,0,0,0,0,0
0,0,0,5,3.4777800000000005,10,160526,11.1,19.3,4,418.6666666666667,2,27.0,19,0.0,1,2024,0.00828700555996823,0,0,1,0,0,0,0,0,0
0,0,0,5,3.4777800000000005,10,160526,11.1,19.3,4,418.6666666666667,2,27.0,19,0.0,1,2024,0.00828700555996823,0,0,1,0,0,0,0,0,0
0,0,0,5,13.852083333333336,9,137426,9.0,15.4,3,1552.1666666666667,2,23.7,19,0.0,1,2024,0.00891860714668956,0,0,1,0,0,0,1,0,0
0,0,0,5,13.852083333333336,9,137426,9.0,15.4,3,1552.1666666666667,2,23.7,19,0.0,1,2024,0.00891860714668956,0,0,1,0,0,0,1,0,0
0,0,0,5,13.852083333333336,9,137426,9.0,15.4,3,1552.1666666666667,2,23.7,19,0.0,1,2024,0.00891860714668956,0,0,1,0,0,0,1,0,0
0,0,0,5,13.852083333333336,9,137426,9.0,15.4,3,1552.1666666666667,2,23.7,19,0.0,1,2024,0.00891860714668956,0,0,1,0,0,0,1,0,0
0,0,0,5,3.96222,10,27547,11.1,19.3,4,309.4791666666667,2,27.0,19,0.0,0,2024,0.012355507797346572,0,0,1,0,0,0,0,0,0
0,0,0,5,3.96222,10,27547,11.1,19.3,4,309.4791666666667,2,27.0,19,0.0,0,2024,0.012355507797346572,0,0,1,0,0,0,0,0,0
0,0,0,5,3.96222,10,27547,11.1,19.3,4,309.4791666666667,2,27.0,19,0.0,0,2024,0.012355507797346572,0,0,1,0,0,0,0,0,0
0,0,0,5,3.96222,10,27547,11.1,19.3,4,309.4791666666667,2,27.0,19,0.0,0,2024,0.012355507797346572,0,0,1,0,0,0,0,0,0
0,0,0,5,3.96222,10,27547,11.1,19.3,4,309.4791666666667,2,27.0,19,0.0,0,2024,0.012355507797346572,0,0,1,0,0,0,0,0,0
0,0,0,5,3.96222,10,15207,11.1,19.3,4,309.4791666666667,2,27.0,19,0.0,0,2024,0.012355507797346572,0,0,1,0,0,0,0,0,0
0,0,0,5,3.96222,10,15207,11.1,19.3,4,309.4791666666667,2,27.0,19,0.0,0,2024,0.012355507797346572,0,0,1,0,0,0,0,0,0
1,0,0,2,3.96222,23,160526,5.1,6.7,4,309.4791666666667,1,10.5,8,2.2,0,2024,0.012355507797346572,0,1,0,0,0,0,0,0,0
1,0,0,2,3.96222,23,160526,5.1,6.7,4,309.4791666666667,1,10.5,8,2.2,0,2024,0.012355507797346572,0,1,0,0,0,0,0,0,0
1,1,0,2,3.848055,24,161450,4.3,6.3,5,239.73809523809524,1,9.3,8,5.0,0,2024,0.015984404114330927,0,1,0,0,1,0,0,0,0
1,1,0,2,0.0,24,138907,4.3,6.3,5,273.3809523809524,1,9.3,8,5.0,0,2024,0.0,0,1,0,0,1,0,0,0,0
1,1,0,2,0.0,24,138907,4.3,6.3,5,273.3809523809524,1,9.3,8,5.0,0,2024,0.0,0,1,0,0,1,0,0,0,0
1,1,0,2,3.96222,24,138887,4.3,6.3,5,309.4791666666667,1,9.3,8,5.0,0,2024,0.012355507797346572,0,1,0,0,1,0,0,0,0
1,1,0,2,3.96222,24,138887,4.3,6.3,5,309.4791666666667,1,9.3,8,5.0,0,2024,0.012355507797346572,0,1,0,0,1,0,0,0,0
1,0,0,2,3.96222,23,84310,5.1,6.7,4,309.4791666666667,1,10.5,8,2.2,0,2024,0.012355507797346572,0,1,0,0,0,0,0,0,0
1,0,0,2,3.96222,23,84310,5.1,6.7,4,309.4791666666667,1,10.5,8,2.2,0,2024,0.012355507797346572,0,1,0,0,0,0,0,0,0
1,1,0,2,3.96222,24,15207,4.3,6.3,5,309.4791666666667,1,9.3,8,5.0,0,2024,0.012355507797346572,0,1,0,0,1,0,0,0,0
1,1,0,2,3.96222,24,15207,4.3,6.3,5,309.4791666666667,1,9.3,8,5.0,0,2024,0.012355507797346572,0,1,0,0,1,0,0,0,0
1,0,0,2,3.96222,23,19979,5.1,6.7,4,309.4791666666667,1,10.5,8,2.2,0,2024,0.012355507797346572,0,1,0,0,0,0,0,0,0
1,0,0,2,3.96222,23,19979,5.1,6.7,4,309.4791666666667,1,10.5,8,2.2,0,2024,0.012355507797346572,0,1,0,0,0,0,0,0,0
1,0,0,2,3.96222,23,15207,5.1,6.7,4,309.4791666666667,1,10.5,8,2.2,0,2024,0.012355507797346572,0,1,0,0,0,0,0,0,0
1,0,0,2,3.96222,23,15207,5.1,6.7,4,309.4791666666667,1,10.5,8,2.2,0,2024,0.012355507797346572,0,1,0,0,0,0,0,0,0
0,0,0,5,1.1766118452380954,9,182347,9.0,15.4,3,156.36904761904762,2,23.7,19,0.0,0,2024,0.007476767909826766,0,0,1,0,0,0,1,0,0
0,0,0,5,1.1766118452380954,9,182347,9.0,15.4,3,156.36904761904762,2,23.7,19,0.0,0,2024,0.007476767909826766,0,0,1,0,0,0,1,0,0
0,0,0,5,3.96222,9,160526,9.0,15.4,3,309.4791666666667,2,23.7,19,0.0,0,2024,0.012355507797346572,0,0,1,0,0,0,1,0,0
0,0,0,5,3.96222,9,160526,9.0,15.4,3,309.4791666666667,2,23.7,19,0.0,0,2024,0.012355507797346572,0,0,1,0,0,0,1,0,0
0,0,0,5,3.96222,9,160526,9.0,15.4,3,309.4791666666667,2,23.7,19,0.0,0,2024,0.012355507797346572,0,0,1,0,0,0,1,0,0
0,0,0,5,3.96222,9,160526,9.0,15.4,3,309.4791666666667,2,23.7,19,0.0,0,2024,0.012355507797346572,0,0,1,0,0,0,1,0,0
0,0,0,5,3.96222,9,160526,9.0,15.4,3,309.4791666666667,2,23.7,19,0.0,0,2024,0.012355507797346572,0,0,1,0,0,0,1,0,0
0,0,1,5,1.1332652380952382,8,185914,9.0,12.3,2,87.2202380952381,2,14.9,19,0.0,0,2024,0.012845864651507995,0,0,1,0,0,0,0,0,1
0,0,1,5,1.1332652380952382,8,185914,9.0,12.3,2,87.2202380952381,2,14.9,19,0.0,0,2024,0.012845864651507995,0,0,1,0,0,0,0,0,1
0,0,1,5,1.1332652380952382,8,185914,9.0,12.3,2,87.2202380952381,2,14.9,19,0.0,0,2024,0.012845864651507995,0,0,1,0,0,0,0,0,1
0,0,1,5,1.1332652380952382,8,185914,9.0,12.3,2,87.2202380952381,2,14.9,19,0.0,0,2024,0.012845864651507995,0,0,1,0,0,0,0,0,1
0,0,1,5,1.1332652380952382,8,185914,9.0,12.3,2,87.2202380952381,2,14.9,19,0.0,0,2024,0.012845864651507995,0,0,1,0,0,0,0,0,1
0,0,1,5,1.1332652380952382,8,185914,9.0,12.3,2,87.2202380952381,2,14.9,19,0.0,0,2024,0.012845864651507995,0,0,1,0,0,0,0,0,1
0,0,1,5,1.1332652380952382,8,185914,9.0,12.3,2,87.2202380952381,2,14.9,19,0.0,0,2024,0.012845864651507995,0,0,1,0,0,0,0,0,1
0,0,1,5,1.1332652380952382,8,185914,9.0,12.3,2,87.2202380952381,2,14.9,19,0.0,0,2024,0.012845864651507995,0,0,1,0,0,0,0,0,1
0,0,1,5,3.96222,8,179566,9.0,12.3,2,309.4791666666667,2,14.9,19,0.0,0,2024,0.012355507797346572,0,0,1,0,0,0,0,0,1
0,0,0,5,3.96222,9,161450,9.0,15.4,3,309.4791666666667,2,23.7,19,0.0,0,2024,0.012355507797346572,0,0,1,0,0,0,1,0,0
0,0,0,5,3.96222,9,161450,9.0,15.4,3,309.4791666666667,2,23.7,19,0.0,0,2024,0.012355507797346572,0,0,1,0,0,0,1,0,0
0,0,1,5,3.96222,8,57934,9.0,12.3,2,309.4791666666667,2,14.9,19,0.0,0,2024,0.012355507797346572,0,0,1,0,0,0,0,0,1
0,0,1,5,3.96222,8,57934,9.0,12.3,2,309.4791666666667,2,14.9,19,0.0,0,2024,0.012355507797346572,0,0,1,0,0,0,0,0,1
0,0,1,5,3.96222,8,57934,9.0,12.3,2,309.4791666666667,2,14.9,19,0.0,0,2024,0.012355507797346572,0,0,1,0,0,0,0,0,1
0,0,1,5,3.96222,8,48784,9.0,12.3,2,309.4791666666667,2,14.9,19,0.0,0,2024,0.012355507797346572,0,0,1,0,0,0,0,0,1
0,0,1,5,3.96222,8,48784,9.0,12.3,2,309.4791666666667,2,14.9,19,0.0,0,2024,0.012355507797346572,0,0,1,0,0,0,0,0,1
0,0,0,2,5.128367916666667,20,185914,7.1,9.0,1,278.55357142857144,1,11.6,8,0.0,0,2024,0.018344848504205258,0,1,0,0,0,0,0,1,0
0,0,0,2,5.128367916666667,20,185914,7.1,9.0,1,278.55357142857144,1,11.6,8,0.0,0,2024,0.018344848504205258,0,1,0,0,0,0,0,1,0
1,0,0,2,1.168007380952381,22,185914,8.7,10.8,3,47.095238095238095,1,14.1,8,11.5,0,2024,0.024285301980198022,0,1,0,0,0,0,1,0,0
1,0,0,2,1.168007380952381,22,185914,8.7,10.8,3,47.095238095238095,1,14.1,8,11.5,0,2024,0.024285301980198022,0,1,0,0,0,0,1,0,0
1,0,0,2,1.030774880952381,23,161450,5.1,6.7,4,390.4821428571428,1,10.5,8,2.2,1,2024,0.0026330061275068807,0,1,0,0,0,0,0,0,0
1,0,0,2,1.030774880952381,23,161450,5.1,6.7,4,390.4821428571428,1,10.5,8,2.2,1,2024,0.0026330061275068807,0,1,0,0,0,0,0,0,0
1,0,0,2,3.96222,22,138887,8.7,10.8,3,309.4791666666667,1,14.1,8,11.5,0,2024,0.012355507797346572,0,1,0,0,0,0,1,0,0
1,0,0,2,3.96222,22,138887,8.7,10.8,3,309.4791666666667,1,14.1,8,11.5,0,2024,0.012355507797346572,0,1,0,0,0,0,1,0,0
0,0,0,4,1.548533869047619,1,185914,9.0,11.2,0,80.07142857142857,2,15.9,14,0.2,0,2024,0.019100858296622614,0,0,1,1,0,0,0,0,0
0,0,0,4,1.548533869047619,1,185914,9.0,11.2,0,80.07142857142857,2,15.9,14,0.2,0,2024,0.019100858296622614,0,0,1,1,0,0,0,0,0
1,0,0,4,3.96222,2,185914,8.7,11.7,1,309.4791666666667,2,15.6,14,6.6,0,2024,0.012355507797346572,0,0,1,0,0,0,0,1,0
1,0,0,4,3.96222,2,185914,8.7,11.7,1,309.4791666666667,2,15.6,14,6.6,0,2024,0.012355507797346572,0,0,1,0,0,0,0,1,0
1,0,0,4,3.96222,2,231476,8.7,11.7,1,309.4791666666667,2,15.6,14,6.6,0,2024,0.012355507797346572,0,0,1,0,0,0,0,1,0
1,0,0,4,3.96222,2,231476,8.7,11.7,1,309.4791666666667,2,15.6,14,6.6,0,2024,0.012355507797346572,0,0,1,0,0,0,0,1,0
1,0,0,4,3.84723,2,231476,8.7,11.7,1,359.3095238095238,2,15.6,14,6.6,1,2024,0.01067756954999009,0,0,1,0,0,0,0,1,0
1,0,0,4,3.84723,2,231476,8.7,11.7,1,359.3095238095238,2,15.6,14,6.6,1,2024,0.01067756954999009,0,0,1,0,0,0,0,1,0
0,0,0,4,0.4711357142857143,1,137426,9.0,11.2,0,430.0119047619048,2,15.9,14,0.2,1,2024,0.0010930921143488467,0,0,1,1,0,0,0,0,0
0,0,0,4,0.4711357142857143,1,137426,9.0,11.2,0,430.0119047619048,2,15.9,14,0.2,1,2024,0.0010930921143488467,0,0,1,1,0,0,0,0,0
1,0,0,4,2.909739880952381,2,138887,8.7,11.7,1,166.03571428571428,2,15.6,14,6.6,0,2024,0.017419866723683272,0,0,1,0,0,0,0,1,0
1,0,0,4,2.909739880952381,2,138887,8.7,11.7,1,166.03571428571428,2,15.6,14,6.6,0,2024,0.017419866723683272,0,0,1,0,0,0,0,1,0
1,0,0,4,3.96222,2,84310,8.7,11.7,1,309.4791666666667,2,15.6,14,6.6,0,2024,0.012355507797346572,0,0,1,0,0,0,0,1,0
1,0,0,4,3.96222,2,84310,8.7,11.7,1,309.4791666666667,2,15.6,14,6.6,0,2024,0.012355507797346572,0,0,1,0,0,0,0,1,0
1,0,0,4,3.96222,2,84310,8.7,11.7,1,309.4791666666667,2,15.6,14,6.6,0,2024,0.012355507797346572,0,0,1,0,0,0,0,1,0
1,0,0,4,3.96222,2,48784,8.7,11.7,1,309.4791666666667,2,15.6,14,6.6,0,2024,0.012355507797346572,0,0,1,0,0,0,0,1,0
1,0,0,4,3.96222,2,48784,8.7,11.7,1,309.4791666666667,2,15.6,14,6.6,0,2024,0.012355507797346572,0,0,1,0,0,0,0,1,0
1,0,0,2,3.96222,22,185914,8.7,10.8,3,309.4791666666667,1,14.1,8,11.5,0,2024,0.012355507797346572,0,1,0,0,0,0,1,0,0
1,0,0,2,3.96222,22,185914,8.7,10.8,3,309.4791666666667,1,14.1,8,11.5,0,2024,0.012355507797346572,0,1,0,0,0,0,1,0,0
1,0,0,2,3.96222,21,41158,7.0,9.4,2,309.4791666666667,1,12.3,8,13.7,0,2024,0.012355507797346572,0,1,0,0,0,0,0,0,1
1,0,0,2,3.96222,21,41158,7.0,9.4,2,309.4791666666667,1,12.3,8,13.7,0,2024,0.012355507797346572,0,1,0,0,0,0,0,0,1
1,0,0,2,3.96222,21,41158,7.0,9.4,2,309.4791666666667,1,12.3,8,13.7,0,2024,0.012355507797346572,0,1,0,0,0,0,0,0,1
1,0,0,2,3.96222,21,41158,7.0,9.4,2,309.4791666666667,1,12.3,8,13.7,0,2024,0.012355507797346572,0,1,0,0,0,0,0,0,1
1,0,0,2,3.96222,22,185914,8.7,10.8,3,309.4791666666667,1,14.1,8,11.5,0,2024,0.012355507797346572,0,1,0,0,0,0,1,0,0
1,0,0,2,3.96222,22,185914,8.7,10.8,3,309.4791666666667,1,14.1,8,11.5,0,2024,0.012355507797346572,0,1,0,0,0,0,1,0,0
1,0,0,2,3.96222,22,185914,8.7,10.8,3,309.4791666666667,1,14.1,8,11.5,0,2024,0.012355507797346572,0,1,0,0,0,0,1,0,0
1,0,0,2,3.96222,22,185914,8.7,10.8,3,309.4791666666667,1,14.1,8,11.5,0,2024,0.012355507797346572,0,1,0,0,0,0,1,0,0
1,0,0,2,3.96222,21,185914,7.0,9.4,2,309.4791666666667,1,12.3,8,13.7,0,2024,0.012355507797346572,0,1,0,0,0,0,0,0,1
1,0,0,2,3.96222,21,185914,7.0,9.4,2,309.4791666666667,1,12.3,8,13.7,0,2024,0.012355507797346572,0,1,0,0,0,0,0,0,1
1,0,0,2,3.349111607142857,22,179566,8.7,10.8,3,284.8452380952381,1,14.1,8,11.5,0,2024,0.011716520553079838,0,1,0,0,0,0,1,0,0
1,0,0,2,7.462117916666666,22,183839,8.7,10.8,3,432.2619047619048,1,14.1,8,11.5,1,2024,0.017223111089740065,0,1,0,0,0,0,1,0,0
1,0,0,2,7.462117916666666,22,183839,8.7,10.8,3,432.2619047619048,1,14.1,8,11.5,1,2024,0.017223111089740065,0,1,0,0,0,0,1,0,0
1,0,0,2,3.96222,22,160526,8.7,10.8,3,309.4791666666667,1,14.1,8,11.5,0,2024,0.012355507797346572,0,1,0,0,0,0,1,0,0
1,0,0,2,3.96222,22,160526,8.7,10.8,3,309.4791666666667,1,14.1,8,11.5,0,2024,0.012355507797346572,0,1,0,0,0,0,1,0,0
1,0,0,2,3.96222,21,160526,7.0,9.4,2,309.4791666666667,1,12.3,8,13.7,0,2024,0.012355507797346572,0,1,0,0,0,0,0,0,1
1,0,0,2,3.96222,21,160526,7.0,9.4,2,309.4791666666667,1,12.3,8,13.7,0,2024,0.012355507797346572,0,1,0,0,0,0,0,0,1
1,0,0,2,3.96222,22,138907,8.7,10.8,3,309.4791666666667,1,14.1,8,11.5,0,2024,0.012355507797346572,0,1,0,0,0,0,1,0,0
1,0,0,2,3.96222,22,138907,8.7,10.8,3,309.4791666666667,1,14.1,8,11.5,0,2024,0.012355507797346572,0,1,0,0,0,0,1,0,0
1,0,0,2,3.848055,22,35837,8.7,10.8,3,451.1309523809524,1,14.1,8,11.5,1,2024,0.008510930250928144,0,1,0,0,0,0,1,0,0
1,0,0,2,3.848055,22,35837,8.7,10.8,3,451.1309523809524,1,14.1,8,11.5,1,2024,0.008510930250928144,0,1,0,0,0,0,1,0,0
0,0,0,7,2.571221309523809,16,182347,16.5,20.0,1,411.3035714285714,3,24.0,29,0.0,1,2024,0.0062362334156236005,1,0,0,0,0,0,0,1,0
0,0,0,7,2.571221309523809,16,182347,16.5,20.0,1,411.3035714285714,3,24.0,29,0.0,1,2024,0.0062362334156236005,1,0,0,0,0,0,0,1,0
0,0,0,7,2.571221309523809,16,182347,16.5,20.0,1,411.3035714285714,3,24.0,29,0.0,1,2024,0.0062362334156236005,1,0,0,0,0,0,0,1,0
0,0,0,7,14.057440476190475,16,161450,16.5,20.0,1,4234.125,3,24.0,29,0.0,1,2024,0.003319250429725327,1,0,0,0,0,0,0,1,0
0,0,0,7,14.057440476190475,16,161450,16.5,20.0,1,4234.125,3,24.0,29,0.0,1,2024,0.003319250429725327,1,0,0,0,0,0,0,1,0
0,0,0,7,14.057440476190475,16,161450,16.5,20.0,1,4234.125,3,24.0,29,0.0,1,2024,0.003319250429725327,1,0,0,0,0,0,0,1,0
0,0,0,7,1.3896239285714285,16,231476,16.5,20.0,1,282.7797619047619,3,24.0,29,0.0,0,2024,0.004896839433665442,1,0,0,0,0,0,0,1,0
0,0,0,7,1.3896239285714285,16,231476,16.5,20.0,1,282.7797619047619,3,24.0,29,0.0,0,2024,0.004896839433665442,1,0,0,0,0,0,0,1,0
0,0,0,7,1.3896239285714285,16,231476,16.5,20.0,1,282.7797619047619,3,24.0,29,0.0,0,2024,0.004896839433665442,1,0,0,0,0,0,0,1,0
0,0,0,7,13.442559523809525,15,183839,12.7,21.5,0,3561.303571428572,3,28.6,29,0.6,1,2024,0.003773558107631665,1,0,0,1,0,0,0,0,0
0,0,0,7,13.442559523809525,15,183839,12.7,21.5,0,3561.303571428572,3,28.6,29,0.6,1,2024,0.003773558107631665,1,0,0,1,0,0,0,0,0
0,0,0,7,3.96222,15,138907,12.7,21.5,0,309.4791666666667,3,28.6,29,0.6,0,2024,0.012355507797346572,1,0,0,1,0,0,0,0,0
0,0,0,7,3.96222,15,138907,12.7,21.5,0,309.4791666666667,3,28.6,29,0.6,0,2024,0.012355507797346572,1,0,0,1,0,0,0,0,0
0,0,0,7,3.96222,15,138907,12.7,21.5,0,309.4791666666667,3,28.6,29,0.6,0,2024,0.012355507797346572,1,0,0,1,0,0,0,0,0
0,0,0,7,3.730259047619048,16,41158,16.5,20.0,1,432.2261904761905,3,24.0,29,0.0,1,2024,0.008610419059657608,1,0,0,0,0,0,0,1,0
0,0,0,7,3.730259047619048,16,41158,16.5,20.0,1,432.2261904761905,3,24.0,29,0.0,1,2024,0.008610419059657608,1,0,0,0,0,0,0,1,0
0,0,0,7,3.96222,15,185914,12.7,21.5,0,309.4791666666667,3,28.6,29,0.6,0,2024,0.012355507797346572,1,0,0,1,0,0,0,0,0
0,0,0,7,3.96222,15,185914,12.7,21.5,0,309.4791666666667,3,28.6,29,0.6,0,2024,0.012355507797346572,1,0,0,1,0,0,0,0,0
0,0,0,7,3.96222,16,179566,16.5,20.0,1,309.4791666666667,3,24.0,29,0.0,0,2024,0.012355507797346572,1,0,0,0,0,0,0,1,0
0,0,0,7,3.96222,16,179566,16.5,20.0,1,309.4791666666667,3,24.0,29,0.0,0,2024,0.012355507797346572,1,0,0,0,0,0,0,1,0
0,0,0,7,1.6694986904761904,15,179566,12.7,21.5,0,252.125,3,28.6,29,0.6,0,2024,0.006595550382128159,1,0,0,1,0,0,0,0,0
0,0,0,7,0.733523869047619,16,160526,16.5,20.0,1,57.18452380952381,3,24.0,29,0.0,0,2024,0.012606855242966751,1,0,0,0,0,0,0,1,0
0,0,0,7,0.733523869047619,16,160526,16.5,20.0,1,57.18452380952381,3,24.0,29,0.0,0,2024,0.012606855242966751,1,0,0,0,0,0,0,1,0
0,0,0,7,1.3896239285714285,16,231476,16.5,20.0,1,282.7797619047619,3,24.0,29,0.0,0,2024,0.004896839433665442,1,0,0,0,0,0,0,1,0
0,0,0,7,1.3896239285714285,16,231476,16.5,20.0,1,282.7797619047619,3,24.0,29,0.0,0,2024,0.004896839433665442,1,0,0,0,0,0,0,1,0
0,0,0,7,3.96222,16,137426,16.5,20.0,1,309.4791666666667,3,24.0,29,0.0,0,2024,0.012355507797346572,1,0,0,0,0,0,0,1,0
0,0,0,7,3.96222,16,137426,16.5,20.0,1,309.4791666666667,3,24.0,29,0.0,0,2024,0.012355507797346572,1,0,0,0,0,0,0,1,0
0,0,0,7,3.96222,16,137426,16.5,20.0,1,309.4791666666667,3,24.0,29,0.0,0,2024,0.012355507797346572,1,0,0,0,0,0,0,1,0
0,0,0,7,5.614759523809523,16,19979,16.5,20.0,1,284.5595238095238,3,24.0,29,0.0,0,2024,0.019662308750573225,1,0,0,0,0,0,0,1,0
0,0,0,7,5.614759523809523,15,35837,12.7,21.5,0,284.5595238095238,3,28.6,29,0.6,0,2024,0.019662308750573225,1,0,0,1,0,0,0,0,0
0,0,0,7,5.614759523809523,15,35837,12.7,21.5,0,284.5595238095238,3,28.6,29,0.6,0,2024,0.019662308750573225,1,0,0,1,0,0,0,0,0
0,0,0,7,1.3835958928571428,15,35837,12.7,21.5,0,146.98214285714286,3,28.6,29,0.6,0,2024,0.009349749004464824,1,0,0,1,0,0,0,0,0
0,0,0,7,3.96222,16,48784,16.5,20.0,1,309.4791666666667,3,24.0,29,0.0,0,2024,0.012355507797346572,1,0,0,0,0,0,0,1,0
0,0,0,7,3.96222,16,48784,16.5,20.0,1,309.4791666666667,3,24.0,29,0.0,0,2024,0.012355507797346572,1,0,0,0,0,0,0,1,0
1,0,0,6,5.906195059523809,14,231476,13.4,17.2,4,263.0833333333333,2,23.2,24,3.6,0,2024,0.022364891358247308,1,0,0,0,0,0,0,0,0
1,0,0,6,5.906195059523809,14,231476,13.4,17.2,4,263.0833333333333,2,23.2,24,3.6,0,2024,0.022364891358247308,1,0,0,0,0,0,0,0,0
1,0,0,6,5.906195059523809,14,231476,13.4,17.2,4,263.0833333333333,2,23.2,24,3.6,0,2024,0.022364891358247308,1,0,0,0,0,0,0,0,0
0,0,0,8,3.96222,22,183839,12.6,20.3,3,309.4791666666667,3,26.7,34,0.0,0,2024,0.012355507797346572,1,0,0,0,0,0,1,0,0
0,0,0,8,3.96222,22,183839,12.6,20.3,3,309.4791666666667,3,26.7,34,0.0,0,2024,0.012355507797346572,1,0,0,0,0,0,1,0,0
0,0,0,6,3.96222,13,160526,10.2,17.1,3,309.4791666666667,2,21.7,24,0.2,0,2024,0.012355507797346572,1,0,0,0,0,0,1,0,0
0,0,0,6,3.96222,13,160526,10.2,17.1,3,309.4791666666667,2,21.7,24,0.2,0,2024,0.012355507797346572,1,0,0,0,0,0,1,0,0
0,0,0,6,3.96222,13,160526,10.2,17.1,3,309.4791666666667,2,21.7,24,0.2,0,2024,0.012355507797346572,1,0,0,0,0,0,1,0,0
0,0,0,6,3.96222,13,160526,10.2,17.1,3,309.4791666666667,2,21.7,24,0.2,0,2024,0.012355507797346572,1,0,0,0,0,0,1,0,0
0,0,0,6,3.96222,13,41158,10.2,17.1,3,309.4791666666667,2,21.7,24,0.2,0,2024,0.012355507797346572,1,0,0,0,0,0,1,0,0
0,0,0,8,11.269642857142856,22,137426,12.6,20.3,3,1351.8988095238096,3,26.7,34,0.0,1,2024,0.008329996876196174,1,0,0,0,0,0,1,0,0
0,0,0,8,11.269642857142856,22,137426,12.6,20.3,3,1351.8988095238096,3,26.7,34,0.0,1,2024,0.008329996876196174,1,0,0,0,0,0,1,0,0
1,0,0,6,8.266929285714285,14,183839,13.4,17.2,4,459.1130952380952,2,23.2,24,3.6,1,2024,0.017967168009935447,1,0,0,0,0,0,0,0,0
1,0,0,6,8.266929285714285,14,183839,13.4,17.2,4,459.1130952380952,2,23.2,24,3.6,1,2024,0.017967168009935447,1,0,0,0,0,0,0,0,0
1,0,0,6,4.1,14,161450,13.4,17.2,4,289.0059523809524,2,23.2,24,3.6,0,2024,0.014137640853020255,1,0,0,0,0,0,0,0,0
1,0,0,6,4.1,14,161450,13.4,17.2,4,289.0059523809524,2,23.2,24,3.6,0,2024,0.014137640853020255,1,0,0,0,0,0,0,0,0
0,0,0,8,1.9626104166666667,22,179566,12.6,20.3,3,244.14880952380952,3,26.7,34,0.0,0,2024,0.008005792157338838,1,0,0,0,0,0,1,0,0
0,0,0,8,1.9626104166666667,22,179566,12.6,20.3,3,244.14880952380952,3,26.7,34,0.0,0,2024,0.008005792157338838,1,0,0,0,0,0,1,0,0
0,0,0,8,3.96222,21,160526,12.9,17.5,2,309.4791666666667,3,23.7,34,0.0,0,2024,0.012355507797346572,1,0,0,0,0,0,0,0,1
0,0,0,8,3.96222,21,160526,12.9,17.5,2,309.4791666666667,3,23.7,34,0.0,0,2024,0.012355507797346572,1,0,0,0,0,0,0,0,1
1,0,0,6,4.1,14,231476,13.4,17.2,4,384.5654761904762,2,23.2,24,3.6,1,2024,0.01063373214974913,1,0,0,0,0,0,0,0,0
1,0,0,6,4.1,14,231476,13.4,17.2,4,384.5654761904762,2,23.2,24,3.6,1,2024,0.01063373214974913,1,0,0,0,0,0,0,0,0
0,0,0,8,9.83125,22,160526,12.6,20.3,3,3571.029761904762,3,26.7,34,0.0,1,2024,0.0027522866984057686,1,0,0,0,0,0,1,0,0
0,0,0,8,18.096327619047617,21,231476,12.9,17.5,2,270.69642857142856,3,23.7,34,0.0,0,2024,0.0666049521305729,1,0,0,0,0,0,0,0,1
0,0,0,8,18.096327619047617,21,231476,12.9,17.5,2,270.69642857142856,3,23.7,34,0.0,0,2024,0.0666049521305729,1,0,0,0,0,0,0,0,1
1,0,0,6,3.96222,14,138907,13.4,17.2,4,309.4791666666667,2,23.2,24,3.6,0,2024,0.012355507797346572,1,0,0,0,0,0,0,0,0
1,0,0,6,3.96222,14,138907,13.4,17.2,4,309.4791666666667,2,23.2,24,3.6,0,2024,0.012355507797346572,1,0,0,0,0,0,0,0,0
0,0,0,8,0.194723869047619,21,137426,12.9,17.5,2,470.7797619047619,3,23.7,34,0.0,1,2024,0.00041274315850565855,1,0,0,0,0,0,0,0,1
0,0,0,8,0.194723869047619,21,137426,12.9,17.5,2,470.7797619047619,3,23.7,34,0.0,1,2024,0.00041274315850565855,1,0,0,0,0,0,0,0,1
1,0,0,6,3.96222,14,138907,13.4,17.2,4,309.4791666666667,2,23.2,24,3.6,0,2024,0.012355507797346572,1,0,0,0,0,0,0,0,0
1,0,0,6,25.26209071428572,14,84310,13.4,17.2,4,675.9821428571429,2,23.2,24,3.6,1,2024,0.03731574160533883,1,0,0,0,0,0,0,0,0
0,0,0,8,3.96222,22,138907,12.6,20.3,3,309.4791666666667,3,26.7,34,0.0,0,2024,0.012355507797346572,1,0,0,0,0,0,1,0,0
0,0,0,8,3.96222,22,138907,12.6,20.3,3,309.4791666666667,3,26.7,34,0.0,0,2024,0.012355507797346572,1,0,0,0,0,0,1,0,0
0,0,0,8,3.96222,22,138907,12.6,20.3,3,309.4791666666667,3,26.7,34,0.0,0,2024,0.012355507797346572,1,0,0,0,0,0,1,0,0
1,0,0,6,8.01846005952381,14,48784,13.4,17.2,4,928.5,2,23.2,24,3.6,1,2024,0.008626638041445733,1,0,0,0,0,0,0,0,0
1,0,0,6,8.01846005952381,14,48784,13.4,17.2,4,928.5,2,23.2,24,3.6,1,2024,0.008626638041445733,1,0,0,0,0,0,0,0,0
0,0,0,8,13.509700416666666,22,84310,12.6,20.3,3,565.327380952381,3,26.7,34,0.0,1,2024,0.02385493068328726,1,0,0,0,0,0,1,0,0
0,0,0,8,13.509700416666666,22,84310,12.6,20.3,3,565.327380952381,3,26.7,34,0.0,1,2024,0.02385493068328726,1,0,0,0,0,0,1,0,0
1,0,0,6,3.96222,14,32386,13.4,17.2,4,309.4791666666667,2,23.2,24,3.6,0,2024,0.012355507797346572,1,0,0,0,0,0,0,0,0
0,0,0,8,3.96222,21,35837,12.9,17.5,2,309.4791666666667,3,23.7,34,0.0,0,2024,0.012355507797346572,1,0,0,0,0,0,0,0,1
0,0,0,8,3.96222,21,35837,12.9,17.5,2,309.4791666666667,3,23.7,34,0.0,0,2024,0.012355507797346572,1,0,0,0,0,0,0,0,1
0,0,0,8,3.96222,21,35837,12.9,17.5,2,309.4791666666667,3,23.7,34,0.0,0,2024,0.012355507797346572,1,0,0,0,0,0,0,0,1
1,0,0,6,3.96222,14,27547,13.4,17.2,4,309.4791666666667,2,23.2,24,3.6,0,2024,0.012355507797346572,1,0,0,0,0,0,0,0,0
1,0,0,6,3.96222,14,27547,13.4,17.2,4,309.4791666666667,2,23.2,24,3.6,0,2024,0.012355507797346572,1,0,0,0,0,0,0,0,0
0,0,0,8,3.96222,22,48784,12.6,20.3,3,309.4791666666667,3,26.7,34,0.0,0,2024,0.012355507797346572,1,0,0,0,0,0,1,0,0
0,0,0,8,3.96222,22,48784,12.6,20.3,3,309.4791666666667,3,26.7,34,0.0,0,2024,0.012355507797346572,1,0,0,0,0,0,1,0,0
0,0,0,8,3.96222,22,32386,12.6,20.3,3,309.4791666666667,3,26.7,34,0.0,0,2024,0.012355507797346572,1,0,0,0,0,0,1,0,0
0,0,0,8,3.96222,22,32386,12.6,20.3,3,309.4791666666667,3,26.7,34,0.0,0,2024,0.012355507797346572,1,0,0,0,0,0,1,0,0
0,0,0,8,3.96222,21,19979,12.9,17.5,2,309.4791666666667,3,23.7,34,0.0,0,2024,0.012355507797346572,1,0,0,0,0,0,0,0,1
0,0,0,6,3.96222,13,15207,10.2,17.1,3,309.4791666666667,2,21.7,24,0.2,0,2024,0.012355507797346572,1,0,0,0,0,0,1,0,0
0,0,0,6,3.96222,13,15207,10.2,17.1,3,309.4791666666667,2,21.7,24,0.2,0,2024,0.012355507797346572,1,0,0,0,0,0,1,0,0
0,0,0,6,3.96222,13,15207,10.2,17.1,3,309.4791666666667,2,21.7,24,0.2,0,2024,0.012355507797346572,1,0,0,0,0,0,1,0,0
0,0,0,6,3.96222,12,32386,8.6,14.5,2,309.4791666666667,2,20.9,24,0.0,0,2024,0.012355507797346572,1,0,0,0,0,0,0,0,1
0,0,0,6,3.96222,12,32386,8.6,14.5,2,309.4791666666667,2,20.9,24,0.0,0,2024,0.012355507797346572,1,0,0,0,0,0,0,0,1
1,0,0,9,8.412451607142858,26,231476,15.0,16.2,3,261.6011904761905,3,19.5,39,17.0,0,2024,0.032035085567921666,0,0,0,0,0,0,1,0,0
1,0,0,9,8.412451607142858,26,231476,15.0,16.2,3,261.6011904761905,3,19.5,39,17.0,0,2024,0.032035085567921666,0,0,0,0,0,0,1,0,0
1,0,0,9,8.412451607142858,25,231476,13.8,15.2,2,261.6011904761905,3,16.6,39,18.5,0,2024,0.032035085567921666,0,0,0,0,0,0,0,0,1
1,0,0,9,8.412451607142858,25,231476,13.8,15.2,2,261.6011904761905,3,16.6,39,18.5,0,2024,0.032035085567921666,0,0,0,0,0,0,0,0,1
1,0,0,9,8.412451607142858,25,231476,13.8,15.2,2,261.6011904761905,3,16.6,39,18.5,0,2024,0.032035085567921666,0,0,0,0,0,0,0,0,1
1,0,0,9,8.412451607142858,25,231476,13.8,15.2,2,261.6011904761905,3,16.6,39,18.5,0,2024,0.032035085567921666,0,0,0,0,0,0,0,0,1
1,0,0,9,8.412451607142858,25,231476,13.8,15.2,2,261.6011904761905,3,16.6,39,18.5,0,2024,0.032035085567921666,0,0,0,0,0,0,0,0,1
1,0,0,9,8.412451607142858,25,231476,13.8,15.2,2,261.6011904761905,3,16.6,39,18.5,0,2024,0.032035085567921666,0,0,0,0,0,0,0,0,1
1,0,0,9,8.412451607142858,25,231476,13.8,15.2,2,261.6011904761905,3,16.6,39,18.5,0,2024,0.032035085567921666,0,0,0,0,0,0,0,0,1
1,0,0,9,8.412451607142858,25,231476,13.8,15.2,2,261.6011904761905,3,16.6,39,18.5,0,2024,0.032035085567921666,0,0,0,0,0,0,0,0,1
1,0,0,9,4.15445,26,183839,15.0,16.2,3,235.7619047619048,3,19.5,39,17.0,0,2024,0.017546952936444083,0,0,0,0,0,0,1,0,0
1,0,0,9,4.15445,26,183839,15.0,16.2,3,235.7619047619048,3,19.5,39,17.0,0,2024,0.017546952936444083,0,0,0,0,0,0,1,0,0
1,0,0,9,3.96222,25,41158,13.8,15.2,2,309.4791666666667,3,16.6,39,18.5,0,2024,0.012355507797346572,0,0,0,0,0,0,0,0,1
1,0,0,9,3.96222,25,41158,13.8,15.2,2,309.4791666666667,3,16.6,39,18.5,0,2024,0.012355507797346572,0,0,0,0,0,0,0,0,1
1,0,0,9,3.743437202380953,26,183839,15.0,16.2,3,179.95833333333334,3,19.5,39,17.0,0,2024,0.020686735633696263,0,0,0,0,0,0,1,0,0
1,0,0,9,3.743437202380953,26,183839,15.0,16.2,3,179.95833333333334,3,19.5,39,17.0,0,2024,0.020686735633696263,0,0,0,0,0,0,1,0,0
1,0,0,9,17.927083333333332,26,161450,15.0,16.2,3,4307.517857142857,3,19.5,39,17.0,1,2024,0.004160846938028352,0,0,0,0,0,0,1,0,0
1,0,0,9,17.927083333333332,26,161450,15.0,16.2,3,4307.517857142857,3,19.5,39,17.0,1,2024,0.004160846938028352,0,0,0,0,0,0,1,0,0
1,0,0,9,3.96222,26,161450,15.0,16.2,3,309.4791666666667,3,19.5,39,17.0,0,2024,0.012355507797346572,0,0,0,0,0,0,1,0,0
1,0,0,9,3.96222,26,161450,15.0,16.2,3,309.4791666666667,3,19.5,39,17.0,0,2024,0.012355507797346572,0,0,0,0,0,0,1,0,0
1,0,0,9,3.96222,25,161450,13.8,15.2,2,309.4791666666667,3,16.6,39,18.5,0,2024,0.012355507797346572,0,0,0,0,0,0,0,0,1
1,0,0,9,3.96222,25,161450,13.8,15.2,2,309.4791666666667,3,16.6,39,18.5,0,2024,0.012355507797346572,0,0,0,0,0,0,0,0,1
1,0,0,9,8.471684761904763,25,231476,13.8,15.2,2,161.26785714285714,3,16.6,39,18.5,0,2024,0.05220802758519497,0,0,0,0,0,0,0,0,1
1,0,0,9,8.471684761904763,25,231476,13.8,15.2,2,161.26785714285714,3,16.6,39,18.5,0,2024,0.05220802758519497,0,0,0,0,0,0,0,0,1
1,0,0,9,3.96222,25,137426,13.8,15.2,2,309.4791666666667,3,16.6,39,18.5,0,2024,0.012355507797346572,0,0,0,0,0,0,0,0,1
1,0,0,9,3.96222,25,137426,13.8,15.2,2,309.4791666666667,3,16.6,39,18.5,0,2024,0.012355507797346572,0,0,0,0,0,0,0,0,1
1,0,0,9,3.96222,25,182347,13.8,15.2,2,309.4791666666667,3,16.6,39,18.5,0,2024,0.012355507797346572,0,0,0,0,0,0,0,0,1
1,0,0,9,3.96222,25,182347,13.8,15.2,2,309.4791666666667,3,16.6,39,18.5,0,2024,0.012355507797346572,0,0,0,0,0,0,0,0,1
1,0,0,9,3.96222,26,138907,15.0,16.2,3,309.4791666666667,3,19.5,39,17.0,0,2024,0.012355507797346572,0,0,0,0,0,0,1,0,0
1,0,0,9,3.96222,26,138907,15.0,16.2,3,309.4791666666667,3,19.5,39,17.0,0,2024,0.012355507797346572,0,0,0,0,0,0,1,0,0
1,0,0,9,7.357322380952381,26,84310,15.0,16.2,3,398.7619047619048,3,19.5,39,17.0,1,2024,0.018404260869565214,0,0,0,0,0,0,1,0,0
1,0,0,9,7.357322380952381,26,84310,15.0,16.2,3,398.7619047619048,3,19.5,39,17.0,1,2024,0.018404260869565214,0,0,0,0,0,0,1,0,0
1,0,0,9,7.357322380952381,26,84310,15.0,16.2,3,398.7619047619048,3,19.5,39,17.0,1,2024,0.018404260869565214,0,0,0,0,0,0,1,0,0
1,0,0,9,3.96222,25,161450,13.8,15.2,2,309.4791666666667,3,16.6,39,18.5,0,2024,0.012355507797346572,0,0,0,0,0,0,0,0,1
1,0,0,9,3.96222,25,161450,13.8,15.2,2,309.4791666666667,3,16.6,39,18.5,0,2024,0.012355507797346572,0,0,0,0,0,0,0,0,1
1,0,0,9,27.396674166666667,26,35837,15.0,16.2,3,212.04761904761904,3,19.5,39,17.0,0,2024,0.12859413444345105,0,0,0,0,0,0,1,0,0
1,0,0,9,27.396674166666667,26,35837,15.0,16.2,3,212.04761904761904,3,19.5,39,17.0,0,2024,0.12859413444345105,0,0,0,0,0,0,1,0,0
0,0,0,1,1.9878250595238096,9,182347,-1.9,-1.4,1,188.5178571428572,1,-0.8,2,0.0,0,2024,0.010488853607211279,0,1,0,0,0,0,0,1,0
0,0,0,1,1.9878250595238096,9,182347,-1.9,-1.4,1,188.5178571428572,1,-0.8,2,0.0,0,2024,0.010488853607211279,0,1,0,0,0,0,0,1,0
0,0,0,1,1.9878250595238096,9,182347,-1.9,-1.4,1,188.5178571428572,1,-0.8,2,0.0,0,2024,0.010488853607211279,0,1,0,0,0,0,0,1,0
0,0,0,1,3.79167,8,160526,-1.0,-0.6,0,92.16666666666669,1,-0.2,2,0.5,0,2024,0.04069771019677995,0,1,0,1,0,0,0,0,0
0,0,0,1,3.79167,8,160526,-1.0,-0.6,0,92.16666666666669,1,-0.2,2,0.5,0,2024,0.04069771019677995,0,1,0,1,0,0,0,0,0
0,0,0,1,3.79167,8,160526,-1.0,-0.6,0,92.16666666666669,1,-0.2,2,0.5,0,2024,0.04069771019677995,0,1,0,1,0,0,0,0,0
0,0,0,1,5.856896130952381,9,179566,-1.9,-1.4,1,384.5595238095238,1,-0.8,2,0.0,1,2024,0.015190640534782475,0,1,0,0,0,0,0,1,0
0,0,0,1,6.972679821428572,9,183839,-1.9,-1.4,1,430.95238095238096,1,-0.8,2,0.0,1,2024,0.016142241897254987,0,1,0,0,0,0,0,1,0
0,0,0,1,6.972679821428572,9,183839,-1.9,-1.4,1,430.95238095238096,1,-0.8,2,0.0,1,2024,0.016142241897254987,0,1,0,0,0,0,0,1,0
0,0,0,1,3.79167,9,160526,-1.9,-1.4,1,92.16666666666669,1,-0.8,2,0.0,0,2024,0.04069771019677995,0,1,0,0,0,0,0,1,0
0,0,0,1,3.79167,9,231476,-1.9,-1.4,1,218.4821428571429,1,-0.8,2,0.0,0,2024,0.017275528435440564,0,1,0,0,0,0,0,1,0
0,0,0,1,3.79167,9,231476,-1.9,-1.4,1,218.4821428571429,1,-0.8,2,0.0,0,2024,0.017275528435440564,0,1,0,0,0,0,0,1,0
0,0,0,1,3.96222,8,137426,-1.0,-0.6,0,309.4791666666667,1,-0.2,2,0.5,0,2024,0.012355507797346572,0,1,0,1,0,0,0,0,0
0,0,0,1,3.96222,8,137426,-1.0,-0.6,0,309.4791666666667,1,-0.2,2,0.5,0,2024,0.012355507797346572,0,1,0,1,0,0,0,0,0
0,0,0,1,3.79167,9,57934,-1.9,-1.4,1,82.31547619047619,1,-0.8,2,0.0,0,2024,0.04550979209830678,0,1,0,0,0,0,0,1,0
0,0,0,1,3.79167,9,57934,-1.9,-1.4,1,82.31547619047619,1,-0.8,2,0.0,0,2024,0.04550979209830678,0,1,0,0,0,0,0,1,0
0,0,0,1,1.113962619047619,9,35837,-1.9,-1.4,1,431.0535714285714,1,-0.8,2,0.0,1,2024,0.00257829744437556,0,1,0,0,0,0,0,1,0
0,0,0,1,1.113962619047619,9,35837,-1.9,-1.4,1,431.0535714285714,1,-0.8,2,0.0,1,2024,0.00257829744437556,0,1,0,0,0,0,0,1,0
0,0,0,1,2.1983312500000003,9,137426,-1.9,-1.4,1,118.85714285714286,1,-0.8,2,0.0,0,2024,0.018341261918951135,0,1,0,0,0,0,0,1,0
0,0,0,1,3.96222,9,32386,-1.9,-1.4,1,309.4791666666667,1,-0.8,2,0.0,0,2024,0.012355507797346572,0,1,0,0,0,0,0,1,0
0,0,0,1,3.96222,9,32386,-1.9,-1.4,1,309.4791666666667,1,-0.8,2,0.0,0,2024,0.012355507797346572,0,1,0,0,0,0,0,1,0
0,0,0,1,3.96222,9,27547,-1.9,-1.4,1,309.4791666666667,1,-0.8,2,0.0,0,2024,0.012355507797346572,0,1,0,0,0,0,0,1,0
0,0,0,1,3.96222,9,27547,-1.9,-1.4,1,309.4791666666667,1,-0.8,2,0.0,0,2024,0.012355507797346572,0,1,0,0,0,0,0,1,0
0,0,0,1,3.96222,9,15207,-1.9,-1.4,1,309.4791666666667,1,-0.8,2,0.0,0,2024,0.012355507797346572,0,1,0,0,0,0,0,1,0
0,0,0,1,3.96222,9,15207,-1.9,-1.4,1,309.4791666666667,1,-0.8,2,0.0,0,2024,0.012355507797346572,0,1,0,0,0,0,0,1,0
0,0,0,1,3.96222,9,15207,-1.9,-1.4,1,309.4791666666667,1,-0.8,2,0.0,0,2024,0.012355507797346572,0,1,0,0,0,0,0,1,0
0,0,0,1,3.96222,9,27547,-1.9,-1.4,1,309.4791666666667,1,-0.8,2,0.0,0,2024,0.012355507797346572,0,1,0,0,0,0,0,1,0
0,0,0,1,3.96222,9,27547,-1.9,-1.4,1,309.4791666666667,1,-0.8,2,0.0,0,2024,0.012355507797346572,0,1,0,0,0,0,0,1,0
0,0,0,4,3.96222,1,160526,9.0,11.2,0,309.4791666666667,2,15.9,14,0.2,0,2024,0.012355507797346572,0,0,1,1,0,0,0,0,0
0,0,0,4,3.96222,1,160526,9.0,11.2,0,309.4791666666667,2,15.9,14,0.2,0,2024,0.012355507797346572,0,0,1,1,0,0,0,0,0
0,0,0,4,7.378571428571428,1,161450,9.0,11.2,0,1043.202380952381,2,15.9,14,0.2,1,2024,0.007066227355124097,0,0,1,1,0,0,0,0,0
0,0,0,4,7.378571428571428,1,161450,9.0,11.2,0,1043.202380952381,2,15.9,14,0.2,1,2024,0.007066227355124097,0,0,1,1,0,0,0,0,0
0,0,0,4,7.378571428571428,1,161450,9.0,11.2,0,1043.202380952381,2,15.9,14,0.2,1,2024,0.007066227355124097,0,0,1,1,0,0,0,0,0
0,0,0,4,7.378571428571428,1,161450,9.0,11.2,0,1043.202380952381,2,15.9,14,0.2,1,2024,0.007066227355124097,0,0,1,1,0,0,0,0,0
0,0,0,4,7.378571428571428,1,161450,9.0,11.2,0,1043.202380952381,2,15.9,14,0.2,1,2024,0.007066227355124097,0,0,1,1,0,0,0,0,0
0,0,0,4,7.378571428571428,1,161450,9.0,11.2,0,1043.202380952381,2,15.9,14,0.2,1,2024,0.007066227355124097,0,0,1,1,0,0,0,0,0
1,1,0,3,3.96222,31,35837,7.6,11.6,6,309.4791666666667,1,16.9,13,2.2,0,2024,0.012355507797346572,0,0,1,0,0,1,0,0,0
1,1,0,3,3.96222,31,35837,7.6,11.6,6,309.4791666666667,1,16.9,13,2.2,0,2024,0.012355507797346572,0,0,1,0,0,1,0,0,0
1,1,0,3,3.96222,30,27547,7.3,9.4,5,309.4791666666667,1,11.7,13,1.5,0,2024,0.012355507797346572,0,0,1,0,1,0,0,0,0
1,1,0,3,3.96222,30,27547,7.3,9.4,5,309.4791666666667,1,11.7,13,1.5,0,2024,0.012355507797346572,0,0,1,0,1,0,0,0,0
0,0,0,5,3.96222,6,185914,11.8,14.6,0,309.4791666666667,2,19.6,19,0.0,0,2024,0.012355507797346572,0,0,1,1,0,0,0,0,0
0,0,0,5,3.96222,6,185914,11.8,14.6,0,309.4791666666667,2,19.6,19,0.0,0,2024,0.012355507797346572,0,0,1,1,0,0,0,0,0
1,0,0,2,3.96222,21,231476,7.0,9.4,2,309.4791666666667,1,12.3,8,13.7,0,2024,0.012355507797346572,0,1,0,0,0,0,0,0,1
1,0,0,2,3.96222,21,231476,7.0,9.4,2,309.4791666666667,1,12.3,8,13.7,0,2024,0.012355507797346572,0,1,0,0,0,0,0,0,1
0,0,1,5,0.9742736904761904,8,185914,9.0,12.3,2,194.53571428571428,2,14.9,19,0.0,0,2024,0.004982586910197869,0,0,1,0,0,0,0,0,1
0,0,1,5,0.9742736904761904,8,185914,9.0,12.3,2,194.53571428571428,2,14.9,19,0.0,0,2024,0.004982586910197869,0,0,1,0,0,0,0,0,1
0,0,1,5,10.781845238095238,8,183839,9.0,12.3,2,4189.0,2,14.9,19,0.0,1,2024,0.002573232753722014,0,0,1,0,0,0,0,0,1
0,0,1,5,10.781845238095238,8,183839,9.0,12.3,2,4189.0,2,14.9,19,0.0,1,2024,0.002573232753722014,0,0,1,0,0,0,0,0,1
1,0,0,2,3.293076666666667,21,182347,7.0,9.4,2,277.98214285714283,1,12.3,8,13.7,0,2024,0.011803897672235381,0,1,0,0,0,0,0,0,1
1,0,0,2,3.293076666666667,21,182347,7.0,9.4,2,277.98214285714283,1,12.3,8,13.7,0,2024,0.011803897672235381,0,1,0,0,0,0,0,0,1
1,0,0,2,3.293076666666667,21,182347,7.0,9.4,2,277.98214285714283,1,12.3,8,13.7,0,2024,0.011803897672235381,0,1,0,0,0,0,0,0,1
0,0,1,5,3.96222,8,231476,9.0,12.3,2,309.4791666666667,2,14.9,19,0.0,0,2024,0.012355507797346572,0,0,1,0,0,0,0,0,1
0,0,1,5,3.96222,8,231476,9.0,12.3,2,309.4791666666667,2,14.9,19,0.0,0,2024,0.012355507797346572,0,0,1,0,0,0,0,0,1
1,0,0,2,3.597782380952381,21,182347,7.0,9.4,2,424.8511904761905,1,12.3,8,13.7,1,2024,0.008448449743510895,0,1,0,0,0,0,0,0,1
1,0,0,2,3.597782380952381,21,182347,7.0,9.4,2,424.8511904761905,1,12.3,8,13.7,1,2024,0.008448449743510895,0,1,0,0,0,0,0,0,1
0,0,1,5,1.1766118452380954,8,182347,9.0,12.3,2,156.36904761904762,2,14.9,19,0.0,0,2024,0.007476767909826766,0,0,1,0,0,0,0,0,1
0,0,1,5,1.1766118452380954,8,182347,9.0,12.3,2,156.36904761904762,2,14.9,19,0.0,0,2024,0.007476767909826766,0,0,1,0,0,0,0,0,1
0,0,1,5,3.96222,8,182347,9.0,12.3,2,309.4791666666667,2,14.9,19,0.0,0,2024,0.012355507797346572,0,0,1,0,0,0,0,0,1
0,0,1,5,3.96222,8,182347,9.0,12.3,2,309.4791666666667,2,14.9,19,0.0,0,2024,0.012355507797346572,0,0,1,0,0,0,0,0,1
1,0,0,2,3.96222,21,138907,7.0,9.4,2,309.4791666666667,1,12.3,8,13.7,0,2024,0.012355507797346572,0,1,0,0,0,0,0,0,1
1,0,0,2,3.96222,21,138907,7.0,9.4,2,309.4791666666667,1,12.3,8,13.7,0,2024,0.012355507797346572,0,1,0,0,0,0,0,0,1
1,0,0,2,3.96222,21,138907,7.0,9.4,2,309.4791666666667,1,12.3,8,13.7,0,2024,0.012355507797346572,0,1,0,0,0,0,0,0,1
1,0,0,2,3.96222,21,138887,7.0,9.4,2,309.4791666666667,1,12.3,8,13.7,0,2024,0.012355507797346572,0,1,0,0,0,0,0,0,1
1,0,0,2,3.96222,21,138887,7.0,9.4,2,309.4791666666667,1,12.3,8,13.7,0,2024,0.012355507797346572,0,1,0,0,0,0,0,0,1
1,0,0,2,3.96222,21,27547,7.0,9.4,2,309.4791666666667,1,12.3,8,13.7,0,2024,0.012355507797346572,0,1,0,0,0,0,0,0,1
0,0,0,1,3.96222,8,185914,-1.0,-0.6,0,309.4791666666667,1,-0.2,2,0.5,0,2024,0.012355507797346572,0,1,0,1,0,0,0,0,0
0,0,0,1,3.96222,8,185914,-1.0,-0.6,0,309.4791666666667,1,-0.2,2,0.5,0,2024,0.012355507797346572,0,1,0,1,0,0,0,0,0
0,0,0,1,3.96222,8,183839,-1.0,-0.6,0,309.4791666666667,1,-0.2,2,0.5,0,2024,0.012355507797346572,0,1,0,1,0,0,0,0,0
0,0,0,1,3.96222,8,183839,-1.0,-0.6,0,309.4791666666667,1,-0.2,2,0.5,0,2024,0.012355507797346572,0,1,0,1,0,0,0,0,0
0,0,0,1,3.96222,8,160526,-1.0,-0.6,0,309.4791666666667,1,-0.2,2,0.5,0,2024,0.012355507797346572,0,1,0,1,0,0,0,0,0
0,0,0,1,3.96222,8,160526,-1.0,-0.6,0,309.4791666666667,1,-0.2,2,0.5,0,2024,0.012355507797346572,0,1,0,1,0,0,0,0,0
0,0,0,1,3.79167,8,160526,-1.0,-0.6,0,92.16666666666669,1,-0.2,2,0.5,0,2024,0.04069771019677995,0,1,0,1,0,0,0,0,0
0,0,0,1,3.79167,8,160526,-1.0,-0.6,0,92.16666666666669,1,-0.2,2,0.5,0,2024,0.04069771019677995,0,1,0,1,0,0,0,0,0
0,0,0,1,3.79167,8,160526,-1.0,-0.6,0,92.16666666666669,1,-0.2,2,0.5,0,2024,0.04069771019677995,0,1,0,1,0,0,0,0,0
0,0,0,1,1.113962619047619,8,161450,-1.0,-0.6,0,431.0535714285714,1,-0.2,2,0.5,1,2024,0.00257829744437556,0,1,0,1,0,0,0,0,0
0,0,0,1,1.113962619047619,8,161450,-1.0,-0.6,0,431.0535714285714,1,-0.2,2,0.5,1,2024,0.00257829744437556,0,1,0,1,0,0,0,0,0
0,0,0,1,3.96222,8,161450,-1.0,-0.6,0,309.4791666666667,1,-0.2,2,0.5,0,2024,0.012355507797346572,0,1,0,1,0,0,0,0,0
0,0,0,1,3.96222,8,161450,-1.0,-0.6,0,309.4791666666667,1,-0.2,2,0.5,0,2024,0.012355507797346572,0,1,0,1,0,0,0,0,0
0,0,0,1,2.165692321428572,8,182347,-1.0,-0.6,0,250.69642857142856,1,-0.2,2,0.5,0,2024,0.008604382405108198,0,1,0,1,0,0,0,0,0
0,0,0,1,2.165692321428572,8,182347,-1.0,-0.6,0,250.69642857142856,1,-0.2,2,0.5,0,2024,0.008604382405108198,0,1,0,1,0,0,0,0,0
0,0,0,1,3.96222,8,138907,-1.0,-0.6,0,309.4791666666667,1,-0.2,2,0.5,0,2024,0.012355507797346572,0,1,0,1,0,0,0,0,0
0,0,0,1,3.96222,8,138907,-1.0,-0.6,0,309.4791666666667,1,-0.2,2,0.5,0,2024,0.012355507797346572,0,1,0,1,0,0,0,0,0
0,0,0,2,1.0997995833333334,20,182347,7.1,9.0,1,141.83333333333334,1,11.6,8,0.0,0,2024,0.007699880396732789,0,1,0,0,0,0,0,1,0
0,0,0,2,1.0997995833333334,20,182347,7.1,9.0,1,141.83333333333334,1,11.6,8,0.0,0,2024,0.007699880396732789,0,1,0,0,0,0,0,1,0
0,0,0,2,2.174951369047619,20,182347,7.1,9.0,1,160.67857142857142,1,11.6,8,0.0,0,2024,0.013452316839702527,0,1,0,0,0,0,0,1,0
0,0,0,2,2.174951369047619,20,182347,7.1,9.0,1,160.67857142857142,1,11.6,8,0.0,0,2024,0.013452316839702527,0,1,0,0,0,0,0,1,0
0,0,0,2,2.174951369047619,20,182347,7.1,9.0,1,160.67857142857142,1,11.6,8,0.0,0,2024,0.013452316839702527,0,1,0,0,0,0,0,1,0
0,0,0,2,3.96222,20,161450,7.1,9.0,1,309.4791666666667,1,11.6,8,0.0,0,2024,0.012355507797346572,0,1,0,0,0,0,0,1,0
0,0,0,2,3.96222,20,161450,7.1,9.0,1,309.4791666666667,1,11.6,8,0.0,0,2024,0.012355507797346572,0,1,0,0,0,0,0,1,0
0,0,0,2,3.96222,19,179566,10.6,11.0,0,309.4791666666667,1,12.0,8,0.0,0,2024,0.012355507797346572,0,1,0,1,0,0,0,0,0
0,0,0,2,3.96222,19,179566,10.6,11.0,0,309.4791666666667,1,12.0,8,0.0,0,2024,0.012355507797346572,0,1,0,1,0,0,0,0,0
0,0,0,2,3.848055,20,160526,7.1,9.0,1,217.79761904761904,1,11.6,8,0.0,0,2024,0.017587280047880734,0,1,0,0,0,0,0,1,0
0,0,0,2,3.848055,20,160526,7.1,9.0,1,217.79761904761904,1,11.6,8,0.0,0,2024,0.017587280047880734,0,1,0,0,0,0,0,1,0
0,0,0,6,13.751785714285717,13,231476,10.2,17.1,3,3770.9761904761904,2,21.7,24,0.2,1,2024,0.003645777443931753,1,0,0,0,0,0,1,0,0
0,0,0,6,13.751785714285717,13,231476,10.2,17.1,3,3770.9761904761904,2,21.7,24,0.2,1,2024,0.003645777443931753,1,0,0,0,0,0,1,0,0
0,0,0,6,1.8289225595238088,13,138907,10.2,17.1,3,278.05357142857144,2,21.7,24,0.2,0,2024,0.00655401953883236,1,0,0,0,0,0,1,0,0
0,0,0,6,1.8289225595238088,13,138907,10.2,17.1,3,278.05357142857144,2,21.7,24,0.2,0,2024,0.00655401953883236,1,0,0,0,0,0,1,0,0
0,0,0,6,3.260438035714286,13,182347,10.2,17.1,3,398.1190476190476,2,21.7,24,0.2,1,2024,0.008169086529857424,1,0,0,0,0,0,1,0,0
0,0,0,6,3.96222,11,185914,9.2,13.7,1,309.4791666666667,2,19.3,24,0.8,0,2024,0.012355507797346572,1,0,0,0,0,0,0,1,0
0,0,0,6,3.96222,11,185914,9.2,13.7,1,309.4791666666667,2,19.3,24,0.8,0,2024,0.012355507797346572,1,0,0,0,0,0,0,1,0
0,0,0,6,3.96222,11,185914,9.2,13.7,1,309.4791666666667,2,19.3,24,0.8,0,2024,0.012355507797346572,1,0,0,0,0,0,0,1,0
0,0,0,6,4.953866904761905,13,179566,10.2,17.1,3,431.5952380952381,2,21.7,24,0.2,1,2024,0.011451505861632452,1,0,0,0,0,0,1,0,0
0,0,0,6,4.953866904761905,13,179566,10.2,17.1,3,431.5952380952381,2,21.7,24,0.2,1,2024,0.011451505861632452,1,0,0,0,0,0,1,0,0
0,0,0,6,3.96222,13,160526,10.2,17.1,3,309.4791666666667,2,21.7,24,0.2,0,2024,0.012355507797346572,1,0,0,0,0,0,1,0,0
0,0,0,6,3.96222,13,160526,10.2,17.1,3,309.4791666666667,2,21.7,24,0.2,0,2024,0.012355507797346572,1,0,0,0,0,0,1,0,0
0,0,0,6,3.96222,13,161450,10.2,17.1,3,309.4791666666667,2,21.7,24,0.2,0,2024,0.012355507797346572,1,0,0,0,0,0,1,0,0
0,0,0,6,3.96222,13,161450,10.2,17.1,3,309.4791666666667,2,21.7,24,0.2,0,2024,0.012355507797346572,1,0,0,0,0,0,1,0,0
0,0,0,6,4.1,13,231476,10.2,17.1,3,236.3333333333333,2,21.7,24,0.2,0,2024,0.017275280898876408,1,0,0,0,0,0,1,0,0
0,0,0,6,3.96222,12,137426,8.6,14.5,2,309.4791666666667,2,20.9,24,0.0,0,2024,0.012355507797346572,1,0,0,0,0,0,0,0,1
0,0,0,6,3.96222,12,137426,8.6,14.5,2,309.4791666666667,2,20.9,24,0.0,0,2024,0.012355507797346572,1,0,0,0,0,0,0,0,1
0,0,0,6,3.96222,13,138907,10.2,17.1,3,309.4791666666667,2,21.7,24,0.2,0,2024,0.012355507797346572,1,0,0,0,0,0,1,0,0
0,0,0,6,3.96222,13,138907,10.2,17.1,3,309.4791666666667,2,21.7,24,0.2,0,2024,0.012355507797346572,1,0,0,0,0,0,1,0,0
0,0,0,6,3.96222,13,138907,10.2,17.1,3,309.4791666666667,2,21.7,24,0.2,0,2024,0.012355507797346572,1,0,0,0,0,0,1,0,0
0,0,0,6,1.2375608333333334,12,138907,8.6,14.5,2,312.6369047619048,2,20.9,24,0.0,1,2024,0.003945839327399366,1,0,0,0,0,0,0,0,1
0,0,0,6,1.2375608333333334,12,138907,8.6,14.5,2,312.6369047619048,2,20.9,24,0.0,1,2024,0.003945839327399366,1,0,0,0,0,0,0,0,1
0,0,0,6,3.96222,11,138907,9.2,13.7,1,309.4791666666667,2,19.3,24,0.8,0,2024,0.012355507797346572,1,0,0,0,0,0,0,1,0
0,0,0,6,3.96222,11,138907,9.2,13.7,1,309.4791666666667,2,19.3,24,0.8,0,2024,0.012355507797346572,1,0,0,0,0,0,0,1,0
0,0,0,6,3.96222,13,84310,10.2,17.1,3,309.4791666666667,2,21.7,24,0.2,0,2024,0.012355507797346572,1,0,0,0,0,0,1,0,0
0,0,0,6,3.96222,13,84310,10.2,17.1,3,309.4791666666667,2,21.7,24,0.2,0,2024,0.012355507797346572,1,0,0,0,0,0,1,0,0
0,0,0,6,4.335999761904762,13,48784,10.2,17.1,3,489.79761904761904,2,21.7,24,0.2,1,2024,0.0088345982002086,1,0,0,0,0,0,1,0,0
0,0,0,6,4.335999761904762,13,48784,10.2,17.1,3,489.79761904761904,2,21.7,24,0.2,1,2024,0.0088345982002086,1,0,0,0,0,0,1,0,0
0,0,0,8,3.96222,21,183839,12.9,17.5,2,309.4791666666667,3,23.7,34,0.0,0,2024,0.012355507797346572,1,0,0,0,0,0,0,0,1
0,0,0,8,3.96222,21,183839,12.9,17.5,2,309.4791666666667,3,23.7,34,0.0,0,2024,0.012355507797346572,1,0,0,0,0,0,0,0,1
0,0,0,8,3.96222,21,160526,12.9,17.5,2,309.4791666666667,3,23.7,34,0.0,0,2024,0.012355507797346572,1,0,0,0,0,0,0,0,1
0,0,0,6,3.96222,12,35837,8.6,14.5,2,309.4791666666667,2,20.9,24,0.0,0,2024,0.012355507797346572,1,0,0,0,0,0,0,0,1
0,0,0,6,3.96222,12,35837,8.6,14.5,2,309.4791666666667,2,20.9,24,0.0,0,2024,0.012355507797346572,1,0,0,0,0,0,0,0,1
0,0,0,6,3.96222,13,48784,10.2,17.1,3,309.4791666666667,2,21.7,24,0.2,0,2024,0.012355507797346572,1,0,0,0,0,0,1,0,0
0,0,0,6,3.96222,13,48784,10.2,17.1,3,309.4791666666667,2,21.7,24,0.2,0,2024,0.012355507797346572,1,0,0,0,0,0,1,0,0
0,0,0,8,3.96222,21,137426,12.9,17.5,2,309.4791666666667,3,23.7,34,0.0,0,2024,0.012355507797346572,1,0,0,0,0,0,0,0,1
0,0,0,8,3.96222,21,137426,12.9,17.5,2,309.4791666666667,3,23.7,34,0.0,0,2024,0.012355507797346572,1,0,0,0,0,0,0,0,1
0,0,0,6,8.01846005952381,12,48784,8.6,14.5,2,928.5,2,20.9,24,0.0,1,2024,0.008626638041445733,1,0,0,0,0,0,0,0,1
0,0,0,6,8.01846005952381,12,48784,8.6,14.5,2,928.5,2,20.9,24,0.0,1,2024,0.008626638041445733,1,0,0,0,0,0,0,0,1
0,0,0,6,3.96222,13,27547,10.2,17.1,3,309.4791666666667,2,21.7,24,0.2,0,2024,0.012355507797346572,1,0,0,0,0,0,1,0,0
0,0,0,8,3.96222,21,138907,12.9,17.5,2,309.4791666666667,3,23.7,34,0.0,0,2024,0.012355507797346572,1,0,0,0,0,0,0,0,1
0,0,0,8,3.96222,21,138907,12.9,17.5,2,309.4791666666667,3,23.7,34,0.0,0,2024,0.012355507797346572,1,0,0,0,0,0,0,0,1
0,0,0,6,3.96222,12,15207,8.6,14.5,2,309.4791666666667,2,20.9,24,0.0,0,2024,0.012355507797346572,1,0,0,0,0,0,0,0,1
0,0,0,6,3.96222,12,15207,8.6,14.5,2,309.4791666666667,2,20.9,24,0.0,0,2024,0.012355507797346572,1,0,0,0,0,0,0,0,1
0,0,0,8,5.747270059523809,21,35837,12.9,17.5,2,406.6130952380952,3,23.7,34,0.0,1,2024,0.0140998170241972,1,0,0,0,0,0,0,0,1
0,0,0,8,5.747270059523809,21,35837,12.9,17.5,2,406.6130952380952,3,23.7,34,0.0,1,2024,0.0140998170241972,1,0,0,0,0,0,0,0,1
0,0,0,8,5.747270059523809,21,35837,12.9,17.5,2,406.6130952380952,3,23.7,34,0.0,1,2024,0.0140998170241972,1,0,0,0,0,0,0,0,1
0,0,0,8,1.4181160714285714,21,48784,12.9,17.5,2,838.9345238095239,3,23.7,34,0.0,1,2024,0.0016883650227838053,1,0,0,0,0,0,0,0,1
0,0,0,8,3.96222,21,19979,12.9,17.5,2,309.4791666666667,3,23.7,34,0.0,0,2024,0.012355507797346572,1,0,0,0,0,0,0,0,1
0,0,0,8,3.96222,21,19979,12.9,17.5,2,309.4791666666667,3,23.7,34,0.0,0,2024,0.012355507797346572,1,0,0,0,0,0,0,0,1
0,0,0,8,3.96222,21,15207,12.9,17.5,2,309.4791666666667,3,23.7,34,0.0,0,2024,0.012355507797346572,1,0,0,0,0,0,0,0,1
0,0,0,8,3.96222,21,15207,12.9,17.5,2,309.4791666666667,3,23.7,34,0.0,0,2024,0.012355507797346572,1,0,0,0,0,0,0,0,1
0,0,0,7,2.09677761904762,15,182347,12.7,21.5,0,348.9940476190476,3,28.6,29,0.6,1,2024,0.005990895083249719,1,0,0,1,0,0,0,0,0
0,0,0,7,2.09677761904762,15,182347,12.7,21.5,0,348.9940476190476,3,28.6,29,0.6,1,2024,0.005990895083249719,1,0,0,1,0,0,0,0,0
0,0,0,7,2.09677761904762,15,182347,12.7,21.5,0,348.9940476190476,3,28.6,29,0.6,1,2024,0.005990895083249719,1,0,0,1,0,0,0,0,0
0,0,0,7,3.50333,15,185914,12.7,21.5,0,246.69642857142856,3,28.6,29,0.6,0,2024,0.014143643572921924,1,0,0,1,0,0,0,0,0
0,0,0,7,3.50333,15,185914,12.7,21.5,0,246.69642857142856,3,28.6,29,0.6,0,2024,0.014143643572921924,1,0,0,1,0,0,0,0,0
0,0,0,7,3.50333,15,185914,12.7,21.5,0,246.69642857142856,3,28.6,29,0.6,0,2024,0.014143643572921924,1,0,0,1,0,0,0,0,0
0,0,0,7,3.50333,15,160526,12.7,21.5,0,205.75,3,28.6,29,0.6,0,2024,0.016944764207980655,1,0,0,1,0,0,0,0,0
0,0,0,7,3.50333,15,160526,12.7,21.5,0,205.75,3,28.6,29,0.6,0,2024,0.016944764207980655,1,0,0,1,0,0,0,0,0
0,0,0,7,3.50333,15,160526,12.7,21.5,0,205.75,3,28.6,29,0.6,0,2024,0.016944764207980655,1,0,0,1,0,0,0,0,0
0,0,0,7,3.50333,15,160526,12.7,21.5,0,205.75,3,28.6,29,0.6,0,2024,0.016944764207980655,1,0,0,1,0,0,0,0,0
0,0,0,7,3.96222,15,231476,12.7,21.5,0,309.4791666666667,3,28.6,29,0.6,0,2024,0.012355507797346572,1,0,0,1,0,0,0,0,0
0,0,0,7,3.96222,15,231476,12.7,21.5,0,309.4791666666667,3,28.6,29,0.6,0,2024,0.012355507797346572,1,0,0,1,0,0,0,0,0
0,0,0,7,3.50333,15,160526,12.7,21.5,0,205.75,3,28.6,29,0.6,0,2024,0.016944764207980655,1,0,0,1,0,0,0,0,0
0,0,0,7,3.50333,15,160526,12.7,21.5,0,205.75,3,28.6,29,0.6,0,2024,0.016944764207980655,1,0,0,1,0,0,0,0,0
0,0,0,7,2.09677761904762,15,138907,12.7,21.5,0,348.9940476190476,3,28.6,29,0.6,1,2024,0.005990895083249719,1,0,0,1,0,0,0,0,0
0,0,0,7,2.09677761904762,15,138907,12.7,21.5,0,348.9940476190476,3,28.6,29,0.6,1,2024,0.005990895083249719,1,0,0,1,0,0,0,0,0
0,0,0,7,3.96222,15,179566,12.7,21.5,0,309.4791666666667,3,28.6,29,0.6,0,2024,0.012355507797346572,1,0,0,1,0,0,0,0,0
0,0,0,7,3.96222,15,179566,12.7,21.5,0,309.4791666666667,3,28.6,29,0.6,0,2024,0.012355507797346572,1,0,0,1,0,0,0,0,0
0,1,1,7,3.81945,14,183839,11.9,18.3,6,246.8333333333333,3,23.5,28,0.0,0,2024,0.015411365164761267,1,0,0,0,0,1,0,0,0
0,1,1,7,3.81945,14,183839,11.9,18.3,6,246.8333333333333,3,23.5,28,0.0,0,2024,0.015411365164761267,1,0,0,0,0,1,0,0,0
0,0,0,2,3.96222,19,185914,10.6,11.0,0,309.4791666666667,1,12.0,8,0.0,0,2024,0.012355507797346572,0,1,0,1,0,0,0,0,0
0,0,0,2,3.96222,19,185914,10.6,11.0,0,309.4791666666667,1,12.0,8,0.0,0,2024,0.012355507797346572,0,1,0,1,0,0,0,0,0
0,0,0,7,3.96222,15,161450,12.7,21.5,0,309.4791666666667,3,28.6,29,0.6,0,2024,0.012355507797346572,1,0,0,1,0,0,0,0,0
0,0,0,7,3.96222,15,161450,12.7,21.5,0,309.4791666666667,3,28.6,29,0.6,0,2024,0.012355507797346572,1,0,0,1,0,0,0,0,0
0,0,0,7,3.96222,15,161450,12.7,21.5,0,309.4791666666667,3,28.6,29,0.6,0,2024,0.012355507797346572,1,0,0,1,0,0,0,0,0
0,0,0,7,3.96222,15,161450,12.7,21.5,0,309.4791666666667,3,28.6,29,0.6,0,2024,0.012355507797346572,1,0,0,1,0,0,0,0,0
0,0,0,2,3.96222,19,183839,10.6,11.0,0,309.4791666666667,1,12.0,8,0.0,0,2024,0.012355507797346572,0,1,0,1,0,0,0,0,0
0,0,0,2,3.96222,19,183839,10.6,11.0,0,309.4791666666667,1,12.0,8,0.0,0,2024,0.012355507797346572,0,1,0,1,0,0,0,0,0
0,0,0,7,2.19054005952381,15,138887,12.7,21.5,0,162.45238095238096,3,28.6,29,0.6,0,2024,0.013401701747997088,1,0,0,1,0,0,0,0,0
0,0,0,7,2.19054005952381,15,138887,12.7,21.5,0,162.45238095238096,3,28.6,29,0.6,0,2024,0.013401701747997088,1,0,0,1,0,0,0,0,0
0,0,0,7,2.19054005952381,15,138887,12.7,21.5,0,162.45238095238096,3,28.6,29,0.6,0,2024,0.013401701747997088,1,0,0,1,0,0,0,0,0
0,0,0,2,17.096130952380953,19,161450,10.6,11.0,0,4069.029761904762,1,12.0,8,0.0,1,2024,0.004200492859388825,0,1,0,1,0,0,0,0,0
0,0,0,2,17.096130952380953,19,161450,10.6,11.0,0,4069.029761904762,1,12.0,8,0.0,1,2024,0.004200492859388825,0,1,0,1,0,0,0,0,0
0,0,0,7,3.96222,15,48784,12.7,21.5,0,309.4791666666667,3,28.6,29,0.6,0,2024,0.012355507797346572,1,0,0,1,0,0,0,0,0
0,1,0,2,3.96222,17,161450,10.5,12.4,5,309.4791666666667,1,16.6,7,0.0,0,2024,0.012355507797346572,0,1,0,0,1,0,0,0,0
0,1,0,2,3.96222,17,161450,10.5,12.4,5,309.4791666666667,1,16.6,7,0.0,0,2024,0.012355507797346572,0,1,0,0,1,0,0,0,0
0,1,0,2,3.96222,17,161450,10.5,12.4,5,309.4791666666667,1,16.6,7,0.0,0,2024,0.012355507797346572,0,1,0,0,1,0,0,0,0
0,0,0,7,3.96222,15,48784,12.7,21.5,0,309.4791666666667,3,28.6,29,0.6,0,2024,0.012355507797346572,1,0,0,1,0,0,0,0,0
0,0,0,7,3.96222,15,48784,12.7,21.5,0,309.4791666666667,3,28.6,29,0.6,0,2024,0.012355507797346572,1,0,0,1,0,0,0,0,0
0,0,0,2,3.848055,19,182347,10.6,11.0,0,428.70238095238096,1,12.0,8,0.0,1,2024,0.008955163319019254,0,1,0,1,0,0,0,0,0
0,0,0,2,3.848055,19,182347,10.6,11.0,0,428.70238095238096,1,12.0,8,0.0,1,2024,0.008955163319019254,0,1,0,1,0,0,0,0,0
0,0,0,2,3.96222,19,138907,10.6,11.0,0,309.4791666666667,1,12.0,8,0.0,0,2024,0.012355507797346572,0,1,0,1,0,0,0,0,0
0,0,0,2,3.96222,19,138907,10.6,11.0,0,309.4791666666667,1,12.0,8,0.0,0,2024,0.012355507797346572,0,1,0,1,0,0,0,0,0
0,1,1,7,6.565771964285714,14,48784,11.9,18.3,6,426.0416666666667,3,23.5,28,0.0,1,2024,0.015375014844653832,1,0,0,0,0,1,0,0,0
0,1,1,7,6.565771964285714,14,48784,11.9,18.3,6,426.0416666666667,3,23.5,28,0.0,1,2024,0.015375014844653832,1,0,0,0,0,1,0,0,0
0,1,1,7,6.565771964285714,14,48784,11.9,18.3,6,426.0416666666667,3,23.5,28,0.0,1,2024,0.015375014844653832,1,0,0,0,0,1,0,0,0
0,0,0,2,3.96222,19,138907,10.6,11.0,0,309.4791666666667,1,12.0,8,0.0,0,2024,0.012355507797346572,0,1,0,1,0,0,0,0,0
0,0,0,2,3.96222,19,138907,10.6,11.0,0,309.4791666666667,1,12.0,8,0.0,0,2024,0.012355507797346572,0,1,0,1,0,0,0,0,0
0,0,0,7,3.96222,15,15207,12.7,21.5,0,309.4791666666667,3,28.6,29,0.6,0,2024,0.012355507797346572,1,0,0,1,0,0,0,0,0
0,0,0,7,3.96222,15,15207,12.7,21.5,0,309.4791666666667,3,28.6,29,0.6,0,2024,0.012355507797346572,1,0,0,1,0,0,0,0,0
0,0,0,7,3.96222,15,15207,12.7,21.5,0,309.4791666666667,3,28.6,29,0.6,0,2024,0.012355507797346572,1,0,0,1,0,0,0,0,0
0,0,0,2,2.969353273809524,19,138887,10.6,11.0,0,192.39880952380952,1,12.0,8,0.0,0,2024,0.015353524052814626,0,1,0,1,0,0,0,0,0
0,0,0,2,2.969353273809524,19,138887,10.6,11.0,0,192.39880952380952,1,12.0,8,0.0,0,2024,0.015353524052814626,0,1,0,1,0,0,0,0,0
1,1,0,2,2.67076875,18,57934,7.7,10.2,6,190.77380952380952,1,12.6,7,4.0,0,2024,0.013926660562418525,0,1,0,0,0,1,0,0,0
1,1,0,2,2.67076875,18,57934,7.7,10.2,6,190.77380952380952,1,12.6,7,4.0,0,2024,0.013926660562418525,0,1,0,0,0,1,0,0,0
1,0,0,9,3.96222,24,179566,13.9,15.5,1,309.4791666666667,3,17.8,39,2.2,0,2024,0.012355507797346572,0,0,0,0,0,0,0,1,0
1,0,0,9,3.96222,24,179566,13.9,15.5,1,309.4791666666667,3,17.8,39,2.2,0,2024,0.012355507797346572,0,0,0,0,0,0,0,1,0
1,0,0,9,3.96222,24,179566,13.9,15.5,1,309.4791666666667,3,17.8,39,2.2,0,2024,0.012355507797346572,0,0,0,0,0,0,0,1,0
1,0,0,9,3.96222,24,179566,13.9,15.5,1,309.4791666666667,3,17.8,39,2.2,0,2024,0.012355507797346572,0,0,0,0,0,0,0,1,0
1,0,0,9,2.502974226190476,24,185914,13.9,15.5,1,160.58333333333334,3,17.8,39,2.2,0,2024,0.01549029949163781,0,0,0,0,0,0,0,1,0
1,0,0,9,2.502974226190476,24,185914,13.9,15.5,1,160.58333333333334,3,17.8,39,2.2,0,2024,0.01549029949163781,0,0,0,0,0,0,0,1,0
1,0,0,9,7.932583571428572,25,179566,13.8,15.2,2,414.57738095238096,3,16.6,39,18.5,1,2024,0.019088102324648727,0,0,0,0,0,0,0,0,1
1,0,0,9,7.932583571428572,25,179566,13.8,15.2,2,414.57738095238096,3,16.6,39,18.5,1,2024,0.019088102324648727,0,0,0,0,0,0,0,0,1
1,0,0,9,3.96222,25,179566,13.8,15.2,2,309.4791666666667,3,16.6,39,18.5,0,2024,0.012355507797346572,0,0,0,0,0,0,0,0,1
1,0,0,9,3.96222,25,179566,13.8,15.2,2,309.4791666666667,3,16.6,39,18.5,0,2024,0.012355507797346572,0,0,0,0,0,0,0,0,1
1,0,0,9,3.743437202380953,25,183839,13.8,15.2,2,179.95833333333334,3,16.6,39,18.5,0,2024,0.020686735633696263,0,0,0,0,0,0,0,0,1
1,0,0,9,3.743437202380953,25,183839,13.8,15.2,2,179.95833333333334,3,16.6,39,18.5,0,2024,0.020686735633696263,0,0,0,0,0,0,0,0,1
1,0,0,9,3.96222,25,160526,13.8,15.2,2,309.4791666666667,3,16.6,39,18.5,0,2024,0.012355507797346572,0,0,0,0,0,0,0,0,1
1,0,0,9,3.96222,25,160526,13.8,15.2,2,309.4791666666667,3,16.6,39,18.5,0,2024,0.012355507797346572,0,0,0,0,0,0,0,0,1
1,0,0,9,3.96222,25,35837,13.8,15.2,2,309.4791666666667,3,16.6,39,18.5,0,2024,0.012355507797346572,0,0,0,0,0,0,0,0,1
1,0,0,9,3.96222,25,35837,13.8,15.2,2,309.4791666666667,3,16.6,39,18.5,0,2024,0.012355507797346572,0,0,0,0,0,0,0,0,1
1,0,0,9,3.96222,25,161450,13.8,15.2,2,309.4791666666667,3,16.6,39,18.5,0,2024,0.012355507797346572,0,0,0,0,0,0,0,0,1
1,0,0,9,3.96222,25,161450,13.8,15.2,2,309.4791666666667,3,16.6,39,18.5,0,2024,0.012355507797346572,0,0,0,0,0,0,0,0,1
1,0,0,9,4.15445,25,231476,13.8,15.2,2,161.26785714285714,3,16.6,39,18.5,0,2024,0.025602421041047648,0,0,0,0,0,0,0,0,1
1,0,0,9,4.15445,25,231476,13.8,15.2,2,161.26785714285714,3,16.6,39,18.5,0,2024,0.025602421041047648,0,0,0,0,0,0,0,0,1
1,0,0,9,3.96222,25,231476,13.8,15.2,2,309.4791666666667,3,16.6,39,18.5,0,2024,0.012355507797346572,0,0,0,0,0,0,0,0,1
1,0,0,9,3.96222,25,231476,13.8,15.2,2,309.4791666666667,3,16.6,39,18.5,0,2024,0.012355507797346572,0,0,0,0,0,0,0,0,1
1,0,0,9,15.441964285714286,25,137426,13.8,15.2,2,1431.6488095238096,3,16.6,39,18.5,1,2024,0.010778611047634876,0,0,0,0,0,0,0,0,1
1,0,0,9,15.441964285714286,25,137426,13.8,15.2,2,1431.6488095238096,3,16.6,39,18.5,1,2024,0.010778611047634876,0,0,0,0,0,0,0,0,1
1,0,0,9,3.96222,24,138907,13.9,15.5,1,309.4791666666667,3,17.8,39,2.2,0,2024,0.012355507797346572,0,0,0,0,0,0,0,1,0
1,0,0,9,3.96222,24,138907,13.9,15.5,1,309.4791666666667,3,17.8,39,2.2,0,2024,0.012355507797346572,0,0,0,0,0,0,0,1,0
1,0,0,9,7.357322380952381,25,84310,13.8,15.2,2,398.7619047619048,3,16.6,39,18.5,1,2024,0.018404260869565214,0,0,0,0,0,0,0,0,1
1,0,0,9,7.357322380952381,25,84310,13.8,15.2,2,398.7619047619048,3,16.6,39,18.5,1,2024,0.018404260869565214,0,0,0,0,0,0,0,0,1
1,0,0,9,3.96222,25,48784,13.8,15.2,2,309.4791666666667,3,16.6,39,18.5,0,2024,0.012355507797346572,0,0,0,0,0,0,0,0,1
1,0,0,9,3.96222,25,48784,13.8,15.2,2,309.4791666666667,3,16.6,39,18.5,0,2024,0.012355507797346572,0,0,0,0,0,0,0,0,1
1,0,0,9,3.96222,25,32386,13.8,15.2,2,309.4791666666667,3,16.6,39,18.5,0,2024,0.012355507797346572,0,0,0,0,0,0,0,0,1
1,0,0,9,3.96222,25,32386,13.8,15.2,2,309.4791666666667,3,16.6,39,18.5,0,2024,0.012355507797346572,0,0,0,0,0,0,0,0,1
1,0,0,9,3.96222,24,27547,13.9,15.5,1,309.4791666666667,3,17.8,39,2.2,0,2024,0.012355507797346572,0,0,0,0,0,0,0,1,0
1,0,0,9,3.96222,24,27547,13.9,15.5,1,309.4791666666667,3,17.8,39,2.2,0,2024,0.012355507797346572,0,0,0,0,0,0,0,1,0
0,0,0,1,3.667977202380953,8,138887,-1.0,-0.6,0,181.3154761904762,1,-0.2,2,0.5,0,2024,0.020118847170981752,0,1,0,1,0,0,0,0,0
0,0,0,1,3.667977202380953,8,138887,-1.0,-0.6,0,181.3154761904762,1,-0.2,2,0.5,0,2024,0.020118847170981752,0,1,0,1,0,0,0,0,0
0,0,0,1,3.96222,8,84310,-1.0,-0.6,0,309.4791666666667,1,-0.2,2,0.5,0,2024,0.012355507797346572,0,1,0,1,0,0,0,0,0
0,0,0,1,3.96222,8,84310,-1.0,-0.6,0,309.4791666666667,1,-0.2,2,0.5,0,2024,0.012355507797346572,0,1,0,1,0,0,0,0,0
0,0,0,1,3.96222,8,84310,-1.0,-0.6,0,309.4791666666667,1,-0.2,2,0.5,0,2024,0.012355507797346572,0,1,0,1,0,0,0,0,0
0,0,0,1,3.96222,8,84310,-1.0,-0.6,0,309.4791666666667,1,-0.2,2,0.5,0,2024,0.012355507797346572,0,1,0,1,0,0,0,0,0
0,0,0,1,4.793030238095238,8,35837,-1.0,-0.6,0,571.3690476190476,1,-0.2,2,0.5,1,2024,0.00837402067430687,0,1,0,1,0,0,0,0,0
0,0,0,1,4.793030238095238,8,35837,-1.0,-0.6,0,571.3690476190476,1,-0.2,2,0.5,1,2024,0.00837402067430687,0,1,0,1,0,0,0,0,0
1,0,0,3,22.920666666666666,29,138907,9.2,11.5,4,3900.3333333333335,1,16.1,13,14.0,1,2024,0.005875085440874914,0,0,1,0,0,0,0,0,0
1,0,0,3,22.920666666666666,29,138907,9.2,11.5,4,3900.3333333333335,1,16.1,13,14.0,1,2024,0.005875085440874914,0,0,1,0,0,0,0,0,0
1,1,0,3,3.96222,30,160526,7.3,9.4,5,309.4791666666667,1,11.7,13,1.5,0,2024,0.012355507797346572,0,0,1,0,1,0,0,0,0
1,1,0,3,3.96222,30,160526,7.3,9.4,5,309.4791666666667,1,11.7,13,1.5,0,2024,0.012355507797346572,0,0,1,0,1,0,0,0,0
1,1,0,3,3.96222,30,160526,7.3,9.4,5,309.4791666666667,1,11.7,13,1.5,0,2024,0.012355507797346572,0,0,1,0,1,0,0,0,0
1,1,0,3,14.175333333333334,30,183839,7.3,9.4,5,4230.466666666666,1,11.7,13,1.5,1,2024,0.0033499810940257127,0,0,1,0,1,0,0,0,0
1,1,0,3,14.175333333333334,30,183839,7.3,9.4,5,4230.466666666666,1,11.7,13,1.5,1,2024,0.0033499810940257127,0,0,1,0,1,0,0,0,0
1,1,0,3,14.175333333333334,30,183839,7.3,9.4,5,4230.466666666666,1,11.7,13,1.5,1,2024,0.0033499810940257127,0,0,1,0,1,0,0,0,0
1,1,0,3,5.145764533333334,31,160526,7.6,11.6,6,97.77333333333333,1,16.9,13,2.2,0,2024,0.052096698164146873,0,0,1,0,0,1,0,0,0
1,1,0,3,5.145764533333334,31,160526,7.6,11.6,6,97.77333333333333,1,16.9,13,2.2,0,2024,0.052096698164146873,0,0,1,0,0,1,0,0,0
1,1,0,3,3.96222,31,161450,7.6,11.6,6,309.4791666666667,1,16.9,13,2.2,0,2024,0.012355507797346572,0,0,1,0,0,1,0,0,0
1,1,0,3,3.96222,31,161450,7.6,11.6,6,309.4791666666667,1,16.9,13,2.2,0,2024,0.012355507797346572,0,0,1,0,0,1,0,0,0
1,0,0,3,1.7986232,29,138907,9.2,11.5,4,278.8,1,16.1,13,14.0,0,2024,0.006428245889921372,0,0,1,0,0,0,0,0,0
1,0,0,3,1.7986232,29,138907,9.2,11.5,4,278.8,1,16.1,13,14.0,0,2024,0.006428245889921372,0,0,1,0,0,0,0,0,0
1,1,0,3,3.96222,31,57934,7.6,11.6,6,428.1666666666667,1,16.9,13,2.2,1,2024,0.009232357281553397,0,0,1,0,0,1,0,0,0
1,1,0,3,3.96222,31,57934,7.6,11.6,6,428.1666666666667,1,16.9,13,2.2,1,2024,0.009232357281553397,0,0,1,0,0,1,0,0,0
1,1,0,3,8.470864733333332,31,15207,7.6,11.6,6,927.8666666666668,1,16.9,13,2.2,1,2024,0.009119570157180791,0,0,1,0,0,1,0,0,0
1,1,0,3,8.470864733333332,31,15207,7.6,11.6,6,927.8666666666668,1,16.9,13,2.2,1,2024,0.009119570157180791,0,0,1,0,0,1,0,0,0
1,1,0,3,8.470864733333332,30,15207,7.3,9.4,5,927.8666666666668,1,11.7,13,1.5,1,2024,0.009119570157180791,0,0,1,0,1,0,0,0,0
1,1,0,3,8.470864733333332,30,15207,7.3,9.4,5,927.8666666666668,1,11.7,13,1.5,1,2024,0.009119570157180791,0,0,1,0,1,0,0,0,0
0,0,0,5,0.9742736904761904,7,185914,8.9,15.8,1,194.53571428571428,2,22.3,19,0.0,0,2024,0.004982586910197869,0,0,1,0,0,0,0,1,0
0,0,0,5,0.9742736904761904,7,185914,8.9,15.8,1,194.53571428571428,2,22.3,19,0.0,0,2024,0.004982586910197869,0,0,1,0,0,0,0,1,0
0,0,0,5,3.96222,7,185914,8.9,15.8,1,309.4791666666667,2,22.3,19,0.0,0,2024,0.012355507797346572,0,0,1,0,0,0,0,1,0
0,0,0,5,3.96222,7,185914,8.9,15.8,1,309.4791666666667,2,22.3,19,0.0,0,2024,0.012355507797346572,0,0,1,0,0,0,0,1,0
0,0,0,5,11.2125,7,183839,8.9,15.8,1,4626.071428571428,2,22.3,19,0.0,1,2024,0.0024232390126429863,0,0,1,0,0,0,0,1,0
0,0,0,5,11.2125,7,183839,8.9,15.8,1,4626.071428571428,2,22.3,19,0.0,1,2024,0.0024232390126429863,0,0,1,0,0,0,0,1,0
0,0,0,5,3.96222,6,185914,11.8,14.6,0,309.4791666666667,2,19.6,19,0.0,0,2024,0.012355507797346572,0,0,1,1,0,0,0,0,0
0,0,0,5,3.96222,6,185914,11.8,14.6,0,309.4791666666667,2,19.6,19,0.0,0,2024,0.012355507797346572,0,0,1,1,0,0,0,0,0
0,0,0,5,3.96222,7,41158,8.9,15.8,1,309.4791666666667,2,22.3,19,0.0,0,2024,0.012355507797346572,0,0,1,0,0,0,0,1,0
0,0,0,5,3.96222,7,41158,8.9,15.8,1,309.4791666666667,2,22.3,19,0.0,0,2024,0.012355507797346572,0,0,1,0,0,0,0,1,0
0,0,0,5,0.9742736904761904,7,185914,8.9,15.8,1,194.53571428571428,2,22.3,19,0.0,0,2024,0.004982586910197869,0,0,1,0,0,0,0,1,0
0,0,0,5,0.9742736904761904,7,185914,8.9,15.8,1,194.53571428571428,2,22.3,19,0.0,0,2024,0.004982586910197869,0,0,1,0,0,0,0,1,0
0,0,0,5,0.9742736904761904,7,185914,8.9,15.8,1,194.53571428571428,2,22.3,19,0.0,0,2024,0.004982586910197869,0,0,1,0,0,0,0,1,0
0,0,0,5,0.9742736904761904,7,185914,8.9,15.8,1,194.53571428571428,2,22.3,19,0.0,0,2024,0.004982586910197869,0,0,1,0,0,0,0,1,0
0,0,0,5,0.9742736904761904,7,185914,8.9,15.8,1,194.53571428571428,2,22.3,19,0.0,0,2024,0.004982586910197869,0,0,1,0,0,0,0,1,0
0,0,0,5,3.96222,7,160526,8.9,15.8,1,309.4791666666667,2,22.3,19,0.0,0,2024,0.012355507797346572,0,0,1,0,0,0,0,1,0
0,0,0,5,21.40832113095238,7,231476,8.9,15.8,1,317.5833333333333,2,22.3,19,0.0,1,2024,0.06719849687978775,0,0,1,0,0,0,0,1,0
0,0,0,5,21.40832113095238,7,231476,8.9,15.8,1,317.5833333333333,2,22.3,19,0.0,1,2024,0.06719849687978775,0,0,1,0,0,0,0,1,0
0,0,0,5,3.96222,6,137426,11.8,14.6,0,309.4791666666667,2,19.6,19,0.0,0,2024,0.012355507797346572,0,0,1,1,0,0,0,0,0
0,0,0,5,3.96222,6,137426,11.8,14.6,0,309.4791666666667,2,19.6,19,0.0,0,2024,0.012355507797346572,0,0,1,1,0,0,0,0,0
0,0,0,5,3.96222,7,138887,8.9,15.8,1,309.4791666666667,2,22.3,19,0.0,0,2024,0.012355507797346572,0,0,1,0,0,0,0,1,0
0,0,0,5,3.96222,7,138887,8.9,15.8,1,309.4791666666667,2,22.3,19,0.0,0,2024,0.012355507797346572,0,0,1,0,0,0,0,1,0
0,0,0,5,3.4777800000000005,7,57934,8.9,15.8,1,418.6666666666667,2,22.3,19,0.0,1,2024,0.00828700555996823,0,0,1,0,0,0,0,1,0
0,0,0,5,3.4777800000000005,7,57934,8.9,15.8,1,418.6666666666667,2,22.3,19,0.0,1,2024,0.00828700555996823,0,0,1,0,0,0,0,1,0
0,0,0,5,3.96222,7,32386,8.9,15.8,1,309.4791666666667,2,22.3,19,0.0,0,2024,0.012355507797346572,0,0,1,0,0,0,0,1,0
0,0,0,5,3.96222,7,32386,8.9,15.8,1,309.4791666666667,2,22.3,19,0.0,0,2024,0.012355507797346572,0,0,1,0,0,0,0,1,0
0,0,0,5,3.96222,6,19979,11.8,14.6,0,309.4791666666667,2,19.6,19,0.0,0,2024,0.012355507797346572,0,0,1,1,0,0,0,0,0
0,0,0,5,3.96222,6,19979,11.8,14.6,0,309.4791666666667,2,19.6,19,0.0,0,2024,0.012355507797346572,0,0,1,1,0,0,0,0,0
0,0,0,5,3.96222,6,32386,11.8,14.6,0,309.4791666666667,2,19.6,19,0.0,0,2024,0.012355507797346572,0,0,1,1,0,0,0,0,0
0,0,0,5,3.96222,6,32386,11.8,14.6,0,309.4791666666667,2,19.6,19,0.0,0,2024,0.012355507797346572,0,0,1,1,0,0,0,0,0
0,1,0,1,0.7220483928571428,7,185914,3.0,3.4,6,110.16071428571428,1,4.1,1,0.0,0,2024,0.006495535742971888,0,1,0,0,0,1,0,0,0
0,1,0,1,0.7220483928571428,7,185914,3.0,3.4,6,110.16071428571428,1,4.1,1,0.0,0,2024,0.006495535742971888,0,1,0,0,0,1,0,0,0
0,1,0,1,3.878209523809524,7,161450,3.0,3.4,6,816.5714285714286,1,4.1,1,0.0,1,2024,0.004743572718271303,0,1,0,0,0,1,0,0,0
0,1,0,1,1.063086369047619,7,161450,3.0,3.4,6,386.1607142857143,1,4.1,1,0.0,1,2024,0.0027458528973140846,0,1,0,0,0,1,0,0,0
0,1,0,1,1.063086369047619,7,161450,3.0,3.4,6,386.1607142857143,1,4.1,1,0.0,1,2024,0.0027458528973140846,0,1,0,0,0,1,0,0,0
0,1,0,1,1.063086369047619,7,161450,3.0,3.4,6,386.1607142857143,1,4.1,1,0.0,1,2024,0.0027458528973140846,0,1,0,0,0,1,0,0,0
0,1,0,1,3.96222,7,161450,3.0,3.4,6,309.4791666666667,1,4.1,1,0.0,0,2024,0.012355507797346572,0,1,0,0,0,1,0,0,0
0,1,0,1,3.96222,7,161450,3.0,3.4,6,309.4791666666667,1,4.1,1,0.0,0,2024,0.012355507797346572,0,1,0,0,0,1,0,0,0
0,1,0,1,3.96222,7,161450,3.0,3.4,6,309.4791666666667,1,4.1,1,0.0,0,2024,0.012355507797346572,0,1,0,0,0,1,0,0,0
0,1,0,1,3.96222,7,161450,3.0,3.4,6,309.4791666666667,1,4.1,1,0.0,0,2024,0.012355507797346572,0,1,0,0,0,1,0,0,0
0,1,0,1,3.96222,6,137426,5.5,6.3,5,309.4791666666667,1,7.9,1,1.0,0,2024,0.012355507797346572,0,1,0,0,1,0,0,0,0
0,1,0,1,6.451607976190476,7,57934,3.0,3.4,6,419.2678571428572,1,4.1,1,0.0,1,2024,0.015351181077827345,0,1,0,0,0,1,0,0,0
0,1,0,1,6.451607976190476,7,57934,3.0,3.4,6,419.2678571428572,1,4.1,1,0.0,1,2024,0.015351181077827345,0,1,0,0,0,1,0,0,0
0,1,0,1,3.96222,7,32386,3.0,3.4,6,309.4791666666667,1,4.1,1,0.0,0,2024,0.012355507797346572,0,1,0,0,0,1,0,0,0
0,1,0,1,3.96222,7,32386,3.0,3.4,6,309.4791666666667,1,4.1,1,0.0,0,2024,0.012355507797346572,0,1,0,0,0,1,0,0,0
0,1,0,1,3.96222,6,15207,5.5,6.3,5,309.4791666666667,1,7.9,1,1.0,0,2024,0.012355507797346572,0,1,0,0,1,0,0,0,0
0,1,0,1,3.96222,6,15207,5.5,6.3,5,309.4791666666667,1,7.9,1,1.0,0,2024,0.012355507797346572,0,1,0,0,1,0,0,0,0
0,1,0,1,3.96222,6,15207,5.5,6.3,5,309.4791666666667,1,7.9,1,1.0,0,2024,0.012355507797346572,0,1,0,0,1,0,0,0,0
0,1,0,1,3.96222,6,15207,5.5,6.3,5,309.4791666666667,1,7.9,1,1.0,0,2024,0.012355507797346572,0,1,0,0,1,0,0,0,0
0,1,0,2,3.94667,17,160526,10.5,12.4,5,240.17857142857144,1,16.6,7,0.0,0,2024,0.016364098918998964,0,1,0,0,1,0,0,0,0
0,1,0,2,3.94667,17,160526,10.5,12.4,5,240.17857142857144,1,16.6,7,0.0,0,2024,0.016364098918998964,0,1,0,0,1,0,0,0,0
0,1,0,2,3.94667,17,160526,10.5,12.4,5,240.17857142857144,1,16.6,7,0.0,0,2024,0.016364098918998964,0,1,0,0,1,0,0,0,0
0,1,0,2,3.94667,17,160526,10.5,12.4,5,240.17857142857144,1,16.6,7,0.0,0,2024,0.016364098918998964,0,1,0,0,1,0,0,0,0
1,0,0,3,21.305333333333333,29,160526,9.2,11.5,4,3780.786666666667,1,16.1,13,14.0,1,2024,0.005633668742111312,0,0,1,0,0,0,0,0,0
1,0,0,3,21.305333333333333,29,160526,9.2,11.5,4,3780.786666666667,1,16.1,13,14.0,1,2024,0.005633668742111312,0,0,1,0,0,0,0,0,0
1,1,0,2,1.2768469642857143,18,179566,7.7,10.2,6,53.333333333333336,1,12.6,7,4.0,0,2024,0.02350025087642419,0,1,0,0,0,1,0,0,0
1,1,0,2,1.2768469642857143,18,179566,7.7,10.2,6,53.333333333333336,1,12.6,7,4.0,0,2024,0.02350025087642419,0,1,0,0,0,1,0,0,0
1,0,0,3,3.96222,29,185914,9.2,11.5,4,309.4791666666667,1,16.1,13,14.0,0,2024,0.012355507797346572,0,0,1,0,0,0,0,0,0
1,0,0,3,3.96222,29,185914,9.2,11.5,4,309.4791666666667,1,16.1,13,14.0,0,2024,0.012355507797346572,0,0,1,0,0,0,0,0,0
1,0,0,3,3.96222,29,185914,9.2,11.5,4,309.4791666666667,1,16.1,13,14.0,0,2024,0.012355507797346572,0,0,1,0,0,0,0,0,0
1,1,0,2,6.905477380952381,18,179566,7.7,10.2,6,361.8392857142857,1,12.6,7,4.0,1,2024,0.019031779779188608,0,1,0,0,0,1,0,0,0
1,1,0,2,6.905477380952381,18,179566,7.7,10.2,6,361.8392857142857,1,12.6,7,4.0,1,2024,0.019031779779188608,0,1,0,0,0,1,0,0,0
1,0,0,3,3.96222,29,55932,9.2,11.5,4,221.09333333333333,1,16.1,13,14.0,0,2024,0.0178403373956895,0,0,1,0,0,0,0,0,0
1,0,0,3,3.96222,29,55932,9.2,11.5,4,221.09333333333333,1,16.1,13,14.0,0,2024,0.0178403373956895,0,0,1,0,0,0,0,0,0
1,1,0,2,3.96222,18,179566,7.7,10.2,6,309.4791666666667,1,12.6,7,4.0,0,2024,0.012355507797346572,0,1,0,0,0,1,0,0,0
1,1,0,2,3.96222,18,179566,7.7,10.2,6,309.4791666666667,1,12.6,7,4.0,0,2024,0.012355507797346572,0,1,0,0,0,1,0,0,0
1,1,0,3,3.96222,30,179566,7.3,9.4,5,309.4791666666667,1,11.7,13,1.5,0,2024,0.012355507797346572,0,0,1,0,1,0,0,0,0
1,1,0,3,3.96222,30,179566,7.3,9.4,5,309.4791666666667,1,11.7,13,1.5,0,2024,0.012355507797346572,0,0,1,0,1,0,0,0,0
0,1,0,2,3.96222,17,161450,10.5,12.4,5,309.4791666666667,1,16.6,7,0.0,0,2024,0.012355507797346572,0,1,0,0,1,0,0,0,0
0,1,0,2,3.96222,17,161450,10.5,12.4,5,309.4791666666667,1,16.6,7,0.0,0,2024,0.012355507797346572,0,1,0,0,1,0,0,0,0
1,0,0,3,7.0193118666666665,29,179566,9.2,11.5,4,359.68,1,16.1,13,14.0,1,2024,0.01946132823185834,0,0,1,0,0,0,0,0,0
1,0,0,3,7.0193118666666665,29,179566,9.2,11.5,4,359.68,1,16.1,13,14.0,1,2024,0.01946132823185834,0,0,1,0,0,0,0,0,0
0,1,0,2,3.94667,17,161450,10.5,12.4,5,241.9642857142857,1,16.6,7,0.0,0,2024,0.016243827723063355,0,1,0,0,1,0,0,0,0
0,1,0,2,3.94667,17,161450,10.5,12.4,5,241.9642857142857,1,16.6,7,0.0,0,2024,0.016243827723063355,0,1,0,0,1,0,0,0,0
1,1,0,3,3.96222,30,160526,7.3,9.4,5,309.4791666666667,1,11.7,13,1.5,0,2024,0.012355507797346572,0,0,1,0,1,0,0,0,0
1,1,0,3,3.96222,30,160526,7.3,9.4,5,309.4791666666667,1,11.7,13,1.5,0,2024,0.012355507797346572,0,0,1,0,1,0,0,0,0
1,0,0,3,3.96222,29,161450,9.2,11.5,4,309.4791666666667,1,16.1,13,14.0,0,2024,0.012355507797346572,0,0,1,0,0,0,0,0,0
1,0,0,3,3.96222,29,161450,9.2,11.5,4,309.4791666666667,1,16.1,13,14.0,0,2024,0.012355507797346572,0,0,1,0,0,0,0,0,0
1,1,0,2,3.96222,18,138887,7.7,10.2,6,309.4791666666667,1,12.6,7,4.0,0,2024,0.012355507797346572,0,1,0,0,0,1,0,0,0
1,1,0,2,3.96222,18,138887,7.7,10.2,6,309.4791666666667,1,12.6,7,4.0,0,2024,0.012355507797346572,0,1,0,0,0,1,0,0,0
1,1,0,2,3.96222,18,138887,7.7,10.2,6,309.4791666666667,1,12.6,7,4.0,0,2024,0.012355507797346572,0,1,0,0,0,1,0,0,0
1,0,0,3,3.96222,29,161450,9.2,11.5,4,309.4791666666667,1,16.1,13,14.0,0,2024,0.012355507797346572,0,0,1,0,0,0,0,0,0
1,0,0,3,3.96222,29,161450,9.2,11.5,4,309.4791666666667,1,16.1,13,14.0,0,2024,0.012355507797346572,0,0,1,0,0,0,0,0,0
1,1,0,2,3.96222,18,84310,7.7,10.2,6,309.4791666666667,1,12.6,7,4.0,0,2024,0.012355507797346572,0,1,0,0,0,1,0,0,0
1,1,0,2,3.96222,18,84310,7.7,10.2,6,309.4791666666667,1,12.6,7,4.0,0,2024,0.012355507797346572,0,1,0,0,0,1,0,0,0
1,1,0,2,3.96222,18,84310,7.7,10.2,6,309.4791666666667,1,12.6,7,4.0,0,2024,0.012355507797346572,0,1,0,0,0,1,0,0,0
1,0,0,3,3.96222,29,161450,9.2,11.5,4,309.4791666666667,1,16.1,13,14.0,0,2024,0.012355507797346572,0,0,1,0,0,0,0,0,0
1,0,0,3,3.96222,29,161450,9.2,11.5,4,309.4791666666667,1,16.1,13,14.0,0,2024,0.012355507797346572,0,0,1,0,0,0,0,0,0
1,1,0,2,3.96222,18,15207,7.7,10.2,6,309.4791666666667,1,12.6,7,4.0,0,2024,0.012355507797346572,0,1,0,0,0,1,0,0,0
1,1,0,2,3.96222,18,15207,7.7,10.2,6,309.4791666666667,1,12.6,7,4.0,0,2024,0.012355507797346572,0,1,0,0,0,1,0,0,0
0,0,0,3,3.96222,28,161450,6.6,10.0,3,309.4791666666667,1,13.4,13,0.6,0,2024,0.012355507797346572,0,0,1,0,0,0,1,0,0
0,0,0,3,3.96222,28,161450,6.6,10.0,3,309.4791666666667,1,13.4,13,0.6,0,2024,0.012355507797346572,0,0,1,0,0,0,1,0,0
1,0,0,3,3.96222,29,231476,9.2,11.5,4,309.4791666666667,1,16.1,13,14.0,0,2024,0.012355507797346572,0,0,1,0,0,0,0,0,0
0,0,0,3,3.96222,28,137426,6.6,10.0,3,521.12,1,13.4,13,0.6,1,2024,0.00758871523787635,0,0,1,0,0,0,1,0,0
0,0,0,3,3.96222,28,137426,6.6,10.0,3,521.12,1,13.4,13,0.6,1,2024,0.00758871523787635,0,0,1,0,0,0,1,0,0
1,0,0,3,3.96222,29,182347,9.2,11.5,4,436.14666666666665,1,16.1,13,14.0,1,2024,0.009063822973220278,0,0,1,0,0,0,0,0,0
1,0,0,3,3.96222,29,182347,9.2,11.5,4,436.14666666666665,1,16.1,13,14.0,1,2024,0.009063822973220278,0,0,1,0,0,0,0,0,0
1,0,0,8,2.53222,20,137426,14.5,18.5,1,126.70238095238096,3,25.0,34,10.3,0,2024,0.019829074298499113,1,0,0,0,0,0,0,1,0
1,0,0,3,3.96222,29,138907,9.2,11.5,4,309.4791666666667,1,16.1,13,14.0,0,2024,0.012355507797346572,0,0,1,0,0,0,0,0,0
1,0,0,3,3.96222,29,138907,9.2,11.5,4,309.4791666666667,1,16.1,13,14.0,0,2024,0.012355507797346572,0,0,1,0,0,0,0,0,0
1,0,0,8,3.1981461904761903,20,185914,14.5,18.5,1,202.23809523809524,3,25.0,34,10.3,0,2024,0.015735958294283037,1,0,0,0,0,0,0,1,0
1,0,0,8,3.1981461904761903,20,185914,14.5,18.5,1,202.23809523809524,3,25.0,34,10.3,0,2024,0.015735958294283037,1,0,0,0,0,0,0,1,0
0,0,0,3,3.96222,28,138907,6.6,10.0,3,309.4791666666667,1,13.4,13,0.6,0,2024,0.012355507797346572,0,0,1,0,0,0,1,0,0
0,0,0,3,3.96222,28,138907,6.6,10.0,3,309.4791666666667,1,13.4,13,0.6,0,2024,0.012355507797346572,0,0,1,0,0,0,1,0,0
1,1,0,3,3.612245466666667,30,138887,7.3,9.4,5,164.6266666666667,1,11.7,13,1.5,0,2024,0.021809564482369984,0,0,1,0,1,0,0,0,0
1,1,0,3,3.612245466666667,30,138887,7.3,9.4,5,164.6266666666667,1,11.7,13,1.5,0,2024,0.021809564482369984,0,0,1,0,1,0,0,0,0
1,0,0,8,9.83125,20,161450,14.5,18.5,1,3571.029761904762,3,25.0,34,10.3,1,2024,0.0027522866984057686,1,0,0,0,0,0,0,1,0
1,0,0,8,9.83125,20,161450,14.5,18.5,1,3571.029761904762,3,25.0,34,10.3,1,2024,0.0027522866984057686,1,0,0,0,0,0,0,1,0
1,1,0,3,3.96222,30,138887,7.3,9.4,5,309.4791666666667,1,11.7,13,1.5,0,2024,0.012355507797346572,0,0,1,0,1,0,0,0,0
1,1,0,3,3.96222,30,138887,7.3,9.4,5,309.4791666666667,1,11.7,13,1.5,0,2024,0.012355507797346572,0,0,1,0,1,0,0,0,0
1,0,0,8,1.0063801785714286,20,161450,14.5,18.5,1,180.5833333333333,3,25.0,34,10.3,0,2024,0.0055422497213662904,1,0,0,0,0,0,0,1,0
1,0,0,8,1.0063801785714286,20,161450,14.5,18.5,1,180.5833333333333,3,25.0,34,10.3,0,2024,0.0055422497213662904,1,0,0,0,0,0,0,1,0
0,0,0,8,3.96222,19,137426,12.5,18.8,0,309.4791666666667,3,24.8,34,0.0,0,2024,0.012355507797346572,1,0,0,1,0,0,0,0,0
1,0,0,3,3.96222,29,138887,9.2,11.5,4,309.4791666666667,1,16.1,13,14.0,0,2024,0.012355507797346572,0,0,1,0,0,0,0,0,0
1,0,0,3,3.96222,29,138887,9.2,11.5,4,309.4791666666667,1,16.1,13,14.0,0,2024,0.012355507797346572,0,0,1,0,0,0,0,0,0
1,0,0,3,3.96222,29,138887,9.2,11.5,4,309.4791666666667,1,16.1,13,14.0,0,2024,0.012355507797346572,0,0,1,0,0,0,0,0,0
1,0,0,3,3.96222,29,138887,9.2,11.5,4,309.4791666666667,1,16.1,13,14.0,0,2024,0.012355507797346572,0,0,1,0,0,0,0,0,0
1,0,0,8,3.96222,20,48784,14.5,18.5,1,309.4791666666667,3,25.0,34,10.3,0,2024,0.012355507797346572,1,0,0,0,0,0,0,1,0
1,0,0,8,3.96222,20,48784,14.5,18.5,1,309.4791666666667,3,25.0,34,10.3,0,2024,0.012355507797346572,1,0,0,0,0,0,0,1,0
1,0,0,8,3.96222,20,48784,14.5,18.5,1,309.4791666666667,3,25.0,34,10.3,0,2024,0.012355507797346572,1,0,0,0,0,0,0,1,0
1,0,0,3,3.96222,29,138887,9.2,11.5,4,309.4791666666667,1,16.1,13,14.0,0,2024,0.012355507797346572,0,0,1,0,0,0,0,0,0
1,0,0,3,3.96222,29,138887,9.2,11.5,4,309.4791666666667,1,16.1,13,14.0,0,2024,0.012355507797346572,0,0,1,0,0,0,0,0,0
1,0,0,8,2.53222,20,48784,14.5,18.5,1,492.1071428571428,3,25.0,34,10.3,1,2024,0.005135232852900704,1,0,0,0,0,0,0,1,0
1,1,0,3,3.4805348000000005,30,48784,7.3,9.4,5,755.4733333333334,1,11.7,13,1.5,1,2024,0.00460100131311084,0,0,1,0,1,0,0,0,0
1,1,0,3,3.4805348000000005,30,48784,7.3,9.4,5,755.4733333333334,1,11.7,13,1.5,1,2024,0.00460100131311084,0,0,1,0,1,0,0,0,0
1,0,0,8,3.96222,20,15207,14.5,18.5,1,309.4791666666667,3,25.0,34,10.3,0,2024,0.012355507797346572,1,0,0,0,0,0,0,1,0
1,0,0,8,3.96222,20,15207,14.5,18.5,1,309.4791666666667,3,25.0,34,10.3,0,2024,0.012355507797346572,1,0,0,0,0,0,0,1,0
1,0,0,3,3.96222,29,35837,9.2,11.5,4,309.4791666666667,1,16.1,13,14.0,0,2024,0.012355507797346572,0,0,1,0,0,0,0,0,0
1,0,0,3,3.96222,29,35837,9.2,11.5,4,309.4791666666667,1,16.1,13,14.0,0,2024,0.012355507797346572,0,0,1,0,0,0,0,0,0
1,0,0,3,3.96222,29,137426,9.2,11.5,4,521.12,1,16.1,13,14.0,1,2024,0.00758871523787635,0,0,1,0,0,0,0,0,0
1,0,0,3,3.96222,29,137426,9.2,11.5,4,521.12,1,16.1,13,14.0,1,2024,0.00758871523787635,0,0,1,0,0,0,0,0,0
1,1,0,3,3.96222,30,27547,7.3,9.4,5,309.4791666666667,1,11.7,13,1.5,0,2024,0.012355507797346572,0,0,1,0,1,0,0,0,0
0,0,0,5,1.1332652380952382,7,185914,8.9,15.8,1,87.2202380952381,2,22.3,19,0.0,0,2024,0.012845864651507995,0,0,1,0,0,0,0,1,0
1,1,0,3,3.96222,30,27547,7.3,9.4,5,309.4791666666667,1,11.7,13,1.5,0,2024,0.012355507797346572,0,0,1,0,1,0,0,0,0
1,0,0,3,8.470864733333332,29,15207,9.2,11.5,4,927.8666666666668,1,16.1,13,14.0,1,2024,0.009119570157180791,0,0,1,0,0,0,0,0,0
1,0,0,3,8.470864733333332,29,15207,9.2,11.5,4,927.8666666666668,1,16.1,13,14.0,1,2024,0.009119570157180791,0,0,1,0,0,0,0,0,0
1,0,0,3,3.96222,29,32386,9.2,11.5,4,309.4791666666667,1,16.1,13,14.0,0,2024,0.012355507797346572,0,0,1,0,0,0,0,0,0
1,0,0,3,3.96222,29,32386,9.2,11.5,4,309.4791666666667,1,16.1,13,14.0,0,2024,0.012355507797346572,0,0,1,0,0,0,0,0,0
0,0,0,1,3.96222,5,138907,6.7,8.1,4,309.4791666666667,1,10.1,1,0.2,0,2024,0.012355507797346572,0,1,0,0,0,0,0,0,0
0,0,0,1,3.96222,5,138907,6.7,8.1,4,309.4791666666667,1,10.1,1,0.2,0,2024,0.012355507797346572,0,1,0,0,0,0,0,0,0
0,0,0,1,3.96222,5,138907,6.7,8.1,4,309.4791666666667,1,10.1,1,0.2,0,2024,0.012355507797346572,0,1,0,0,0,0,0,0,0
0,1,0,1,5.26351625,6,179566,5.5,6.3,5,377.0,1,7.9,1,1.0,1,2024,0.013924646164021165,0,1,0,0,1,0,0,0,0
0,1,0,1,5.26351625,6,179566,5.5,6.3,5,377.0,1,7.9,1,1.0,1,2024,0.013924646164021165,0,1,0,0,1,0,0,0,0
0,1,0,1,3.96222,6,183839,5.5,6.3,5,309.4791666666667,1,7.9,1,1.0,0,2024,0.012355507797346572,0,1,0,0,1,0,0,0,0
0,1,0,1,3.96222,6,183839,5.5,6.3,5,309.4791666666667,1,7.9,1,1.0,0,2024,0.012355507797346572,0,1,0,0,1,0,0,0,0
0,1,0,1,3.96222,6,160526,5.5,6.3,5,309.4791666666667,1,7.9,1,1.0,0,2024,0.012355507797346572,0,1,0,0,1,0,0,0,0
0,1,0,1,3.96222,6,160526,5.5,6.3,5,309.4791666666667,1,7.9,1,1.0,0,2024,0.012355507797346572,0,1,0,0,1,0,0,0,0
0,1,0,1,12.109386488095238,6,161450,5.5,6.3,5,692.9404761904761,1,7.9,1,1.0,1,2024,0.017450180388053044,0,1,0,0,1,0,0,0,0
0,1,0,1,12.109386488095238,6,161450,5.5,6.3,5,692.9404761904761,1,7.9,1,1.0,1,2024,0.017450180388053044,0,1,0,0,1,0,0,0,0
0,1,0,1,12.109386488095238,6,161450,5.5,6.3,5,692.9404761904761,1,7.9,1,1.0,1,2024,0.017450180388053044,0,1,0,0,1,0,0,0,0
0,0,0,1,2.110781607142857,5,137426,6.7,8.1,4,107.48809523809524,1,10.1,1,0.2,0,2024,0.019456343136179083,0,1,0,0,0,0,0,0,0
0,0,0,1,2.110781607142857,5,137426,6.7,8.1,4,107.48809523809524,1,10.1,1,0.2,0,2024,0.019456343136179083,0,1,0,0,0,0,0,0,0
0,1,0,1,3.96222,6,32386,5.5,6.3,5,309.4791666666667,1,7.9,1,1.0,0,2024,0.012355507797346572,0,1,0,0,1,0,0,0,0
0,0,0,1,3.96222,4,27547,8.3,10.1,3,309.4791666666667,1,11.6,1,0.2,0,2024,0.012355507797346572,0,1,0,0,0,0,1,0,0
0,0,0,1,3.96222,4,27547,8.3,10.1,3,309.4791666666667,1,11.6,1,0.2,0,2024,0.012355507797346572,0,1,0,0,0,0,1,0,0
0,0,0,6,14.951785714285714,11,137426,9.2,13.7,1,1560.3511904761904,2,19.3,24,0.8,1,2024,0.009576183632156215,1,0,0,0,0,0,0,1,0
0,0,0,6,14.951785714285714,11,137426,9.2,13.7,1,1560.3511904761904,2,19.3,24,0.8,1,2024,0.009576183632156215,1,0,0,0,0,0,0,1,0
0,0,0,6,3.96222,12,231476,8.6,14.5,2,309.4791666666667,2,20.9,24,0.0,0,2024,0.012355507797346572,1,0,0,0,0,0,0,0,1
0,0,0,6,3.96222,12,231476,8.6,14.5,2,309.4791666666667,2,20.9,24,0.0,0,2024,0.012355507797346572,1,0,0,0,0,0,0,0,1
0,0,0,6,4.1,11,138887,9.2,13.7,1,165.46428571428572,2,19.3,24,0.8,0,2024,0.02462990774511907,1,0,0,0,0,0,0,1,0
0,0,0,6,4.1,11,138887,9.2,13.7,1,165.46428571428572,2,19.3,24,0.8,0,2024,0.02462990774511907,1,0,0,0,0,0,0,1,0
0,0,0,6,4.1,11,138887,9.2,13.7,1,165.46428571428572,2,19.3,24,0.8,0,2024,0.02462990774511907,1,0,0,0,0,0,0,1,0
0,0,0,6,8.01846005952381,12,48784,8.6,14.5,2,928.5,2,20.9,24,0.0,1,2024,0.008626638041445733,1,0,0,0,0,0,0,0,1
0,0,0,6,9.154366428571429,12,15207,8.6,14.5,2,1059.928571428571,2,20.9,24,0.0,1,2024,0.008628635965798158,1,0,0,0,0,0,0,0,1
0,0,0,6,9.154366428571429,12,15207,8.6,14.5,2,1059.928571428571,2,20.9,24,0.0,1,2024,0.008628635965798158,1,0,0,0,0,0,0,0,1
0,0,0,6,4.1,12,19979,8.6,14.5,2,853.7797619047619,2,20.9,24,0.0,1,2024,0.00479655717498938,1,0,0,0,0,0,0,0,1
0,0,0,6,4.1,12,19979,8.6,14.5,2,853.7797619047619,2,20.9,24,0.0,1,2024,0.00479655717498938,1,0,0,0,0,0,0,0,1
0,0,0,6,3.96222,11,15207,9.2,13.7,1,309.4791666666667,2,19.3,24,0.8,0,2024,0.012355507797346572,1,0,0,0,0,0,0,1,0
1,0,0,9,1.1267344047619048,24,185914,13.9,15.5,1,47.65476190476191,3,17.8,39,2.2,0,2024,0.023157741619769998,0,0,0,0,0,0,0,1,0
1,0,0,9,1.1267344047619048,24,185914,13.9,15.5,1,47.65476190476191,3,17.8,39,2.2,0,2024,0.023157741619769998,0,0,0,0,0,0,0,1,0
1,0,0,9,8.412451607142858,24,231476,13.9,15.5,1,261.6011904761905,3,17.8,39,2.2,0,2024,0.032035085567921666,0,0,0,0,0,0,0,1,0
1,0,0,9,8.412451607142858,24,231476,13.9,15.5,1,261.6011904761905,3,17.8,39,2.2,0,2024,0.032035085567921666,0,0,0,0,0,0,0,1,0
1,0,0,9,2.101532380952381,23,179566,14.5,15.8,0,53.06547619047619,3,20.3,39,9.8,0,2024,0.0388701354178135,0,0,0,1,0,0,0,0,0
1,0,0,9,2.101532380952381,23,179566,14.5,15.8,0,53.06547619047619,3,20.3,39,9.8,0,2024,0.0388701354178135,0,0,0,1,0,0,0,0,0
1,1,0,9,3.96222,22,138907,16.8,17.8,6,309.4791666666667,3,20.6,38,7.8,0,2024,0.012355507797346572,0,0,0,0,0,1,0,0,0
1,1,0,9,3.96222,22,138907,16.8,17.8,6,309.4791666666667,3,20.6,38,7.8,0,2024,0.012355507797346572,0,0,0,0,0,1,0,0,0
1,1,0,9,3.96222,22,138907,16.8,17.8,6,309.4791666666667,3,20.6,38,7.8,0,2024,0.012355507797346572,0,0,0,0,0,1,0,0,0
1,1,0,9,3.96222,22,231476,16.8,17.8,6,309.4791666666667,3,20.6,38,7.8,0,2024,0.012355507797346572,0,0,0,0,0,1,0,0,0
1,1,0,9,3.96222,22,231476,16.8,17.8,6,309.4791666666667,3,20.6,38,7.8,0,2024,0.012355507797346572,0,0,0,0,0,1,0,0,0
1,1,0,9,3.96222,22,231476,16.8,17.8,6,309.4791666666667,3,20.6,38,7.8,0,2024,0.012355507797346572,0,0,0,0,0,1,0,0,0
1,1,0,9,3.96222,22,231476,16.8,17.8,6,309.4791666666667,3,20.6,38,7.8,0,2024,0.012355507797346572,0,0,0,0,0,1,0,0,0
0,1,1,7,3.96222,14,179566,11.9,18.3,6,309.4791666666667,3,23.5,28,0.0,0,2024,0.012355507797346572,1,0,0,0,0,1,0,0,0
0,1,1,7,3.96222,14,179566,11.9,18.3,6,309.4791666666667,3,23.5,28,0.0,0,2024,0.012355507797346572,1,0,0,0,0,1,0,0,0
0,1,1,7,3.96222,14,179566,11.9,18.3,6,309.4791666666667,3,23.5,28,0.0,0,2024,0.012355507797346572,1,0,0,0,0,1,0,0,0
0,1,1,7,3.96222,14,179566,11.9,18.3,6,309.4791666666667,3,23.5,28,0.0,0,2024,0.012355507797346572,1,0,0,0,0,1,0,0,0
0,0,0,2,3.94667,16,160526,12.3,13.5,4,240.17857142857144,1,14.9,7,0.4,0,2024,0.016364098918998964,0,1,0,0,0,0,0,0,0
0,0,0,2,3.94667,16,160526,12.3,13.5,4,240.17857142857144,1,14.9,7,0.4,0,2024,0.016364098918998964,0,1,0,0,0,0,0,0,0
1,0,0,9,20.77348,24,183839,13.9,15.5,1,593.0654761904761,3,17.8,39,2.2,1,2024,0.03496833401801549,0,0,0,0,0,0,0,1,0
1,0,0,9,20.77348,24,183839,13.9,15.5,1,593.0654761904761,3,17.8,39,2.2,1,2024,0.03496833401801549,0,0,0,0,0,0,0,1,0
1,0,0,9,20.77348,24,183839,13.9,15.5,1,593.0654761904761,3,17.8,39,2.2,1,2024,0.03496833401801549,0,0,0,0,0,0,0,1,0
0,1,0,7,3.96222,13,182347,12.5,17.5,5,309.4791666666667,3,25.3,28,0.2,0,2024,0.012355507797346572,1,0,0,0,1,0,0,0,0
0,1,0,7,3.96222,13,182347,12.5,17.5,5,309.4791666666667,3,25.3,28,0.2,0,2024,0.012355507797346572,1,0,0,0,1,0,0,0,0
0,1,0,7,3.96222,13,182347,12.5,17.5,5,309.4791666666667,3,25.3,28,0.2,0,2024,0.012355507797346572,1,0,0,0,1,0,0,0,0
0,1,0,7,3.96222,13,182347,12.5,17.5,5,309.4791666666667,3,25.3,28,0.2,0,2024,0.012355507797346572,1,0,0,0,1,0,0,0,0
0,0,0,2,18.591964285714283,16,160526,12.3,13.5,4,4183.827380952381,1,14.9,7,0.4,1,2024,0.004442707570290064,0,1,0,0,0,0,0,0,0
0,1,1,7,1.5170385714285717,14,182347,11.9,18.3,6,283.5178571428572,3,23.5,28,0.0,0,2024,0.005331962593359693,1,0,0,0,0,1,0,0,0
0,1,1,7,1.5170385714285717,14,182347,11.9,18.3,6,283.5178571428572,3,23.5,28,0.0,0,2024,0.005331962593359693,1,0,0,0,0,1,0,0,0
0,1,0,2,3.96222,17,179566,10.5,12.4,5,309.4791666666667,1,16.6,7,0.0,0,2024,0.012355507797346572,0,1,0,0,1,0,0,0,0
0,1,0,2,3.96222,17,179566,10.5,12.4,5,309.4791666666667,1,16.6,7,0.0,0,2024,0.012355507797346572,0,1,0,0,1,0,0,0,0
1,0,0,9,4.15445,24,160526,13.9,15.5,1,235.7619047619048,3,17.8,39,2.2,0,2024,0.017546952936444083,0,0,0,0,0,0,0,1,0
1,0,0,9,4.15445,24,160526,13.9,15.5,1,235.7619047619048,3,17.8,39,2.2,0,2024,0.017546952936444083,0,0,0,0,0,0,0,1,0
0,1,0,2,3.96222,17,179566,10.5,12.4,5,309.4791666666667,1,16.6,7,0.0,0,2024,0.012355507797346572,0,1,0,0,1,0,0,0,0
0,1,1,7,3.81945,14,160526,11.9,18.3,6,246.8333333333333,3,23.5,28,0.0,0,2024,0.015411365164761267,1,0,0,0,0,1,0,0,0
0,1,1,7,3.81945,14,160526,11.9,18.3,6,246.8333333333333,3,23.5,28,0.0,0,2024,0.015411365164761267,1,0,0,0,0,1,0,0,0
1,0,0,9,1.2440295238095238,24,161450,13.9,15.5,1,261.29761904761904,3,17.8,39,2.2,0,2024,0.004742816684064812,0,0,0,0,0,0,0,1,0
1,0,0,9,1.2440295238095238,24,161450,13.9,15.5,1,261.29761904761904,3,17.8,39,2.2,0,2024,0.004742816684064812,0,0,0,0,0,0,0,1,0
0,1,1,7,3.96222,14,161450,11.9,18.3,6,309.4791666666667,3,23.5,28,0.0,0,2024,0.012355507797346572,1,0,0,0,0,1,0,0,0
0,1,1,7,3.96222,14,161450,11.9,18.3,6,309.4791666666667,3,23.5,28,0.0,0,2024,0.012355507797346572,1,0,0,0,0,1,0,0,0
0,1,0,2,3.96222,17,160526,10.5,12.4,5,309.4791666666667,1,16.6,7,0.0,0,2024,0.012355507797346572,0,1,0,0,1,0,0,0,0
0,1,0,2,3.96222,17,160526,10.5,12.4,5,309.4791666666667,1,16.6,7,0.0,0,2024,0.012355507797346572,0,1,0,0,1,0,0,0,0
0,0,0,9,3.85167,19,161450,14.0,20.0,3,263.875,3,27.3,38,0.0,0,2024,0.01454146295422369,0,0,0,0,0,0,1,0,0
0,0,0,9,3.85167,19,161450,14.0,20.0,3,263.875,3,27.3,38,0.0,0,2024,0.01454146295422369,0,0,0,0,0,0,1,0,0
0,1,1,7,3.96222,14,161450,11.9,18.3,6,309.4791666666667,3,23.5,28,0.0,0,2024,0.012355507797346572,1,0,0,0,0,1,0,0,0
0,1,1,7,3.96222,14,161450,11.9,18.3,6,309.4791666666667,3,23.5,28,0.0,0,2024,0.012355507797346572,1,0,0,0,0,1,0,0,0
0,1,0,2,3.96222,17,35837,10.5,12.4,5,309.4791666666667,1,16.6,7,0.0,0,2024,0.012355507797346572,0,1,0,0,1,0,0,0,0
0,1,0,2,3.96222,17,35837,10.5,12.4,5,309.4791666666667,1,16.6,7,0.0,0,2024,0.012355507797346572,0,1,0,0,1,0,0,0,0
1,0,0,9,3.96222,24,161450,13.9,15.5,1,309.4791666666667,3,17.8,39,2.2,0,2024,0.012355507797346572,0,0,0,0,0,0,0,1,0
1,0,0,9,3.96222,24,161450,13.9,15.5,1,309.4791666666667,3,17.8,39,2.2,0,2024,0.012355507797346572,0,0,0,0,0,0,0,1,0
0,1,1,7,3.96222,14,231476,11.9,18.3,6,309.4791666666667,3,23.5,28,0.0,0,2024,0.012355507797346572,1,0,0,0,0,1,0,0,0
0,1,1,7,3.96222,14,231476,11.9,18.3,6,309.4791666666667,3,23.5,28,0.0,0,2024,0.012355507797346572,1,0,0,0,0,1,0,0,0
0,1,0,2,3.96222,17,231476,10.5,12.4,5,309.4791666666667,1,16.6,7,0.0,0,2024,0.012355507797346572,0,1,0,0,1,0,0,0,0
0,1,0,2,3.96222,17,231476,10.5,12.4,5,309.4791666666667,1,16.6,7,0.0,0,2024,0.012355507797346572,0,1,0,0,1,0,0,0,0
0,1,0,2,3.96222,17,231476,10.5,12.4,5,309.4791666666667,1,16.6,7,0.0,0,2024,0.012355507797346572,0,1,0,0,1,0,0,0,0
0,1,0,2,3.96222,17,231476,10.5,12.4,5,309.4791666666667,1,16.6,7,0.0,0,2024,0.012355507797346572,0,1,0,0,1,0,0,0,0
0,1,0,2,3.96222,17,231476,10.5,12.4,5,309.4791666666667,1,16.6,7,0.0,0,2024,0.012355507797346572,0,1,0,0,1,0,0,0,0
1,0,0,9,11.331812976190475,24,231476,13.9,15.5,1,317.8690476190476,3,17.8,39,2.2,1,2024,0.03553751316035094,0,0,0,0,0,0,0,1,0
1,0,0,9,11.331812976190475,24,231476,13.9,15.5,1,317.8690476190476,3,17.8,39,2.2,1,2024,0.03553751316035094,0,0,0,0,0,0,0,1,0
0,1,1,7,3.96222,14,84310,11.9,18.3,6,309.4791666666667,3,23.5,28,0.0,0,2024,0.012355507797346572,1,0,0,0,0,1,0,0,0
0,1,1,7,3.96222,14,84310,11.9,18.3,6,309.4791666666667,3,23.5,28,0.0,0,2024,0.012355507797346572,1,0,0,0,0,1,0,0,0
0,1,1,7,3.96222,14,84310,11.9,18.3,6,309.4791666666667,3,23.5,28,0.0,0,2024,0.012355507797346572,1,0,0,0,0,1,0,0,0
0,1,1,7,3.96222,14,48784,11.9,18.3,6,309.4791666666667,3,23.5,28,0.0,0,2024,0.012355507797346572,1,0,0,0,0,1,0,0,0
0,1,1,7,3.96222,14,48784,11.9,18.3,6,309.4791666666667,3,23.5,28,0.0,0,2024,0.012355507797346572,1,0,0,0,0,1,0,0,0
1,0,0,9,11.331812976190475,24,231476,13.9,15.5,1,317.8690476190476,3,17.8,39,2.2,1,2024,0.03553751316035094,0,0,0,0,0,0,0,1,0
1,0,0,9,11.331812976190475,24,231476,13.9,15.5,1,317.8690476190476,3,17.8,39,2.2,1,2024,0.03553751316035094,0,0,0,0,0,0,0,1,0
1,0,0,9,3.96222,24,48784,13.9,15.5,1,309.4791666666667,3,17.8,39,2.2,0,2024,0.012355507797346572,0,0,0,0,0,0,0,1,0
1,0,0,9,3.96222,23,137426,14.5,15.8,0,309.4791666666667,3,20.3,39,9.8,0,2024,0.012355507797346572,0,0,0,1,0,0,0,0,0
1,0,0,9,3.96222,24,55932,13.9,15.5,1,309.4791666666667,3,17.8,39,2.2,0,2024,0.012355507797346572,0,0,0,0,0,0,0,1,0
1,0,0,9,3.96222,24,55932,13.9,15.5,1,309.4791666666667,3,17.8,39,2.2,0,2024,0.012355507797346572,0,0,0,0,0,0,0,1,0
1,0,0,9,3.96222,24,138907,13.9,15.5,1,309.4791666666667,3,17.8,39,2.2,0,2024,0.012355507797346572,0,0,0,0,0,0,0,1,0
1,0,0,9,3.96222,24,138907,13.9,15.5,1,309.4791666666667,3,17.8,39,2.2,0,2024,0.012355507797346572,0,0,0,0,0,0,0,1,0
1,0,0,9,7.357322380952381,24,138887,13.9,15.5,1,398.7619047619048,3,17.8,39,2.2,1,2024,0.018404260869565214,0,0,0,0,0,0,0,1,0
1,0,0,9,7.357322380952381,24,138887,13.9,15.5,1,398.7619047619048,3,17.8,39,2.2,1,2024,0.018404260869565214,0,0,0,0,0,0,0,1,0
1,0,0,9,3.96222,23,35837,14.5,15.8,0,309.4791666666667,3,20.3,39,9.8,0,2024,0.012355507797346572,0,0,0,1,0,0,0,0,0
1,0,0,9,3.96222,23,35837,14.5,15.8,0,309.4791666666667,3,20.3,39,9.8,0,2024,0.012355507797346572,0,0,0,1,0,0,0,0,0
1,0,0,9,3.96222,23,35837,14.5,15.8,0,309.4791666666667,3,20.3,39,9.8,0,2024,0.012355507797346572,0,0,0,1,0,0,0,0,0
1,0,0,9,3.96222,23,35837,14.5,15.8,0,309.4791666666667,3,20.3,39,9.8,0,2024,0.012355507797346572,0,0,0,1,0,0,0,0,0
1,0,0,9,3.96222,23,35837,14.5,15.8,0,309.4791666666667,3,20.3,39,9.8,0,2024,0.012355507797346572,0,0,0,1,0,0,0,0,0
1,0,0,9,4.26268744047619,23,48784,14.5,15.8,0,726.1130952380952,3,20.3,39,9.8,1,2024,0.005862482010560354,0,0,0,1,0,0,0,0,0
1,0,0,9,4.26268744047619,23,48784,14.5,15.8,0,726.1130952380952,3,20.3,39,9.8,1,2024,0.005862482010560354,0,0,0,1,0,0,0,0,0
0,0,0,8,6.413149523809524,14,15207,20.0,23.6,2,776.625,3,30.2,33,0.0,1,2024,0.008247097924847483,1,0,0,0,0,0,0,0,1
0,0,0,8,6.413149523809524,14,15207,20.0,23.6,2,776.625,3,30.2,33,0.0,1,2024,0.008247097924847483,1,0,0,0,0,0,0,0,1
0,0,0,8,6.972315833333333,19,55932,12.5,18.8,0,121.91666666666669,3,24.8,34,0.0,0,2024,0.056723925423728803,1,0,0,1,0,0,0,0,0
0,0,0,8,6.972315833333333,19,55932,12.5,18.8,0,121.91666666666669,3,24.8,34,0.0,0,2024,0.056723925423728803,1,0,0,1,0,0,0,0,0
0,0,0,8,6.972315833333333,19,55932,12.5,18.8,0,121.91666666666669,3,24.8,34,0.0,0,2024,0.056723925423728803,1,0,0,1,0,0,0,0,0
0,0,0,8,6.972315833333333,19,55932,12.5,18.8,0,121.91666666666669,3,24.8,34,0.0,0,2024,0.056723925423728803,1,0,0,1,0,0,0,0,0
0,0,0,8,1.9626104166666667,19,179566,12.5,18.8,0,244.14880952380952,3,24.8,34,0.0,0,2024,0.008005792157338838,1,0,0,1,0,0,0,0,0
0,0,0,8,1.9626104166666667,19,179566,12.5,18.8,0,244.14880952380952,3,24.8,34,0.0,0,2024,0.008005792157338838,1,0,0,1,0,0,0,0,0
0,0,0,8,2.53222,19,179566,12.5,18.8,0,202.29761904761904,3,24.8,34,0.0,0,2024,0.01245572875797857,1,0,0,1,0,0,0,0,0
0,0,0,8,2.53222,19,179566,12.5,18.8,0,202.29761904761904,3,24.8,34,0.0,0,2024,0.01245572875797857,1,0,0,1,0,0,0,0,0
0,0,0,8,0.4935102380952381,19,161450,12.5,18.8,0,139.85714285714286,3,24.8,34,0.0,0,2024,0.0035036223799864773,1,0,0,1,0,0,0,0,0
0,0,0,8,0.4935102380952381,19,161450,12.5,18.8,0,139.85714285714286,3,24.8,34,0.0,0,2024,0.0035036223799864773,1,0,0,1,0,0,0,0,0
0,0,0,8,3.96222,19,182347,12.5,18.8,0,309.4791666666667,3,24.8,34,0.0,0,2024,0.012355507797346572,1,0,0,1,0,0,0,0,0
0,0,0,8,3.96222,19,182347,12.5,18.8,0,309.4791666666667,3,24.8,34,0.0,0,2024,0.012355507797346572,1,0,0,1,0,0,0,0,0
1,1,0,5,3.96222,5,231476,10.0,14.1,6,309.4791666666667,2,18.3,18,5.2,0,2024,0.012355507797346572,0,0,1,0,0,1,0,0,0
1,1,0,5,3.96222,5,231476,10.0,14.1,6,309.4791666666667,2,18.3,18,5.2,0,2024,0.012355507797346572,0,0,1,0,0,1,0,0,0
1,1,0,5,3.96222,5,231476,10.0,14.1,6,309.4791666666667,2,18.3,18,5.2,0,2024,0.012355507797346572,0,0,1,0,0,1,0,0,0
0,0,0,5,1.5341247023809526,6,179566,11.8,14.6,0,77.26190476190476,2,19.6,19,0.0,0,2024,0.019602445238819596,0,0,1,1,0,0,0,0,0
0,0,0,5,1.5341247023809526,6,179566,11.8,14.6,0,77.26190476190476,2,19.6,19,0.0,0,2024,0.019602445238819596,0,0,1,1,0,0,0,0,0
0,0,0,5,3.96222,6,185914,11.8,14.6,0,309.4791666666667,2,19.6,19,0.0,0,2024,0.012355507797346572,0,0,1,1,0,0,0,0,0
0,0,0,5,3.96222,6,185914,11.8,14.6,0,309.4791666666667,2,19.6,19,0.0,0,2024,0.012355507797346572,0,0,1,1,0,0,0,0,0
0,0,0,5,3.96222,6,185914,11.8,14.6,0,309.4791666666667,2,19.6,19,0.0,0,2024,0.012355507797346572,0,0,1,1,0,0,0,0,0
0,0,0,5,3.96222,6,185914,11.8,14.6,0,309.4791666666667,2,19.6,19,0.0,0,2024,0.012355507797346572,0,0,1,1,0,0,0,0,0
0,0,0,5,3.96222,6,231476,11.8,14.6,0,309.4791666666667,2,19.6,19,0.0,0,2024,0.012355507797346572,0,0,1,1,0,0,0,0,0
0,0,0,5,3.96222,6,231476,11.8,14.6,0,309.4791666666667,2,19.6,19,0.0,0,2024,0.012355507797346572,0,0,1,1,0,0,0,0,0
1,1,0,5,3.96222,5,138907,10.0,14.1,6,309.4791666666667,2,18.3,18,5.2,0,2024,0.012355507797346572,0,0,1,0,0,1,0,0,0
1,1,0,5,3.96222,5,138907,10.0,14.1,6,309.4791666666667,2,18.3,18,5.2,0,2024,0.012355507797346572,0,0,1,0,0,1,0,0,0
1,1,0,5,3.96222,5,138907,10.0,14.1,6,309.4791666666667,2,18.3,18,5.2,0,2024,0.012355507797346572,0,0,1,0,0,1,0,0,0
1,1,0,5,3.96222,5,138907,10.0,14.1,6,309.4791666666667,2,18.3,18,5.2,0,2024,0.012355507797346572,0,0,1,0,0,1,0,0,0
1,1,0,5,3.96222,5,138907,10.0,14.1,6,309.4791666666667,2,18.3,18,5.2,0,2024,0.012355507797346572,0,0,1,0,0,1,0,0,0
1,1,0,5,3.96222,5,138907,10.0,14.1,6,309.4791666666667,2,18.3,18,5.2,0,2024,0.012355507797346572,0,0,1,0,0,1,0,0,0
1,1,0,5,3.96222,5,138907,10.0,14.1,6,309.4791666666667,2,18.3,18,5.2,0,2024,0.012355507797346572,0,0,1,0,0,1,0,0,0
0,0,0,5,11.962623333333331,6,84310,11.8,14.6,0,528.5535714285714,2,19.6,19,0.0,1,2024,0.022590015399314333,0,0,1,1,0,0,0,0,0
0,0,0,5,11.962623333333331,6,84310,11.8,14.6,0,528.5535714285714,2,19.6,19,0.0,1,2024,0.022590015399314333,0,0,1,1,0,0,0,0,0
0,0,0,5,3.96222,6,48784,11.8,14.6,0,309.4791666666667,2,19.6,19,0.0,0,2024,0.012355507797346572,0,0,1,1,0,0,0,0,0
0,0,0,5,3.96222,6,48784,11.8,14.6,0,309.4791666666667,2,19.6,19,0.0,0,2024,0.012355507797346572,0,0,1,1,0,0,0,0,0
0,0,0,5,3.96222,6,48784,11.8,14.6,0,309.4791666666667,2,19.6,19,0.0,0,2024,0.012355507797346572,0,0,1,1,0,0,0,0,0
0,0,0,1,3.96222,5,185914,6.7,8.1,4,309.4791666666667,1,10.1,1,0.2,0,2024,0.012355507797346572,0,1,0,0,0,0,0,0,0
0,0,0,1,3.96222,5,185914,6.7,8.1,4,309.4791666666667,1,10.1,1,0.2,0,2024,0.012355507797346572,0,1,0,0,0,0,0,0,0
0,0,0,1,3.823245357142857,5,183839,6.7,8.1,4,162.41666666666666,1,10.1,1,0.2,0,2024,0.023395688060027682,0,1,0,0,0,0,0,0,0
0,0,0,1,3.823245357142857,5,183839,6.7,8.1,4,162.41666666666666,1,10.1,1,0.2,0,2024,0.023395688060027682,0,1,0,0,0,0,0,0,0
0,0,0,1,3.823245357142857,5,183839,6.7,8.1,4,162.41666666666666,1,10.1,1,0.2,0,2024,0.023395688060027682,0,1,0,0,0,0,0,0,0
0,0,0,1,13.647321428571429,5,161450,6.7,8.1,4,4049.267857142857,1,10.1,1,0.2,1,2024,0.003369486145096224,0,1,0,0,0,0,0,0,0
0,0,0,1,13.647321428571429,5,161450,6.7,8.1,4,4049.267857142857,1,10.1,1,0.2,1,2024,0.003369486145096224,0,1,0,0,0,0,0,0,0
0,0,0,1,3.96222,4,161450,8.3,10.1,3,309.4791666666667,1,11.6,1,0.2,0,2024,0.012355507797346572,0,1,0,0,0,0,1,0,0
0,0,0,1,3.36834,4,138907,8.3,10.1,3,234.41666666666663,1,11.6,1,0.2,0,2024,0.014307992920353984,0,1,0,0,0,0,1,0,0
0,0,0,1,3.36834,4,138907,8.3,10.1,3,234.41666666666663,1,11.6,1,0.2,0,2024,0.014307992920353984,0,1,0,0,0,0,1,0,0
0,0,0,1,3.36834,5,138887,6.7,8.1,4,234.41666666666663,1,10.1,1,0.2,0,2024,0.014307992920353984,0,1,0,0,0,0,0,0,0
0,0,0,1,3.36834,5,138887,6.7,8.1,4,234.41666666666663,1,10.1,1,0.2,0,2024,0.014307992920353984,0,1,0,0,0,0,0,0,0
0,0,0,1,3.96222,5,35837,6.7,8.1,4,309.4791666666667,1,10.1,1,0.2,0,2024,0.012355507797346572,0,1,0,0,0,0,0,0,0
0,0,0,1,3.96222,5,35837,6.7,8.1,4,309.4791666666667,1,10.1,1,0.2,0,2024,0.012355507797346572,0,1,0,0,0,0,0,0,0
0,0,0,1,3.96222,5,35837,6.7,8.1,4,309.4791666666667,1,10.1,1,0.2,0,2024,0.012355507797346572,0,1,0,0,0,0,0,0,0
0,0,0,1,3.96222,5,35837,6.7,8.1,4,309.4791666666667,1,10.1,1,0.2,0,2024,0.012355507797346572,0,1,0,0,0,0,0,0,0
0,0,0,1,3.96222,4,19979,8.3,10.1,3,309.4791666666667,1,11.6,1,0.2,0,2024,0.012355507797346572,0,1,0,0,0,0,1,0,0
0,0,0,1,3.96222,4,19979,8.3,10.1,3,309.4791666666667,1,11.6,1,0.2,0,2024,0.012355507797346572,0,1,0,0,0,0,1,0,0
0,0,0,1,3.96222,4,19979,8.3,10.1,3,309.4791666666667,1,11.6,1,0.2,0,2024,0.012355507797346572,0,1,0,0,0,0,1,0,0
1,1,0,5,3.96222,5,185914,10.0,14.1,6,309.4791666666667,2,18.3,18,5.2,0,2024,0.012355507797346572,0,0,1,0,0,1,0,0,0
0,1,0,5,3.96222,4,185914,7.5,11.5,5,309.4791666666667,2,14.9,18,0.4,0,2024,0.012355507797346572,0,0,1,0,1,0,0,0,0
0,1,0,5,3.96222,4,185914,7.5,11.5,5,309.4791666666667,2,14.9,18,0.4,0,2024,0.012355507797346572,0,0,1,0,1,0,0,0,0
1,1,0,5,3.96222,5,185914,10.0,14.1,6,309.4791666666667,2,18.3,18,5.2,0,2024,0.012355507797346572,0,0,1,0,0,1,0,0,0
1,1,0,5,3.96222,5,185914,10.0,14.1,6,309.4791666666667,2,18.3,18,5.2,0,2024,0.012355507797346572,0,0,1,0,0,1,0,0,0
1,1,0,5,3.80917,5,231476,10.0,14.1,6,210.27083333333331,2,18.3,18,5.2,0,2024,0.01802979587811853,0,0,1,0,0,1,0,0,0
1,1,0,5,3.80917,5,231476,10.0,14.1,6,210.27083333333331,2,18.3,18,5.2,0,2024,0.01802979587811853,0,0,1,0,0,1,0,0,0
1,1,0,5,3.80917,5,182347,10.0,14.1,6,410.05,2,18.3,18,5.2,1,2024,0.009266926164700158,0,0,1,0,0,1,0,0,0
1,1,0,5,3.80917,5,182347,10.0,14.1,6,410.05,2,18.3,18,5.2,1,2024,0.009266926164700158,0,0,1,0,0,1,0,0,0
1,1,0,5,13.844552354166666,5,84310,10.0,14.1,6,664.41875,2,18.3,18,5.2,1,2024,0.02080577434009286,0,0,1,0,0,1,0,0,0
1,1,0,5,13.844552354166666,5,84310,10.0,14.1,6,664.41875,2,18.3,18,5.2,1,2024,0.02080577434009286,0,0,1,0,0,1,0,0,0
1,1,0,5,3.96222,5,57934,10.0,14.1,6,309.4791666666667,2,18.3,18,5.2,0,2024,0.012355507797346572,0,0,1,0,0,1,0,0,0
1,1,0,5,3.96222,5,57934,10.0,14.1,6,309.4791666666667,2,18.3,18,5.2,0,2024,0.012355507797346572,0,0,1,0,0,1,0,0,0
1,1,0,5,3.80917,5,19979,10.0,14.1,6,894.0958333333334,2,18.3,18,5.2,1,2024,0.004255600191785796,0,0,1,0,0,1,0,0,0
1,1,0,5,3.80917,5,19979,10.0,14.1,6,894.0958333333334,2,18.3,18,5.2,1,2024,0.004255600191785796,0,0,1,0,0,1,0,0,0
0,1,0,5,3.80917,4,32386,7.5,11.5,5,894.0958333333334,2,14.9,18,0.4,1,2024,0.004255600191785796,0,0,1,0,1,0,0,0,0
0,1,0,5,3.80917,4,32386,7.5,11.5,5,894.0958333333334,2,14.9,18,0.4,1,2024,0.004255600191785796,0,0,1,0,1,0,0,0,0
1,0,0,9,3.96222,23,179566,14.5,15.8,0,309.4791666666667,3,20.3,39,9.8,0,2024,0.012355507797346572,0,0,0,1,0,0,0,0,0
1,0,0,9,3.96222,23,179566,14.5,15.8,0,309.4791666666667,3,20.3,39,9.8,0,2024,0.012355507797346572,0,0,0,1,0,0,0,0,0
1,0,0,9,1.1267344047619048,23,185914,14.5,15.8,0,47.65476190476191,3,20.3,39,9.8,0,2024,0.023157741619769998,0,0,0,1,0,0,0,0,0
1,0,0,9,1.1267344047619048,23,185914,14.5,15.8,0,47.65476190476191,3,20.3,39,9.8,0,2024,0.023157741619769998,0,0,0,1,0,0,0,0,0
1,0,0,9,1.1267344047619048,23,185914,14.5,15.8,0,47.65476190476191,3,20.3,39,9.8,0,2024,0.023157741619769998,0,0,0,1,0,0,0,0,0
1,0,0,9,10.536171845238096,23,179566,14.5,15.8,0,432.8571428571428,3,20.3,39,9.8,1,2024,0.024284887361431244,0,0,0,1,0,0,0,0,0
1,1,0,9,3.96222,22,183839,16.8,17.8,6,309.4791666666667,3,20.6,38,7.8,0,2024,0.012355507797346572,0,0,0,0,0,1,0,0,0
1,1,0,9,3.96222,22,183839,16.8,17.8,6,309.4791666666667,3,20.6,38,7.8,0,2024,0.012355507797346572,0,0,0,0,0,1,0,0,0
1,0,0,9,1.2210889285714286,23,160526,14.5,15.8,0,64.58333333333333,3,20.3,39,9.8,0,2024,0.018618890905790525,0,0,0,1,0,0,0,0,0
1,0,0,9,1.2210889285714286,23,160526,14.5,15.8,0,64.58333333333333,3,20.3,39,9.8,0,2024,0.018618890905790525,0,0,0,1,0,0,0,0,0
1,0,0,9,4.26268744047619,23,48784,14.5,15.8,0,726.1130952380952,3,20.3,39,9.8,1,2024,0.005862482010560354,0,0,0,1,0,0,0,0,0
1,0,0,9,4.26268744047619,23,48784,14.5,15.8,0,726.1130952380952,3,20.3,39,9.8,1,2024,0.005862482010560354,0,0,0,1,0,0,0,0,0
1,0,0,9,1.0496973214285714,23,182347,14.5,15.8,0,132.66071428571428,3,20.3,39,9.8,0,2024,0.007853446893787575,0,0,0,1,0,0,0,0,0
1,0,0,9,1.0496973214285714,23,182347,14.5,15.8,0,132.66071428571428,3,20.3,39,9.8,0,2024,0.007853446893787575,0,0,0,1,0,0,0,0,0
1,0,0,9,1.0496973214285714,23,182347,14.5,15.8,0,132.66071428571428,3,20.3,39,9.8,0,2024,0.007853446893787575,0,0,0,1,0,0,0,0,0
1,0,0,9,3.96222,23,35837,14.5,15.8,0,309.4791666666667,3,20.3,39,9.8,0,2024,0.012355507797346572,0,0,0,1,0,0,0,0,0
1,0,0,9,27.396674166666667,23,35837,14.5,15.8,0,212.04761904761904,3,20.3,39,9.8,0,2024,0.12859413444345105,0,0,0,1,0,0,0,0,0
1,0,0,9,3.8433050595238094,23,48784,14.5,15.8,0,1110.7261904761904,3,20.3,39,9.8,1,2024,0.0034570608234727206,0,0,0,1,0,0,0,0,0
1,0,0,9,3.8433050595238094,23,48784,14.5,15.8,0,1110.7261904761904,3,20.3,39,9.8,1,2024,0.0034570608234727206,0,0,0,1,0,0,0,0,0
1,0,0,9,3.96222,23,48784,14.5,15.8,0,309.4791666666667,3,20.3,39,9.8,0,2024,0.012355507797346572,0,0,0,1,0,0,0,0,0
1,0,0,9,3.96222,23,48784,14.5,15.8,0,309.4791666666667,3,20.3,39,9.8,0,2024,0.012355507797346572,0,0,0,1,0,0,0,0,0
0,0,0,6,3.96222,11,41158,9.2,13.7,1,309.4791666666667,2,19.3,24,0.8,0,2024,0.012355507797346572,1,0,0,0,0,0,0,1,0
0,0,0,6,3.96222,11,41158,9.2,13.7,1,309.4791666666667,2,19.3,24,0.8,0,2024,0.012355507797346572,1,0,0,0,0,0,0,1,0
0,0,0,6,3.96222,11,185914,9.2,13.7,1,309.4791666666667,2,19.3,24,0.8,0,2024,0.012355507797346572,1,0,0,0,0,0,0,1,0
0,0,0,6,3.96222,11,185914,9.2,13.7,1,309.4791666666667,2,19.3,24,0.8,0,2024,0.012355507797346572,1,0,0,0,0,0,0,1,0
0,0,0,6,3.96222,11,179566,9.2,13.7,1,309.4791666666667,2,19.3,24,0.8,0,2024,0.012355507797346572,1,0,0,0,0,0,0,1,0
0,0,0,6,3.96222,11,179566,9.2,13.7,1,309.4791666666667,2,19.3,24,0.8,0,2024,0.012355507797346572,1,0,0,0,0,0,0,1,0
0,0,0,6,3.96222,11,179566,9.2,13.7,1,309.4791666666667,2,19.3,24,0.8,0,2024,0.012355507797346572,1,0,0,0,0,0,0,1,0
0,0,0,6,3.96222,11,161450,9.2,13.7,1,309.4791666666667,2,19.3,24,0.8,0,2024,0.012355507797346572,1,0,0,0,0,0,0,1,0
0,0,0,6,3.96222,11,161450,9.2,13.7,1,309.4791666666667,2,19.3,24,0.8,0,2024,0.012355507797346572,1,0,0,0,0,0,0,1,0
0,0,0,6,2.167640238095238,10,137426,11.9,14.9,0,131.45238095238096,2,19.7,24,0.4,0,2024,0.016365430523099047,1,0,0,1,0,0,0,0,0
0,0,0,6,2.167640238095238,10,137426,11.9,14.9,0,131.45238095238096,2,19.7,24,0.4,0,2024,0.016365430523099047,1,0,0,1,0,0,0,0,0
0,0,0,6,3.96222,11,84310,9.2,13.7,1,309.4791666666667,2,19.3,24,0.8,0,2024,0.012355507797346572,1,0,0,0,0,0,0,1,0
0,0,0,6,3.96222,11,84310,9.2,13.7,1,309.4791666666667,2,19.3,24,0.8,0,2024,0.012355507797346572,1,0,0,0,0,0,0,1,0
0,0,0,6,0.0,11,35837,9.2,13.7,1,515.8869047619048,2,19.3,24,0.8,1,2024,0.0,1,0,0,0,0,0,0,1,0
0,0,0,6,0.0,11,35837,9.2,13.7,1,515.8869047619048,2,19.3,24,0.8,1,2024,0.0,1,0,0,0,0,0,0,1,0
0,0,0,6,0.0,11,35837,9.2,13.7,1,515.8869047619048,2,19.3,24,0.8,1,2024,0.0,1,0,0,0,0,0,0,1,0
0,0,0,6,8.01846005952381,11,48784,9.2,13.7,1,928.5,2,19.3,24,0.8,1,2024,0.008626638041445733,1,0,0,0,0,0,0,1,0
0,0,0,6,8.01846005952381,11,48784,9.2,13.7,1,928.5,2,19.3,24,0.8,1,2024,0.008626638041445733,1,0,0,0,0,0,0,1,0
0,0,0,6,8.01846005952381,11,48784,9.2,13.7,1,928.5,2,19.3,24,0.8,1,2024,0.008626638041445733,1,0,0,0,0,0,0,1,0
0,0,0,6,3.96222,10,27547,11.9,14.9,0,309.4791666666667,2,19.7,24,0.4,0,2024,0.012355507797346572,1,0,0,1,0,0,0,0,0
0,0,0,6,3.96222,10,27547,11.9,14.9,0,309.4791666666667,2,19.7,24,0.4,0,2024,0.012355507797346572,1,0,0,1,0,0,0,0,0
0,0,0,6,3.96222,10,27547,11.9,14.9,0,309.4791666666667,2,19.7,24,0.4,0,2024,0.012355507797346572,1,0,0,1,0,0,0,0,0
1,0,0,9,3.96222,23,231476,14.5,15.8,0,309.4791666666667,3,20.3,39,9.8,0,2024,0.012355507797346572,0,0,0,1,0,0,0,0,0
1,0,0,9,3.96222,23,231476,14.5,15.8,0,309.4791666666667,3,20.3,39,9.8,0,2024,0.012355507797346572,0,0,0,1,0,0,0,0,0
1,1,0,8,2.19222,17,185914,19.9,20.0,5,157.04761904761904,3,20.9,33,19.6,0,2024,0.013870629707743297,1,0,0,0,1,0,0,0,0
1,1,0,8,0.5727297023809524,17,185914,19.9,20.0,5,34.75,3,20.9,33,19.6,0,2024,0.016020411255411256,1,0,0,0,1,0,0,0,0
0,1,0,8,3.96222,18,179566,14.7,18.0,6,309.4791666666667,3,22.8,33,0.0,0,2024,0.012355507797346572,1,0,0,0,0,1,0,0,0
0,1,0,8,3.96222,18,179566,14.7,18.0,6,309.4791666666667,3,22.8,33,0.0,0,2024,0.012355507797346572,1,0,0,0,0,1,0,0,0
1,1,0,8,3.96222,17,27547,19.9,20.0,5,309.4791666666667,3,20.9,33,19.6,0,2024,0.012355507797346572,1,0,0,0,1,0,0,0,0
1,1,0,8,3.96222,17,27547,19.9,20.0,5,309.4791666666667,3,20.9,33,19.6,0,2024,0.012355507797346572,1,0,0,0,1,0,0,0,0
0,0,0,8,3.96222,16,35837,19.5,23.0,4,309.4791666666667,3,27.0,33,0.8,0,2024,0.012355507797346572,1,0,0,0,0,0,0,0,0
0,0,0,8,3.96222,16,35837,19.5,23.0,4,309.4791666666667,3,27.0,33,0.8,0,2024,0.012355507797346572,1,0,0,0,0,0,0,0,0
0,1,0,8,3.96222,18,185914,14.7,18.0,6,309.4791666666667,3,22.8,33,0.0,0,2024,0.012355507797346572,1,0,0,0,0,1,0,0,0
0,1,0,8,3.96222,18,185914,14.7,18.0,6,309.4791666666667,3,22.8,33,0.0,0,2024,0.012355507797346572,1,0,0,0,0,1,0,0,0
0,1,0,8,3.96222,18,160526,14.7,18.0,6,309.4791666666667,3,22.8,33,0.0,0,2024,0.012355507797346572,1,0,0,0,0,1,0,0,0
1,1,0,8,3.96222,17,160526,19.9,20.0,5,309.4791666666667,3,20.9,33,19.6,0,2024,0.012355507797346572,1,0,0,0,1,0,0,0,0
1,1,0,8,3.96222,17,160526,19.9,20.0,5,309.4791666666667,3,20.9,33,19.6,0,2024,0.012355507797346572,1,0,0,0,1,0,0,0,0
0,0,0,2,1.2058083928571428,16,185914,12.3,13.5,4,50.92261904761905,1,14.9,7,0.4,0,2024,0.02322318124498452,0,1,0,0,0,0,0,0,0
0,1,0,8,3.96222,18,161450,14.7,18.0,6,309.4791666666667,3,22.8,33,0.0,0,2024,0.012355507797346572,1,0,0,0,0,1,0,0,0
0,1,0,8,3.96222,18,161450,14.7,18.0,6,309.4791666666667,3,22.8,33,0.0,0,2024,0.012355507797346572,1,0,0,0,0,1,0,0,0
0,1,0,8,3.96222,18,161450,14.7,18.0,6,309.4791666666667,3,22.8,33,0.0,0,2024,0.012355507797346572,1,0,0,0,0,1,0,0,0
0,1,0,8,3.96222,18,161450,14.7,18.0,6,309.4791666666667,3,22.8,33,0.0,0,2024,0.012355507797346572,1,0,0,0,0,1,0,0,0
0,1,0,8,3.96222,18,161450,14.7,18.0,6,309.4791666666667,3,22.8,33,0.0,0,2024,0.012355507797346572,1,0,0,0,0,1,0,0,0
0,1,0,8,2.19222,18,19979,14.7,18.0,6,672.4404761904761,3,22.8,33,0.0,1,2024,0.0032552542912195727,1,0,0,0,0,1,0,0,0
0,1,0,8,2.19222,18,19979,14.7,18.0,6,672.4404761904761,3,22.8,33,0.0,1,2024,0.0032552542912195727,1,0,0,0,0,1,0,0,0
0,0,0,2,3.96222,15,185914,10.9,15.0,3,309.4791666666667,1,19.7,7,0.0,0,2024,0.012355507797346572,0,1,0,0,0,0,1,0,0
0,0,0,2,3.96222,15,185914,10.9,15.0,3,309.4791666666667,1,19.7,7,0.0,0,2024,0.012355507797346572,0,1,0,0,0,0,1,0,0
0,0,0,2,5.5864094642857145,16,185914,12.3,13.5,4,304.2916666666667,1,14.9,7,0.4,0,2024,0.018298597944978456,0,1,0,0,0,0,0,0,0
0,0,0,2,5.5864094642857145,16,185914,12.3,13.5,4,304.2916666666667,1,14.9,7,0.4,0,2024,0.018298597944978456,0,1,0,0,0,0,0,0,0
0,0,0,2,3.96222,16,183839,12.3,13.5,4,309.4791666666667,1,14.9,7,0.4,0,2024,0.012355507797346572,0,1,0,0,0,0,0,0,0
0,0,0,2,3.96222,16,183839,12.3,13.5,4,309.4791666666667,1,14.9,7,0.4,0,2024,0.012355507797346572,0,1,0,0,0,0,0,0,0
0,0,0,2,2.8843332142857143,16,183839,12.3,13.5,4,299.9404761904762,1,14.9,7,0.4,0,2024,0.009584397721428854,0,1,0,0,0,0,0,0,0
0,0,0,2,2.8843332142857143,16,183839,12.3,13.5,4,299.9404761904762,1,14.9,7,0.4,0,2024,0.009584397721428854,0,1,0,0,0,0,0,0,0
0,0,0,2,3.96222,16,183839,12.3,13.5,4,309.4791666666667,1,14.9,7,0.4,0,2024,0.012355507797346572,0,1,0,0,0,0,0,0,0
0,0,0,2,3.96222,16,183839,12.3,13.5,4,309.4791666666667,1,14.9,7,0.4,0,2024,0.012355507797346572,0,1,0,0,0,0,0,0,0
0,0,0,2,3.94667,16,161450,12.3,13.5,4,241.9642857142857,1,14.9,7,0.4,0,2024,0.016243827723063355,0,1,0,0,0,0,0,0,0
0,0,0,2,3.94667,16,161450,12.3,13.5,4,241.9642857142857,1,14.9,7,0.4,0,2024,0.016243827723063355,0,1,0,0,0,0,0,0,0
0,0,0,2,3.96222,15,161450,10.9,15.0,3,309.4791666666667,1,19.7,7,0.0,0,2024,0.012355507797346572,0,1,0,0,0,0,1,0,0
0,0,0,2,3.96222,15,161450,10.9,15.0,3,309.4791666666667,1,19.7,7,0.0,0,2024,0.012355507797346572,0,1,0,0,0,0,1,0,0
0,0,0,2,1.407673333333333,16,182347,12.3,13.5,4,186.10119047619048,1,14.9,7,0.4,0,2024,0.007523593675436642,0,1,0,0,0,0,0,0,0
0,0,0,2,1.407673333333333,16,182347,12.3,13.5,4,186.10119047619048,1,14.9,7,0.4,0,2024,0.007523593675436642,0,1,0,0,0,0,0,0,0
0,0,0,2,3.96222,15,138907,10.9,15.0,3,309.4791666666667,1,19.7,7,0.0,0,2024,0.012355507797346572,0,1,0,0,0,0,1,0,0
0,0,0,2,3.96222,15,138907,10.9,15.0,3,309.4791666666667,1,19.7,7,0.0,0,2024,0.012355507797346572,0,1,0,0,0,0,1,0,0
0,0,0,2,3.94667,14,138907,10.0,12.9,2,273.7261904761905,1,16.6,7,0.0,0,2024,0.014365830913896954,0,1,0,0,0,0,0,0,1
0,0,0,2,3.94667,14,138907,10.0,12.9,2,273.7261904761905,1,16.6,7,0.0,0,2024,0.014365830913896954,0,1,0,0,0,0,0,0,1
0,0,0,2,2.67076875,16,57934,12.3,13.5,4,190.77380952380952,1,14.9,7,0.4,0,2024,0.013926660562418525,0,1,0,0,0,0,0,0,0
0,0,0,2,2.67076875,16,57934,12.3,13.5,4,190.77380952380952,1,14.9,7,0.4,0,2024,0.013926660562418525,0,1,0,0,0,0,0,0,0
0,0,0,2,2.67076875,16,57934,12.3,13.5,4,190.77380952380952,1,14.9,7,0.4,0,2024,0.013926660562418525,0,1,0,0,0,0,0,0,0
0,0,0,2,2.67076875,16,57934,12.3,13.5,4,190.77380952380952,1,14.9,7,0.4,0,2024,0.013926660562418525,0,1,0,0,0,0,0,0,0
1,0,0,3,3.6202234666666655,29,182347,9.2,11.5,4,433.6,1,16.1,13,14.0,1,2024,0.008330012578616349,0,0,1,0,0,0,0,0,0
0,0,0,2,3.96222,16,35837,12.3,13.5,4,309.4791666666667,1,14.9,7,0.4,0,2024,0.012355507797346572,0,1,0,0,0,0,0,0,0
0,0,0,2,3.96222,16,35837,12.3,13.5,4,309.4791666666667,1,14.9,7,0.4,0,2024,0.012355507797346572,0,1,0,0,0,0,0,0,0
0,1,0,7,1.9310166071428567,13,179566,12.5,17.5,5,280.11309523809524,3,25.3,28,0.2,0,2024,0.006869180553496939,1,0,0,0,1,0,0,0,0
0,1,0,7,1.9310166071428567,13,179566,12.5,17.5,5,280.11309523809524,3,25.3,28,0.2,0,2024,0.006869180553496939,1,0,0,0,1,0,0,0,0
1,0,0,7,14.673511904761906,12,137426,14.2,16.6,4,1505.6130952380952,3,22.4,28,1.4,1,2024,0.009739402870677294,1,0,0,0,0,0,0,0,0
1,0,0,7,14.673511904761906,12,137426,14.2,16.6,4,1505.6130952380952,3,22.4,28,1.4,1,2024,0.009739402870677294,1,0,0,0,0,0,0,0,0
0,1,0,7,3.81945,13,185914,12.5,17.5,5,253.0595238095238,3,25.3,28,0.2,0,2024,0.015033681645658591,1,0,0,0,1,0,0,0,0
0,1,0,7,3.81945,13,185914,12.5,17.5,5,253.0595238095238,3,25.3,28,0.2,0,2024,0.015033681645658591,1,0,0,0,1,0,0,0,0
0,1,0,7,3.96222,13,161450,12.5,17.5,5,309.4791666666667,3,25.3,28,0.2,0,2024,0.012355507797346572,1,0,0,0,1,0,0,0,0
0,1,0,7,3.96222,13,161450,12.5,17.5,5,309.4791666666667,3,25.3,28,0.2,0,2024,0.012355507797346572,1,0,0,0,1,0,0,0,0
0,1,0,7,14.673511904761906,13,137426,12.5,17.5,5,1505.6130952380952,3,25.3,28,0.2,1,2024,0.009739402870677294,1,0,0,0,1,0,0,0,0
0,1,0,7,14.673511904761906,13,137426,12.5,17.5,5,1505.6130952380952,3,25.3,28,0.2,1,2024,0.009739402870677294,1,0,0,0,1,0,0,0,0
1,0,0,7,1.1206287499999998,12,138907,14.2,16.6,4,295.3928571428572,3,22.4,28,1.4,0,2024,0.003780889866248944,1,0,0,0,0,0,0,0,0
1,0,0,7,1.1206287499999998,12,138907,14.2,16.6,4,295.3928571428572,3,22.4,28,1.4,0,2024,0.003780889866248944,1,0,0,0,0,0,0,0,0
1,0,0,7,3.81945,12,138907,14.2,16.6,4,171.0952380952381,3,22.4,28,1.4,0,2024,0.02219381571665744,1,0,0,0,0,0,0,0,0
1,0,0,7,3.81945,12,138907,14.2,16.6,4,171.0952380952381,3,22.4,28,1.4,0,2024,0.02219381571665744,1,0,0,0,0,0,0,0,0
0,1,0,7,2.6058277380952384,13,84310,12.5,17.5,5,186.3392857142857,3,25.3,28,0.2,0,2024,0.013909670511231853,1,0,0,0,1,0,0,0,0
0,1,0,7,2.6058277380952384,13,84310,12.5,17.5,5,186.3392857142857,3,25.3,28,0.2,0,2024,0.013909670511231853,1,0,0,0,1,0,0,0,0
0,1,0,7,2.6058277380952384,13,84310,12.5,17.5,5,186.3392857142857,3,25.3,28,0.2,0,2024,0.013909670511231853,1,0,0,0,1,0,0,0,0
0,1,0,7,9.394214107142856,13,57934,12.5,17.5,5,309.42261904761904,3,25.3,28,0.2,0,2024,0.030262659776418475,1,0,0,0,1,0,0,0,0
0,1,0,7,9.394214107142856,13,57934,12.5,17.5,5,309.42261904761904,3,25.3,28,0.2,0,2024,0.030262659776418475,1,0,0,0,1,0,0,0,0
0,1,0,7,9.394214107142856,13,57934,12.5,17.5,5,309.42261904761904,3,25.3,28,0.2,0,2024,0.030262659776418475,1,0,0,0,1,0,0,0,0
0,1,0,7,9.394214107142856,13,57934,12.5,17.5,5,309.42261904761904,3,25.3,28,0.2,0,2024,0.030262659776418475,1,0,0,0,1,0,0,0,0
0,1,0,7,3.96222,13,57934,12.5,17.5,5,309.4791666666667,3,25.3,28,0.2,0,2024,0.012355507797346572,1,0,0,0,1,0,0,0,0
0,1,0,7,3.96222,13,57934,12.5,17.5,5,309.4791666666667,3,25.3,28,0.2,0,2024,0.012355507797346572,1,0,0,0,1,0,0,0,0
0,1,0,7,3.96222,13,57934,12.5,17.5,5,309.4791666666667,3,25.3,28,0.2,0,2024,0.012355507797346572,1,0,0,0,1,0,0,0,0
1,0,0,7,3.96222,12,48784,14.2,16.6,4,309.4791666666667,3,22.4,28,1.4,0,2024,0.012355507797346572,1,0,0,0,0,0,0,0,0
1,0,0,7,3.96222,12,48784,14.2,16.6,4,309.4791666666667,3,22.4,28,1.4,0,2024,0.012355507797346572,1,0,0,0,0,0,0,0,0
0,1,0,7,3.0736122619047617,13,48784,12.5,17.5,5,338.1607142857143,3,25.3,28,0.2,1,2024,0.009062406500640587,1,0,0,0,1,0,0,0,0
0,1,0,7,3.0736122619047617,13,48784,12.5,17.5,5,338.1607142857143,3,25.3,28,0.2,1,2024,0.009062406500640587,1,0,0,0,1,0,0,0,0
0,0,0,6,14.951785714285714,11,137426,9.2,13.7,1,1560.3511904761904,2,19.3,24,0.8,1,2024,0.009576183632156215,1,0,0,0,0,0,0,1,0
0,0,0,6,14.951785714285714,11,137426,9.2,13.7,1,1560.3511904761904,2,19.3,24,0.8,1,2024,0.009576183632156215,1,0,0,0,0,0,0,1,0
0,0,0,6,14.951785714285714,11,137426,9.2,13.7,1,1560.3511904761904,2,19.3,24,0.8,1,2024,0.009576183632156215,1,0,0,0,0,0,0,1,0
1,1,0,8,3.96222,17,160526,19.9,20.0,5,309.4791666666667,3,20.9,33,19.6,0,2024,0.012355507797346572,1,0,0,0,1,0,0,0,0
1,1,0,8,3.96222,17,160526,19.9,20.0,5,309.4791666666667,3,20.9,33,19.6,0,2024,0.012355507797346572,1,0,0,0,1,0,0,0,0
1,1,0,8,0.0,17,161450,19.9,20.0,5,0.0,3,20.9,33,19.6,0,2024,0.0,1,0,0,0,1,0,0,0,0
1,1,0,8,0.0,17,161450,19.9,20.0,5,0.0,3,20.9,33,19.6,0,2024,0.0,1,0,0,0,1,0,0,0,0
1,1,0,8,1.27891,17,231476,19.9,20.0,5,329.2797619047619,3,20.9,33,19.6,1,2024,0.0038722021374375977,1,0,0,0,1,0,0,0,0
1,1,0,8,1.27891,17,231476,19.9,20.0,5,329.2797619047619,3,20.9,33,19.6,1,2024,0.0038722021374375977,1,0,0,0,1,0,0,0,0
1,1,0,8,2.19222,17,231476,19.9,20.0,5,108.01785714285714,3,20.9,33,19.6,0,2024,0.020108815724815723,1,0,0,0,1,0,0,0,0
0,0,0,8,9.926488095238096,16,137426,19.5,23.0,4,1228.0357142857142,3,27.0,33,0.8,1,2024,0.008076647391005339,1,0,0,0,0,0,0,0,0
0,0,0,8,9.926488095238096,16,137426,19.5,23.0,4,1228.0357142857142,3,27.0,33,0.8,1,2024,0.008076647391005339,1,0,0,0,0,0,0,0,0
1,1,0,8,1.5319743452380952,17,84310,19.9,20.0,5,408.45238095238096,3,20.9,33,19.6,1,2024,0.0037415201779380123,1,0,0,0,1,0,0,0,0
1,1,0,8,1.5319743452380952,17,84310,19.9,20.0,5,408.45238095238096,3,20.9,33,19.6,1,2024,0.0037415201779380123,1,0,0,0,1,0,0,0,0
1,1,0,9,15.872619047619049,21,160526,14.2,19.5,5,4442.446428571428,3,25.1,38,3.6,1,2024,0.0035721414228284303,0,0,0,0,1,0,0,0,0
1,1,0,9,15.872619047619049,21,160526,14.2,19.5,5,4442.446428571428,3,25.1,38,3.6,1,2024,0.0035721414228284303,0,0,0,0,1,0,0,0,0
0,0,0,9,3.96222,20,182347,13.4,18.8,4,309.4791666666667,3,26.5,38,1.0,0,2024,0.012355507797346572,0,0,0,0,0,0,0,0,0
0,0,0,9,3.96222,20,182347,13.4,18.8,4,309.4791666666667,3,26.5,38,1.0,0,2024,0.012355507797346572,0,0,0,0,0,0,0,0,0
1,1,0,9,3.96222,21,55932,14.2,19.5,5,309.4791666666667,3,25.1,38,3.6,0,2024,0.012355507797346572,0,0,0,0,1,0,0,0,0
1,1,0,9,3.96222,21,55932,14.2,19.5,5,309.4791666666667,3,25.1,38,3.6,0,2024,0.012355507797346572,0,0,0,0,1,0,0,0,0
1,1,0,9,3.6674451190476174,22,179566,16.8,17.8,6,419.875,3,20.6,38,7.8,1,2024,0.008713858316715456,0,0,0,0,0,1,0,0,0
1,1,0,9,3.6674451190476174,22,179566,16.8,17.8,6,419.875,3,20.6,38,7.8,1,2024,0.008713858316715456,0,0,0,0,0,1,0,0,0
1,1,0,9,3.6674451190476174,22,179566,16.8,17.8,6,419.875,3,20.6,38,7.8,1,2024,0.008713858316715456,0,0,0,0,0,1,0,0,0
1,1,0,9,3.96222,22,84310,16.8,17.8,6,309.4791666666667,3,20.6,38,7.8,0,2024,0.012355507797346572,0,0,0,0,0,1,0,0,0
1,1,0,9,3.96222,22,84310,16.8,17.8,6,309.4791666666667,3,20.6,38,7.8,0,2024,0.012355507797346572,0,0,0,0,0,1,0,0,0
1,1,0,9,3.96222,22,160526,16.8,17.8,6,309.4791666666667,3,20.6,38,7.8,0,2024,0.012355507797346572,0,0,0,0,0,1,0,0,0
1,1,0,9,3.96222,22,160526,16.8,17.8,6,309.4791666666667,3,20.6,38,7.8,0,2024,0.012355507797346572,0,0,0,0,0,1,0,0,0
1,1,0,9,3.85167,22,160526,16.8,17.8,6,208.48809523809524,3,20.6,38,7.8,0,2024,0.018386104449622093,0,0,0,0,0,1,0,0,0
1,1,0,9,3.85167,22,160526,16.8,17.8,6,208.48809523809524,3,20.6,38,7.8,0,2024,0.018386104449622093,0,0,0,0,0,1,0,0,0
1,1,0,9,3.96222,21,160526,14.2,19.5,5,309.4791666666667,3,25.1,38,3.6,0,2024,0.012355507797346572,0,0,0,0,1,0,0,0,0
1,1,0,9,3.85167,21,160526,14.2,19.5,5,71.92261904761905,3,25.1,38,3.6,0,2024,0.052818591135417516,0,0,0,0,1,0,0,0,0
1,1,0,9,3.85167,21,160526,14.2,19.5,5,71.92261904761905,3,25.1,38,3.6,0,2024,0.052818591135417516,0,0,0,0,1,0,0,0,0
1,1,0,9,3.85167,21,160526,14.2,19.5,5,71.92261904761905,3,25.1,38,3.6,0,2024,0.052818591135417516,0,0,0,0,1,0,0,0,0
1,1,0,9,9.287098154761903,22,231476,16.8,17.8,6,361.4345238095238,3,20.6,38,7.8,1,2024,0.025624209463121415,0,0,0,0,0,1,0,0,0
1,1,0,9,9.287098154761903,22,231476,16.8,17.8,6,361.4345238095238,3,20.6,38,7.8,1,2024,0.025624209463121415,0,0,0,0,0,1,0,0,0
1,1,0,9,3.96222,22,231476,16.8,17.8,6,309.4791666666667,3,20.6,38,7.8,0,2024,0.012355507797346572,0,0,0,0,0,1,0,0,0
1,1,0,9,3.96222,21,231476,14.2,19.5,5,309.4791666666667,3,25.1,38,3.6,0,2024,0.012355507797346572,0,0,0,0,1,0,0,0,0
1,1,0,9,3.96222,21,231476,14.2,19.5,5,309.4791666666667,3,25.1,38,3.6,0,2024,0.012355507797346572,0,0,0,0,1,0,0,0,0
1,1,0,9,3.96222,21,231476,14.2,19.5,5,309.4791666666667,3,25.1,38,3.6,0,2024,0.012355507797346572,0,0,0,0,1,0,0,0,0
1,1,0,9,3.96222,21,231476,14.2,19.5,5,309.4791666666667,3,25.1,38,3.6,0,2024,0.012355507797346572,0,0,0,0,1,0,0,0,0
1,1,0,9,14.469940476190477,22,137426,16.8,17.8,6,1426.547619047619,3,20.6,38,7.8,1,2024,0.010136222626215455,0,0,0,0,0,1,0,0,0
1,1,0,9,14.469940476190477,22,137426,16.8,17.8,6,1426.547619047619,3,20.6,38,7.8,1,2024,0.010136222626215455,0,0,0,0,0,1,0,0,0
1,1,0,9,0.9862279166666668,22,182347,16.8,17.8,6,131.2797619047619,3,20.6,38,7.8,0,2024,0.007455622103226388,0,0,0,0,0,1,0,0,0
1,1,0,9,0.9862279166666668,22,182347,16.8,17.8,6,131.2797619047619,3,20.6,38,7.8,0,2024,0.007455622103226388,0,0,0,0,0,1,0,0,0
1,1,0,9,13.832733035714288,22,19979,16.8,17.8,6,301.6666666666667,3,20.6,38,7.8,0,2024,0.04570286245280051,0,0,0,0,0,1,0,0,0
1,1,0,9,13.832733035714288,22,19979,16.8,17.8,6,301.6666666666667,3,20.6,38,7.8,0,2024,0.04570286245280051,0,0,0,0,0,1,0,0,0
1,1,0,9,13.832733035714288,22,19979,16.8,17.8,6,301.6666666666667,3,20.6,38,7.8,0,2024,0.04570286245280051,0,0,0,0,0,1,0,0,0
1,1,0,9,3.96222,22,19979,16.8,17.8,6,309.4791666666667,3,20.6,38,7.8,0,2024,0.012355507797346572,0,0,0,0,0,1,0,0,0
1,1,0,9,3.96222,22,19979,16.8,17.8,6,309.4791666666667,3,20.6,38,7.8,0,2024,0.012355507797346572,0,0,0,0,0,1,0,0,0
0,0,0,1,12.34047619047619,4,137426,8.3,10.1,3,1381.3630952380952,1,11.6,1,0.2,1,2024,0.00892708741501139,0,1,0,0,0,0,1,0,0
0,0,0,1,12.34047619047619,4,137426,8.3,10.1,3,1381.3630952380952,1,11.6,1,0.2,1,2024,0.00892708741501139,0,1,0,0,0,0,1,0,0
1,0,0,1,1.048837023809524,3,182347,10.4,11.2,2,131.64285714285714,1,13.0,1,3.2,0,2024,0.007907225812241968,0,1,0,0,0,0,0,0,1
1,0,0,1,1.048837023809524,3,182347,10.4,11.2,2,131.64285714285714,1,13.0,1,3.2,0,2024,0.007907225812241968,0,1,0,0,0,0,0,0,1
1,0,0,1,1.048837023809524,3,182347,10.4,11.2,2,131.64285714285714,1,13.0,1,3.2,0,2024,0.007907225812241968,0,1,0,0,0,0,0,0,1
1,0,0,1,3.36834,3,160526,10.4,11.2,2,201.29166666666663,1,13.0,1,3.2,0,2024,0.016650908341915554,0,1,0,0,0,0,0,0,1
0,0,0,1,3.96222,4,41158,8.3,10.1,3,309.4791666666667,1,11.6,1,0.2,0,2024,0.012355507797346572,0,1,0,0,0,0,1,0,0
0,0,0,1,3.96222,4,41158,8.3,10.1,3,309.4791666666667,1,11.6,1,0.2,0,2024,0.012355507797346572,0,1,0,0,0,0,1,0,0
0,0,0,1,3.96222,4,179566,8.3,10.1,3,309.4791666666667,1,11.6,1,0.2,0,2024,0.012355507797346572,0,1,0,0,0,0,1,0,0
0,0,0,1,3.96222,4,161450,8.3,10.1,3,309.4791666666667,1,11.6,1,0.2,0,2024,0.012355507797346572,0,1,0,0,0,0,1,0,0
0,0,0,1,3.96222,4,161450,8.3,10.1,3,309.4791666666667,1,11.6,1,0.2,0,2024,0.012355507797346572,0,1,0,0,0,0,1,0,0
1,0,0,1,3.878209523809524,3,161450,10.4,11.2,2,816.5714285714286,1,13.0,1,3.2,1,2024,0.004743572718271303,0,1,0,0,0,0,0,0,1
1,0,0,1,3.48382380952381,3,161450,10.4,11.2,2,210.36309523809524,1,13.0,1,3.2,0,2024,0.016482649469148666,0,1,0,0,0,0,0,0,1
1,0,0,1,3.48382380952381,3,161450,10.4,11.2,2,210.36309523809524,1,13.0,1,3.2,0,2024,0.016482649469148666,0,1,0,0,0,0,0,0,1
1,0,0,1,3.96222,3,161450,10.4,11.2,2,309.4791666666667,1,13.0,1,3.2,0,2024,0.012355507797346572,0,1,0,0,0,0,0,0,1
1,0,0,1,3.96222,3,161450,10.4,11.2,2,309.4791666666667,1,13.0,1,3.2,0,2024,0.012355507797346572,0,1,0,0,0,0,0,0,1
1,0,0,1,3.878209523809524,3,161450,10.4,11.2,2,816.5714285714286,1,13.0,1,3.2,1,2024,0.004743572718271303,0,1,0,0,0,0,0,0,1
1,0,0,1,3.878209523809524,3,161450,10.4,11.2,2,816.5714285714286,1,13.0,1,3.2,1,2024,0.004743572718271303,0,1,0,0,0,0,0,0,1
0,0,0,1,3.96222,4,182347,8.3,10.1,3,309.4791666666667,1,11.6,1,0.2,0,2024,0.012355507797346572,0,1,0,0,0,0,1,0,0
0,0,0,1,3.36834,4,48784,8.3,10.1,3,767.4761904761905,1,11.6,1,0.2,1,2024,0.0043831416532407975,0,1,0,0,0,0,1,0,0
0,0,0,1,3.96222,4,48784,8.3,10.1,3,309.4791666666667,1,11.6,1,0.2,0,2024,0.012355507797346572,0,1,0,0,0,0,1,0,0
0,0,0,1,3.96222,4,48784,8.3,10.1,3,309.4791666666667,1,11.6,1,0.2,0,2024,0.012355507797346572,0,1,0,0,0,0,1,0,0
0,0,0,3,3.96222,28,137426,6.6,10.0,3,521.12,1,13.4,13,0.6,1,2024,0.00758871523787635,0,0,1,0,0,0,1,0,0
0,0,0,3,3.96222,28,137426,6.6,10.0,3,521.12,1,13.4,13,0.6,1,2024,0.00758871523787635,0,0,1,0,0,0,1,0,0
0,0,0,3,3.96222,28,182347,6.6,10.0,3,309.4791666666667,1,13.4,13,0.6,0,2024,0.012355507797346572,0,0,1,0,0,0,1,0,0
0,0,0,3,3.96222,28,182347,6.6,10.0,3,309.4791666666667,1,13.4,13,0.6,0,2024,0.012355507797346572,0,0,1,0,0,0,1,0,0
1,0,0,3,1.1802124,27,185914,6.5,9.4,2,53.7,1,13.6,13,4.2,0,2024,0.021576095063985376,0,0,1,0,0,0,0,0,1
1,0,0,3,1.1802124,27,185914,6.5,9.4,2,53.7,1,13.6,13,4.2,0,2024,0.021576095063985376,0,0,1,0,0,0,0,0,1
1,0,0,3,1.1802124,27,185914,6.5,9.4,2,53.7,1,13.6,13,4.2,0,2024,0.021576095063985376,0,0,1,0,0,0,0,0,1
1,0,0,3,1.1802124,27,185914,6.5,9.4,2,53.7,1,13.6,13,4.2,0,2024,0.021576095063985376,0,0,1,0,0,0,0,0,1
0,0,0,3,3.96222,28,41158,6.6,10.0,3,309.4791666666667,1,13.4,13,0.6,0,2024,0.012355507797346572,0,0,1,0,0,0,1,0,0
0,0,0,3,3.96222,28,41158,6.6,10.0,3,309.4791666666667,1,13.4,13,0.6,0,2024,0.012355507797346572,0,0,1,0,0,0,1,0,0
0,0,0,3,3.96222,28,41158,6.6,10.0,3,309.4791666666667,1,13.4,13,0.6,0,2024,0.012355507797346572,0,0,1,0,0,0,1,0,0
0,0,0,3,3.96222,28,179566,6.6,10.0,3,251.32,1,13.4,13,0.6,0,2024,0.0157031547241598,0,0,1,0,0,0,1,0,0
0,0,0,3,3.96222,28,179566,6.6,10.0,3,251.32,1,13.4,13,0.6,0,2024,0.0157031547241598,0,0,1,0,0,0,1,0,0
0,0,0,3,5.878194,28,179566,6.6,10.0,3,377.76,1,13.4,13,0.6,1,2024,0.01551957440067589,0,0,1,0,0,0,1,0,0
0,0,0,3,5.878194,28,179566,6.6,10.0,3,377.76,1,13.4,13,0.6,1,2024,0.01551957440067589,0,0,1,0,0,0,1,0,0
0,0,0,3,3.96222,28,183839,6.6,10.0,3,309.4791666666667,1,13.4,13,0.6,0,2024,0.012355507797346572,0,0,1,0,0,0,1,0,0
0,0,0,3,3.96222,28,183839,6.6,10.0,3,309.4791666666667,1,13.4,13,0.6,0,2024,0.012355507797346572,0,0,1,0,0,0,1,0,0
1,0,0,3,3.96222,27,160526,6.5,9.4,2,309.4791666666667,1,13.6,13,4.2,0,2024,0.012355507797346572,0,0,1,0,0,0,0,0,1
1,0,0,3,3.96222,27,160526,6.5,9.4,2,309.4791666666667,1,13.6,13,4.2,0,2024,0.012355507797346572,0,0,1,0,0,0,0,0,1
1,0,0,3,3.96222,27,160526,6.5,9.4,2,309.4791666666667,1,13.6,13,4.2,0,2024,0.012355507797346572,0,0,1,0,0,0,0,0,1
0,0,0,3,3.96222,28,231476,6.6,10.0,3,224.41333333333333,1,13.4,13,0.6,0,2024,0.017577576008517688,0,0,1,0,0,0,1,0,0
0,0,0,3,3.96222,28,231476,6.6,10.0,3,224.41333333333333,1,13.4,13,0.6,0,2024,0.017577576008517688,0,0,1,0,0,0,1,0,0
0,0,0,5,3.96222,3,41158,9.9,13.3,4,309.4791666666667,2,18.4,18,0.0,0,2024,0.012355507797346572,0,0,1,0,0,0,0,0,0
0,0,0,5,3.96222,3,41158,9.9,13.3,4,309.4791666666667,2,18.4,18,0.0,0,2024,0.012355507797346572,0,0,1,0,0,0,0,0,0
0,0,0,3,3.96222,28,137426,6.6,10.0,3,309.4791666666667,1,13.4,13,0.6,0,2024,0.012355507797346572,0,0,1,0,0,0,1,0,0
0,0,0,3,3.96222,28,137426,6.6,10.0,3,309.4791666666667,1,13.4,13,0.6,0,2024,0.012355507797346572,0,0,1,0,0,0,1,0,0
0,0,0,3,23.917327066666665,28,138907,6.6,10.0,3,1109.8133333333333,1,13.4,13,0.6,1,2024,0.021531364765757222,0,0,1,0,0,0,1,0,0
0,0,0,3,23.917327066666665,28,138907,6.6,10.0,3,1109.8133333333333,1,13.4,13,0.6,1,2024,0.021531364765757222,0,0,1,0,0,0,1,0,0
0,0,0,5,3.96222,3,48784,9.9,13.3,4,309.4791666666667,2,18.4,18,0.0,0,2024,0.012355507797346572,0,0,1,0,0,0,0,0,0
0,0,0,5,3.96222,3,48784,9.9,13.3,4,309.4791666666667,2,18.4,18,0.0,0,2024,0.012355507797346572,0,0,1,0,0,0,0,0,0
0,1,0,5,2.3639192500000004,4,179566,7.5,11.5,5,181.63749999999996,2,14.9,18,0.4,0,2024,0.01294323044281706,0,0,1,0,1,0,0,0,0
0,1,0,5,2.3639192500000004,4,179566,7.5,11.5,5,181.63749999999996,2,14.9,18,0.4,0,2024,0.01294323044281706,0,0,1,0,1,0,0,0,0
1,0,0,3,3.96222,27,138907,6.5,9.4,2,309.4791666666667,1,13.6,13,4.2,0,2024,0.012355507797346572,0,0,1,0,0,0,0,0,1
1,0,0,3,3.96222,27,138907,6.5,9.4,2,309.4791666666667,1,13.6,13,4.2,0,2024,0.012355507797346572,0,0,1,0,0,0,0,0,1
0,1,0,5,3.96222,4,160526,7.5,11.5,5,309.4791666666667,2,14.9,18,0.4,0,2024,0.012355507797346572,0,0,1,0,1,0,0,0,0
0,1,0,5,3.96222,4,160526,7.5,11.5,5,309.4791666666667,2,14.9,18,0.4,0,2024,0.012355507797346572,0,0,1,0,1,0,0,0,0
1,0,0,3,3.96222,27,138907,6.5,9.4,2,309.4791666666667,1,13.6,13,4.2,0,2024,0.012355507797346572,0,0,1,0,0,0,0,0,1
1,0,0,3,3.96222,27,138907,6.5,9.4,2,309.4791666666667,1,13.6,13,4.2,0,2024,0.012355507797346572,0,0,1,0,0,0,0,0,1
0,0,0,3,3.96222,28,48784,6.6,10.0,3,309.4791666666667,1,13.4,13,0.6,0,2024,0.012355507797346572,0,0,1,0,0,0,1,0,0
0,0,0,3,3.96222,28,48784,6.6,10.0,3,309.4791666666667,1,13.4,13,0.6,0,2024,0.012355507797346572,0,0,1,0,0,0,1,0,0
0,1,0,5,3.80917,4,57934,7.5,11.5,5,463.23541666666665,2,14.9,18,0.4,1,2024,0.008205255056477272,0,0,1,0,1,0,0,0,0
0,1,0,5,3.80917,4,57934,7.5,11.5,5,463.23541666666665,2,14.9,18,0.4,1,2024,0.008205255056477272,0,0,1,0,1,0,0,0,0
0,1,0,5,3.80917,4,57934,7.5,11.5,5,463.23541666666665,2,14.9,18,0.4,1,2024,0.008205255056477272,0,0,1,0,1,0,0,0,0
1,0,0,3,3.96222,27,57934,6.5,9.4,2,428.1666666666667,1,13.6,13,4.2,1,2024,0.009232357281553397,0,0,1,0,0,0,0,0,1
1,0,0,3,3.96222,27,57934,6.5,9.4,2,428.1666666666667,1,13.6,13,4.2,1,2024,0.009232357281553397,0,0,1,0,0,0,0,0,1
0,0,0,5,3.80917,3,19979,9.9,13.3,4,894.0958333333334,2,18.4,18,0.0,1,2024,0.004255600191785796,0,0,1,0,0,0,0,0,0
0,0,0,5,3.80917,3,19979,9.9,13.3,4,894.0958333333334,2,18.4,18,0.0,1,2024,0.004255600191785796,0,0,1,0,0,0,0,0,0
0,1,0,5,3.4405985416666667,4,48784,7.5,11.5,5,757.24375,2,14.9,18,0.4,1,2024,0.004537589055850004,0,0,1,0,1,0,0,0,0
0,1,0,5,8.408030291666668,4,231476,7.5,11.5,5,275.63125,2,14.9,18,0.4,0,2024,0.030394361778239686,0,0,1,0,1,0,0,0,0
0,1,0,5,8.408030291666668,4,231476,7.5,11.5,5,275.63125,2,14.9,18,0.4,0,2024,0.030394361778239686,0,0,1,0,1,0,0,0,0
0,1,0,5,3.96222,4,48784,7.5,11.5,5,309.4791666666667,2,14.9,18,0.4,0,2024,0.012355507797346572,0,0,1,0,1,0,0,0,0
0,1,0,5,3.96222,4,48784,7.5,11.5,5,309.4791666666667,2,14.9,18,0.4,0,2024,0.012355507797346572,0,0,1,0,1,0,0,0,0
0,1,0,5,3.96222,4,48784,7.5,11.5,5,309.4791666666667,2,14.9,18,0.4,0,2024,0.012355507797346572,0,0,1,0,1,0,0,0,0
0,1,0,5,3.96222,4,48784,7.5,11.5,5,309.4791666666667,2,14.9,18,0.4,0,2024,0.012355507797346572,0,0,1,0,1,0,0,0,0
0,1,0,5,3.96222,4,48784,7.5,11.5,5,309.4791666666667,2,14.9,18,0.4,0,2024,0.012355507797346572,0,0,1,0,1,0,0,0,0
0,1,0,5,8.465836729166666,4,15207,7.5,11.5,5,989.8000000000001,2,14.9,18,0.4,1,2024,0.008544445628953033,0,0,1,0,1,0,0,0,0
0,1,0,5,3.96222,4,27547,7.5,11.5,5,309.4791666666667,2,14.9,18,0.4,0,2024,0.012355507797346572,0,0,1,0,1,0,0,0,0
0,1,0,5,3.96222,4,27547,7.5,11.5,5,309.4791666666667,2,14.9,18,0.4,0,2024,0.012355507797346572,0,0,1,0,1,0,0,0,0
0,1,0,5,3.96222,4,27547,7.5,11.5,5,309.4791666666667,2,14.9,18,0.4,0,2024,0.012355507797346572,0,0,1,0,1,0,0,0,0
0,0,0,5,8.465836729166666,3,15207,9.9,13.3,4,989.8000000000001,2,18.4,18,0.0,1,2024,0.008544445628953033,0,0,1,0,0,0,0,0,0
0,0,0,5,8.465836729166666,3,15207,9.9,13.3,4,989.8000000000001,2,18.4,18,0.0,1,2024,0.008544445628953033,0,0,1,0,0,0,0,0,0
0,0,0,6,3.96222,10,183839,11.9,14.9,0,309.4791666666667,2,19.7,24,0.4,0,2024,0.012355507797346572,1,0,0,1,0,0,0,0,0
0,0,0,6,3.96222,10,183839,11.9,14.9,0,309.4791666666667,2,19.7,24,0.4,0,2024,0.012355507797346572,1,0,0,1,0,0,0,0,0
0,0,0,6,3.96222,7,161450,9.8,17.4,4,309.4791666666667,2,24.1,23,0.0,0,2024,0.012355507797346572,1,0,0,0,0,0,0,0,0
0,0,0,6,3.96222,10,160526,11.9,14.9,0,309.4791666666667,2,19.7,24,0.4,0,2024,0.012355507797346572,1,0,0,1,0,0,0,0,0
0,0,0,6,3.96222,10,160526,11.9,14.9,0,309.4791666666667,2,19.7,24,0.4,0,2024,0.012355507797346572,1,0,0,1,0,0,0,0,0
0,0,0,6,3.96222,10,161450,11.9,14.9,0,309.4791666666667,2,19.7,24,0.4,0,2024,0.012355507797346572,1,0,0,1,0,0,0,0,0
0,0,0,6,3.96222,10,161450,11.9,14.9,0,309.4791666666667,2,19.7,24,0.4,0,2024,0.012355507797346572,1,0,0,1,0,0,0,0,0
0,1,0,6,3.96222,8,138907,10.3,17.7,5,309.4791666666667,2,24.7,23,0.0,0,2024,0.012355507797346572,1,0,0,0,1,0,0,0,0
0,1,0,6,3.96222,8,138907,10.3,17.7,5,309.4791666666667,2,24.7,23,0.0,0,2024,0.012355507797346572,1,0,0,0,1,0,0,0,0
0,1,0,6,3.96222,9,138887,11.5,17.3,6,309.4791666666667,2,24.0,23,0.0,0,2024,0.012355507797346572,1,0,0,0,0,1,0,0,0
0,1,0,6,3.96222,9,138887,11.5,17.3,6,309.4791666666667,2,24.0,23,0.0,0,2024,0.012355507797346572,1,0,0,0,0,1,0,0,0
0,1,0,6,3.96222,9,138887,11.5,17.3,6,309.4791666666667,2,24.0,23,0.0,0,2024,0.012355507797346572,1,0,0,0,0,1,0,0,0
0,1,0,6,3.96222,9,138887,11.5,17.3,6,309.4791666666667,2,24.0,23,0.0,0,2024,0.012355507797346572,1,0,0,0,0,1,0,0,0
0,0,0,6,8.01846005952381,10,48784,11.9,14.9,0,928.5,2,19.7,24,0.4,1,2024,0.008626638041445733,1,0,0,1,0,0,0,0,0
0,0,0,6,8.01846005952381,10,48784,11.9,14.9,0,928.5,2,19.7,24,0.4,1,2024,0.008626638041445733,1,0,0,1,0,0,0,0,0
1,0,0,7,3.81945,11,161450,16.4,21.1,3,279.73809523809524,3,26.3,28,16.7,0,2024,0.013605029259604783,1,0,0,0,0,0,1,0,0
1,0,0,7,3.81945,11,161450,16.4,21.1,3,279.73809523809524,3,26.3,28,16.7,0,2024,0.013605029259604783,1,0,0,0,0,0,1,0,0
1,0,0,7,3.81945,11,161450,16.4,21.1,3,279.73809523809524,3,26.3,28,16.7,0,2024,0.013605029259604783,1,0,0,0,0,0,1,0,0
0,0,0,6,4.1,10,19979,11.9,14.9,0,853.7797619047619,2,19.7,24,0.4,1,2024,0.00479655717498938,1,0,0,1,0,0,0,0,0
0,0,0,6,4.1,10,19979,11.9,14.9,0,853.7797619047619,2,19.7,24,0.4,1,2024,0.00479655717498938,1,0,0,1,0,0,0,0,0
0,0,0,7,3.96222,10,138907,19.6,22.4,2,309.4791666666667,3,27.2,28,0.0,0,2024,0.012355507797346572,1,0,0,0,0,0,0,0,1
0,0,0,7,3.96222,10,138907,19.6,22.4,2,309.4791666666667,3,27.2,28,0.0,0,2024,0.012355507797346572,1,0,0,0,0,0,0,0,1
0,0,0,7,3.96222,10,138907,19.6,22.4,2,309.4791666666667,3,27.2,28,0.0,0,2024,0.012355507797346572,1,0,0,0,0,0,0,0,1
1,0,0,7,3.96222,12,41158,14.2,16.6,4,309.4791666666667,3,22.4,28,1.4,0,2024,0.012355507797346572,1,0,0,0,0,0,0,0,0
1,0,0,7,3.96222,12,41158,14.2,16.6,4,309.4791666666667,3,22.4,28,1.4,0,2024,0.012355507797346572,1,0,0,0,0,0,0,0,0
0,0,0,7,3.96222,10,27547,19.6,22.4,2,309.4791666666667,3,27.2,28,0.0,0,2024,0.012355507797346572,1,0,0,0,0,0,0,0,1
0,0,0,7,3.96222,10,27547,19.6,22.4,2,309.4791666666667,3,27.2,28,0.0,0,2024,0.012355507797346572,1,0,0,0,0,0,0,0,1
0,0,0,7,3.96222,10,55932,19.6,22.4,2,309.4791666666667,3,27.2,28,0.0,0,2024,0.012355507797346572,1,0,0,0,0,0,0,0,1
0,0,0,7,3.96222,10,55932,19.6,22.4,2,309.4791666666667,3,27.2,28,0.0,0,2024,0.012355507797346572,1,0,0,0,0,0,0,0,1
1,0,0,7,6.570183154761905,12,179566,14.2,16.6,4,408.2619047619048,3,22.4,28,1.4,1,2024,0.01605373741927977,1,0,0,0,0,0,0,0,0
1,0,0,7,3.96222,12,160526,14.2,16.6,4,309.4791666666667,3,22.4,28,1.4,0,2024,0.012355507797346572,1,0,0,0,0,0,0,0,0
1,0,0,7,3.96222,12,160526,14.2,16.6,4,309.4791666666667,3,22.4,28,1.4,0,2024,0.012355507797346572,1,0,0,0,0,0,0,0,0
1,0,0,7,3.81945,12,231476,14.2,16.6,4,389.3630952380952,3,22.4,28,1.4,1,2024,0.009784352175172688,1,0,0,0,0,0,0,0,0
1,0,0,7,3.81945,12,231476,14.2,16.6,4,389.3630952380952,3,22.4,28,1.4,1,2024,0.009784352175172688,1,0,0,0,0,0,0,0,0
1,0,0,7,3.96222,12,138907,14.2,16.6,4,309.4791666666667,3,22.4,28,1.4,0,2024,0.012355507797346572,1,0,0,0,0,0,0,0,0
1,0,0,7,3.96222,12,138907,14.2,16.6,4,309.4791666666667,3,22.4,28,1.4,0,2024,0.012355507797346572,1,0,0,0,0,0,0,0,0
1,0,0,7,3.96222,11,138887,16.4,21.1,3,309.4791666666667,3,26.3,28,16.7,0,2024,0.012355507797346572,1,0,0,0,0,0,1,0,0
1,0,0,7,3.96222,11,138887,16.4,21.1,3,309.4791666666667,3,26.3,28,16.7,0,2024,0.012355507797346572,1,0,0,0,0,0,1,0,0
1,0,0,7,3.96222,11,138887,16.4,21.1,3,309.4791666666667,3,26.3,28,16.7,0,2024,0.012355507797346572,1,0,0,0,0,0,1,0,0
1,0,0,7,3.96222,11,138887,16.4,21.1,3,309.4791666666667,3,26.3,28,16.7,0,2024,0.012355507797346572,1,0,0,0,0,0,1,0,0
1,0,0,7,3.96222,12,57934,14.2,16.6,4,309.4791666666667,3,22.4,28,1.4,0,2024,0.012355507797346572,1,0,0,0,0,0,0,0,0
1,0,0,7,3.96222,12,57934,14.2,16.6,4,309.4791666666667,3,22.4,28,1.4,0,2024,0.012355507797346572,1,0,0,0,0,0,0,0,0
0,0,0,2,1.1969950595238097,15,182347,10.9,15.0,3,154.95833333333334,1,19.7,7,0.0,0,2024,0.007675095225373078,0,1,0,0,0,0,1,0,0
0,0,0,2,1.1969950595238097,15,182347,10.9,15.0,3,154.95833333333334,1,19.7,7,0.0,0,2024,0.007675095225373078,0,1,0,0,0,0,1,0,0
0,0,0,2,3.96222,14,179566,10.0,12.9,2,309.4791666666667,1,16.6,7,0.0,0,2024,0.012355507797346572,0,1,0,0,0,0,0,0,1
0,0,0,2,3.96222,14,179566,10.0,12.9,2,309.4791666666667,1,16.6,7,0.0,0,2024,0.012355507797346572,0,1,0,0,0,0,0,0,1
1,0,0,7,3.96222,12,57934,14.2,16.6,4,309.4791666666667,3,22.4,28,1.4,0,2024,0.012355507797346572,1,0,0,0,0,0,0,0,0
0,0,0,2,3.96222,14,183839,10.0,12.9,2,309.4791666666667,1,16.6,7,0.0,0,2024,0.012355507797346572,0,1,0,0,0,0,0,0,1
1,0,0,7,12.194558273809523,12,35837,14.2,16.6,4,454.0833333333333,3,22.4,28,1.4,1,2024,0.026796319224631805,1,0,0,0,0,0,0,0,0
0,0,0,2,1.1874611904761905,14,185914,10.0,12.9,2,95.26785714285714,1,16.6,7,0.0,0,2024,0.01233497063006245,0,1,0,0,0,0,0,0,1
0,0,0,2,1.1874611904761905,14,185914,10.0,12.9,2,95.26785714285714,1,16.6,7,0.0,0,2024,0.01233497063006245,0,1,0,0,0,0,0,0,1
0,0,0,2,1.1874611904761905,14,185914,10.0,12.9,2,95.26785714285714,1,16.6,7,0.0,0,2024,0.01233497063006245,0,1,0,0,0,0,0,0,1
1,0,0,7,3.96222,11,15207,16.4,21.1,3,309.4791666666667,3,26.3,28,16.7,0,2024,0.012355507797346572,1,0,0,0,0,0,1,0,0
0,0,0,2,3.94667,14,57934,10.0,12.9,2,382.8452380952381,1,16.6,7,0.0,1,2024,0.010281930341469467,0,1,0,0,0,0,0,0,1
0,0,0,2,3.94667,14,57934,10.0,12.9,2,382.8452380952381,1,16.6,7,0.0,1,2024,0.010281930341469467,0,1,0,0,0,0,0,0,1
0,0,0,2,3.94667,14,57934,10.0,12.9,2,382.8452380952381,1,16.6,7,0.0,1,2024,0.010281930341469467,0,1,0,0,0,0,0,0,1
0,0,0,2,3.94667,14,57934,10.0,12.9,2,382.8452380952381,1,16.6,7,0.0,1,2024,0.010281930341469467,0,1,0,0,0,0,0,0,1
0,0,0,2,3.94667,14,57934,10.0,12.9,2,382.8452380952381,1,16.6,7,0.0,1,2024,0.010281930341469467,0,1,0,0,0,0,0,0,1
0,0,0,2,3.96222,15,55932,10.9,15.0,3,309.4791666666667,1,19.7,7,0.0,0,2024,0.012355507797346572,0,1,0,0,0,0,1,0,0
0,0,0,2,3.96222,15,55932,10.9,15.0,3,309.4791666666667,1,19.7,7,0.0,0,2024,0.012355507797346572,0,1,0,0,0,0,1,0,0
0,0,0,2,3.96222,15,179566,10.9,15.0,3,309.4791666666667,1,19.7,7,0.0,0,2024,0.012355507797346572,0,1,0,0,0,0,1,0,0
0,0,0,2,3.96222,15,179566,10.9,15.0,3,309.4791666666667,1,19.7,7,0.0,0,2024,0.012355507797346572,0,1,0,0,0,0,1,0,0
0,0,0,2,3.96222,15,179566,10.9,15.0,3,309.4791666666667,1,19.7,7,0.0,0,2024,0.012355507797346572,0,1,0,0,0,0,1,0,0
0,0,0,2,3.96222,15,179566,10.9,15.0,3,309.4791666666667,1,19.7,7,0.0,0,2024,0.012355507797346572,0,1,0,0,0,0,1,0,0
0,0,0,2,3.96222,15,160526,10.9,15.0,3,309.4791666666667,1,19.7,7,0.0,0,2024,0.012355507797346572,0,1,0,0,0,0,1,0,0
0,0,0,2,3.96222,14,160526,10.0,12.9,2,309.4791666666667,1,16.6,7,0.0,0,2024,0.012355507797346572,0,1,0,0,0,0,0,0,1
0,0,0,2,3.96222,14,160526,10.0,12.9,2,309.4791666666667,1,16.6,7,0.0,0,2024,0.012355507797346572,0,1,0,0,0,0,0,0,1
0,0,0,2,3.96222,14,160526,10.0,12.9,2,309.4791666666667,1,16.6,7,0.0,0,2024,0.012355507797346572,0,1,0,0,0,0,0,0,1
0,0,0,2,3.96222,14,160526,10.0,12.9,2,309.4791666666667,1,16.6,7,0.0,0,2024,0.012355507797346572,0,1,0,0,0,0,0,0,1
0,0,0,2,3.96222,14,160526,10.0,12.9,2,309.4791666666667,1,16.6,7,0.0,0,2024,0.012355507797346572,0,1,0,0,0,0,0,0,1
0,0,0,2,3.96222,15,161450,10.9,15.0,3,309.4791666666667,1,19.7,7,0.0,0,2024,0.012355507797346572,0,1,0,0,0,0,1,0,0
0,0,0,2,3.96222,15,161450,10.9,15.0,3,309.4791666666667,1,19.7,7,0.0,0,2024,0.012355507797346572,0,1,0,0,0,0,1,0,0
0,0,0,2,3.96222,15,161450,10.9,15.0,3,309.4791666666667,1,19.7,7,0.0,0,2024,0.012355507797346572,0,1,0,0,0,0,1,0,0
0,0,0,2,3.94667,15,231476,10.9,15.0,3,222.11309523809524,1,19.7,7,0.0,0,2024,0.0176891006589654,0,1,0,0,0,0,1,0,0
0,0,0,2,3.94667,15,231476,10.9,15.0,3,222.11309523809524,1,19.7,7,0.0,0,2024,0.0176891006589654,0,1,0,0,0,0,1,0,0
0,0,0,2,0.7818139285714286,15,137426,10.9,15.0,3,366.8809523809524,1,19.7,7,0.0,1,2024,0.00212518186525144,0,1,0,0,0,0,1,0,0
0,0,0,2,3.96222,15,84310,10.9,15.0,3,309.4791666666667,1,19.7,7,0.0,0,2024,0.012355507797346572,0,1,0,0,0,0,1,0,0
0,0,0,2,3.96222,15,84310,10.9,15.0,3,309.4791666666667,1,19.7,7,0.0,0,2024,0.012355507797346572,0,1,0,0,0,0,1,0,0
0,0,0,2,3.96222,14,35837,10.0,12.9,2,309.4791666666667,1,16.6,7,0.0,0,2024,0.012355507797346572,0,1,0,0,0,0,0,0,1
0,0,0,2,3.96222,14,35837,10.0,12.9,2,309.4791666666667,1,16.6,7,0.0,0,2024,0.012355507797346572,0,1,0,0,0,0,0,0,1
0,0,0,2,3.96222,14,48784,10.0,12.9,2,309.4791666666667,1,16.6,7,0.0,0,2024,0.012355507797346572,0,1,0,0,0,0,0,0,1
0,0,0,2,3.96222,14,48784,10.0,12.9,2,309.4791666666667,1,16.6,7,0.0,0,2024,0.012355507797346572,0,1,0,0,0,0,0,0,1
0,0,0,2,3.96222,15,32386,10.9,15.0,3,309.4791666666667,1,19.7,7,0.0,0,2024,0.012355507797346572,0,1,0,0,0,0,1,0,0
0,0,0,2,3.96222,15,32386,10.9,15.0,3,309.4791666666667,1,19.7,7,0.0,0,2024,0.012355507797346572,0,1,0,0,0,0,1,0,0
1,0,0,1,1.0900544642857144,3,182347,10.4,11.2,2,154.14285714285714,1,13.0,1,3.2,0,2024,0.007026133747697975,0,1,0,0,0,0,0,0,1
1,0,0,1,1.0900544642857144,3,182347,10.4,11.2,2,154.14285714285714,1,13.0,1,3.2,0,2024,0.007026133747697975,0,1,0,0,0,0,0,0,1
1,0,0,1,1.0900544642857144,3,182347,10.4,11.2,2,154.14285714285714,1,13.0,1,3.2,0,2024,0.007026133747697975,0,1,0,0,0,0,0,0,1
1,0,0,1,1.0900544642857144,3,182347,10.4,11.2,2,154.14285714285714,1,13.0,1,3.2,0,2024,0.007026133747697975,0,1,0,0,0,0,0,0,1
1,0,0,1,1.0788801785714286,3,185914,10.4,11.2,2,49.50595238095238,1,13.0,1,3.2,0,2024,0.021361446081319978,0,1,0,0,0,0,0,0,1
1,0,0,1,3.96222,3,161450,10.4,11.2,2,309.4791666666667,1,13.0,1,3.2,0,2024,0.012355507797346572,0,1,0,0,0,0,0,0,1
1,0,0,1,3.96222,3,161450,10.4,11.2,2,309.4791666666667,1,13.0,1,3.2,0,2024,0.012355507797346572,0,1,0,0,0,0,0,0,1
1,0,0,1,3.96222,3,185914,10.4,11.2,2,309.4791666666667,1,13.0,1,3.2,0,2024,0.012355507797346572,0,1,0,0,0,0,0,0,1
1,0,0,1,3.96222,3,185914,10.4,11.2,2,309.4791666666667,1,13.0,1,3.2,0,2024,0.012355507797346572,0,1,0,0,0,0,0,0,1
1,0,0,1,3.96222,3,185914,10.4,11.2,2,309.4791666666667,1,13.0,1,3.2,0,2024,0.012355507797346572,0,1,0,0,0,0,0,0,1
1,0,0,1,3.96222,2,160526,9.0,11.4,1,309.4791666666667,1,12.7,1,7.1,0,2024,0.012355507797346572,0,1,0,0,0,0,0,1,0
1,0,0,1,0.0,3,231476,10.4,11.2,2,139.10714285714286,1,13.0,1,3.2,0,2024,0.0,0,1,0,0,0,0,0,0,1
1,0,0,1,0.0,3,231476,10.4,11.2,2,139.10714285714286,1,13.0,1,3.2,0,2024,0.0,0,1,0,0,0,0,0,0,1
1,0,0,1,3.96222,3,231476,10.4,11.2,2,309.4791666666667,1,13.0,1,3.2,0,2024,0.012355507797346572,0,1,0,0,0,0,0,0,1
1,0,0,1,3.96222,3,231476,10.4,11.2,2,309.4791666666667,1,13.0,1,3.2,0,2024,0.012355507797346572,0,1,0,0,0,0,0,0,1
1,0,0,1,1.063086369047619,3,35837,10.4,11.2,2,386.1607142857143,1,13.0,1,3.2,1,2024,0.0027458528973140846,0,1,0,0,0,0,0,0,1
1,0,0,1,1.063086369047619,3,35837,10.4,11.2,2,386.1607142857143,1,13.0,1,3.2,1,2024,0.0027458528973140846,0,1,0,0,0,0,0,0,1
1,0,0,1,3.36834,3,35837,10.4,11.2,2,419.7380952380952,1,13.0,1,3.2,1,2024,0.008005788014260653,0,1,0,0,0,0,0,0,1
1,0,0,1,3.36834,3,35837,10.4,11.2,2,419.7380952380952,1,13.0,1,3.2,1,2024,0.008005788014260653,0,1,0,0,0,0,0,0,1
0,0,0,8,2.19222,16,160526,19.5,23.0,4,188.9047619047619,3,27.0,33,0.8,0,2024,0.011543786359077232,1,0,0,0,0,0,0,0,0
0,0,0,8,2.19222,16,160526,19.5,23.0,4,188.9047619047619,3,27.0,33,0.8,0,2024,0.011543786359077232,1,0,0,0,0,0,0,0,0
0,0,0,8,3.96222,16,231476,19.5,23.0,4,309.4791666666667,3,27.0,33,0.8,0,2024,0.012355507797346572,1,0,0,0,0,0,0,0,0
0,0,0,8,3.96222,16,231476,19.5,23.0,4,309.4791666666667,3,27.0,33,0.8,0,2024,0.012355507797346572,1,0,0,0,0,0,0,0,0
0,0,0,8,3.96222,16,231476,19.5,23.0,4,309.4791666666667,3,27.0,33,0.8,0,2024,0.012355507797346572,1,0,0,0,0,0,0,0,0
0,0,0,8,3.96222,16,231476,19.5,23.0,4,309.4791666666667,3,27.0,33,0.8,0,2024,0.012355507797346572,1,0,0,0,0,0,0,0,0
0,0,0,8,0.1627435714285714,16,137426,19.5,23.0,4,424.5119047619048,3,27.0,33,0.8,1,2024,0.0003824653778362196,1,0,0,0,0,0,0,0,0
0,0,0,8,0.1627435714285714,16,137426,19.5,23.0,4,424.5119047619048,3,27.0,33,0.8,1,2024,0.0003824653778362196,1,0,0,0,0,0,0,0,0
0,0,0,9,3.96222,20,231476,13.4,18.8,4,309.4791666666667,3,26.5,38,1.0,0,2024,0.012355507797346572,0,0,0,0,0,0,0,0,0
0,0,0,9,3.96222,20,231476,13.4,18.8,4,309.4791666666667,3,26.5,38,1.0,0,2024,0.012355507797346572,0,0,0,0,0,0,0,0,0
1,1,0,9,3.96222,21,183839,14.2,19.5,5,309.4791666666667,3,25.1,38,3.6,0,2024,0.012355507797346572,0,0,0,0,1,0,0,0,0
1,1,0,9,3.96222,21,183839,14.2,19.5,5,309.4791666666667,3,25.1,38,3.6,0,2024,0.012355507797346572,0,0,0,0,1,0,0,0,0
1,1,0,9,3.96222,21,231476,14.2,19.5,5,309.4791666666667,3,25.1,38,3.6,0,2024,0.012355507797346572,0,0,0,0,1,0,0,0,0
1,1,0,9,3.96222,21,231476,14.2,19.5,5,309.4791666666667,3,25.1,38,3.6,0,2024,0.012355507797346572,0,0,0,0,1,0,0,0,0
1,1,0,9,3.96222,21,231476,14.2,19.5,5,309.4791666666667,3,25.1,38,3.6,0,2024,0.012355507797346572,0,0,0,0,1,0,0,0,0
1,1,0,9,3.96222,21,231476,14.2,19.5,5,309.4791666666667,3,25.1,38,3.6,0,2024,0.012355507797346572,0,0,0,0,1,0,0,0,0
0,0,0,9,10.88477011904762,20,137426,13.4,18.8,4,325.9642857142857,3,26.5,38,1.0,1,2024,0.03329039468414346,0,0,0,0,0,0,0,0,0
0,0,0,9,10.88477011904762,20,137426,13.4,18.8,4,325.9642857142857,3,26.5,38,1.0,1,2024,0.03329039468414346,0,0,0,0,0,0,0,0,0
1,0,0,1,2.6747864285714287,3,182347,10.4,11.2,2,405.7916666666667,1,13.0,1,3.2,1,2024,0.006575322573564917,0,1,0,0,0,0,0,0,1
1,1,0,9,3.96222,21,138887,14.2,19.5,5,309.4791666666667,3,25.1,38,3.6,0,2024,0.012355507797346572,0,0,0,0,1,0,0,0,0
1,1,0,9,3.96222,21,138887,14.2,19.5,5,309.4791666666667,3,25.1,38,3.6,0,2024,0.012355507797346572,0,0,0,0,1,0,0,0,0
1,1,0,9,2.4451633333333334,21,138887,14.2,19.5,5,163.85119047619048,3,25.1,38,3.6,0,2024,0.014832548835529879,0,0,0,0,1,0,0,0,0
1,1,0,9,2.4451633333333334,21,138887,14.2,19.5,5,163.85119047619048,3,25.1,38,3.6,0,2024,0.014832548835529879,0,0,0,0,1,0,0,0,0
1,0,0,3,0.8977114666666667,27,138907,6.5,9.4,2,340.26,1,13.6,13,4.2,1,2024,0.002630579226005587,0,0,1,0,0,0,0,0,1
1,0,0,3,0.8977114666666667,27,138907,6.5,9.4,2,340.26,1,13.6,13,4.2,1,2024,0.002630579226005587,0,0,1,0,0,0,0,0,1
1,0,0,3,3.6202234666666655,27,182347,6.5,9.4,2,433.6,1,13.6,13,4.2,1,2024,0.008330012578616349,0,0,1,0,0,0,0,0,1
1,0,0,3,3.6202234666666655,27,182347,6.5,9.4,2,433.6,1,13.6,13,4.2,1,2024,0.008330012578616349,0,0,1,0,0,0,0,0,1
1,0,0,3,22.4376972,27,183839,6.5,9.4,2,302.84,1,13.6,13,4.2,0,2024,0.0738470813586098,0,0,1,0,0,0,0,0,1
1,0,0,3,22.4376972,27,183839,6.5,9.4,2,302.84,1,13.6,13,4.2,0,2024,0.0738470813586098,0,0,1,0,0,0,0,0,1
0,0,0,2,3.96222,27,160526,5.2,6.9,1,309.4791666666667,1,10.5,9,0.2,0,2024,0.012355507797346572,0,1,0,0,0,0,0,1,0
0,0,0,2,3.96222,27,160526,5.2,6.9,1,309.4791666666667,1,10.5,9,0.2,0,2024,0.012355507797346572,0,1,0,0,0,0,0,1,0
1,0,0,5,3.96222,2,160526,11.2,11.9,3,309.4791666666667,2,13.7,18,6.2,0,2024,0.012355507797346572,0,0,1,0,0,0,1,0,0
1,0,0,5,3.96222,2,160526,11.2,11.9,3,309.4791666666667,2,13.7,18,6.2,0,2024,0.012355507797346572,0,0,1,0,0,0,1,0,0
0,1,0,3,1.175559761904762,24,182347,5.3,8.6,6,151.72619047619048,1,13.9,12,0.2,0,2024,0.00769717203211474,0,0,1,0,0,1,0,0,0
0,1,0,3,1.175559761904762,24,182347,5.3,8.6,6,151.72619047619048,1,13.9,12,0.2,0,2024,0.00769717203211474,0,0,1,0,0,1,0,0,0
0,0,0,5,3.96222,3,179566,9.9,13.3,4,309.4791666666667,2,18.4,18,0.0,0,2024,0.012355507797346572,0,0,1,0,0,0,0,0,0
0,0,0,5,3.96222,3,179566,9.9,13.3,4,309.4791666666667,2,18.4,18,0.0,0,2024,0.012355507797346572,0,0,1,0,0,0,0,0,0
1,0,0,3,3.96222,27,138887,6.5,9.4,2,309.4791666666667,1,13.6,13,4.2,0,2024,0.012355507797346572,0,0,1,0,0,0,0,0,1
1,0,0,3,3.96222,27,138887,6.5,9.4,2,309.4791666666667,1,13.6,13,4.2,0,2024,0.012355507797346572,0,0,1,0,0,0,0,0,1
0,0,0,5,3.96222,3,183839,9.9,13.3,4,309.4791666666667,2,18.4,18,0.0,0,2024,0.012355507797346572,0,0,1,0,0,0,0,0,0
0,0,0,5,3.96222,3,183839,9.9,13.3,4,309.4791666666667,2,18.4,18,0.0,0,2024,0.012355507797346572,0,0,1,0,0,0,0,0,0
0,0,0,5,3.96222,3,161450,9.9,13.3,4,309.4791666666667,2,18.4,18,0.0,0,2024,0.012355507797346572,0,0,1,0,0,0,0,0,0
0,0,0,5,3.96222,3,161450,9.9,13.3,4,309.4791666666667,2,18.4,18,0.0,0,2024,0.012355507797346572,0,0,1,0,0,0,0,0,0
1,0,0,3,3.612245466666667,26,138887,9.1,10.0,1,164.6266666666667,1,13.2,13,5.2,0,2024,0.021809564482369984,0,0,1,0,0,0,0,1,0
1,0,0,3,3.612245466666667,26,138887,9.1,10.0,1,164.6266666666667,1,13.2,13,5.2,0,2024,0.021809564482369984,0,0,1,0,0,0,0,1,0
0,0,0,5,1.3404295833333333,3,161450,9.9,13.3,4,520.6666666666666,2,18.4,18,0.0,1,2024,0.0025695135782747604,0,0,1,0,0,0,0,0,0
0,0,0,5,1.3404295833333333,3,161450,9.9,13.3,4,520.6666666666666,2,18.4,18,0.0,1,2024,0.0025695135782747604,0,0,1,0,0,0,0,0,0
1,0,0,3,3.96222,27,84310,6.5,9.4,2,946.0133333333332,1,13.6,13,4.2,1,2024,0.004183911525356912,0,0,1,0,0,0,0,0,1
1,0,0,3,3.96222,27,84310,6.5,9.4,2,946.0133333333332,1,13.6,13,4.2,1,2024,0.004183911525356912,0,0,1,0,0,0,0,0,1
0,0,0,4,4.683582875,30,161450,12.6,15.6,1,273.4604166666667,2,20.5,18,0.6,0,2024,0.017064693451545078,0,0,1,0,0,0,0,1,0
0,0,0,4,4.683582875,30,161450,12.6,15.6,1,273.4604166666667,2,20.5,18,0.6,0,2024,0.017064693451545078,0,0,1,0,0,0,0,1,0
0,0,0,4,3.96222,30,161450,12.6,15.6,1,309.4791666666667,2,20.5,18,0.6,0,2024,0.012355507797346572,0,0,1,0,0,0,0,1,0
0,0,0,4,3.96222,30,161450,12.6,15.6,1,309.4791666666667,2,20.5,18,0.6,0,2024,0.012355507797346572,0,0,1,0,0,0,0,1,0
1,0,0,5,3.96222,2,161450,11.2,11.9,3,309.4791666666667,2,13.7,18,6.2,0,2024,0.012355507797346572,0,0,1,0,0,0,1,0,0
1,0,0,5,3.96222,2,161450,11.2,11.9,3,309.4791666666667,2,13.7,18,6.2,0,2024,0.012355507797346572,0,0,1,0,0,0,1,0,0
0,0,0,5,3.80917,3,137426,9.9,13.3,4,216.63541666666663,2,18.4,18,0.0,0,2024,0.017502528119465854,0,0,1,0,0,0,0,0,0
0,0,0,5,3.80917,3,137426,9.9,13.3,4,216.63541666666663,2,18.4,18,0.0,0,2024,0.017502528119465854,0,0,1,0,0,0,0,0,0
0,0,0,5,18.902182708333335,3,55932,9.9,13.3,4,140.74791666666667,2,18.4,18,0.0,0,2024,0.13335069151516044,0,0,1,0,0,0,0,0,0
0,0,0,5,18.902182708333335,3,55932,9.9,13.3,4,140.74791666666667,2,18.4,18,0.0,0,2024,0.13335069151516044,0,0,1,0,0,0,0,0,0
0,0,0,5,3.96222,3,138907,9.9,13.3,4,309.4791666666667,2,18.4,18,0.0,0,2024,0.012355507797346572,0,0,1,0,0,0,0,0,0
0,0,0,5,3.96222,3,35837,9.9,13.3,4,309.4791666666667,2,18.4,18,0.0,0,2024,0.012355507797346572,0,0,1,0,0,0,0,0,0
0,0,0,5,3.96222,3,35837,9.9,13.3,4,309.4791666666667,2,18.4,18,0.0,0,2024,0.012355507797346572,0,0,1,0,0,0,0,0,0
0,0,0,5,3.96222,3,27547,9.9,13.3,4,309.4791666666667,2,18.4,18,0.0,0,2024,0.012355507797346572,0,0,1,0,0,0,0,0,0
0,1,0,6,3.96222,9,138907,11.5,17.3,6,309.4791666666667,2,24.0,23,0.0,0,2024,0.012355507797346572,1,0,0,0,0,1,0,0,0
0,1,0,6,3.96222,9,138907,11.5,17.3,6,309.4791666666667,2,24.0,23,0.0,0,2024,0.012355507797346572,1,0,0,0,0,1,0,0,0
0,0,0,6,3.96222,7,185914,9.8,17.4,4,309.4791666666667,2,24.1,23,0.0,0,2024,0.012355507797346572,1,0,0,0,0,0,0,0,0
0,0,0,6,3.96222,7,185914,9.8,17.4,4,309.4791666666667,2,24.1,23,0.0,0,2024,0.012355507797346572,1,0,0,0,0,0,0,0,0
0,0,0,6,4.838843592814371,7,179566,9.8,17.4,4,448.6167664670659,2,24.1,23,0.0,1,2024,0.010762151133367072,1,0,0,0,0,0,0,0,0
0,0,0,6,4.838843592814371,7,179566,9.8,17.4,4,448.6167664670659,2,24.1,23,0.0,1,2024,0.010762151133367072,1,0,0,0,0,0,0,0,0
0,1,0,6,3.96222,9,231476,11.5,17.3,6,309.4791666666667,2,24.0,23,0.0,0,2024,0.012355507797346572,1,0,0,0,0,1,0,0,0
0,1,0,6,3.96222,9,231476,11.5,17.3,6,309.4791666666667,2,24.0,23,0.0,0,2024,0.012355507797346572,1,0,0,0,0,1,0,0,0
0,1,0,6,3.285386826347305,9,182347,11.5,17.3,6,415.4610778443114,2,24.0,23,0.0,1,2024,0.00788882083135631,1,0,0,0,0,1,0,0,0
0,1,0,6,3.285386826347305,9,182347,11.5,17.3,6,415.4610778443114,2,24.0,23,0.0,1,2024,0.00788882083135631,1,0,0,0,0,1,0,0,0
0,1,0,6,3.285386826347305,9,182347,11.5,17.3,6,415.4610778443114,2,24.0,23,0.0,1,2024,0.00788882083135631,1,0,0,0,0,1,0,0,0
0,1,0,6,3.96222,9,35837,11.5,17.3,6,309.4791666666667,2,24.0,23,0.0,0,2024,0.012355507797346572,1,0,0,0,0,1,0,0,0
0,1,0,6,3.96222,9,35837,11.5,17.3,6,309.4791666666667,2,24.0,23,0.0,0,2024,0.012355507797346572,1,0,0,0,0,1,0,0,0
0,1,0,6,3.96222,9,48784,11.5,17.3,6,309.4791666666667,2,24.0,23,0.0,0,2024,0.012355507797346572,1,0,0,0,0,1,0,0,0
0,1,0,6,3.96222,9,48784,11.5,17.3,6,309.4791666666667,2,24.0,23,0.0,0,2024,0.012355507797346572,1,0,0,0,0,1,0,0,0
0,1,0,6,3.96222,9,27547,11.5,17.3,6,309.4791666666667,2,24.0,23,0.0,0,2024,0.012355507797346572,1,0,0,0,0,1,0,0,0
0,1,0,6,3.96222,9,32386,11.5,17.3,6,309.4791666666667,2,24.0,23,0.0,0,2024,0.012355507797346572,1,0,0,0,0,1,0,0,0
0,1,0,6,3.96222,9,27547,11.5,17.3,6,309.4791666666667,2,24.0,23,0.0,0,2024,0.012355507797346572,1,0,0,0,0,1,0,0,0
0,1,0,6,3.96222,9,27547,11.5,17.3,6,309.4791666666667,2,24.0,23,0.0,0,2024,0.012355507797346572,1,0,0,0,0,1,0,0,0
0,0,0,2,3.96222,14,138907,10.0,12.9,2,309.4791666666667,1,16.6,7,0.0,0,2024,0.012355507797346572,0,1,0,0,0,0,0,0,1
0,0,0,2,3.96222,14,185914,10.0,12.9,2,309.4791666666667,1,16.6,7,0.0,0,2024,0.012355507797346572,0,1,0,0,0,0,0,0,1
0,0,0,2,3.96222,14,185914,10.0,12.9,2,309.4791666666667,1,16.6,7,0.0,0,2024,0.012355507797346572,0,1,0,0,0,0,0,0,1
0,0,0,2,3.96222,14,138887,10.0,12.9,2,309.4791666666667,1,16.6,7,0.0,0,2024,0.012355507797346572,0,1,0,0,0,0,0,0,1
0,0,0,2,3.96222,14,138887,10.0,12.9,2,309.4791666666667,1,16.6,7,0.0,0,2024,0.012355507797346572,0,1,0,0,0,0,0,0,1
0,0,0,2,3.96222,14,84310,10.0,12.9,2,309.4791666666667,1,16.6,7,0.0,0,2024,0.012355507797346572,0,1,0,0,0,0,0,0,1
0,0,0,2,3.96222,13,27547,3.7,8.4,1,309.4791666666667,1,11.6,7,0.0,0,2024,0.012355507797346572,0,1,0,0,0,0,0,1,0
0,0,0,2,3.96222,13,27547,3.7,8.4,1,309.4791666666667,1,11.6,7,0.0,0,2024,0.012355507797346572,0,1,0,0,0,0,0,1,0
0,0,0,8,10.44970238095238,14,138907,20.0,23.6,2,3894.095238095238,3,30.2,33,0.0,1,2024,0.0026827848209592035,1,0,0,0,0,0,0,0,1
0,0,0,8,10.44970238095238,14,138907,20.0,23.6,2,3894.095238095238,3,30.2,33,0.0,1,2024,0.0026827848209592035,1,0,0,0,0,0,0,0,1
0,0,0,8,10.44970238095238,14,138907,20.0,23.6,2,3894.095238095238,3,30.2,33,0.0,1,2024,0.0026827848209592035,1,0,0,0,0,0,0,0,1
0,0,0,8,0.4875045238095238,14,138907,20.0,23.6,2,74.58333333333333,3,30.2,33,0.0,0,2024,0.0064498944715703265,1,0,0,0,0,0,0,0,1
0,0,0,8,0.4875045238095238,14,138907,20.0,23.6,2,74.58333333333333,3,30.2,33,0.0,0,2024,0.0064498944715703265,1,0,0,0,0,0,0,0,1
0,0,0,8,0.4875045238095238,14,138907,20.0,23.6,2,74.58333333333333,3,30.2,33,0.0,0,2024,0.0064498944715703265,1,0,0,0,0,0,0,0,1
0,0,0,8,3.96222,14,15207,20.0,23.6,2,309.4791666666667,3,30.2,33,0.0,0,2024,0.012355507797346572,1,0,0,0,0,0,0,0,1
0,0,0,8,3.96222,14,15207,20.0,23.6,2,309.4791666666667,3,30.2,33,0.0,0,2024,0.012355507797346572,1,0,0,0,0,0,0,0,1
0,0,0,8,3.96222,14,15207,20.0,23.6,2,309.4791666666667,3,30.2,33,0.0,0,2024,0.012355507797346572,1,0,0,0,0,0,0,0,1
0,0,0,8,3.96222,14,15207,20.0,23.6,2,309.4791666666667,3,30.2,33,0.0,0,2024,0.012355507797346572,1,0,0,0,0,0,0,0,1
0,0,0,8,3.96222,14,27547,20.0,23.6,2,309.4791666666667,3,30.2,33,0.0,0,2024,0.012355507797346572,1,0,0,0,0,0,0,0,1
0,0,0,8,3.96222,14,27547,20.0,23.6,2,309.4791666666667,3,30.2,33,0.0,0,2024,0.012355507797346572,1,0,0,0,0,0,0,0,1
0,0,1,8,3.023118928571429,15,179566,18.9,23.6,3,349.5595238095238,3,28.9,33,0.0,1,2024,0.008623696471626993,1,0,0,0,0,0,1,0,0
0,0,1,8,3.023118928571429,15,179566,18.9,23.6,3,349.5595238095238,3,28.9,33,0.0,1,2024,0.008623696471626993,1,0,0,0,0,0,1,0,0
0,0,1,8,3.023118928571429,15,179566,18.9,23.6,3,349.5595238095238,3,28.9,33,0.0,1,2024,0.008623696471626993,1,0,0,0,0,0,1,0,0
0,0,1,8,2.19222,15,183839,18.9,23.6,3,188.9047619047619,3,28.9,33,0.0,0,2024,0.011543786359077232,1,0,0,0,0,0,1,0,0
0,0,1,8,2.19222,15,183839,18.9,23.6,3,188.9047619047619,3,28.9,33,0.0,0,2024,0.011543786359077232,1,0,0,0,0,0,1,0,0
0,0,1,8,10.411141904761903,15,182347,18.9,23.6,3,201.3571428571429,3,28.9,33,0.0,0,2024,0.05144934227556182,1,0,0,0,0,0,1,0,0
0,0,1,8,10.411141904761903,15,182347,18.9,23.6,3,201.3571428571429,3,28.9,33,0.0,0,2024,0.05144934227556182,1,0,0,0,0,0,1,0,0
0,0,1,8,3.96222,15,138907,18.9,23.6,3,309.4791666666667,3,28.9,33,0.0,0,2024,0.012355507797346572,1,0,0,0,0,0,1,0,0
0,0,1,8,3.96222,15,138907,18.9,23.6,3,309.4791666666667,3,28.9,33,0.0,0,2024,0.012355507797346572,1,0,0,0,0,0,1,0,0
0,0,1,8,3.96222,15,138907,18.9,23.6,3,309.4791666666667,3,28.9,33,0.0,0,2024,0.012355507797346572,1,0,0,0,0,0,1,0,0
0,0,1,8,0.5496173809523809,15,138907,18.9,23.6,3,145.10714285714286,3,28.9,33,0.0,0,2024,0.0037617420353621765,1,0,0,0,0,0,1,0,0
0,0,1,8,3.96222,15,32386,18.9,23.6,3,309.4791666666667,3,28.9,33,0.0,0,2024,0.012355507797346572,1,0,0,0,0,0,1,0,0
0,0,0,10,3.96222,1,32386,12.5,15.2,1,309.4791666666667,4,20.5,40,0.0,0,2024,0.012355507797346572,0,0,0,0,0,0,0,1,0
0,0,0,10,3.96222,1,32386,12.5,15.2,1,309.4791666666667,4,20.5,40,0.0,0,2024,0.012355507797346572,0,0,0,0,0,0,0,1,0
1,0,0,7,3.81945,11,160526,16.4,21.1,3,211.89880952380952,3,26.3,28,16.7,0,2024,0.017940213045544776,1,0,0,0,0,0,1,0,0
1,0,0,7,3.81945,11,160526,16.4,21.1,3,211.89880952380952,3,26.3,28,16.7,0,2024,0.017940213045544776,1,0,0,0,0,0,1,0,0
1,0,0,7,3.96222,11,183839,16.4,21.1,3,309.4791666666667,3,26.3,28,16.7,0,2024,0.012355507797346572,1,0,0,0,0,0,1,0,0
1,0,0,7,3.96222,11,183839,16.4,21.1,3,309.4791666666667,3,26.3,28,16.7,0,2024,0.012355507797346572,1,0,0,0,0,0,1,0,0
0,0,0,7,3.96222,10,161450,19.6,22.4,2,309.4791666666667,3,27.2,28,0.0,0,2024,0.012355507797346572,1,0,0,0,0,0,0,0,1
0,0,0,7,3.96222,10,161450,19.6,22.4,2,309.4791666666667,3,27.2,28,0.0,0,2024,0.012355507797346572,1,0,0,0,0,0,0,0,1
1,0,0,1,3.96222,2,160526,9.0,11.4,1,309.4791666666667,1,12.7,1,7.1,0,2024,0.012355507797346572,0,1,0,0,0,0,0,1,0
1,0,0,1,3.96222,2,160526,9.0,11.4,1,309.4791666666667,1,12.7,1,7.1,0,2024,0.012355507797346572,0,1,0,0,0,0,0,1,0
1,0,0,7,3.81945,11,183839,16.4,21.1,3,246.8333333333333,3,26.3,28,16.7,0,2024,0.015411365164761267,1,0,0,0,0,0,1,0,0
1,0,0,7,3.81945,11,183839,16.4,21.1,3,246.8333333333333,3,26.3,28,16.7,0,2024,0.015411365164761267,1,0,0,0,0,0,1,0,0
1,0,0,7,3.81945,11,183839,16.4,21.1,3,246.8333333333333,3,26.3,28,16.7,0,2024,0.015411365164761267,1,0,0,0,0,0,1,0,0
1,0,0,7,3.81945,11,183839,16.4,21.1,3,246.8333333333333,3,26.3,28,16.7,0,2024,0.015411365164761267,1,0,0,0,0,0,1,0,0
1,0,0,1,3.96222,2,185914,9.0,11.4,1,309.4791666666667,1,12.7,1,7.1,0,2024,0.012355507797346572,0,1,0,0,0,0,0,1,0
1,0,0,1,3.96222,2,185914,9.0,11.4,1,309.4791666666667,1,12.7,1,7.1,0,2024,0.012355507797346572,0,1,0,0,0,0,0,1,0
0,0,0,7,3.96222,10,161450,19.6,22.4,2,309.4791666666667,3,27.2,28,0.0,0,2024,0.012355507797346572,1,0,0,0,0,0,0,0,1
0,0,0,7,3.96222,10,161450,19.6,22.4,2,309.4791666666667,3,27.2,28,0.0,0,2024,0.012355507797346572,1,0,0,0,0,0,0,0,1
1,0,0,1,3.96222,2,185914,9.0,11.4,1,309.4791666666667,1,12.7,1,7.1,0,2024,0.012355507797346572,0,1,0,0,0,0,0,1,0
1,0,0,1,3.96222,2,185914,9.0,11.4,1,309.4791666666667,1,12.7,1,7.1,0,2024,0.012355507797346572,0,1,0,0,0,0,0,1,0
1,0,0,7,11.46601625,11,231476,16.4,21.1,3,392.2797619047619,3,26.3,28,16.7,1,2024,0.02915485962071105,1,0,0,0,0,0,1,0,0
1,0,0,7,11.46601625,11,231476,16.4,21.1,3,392.2797619047619,3,26.3,28,16.7,1,2024,0.02915485962071105,1,0,0,0,0,0,1,0,0
1,0,0,1,9.838690476190475,2,161450,9.0,11.4,1,3158.7023809523807,1,12.7,1,7.1,1,2024,0.003113802912420172,0,1,0,0,0,0,0,1,0
1,0,0,1,9.838690476190475,2,161450,9.0,11.4,1,3158.7023809523807,1,12.7,1,7.1,1,2024,0.003113802912420172,0,1,0,0,0,0,0,1,0
1,0,0,7,6.975368809523809,9,231476,16.3,21.6,1,256.32142857142856,3,26.8,28,3.0,0,2024,0.027107609530418693,1,0,0,0,0,0,0,1,0
1,0,0,7,6.975368809523809,9,231476,16.3,21.6,1,256.32142857142856,3,26.8,28,3.0,0,2024,0.027107609530418693,1,0,0,0,0,0,0,1,0
1,0,0,1,3.96222,2,231476,9.0,11.4,1,309.4791666666667,1,12.7,1,7.1,0,2024,0.012355507797346572,0,1,0,0,0,0,0,1,0
1,0,0,1,3.96222,2,231476,9.0,11.4,1,309.4791666666667,1,12.7,1,7.1,0,2024,0.012355507797346572,0,1,0,0,0,0,0,1,0
0,0,0,7,0.235176369047619,10,137426,19.6,22.4,2,530.5059523809524,3,27.2,28,0.0,1,2024,0.000442471750305175,1,0,0,0,0,0,0,0,1
1,0,0,1,19.637670357142856,2,84310,9.0,11.4,1,653.2380952380952,1,12.7,1,7.1,1,2024,0.030016091236625665,0,1,0,0,0,0,0,1,0
1,0,0,1,19.637670357142856,2,84310,9.0,11.4,1,653.2380952380952,1,12.7,1,7.1,1,2024,0.030016091236625665,0,1,0,0,0,0,0,1,0
1,0,0,1,2.5057256547619047,2,57934,9.0,11.4,1,171.61904761904762,1,12.7,1,7.1,0,2024,0.014515927931034482,0,1,0,0,0,0,0,1,0
1,0,0,1,2.5057256547619047,2,57934,9.0,11.4,1,171.61904761904762,1,12.7,1,7.1,0,2024,0.014515927931034482,0,1,0,0,0,0,0,1,0
1,0,0,7,3.96222,11,182347,16.4,21.1,3,309.4791666666667,3,26.3,28,16.7,0,2024,0.012355507797346572,1,0,0,0,0,0,1,0,0
1,0,0,7,3.96222,11,182347,16.4,21.1,3,309.4791666666667,3,26.3,28,16.7,0,2024,0.012355507797346572,1,0,0,0,0,0,1,0,0
1,0,0,7,3.96222,11,182347,16.4,21.1,3,309.4791666666667,3,26.3,28,16.7,0,2024,0.012355507797346572,1,0,0,0,0,0,1,0,0
1,0,0,1,1.063086369047619,2,35837,9.0,11.4,1,386.1607142857143,1,12.7,1,7.1,1,2024,0.0027458528973140846,0,1,0,0,0,0,0,1,0
1,0,0,1,1.063086369047619,2,35837,9.0,11.4,1,386.1607142857143,1,12.7,1,7.1,1,2024,0.0027458528973140846,0,1,0,0,0,0,0,1,0
1,0,0,7,3.96222,11,84310,16.4,21.1,3,309.4791666666667,3,26.3,28,16.7,0,2024,0.012355507797346572,1,0,0,0,0,0,1,0,0
1,0,0,7,3.96222,11,84310,16.4,21.1,3,309.4791666666667,3,26.3,28,16.7,0,2024,0.012355507797346572,1,0,0,0,0,0,1,0,0
1,0,0,7,3.96222,11,48784,16.4,21.1,3,309.4791666666667,3,26.3,28,16.7,0,2024,0.012355507797346572,1,0,0,0,0,0,1,0,0
1,0,0,7,6.565771964285714,11,48784,16.4,21.1,3,426.0416666666667,3,26.3,28,16.7,1,2024,0.015375014844653832,1,0,0,0,0,0,1,0,0
1,0,0,7,6.565771964285714,11,48784,16.4,21.1,3,426.0416666666667,3,26.3,28,16.7,1,2024,0.015375014844653832,1,0,0,0,0,0,1,0,0
0,0,0,9,6.557971071428571,20,185914,13.4,18.8,4,328.7440476190476,3,26.5,38,1.0,1,2024,0.019888065057674605,0,0,0,0,0,0,0,0,0
0,0,0,9,6.557971071428571,20,185914,13.4,18.8,4,328.7440476190476,3,26.5,38,1.0,1,2024,0.019888065057674605,0,0,0,0,0,0,0,0,0
0,0,0,9,1.7457419642857144,20,138907,13.4,18.8,4,294.86309523809524,3,26.5,38,1.0,0,2024,0.005900505985313349,0,0,0,0,0,0,0,0,0
0,0,0,9,1.7457419642857144,20,138907,13.4,18.8,4,294.86309523809524,3,26.5,38,1.0,0,2024,0.005900505985313349,0,0,0,0,0,0,0,0,0
0,0,0,9,3.96222,19,182347,14.0,20.0,3,309.4791666666667,3,27.3,38,0.0,0,2024,0.012355507797346572,0,0,0,0,0,0,1,0,0
0,0,0,9,3.96222,19,182347,14.0,20.0,3,309.4791666666667,3,27.3,38,0.0,0,2024,0.012355507797346572,0,0,0,0,0,0,1,0,0
0,0,0,9,3.96222,19,160526,14.0,20.0,3,309.4791666666667,3,27.3,38,0.0,0,2024,0.012355507797346572,0,0,0,0,0,0,1,0,0
0,0,0,9,3.96222,19,160526,14.0,20.0,3,309.4791666666667,3,27.3,38,0.0,0,2024,0.012355507797346572,0,0,0,0,0,0,1,0,0
0,0,0,9,3.85167,20,55932,13.4,18.8,4,178.83928571428572,3,26.5,38,1.0,0,2024,0.021417289246350908,0,0,0,0,0,0,0,0,0
0,0,0,9,3.85167,20,55932,13.4,18.8,4,178.83928571428572,3,26.5,38,1.0,0,2024,0.021417289246350908,0,0,0,0,0,0,0,0,0
0,0,0,9,3.85167,19,55932,14.0,20.0,3,178.83928571428572,3,27.3,38,0.0,0,2024,0.021417289246350908,0,0,0,0,0,0,1,0,0
0,0,0,9,3.85167,19,55932,14.0,20.0,3,178.83928571428572,3,27.3,38,0.0,0,2024,0.021417289246350908,0,0,0,0,0,0,1,0,0
0,0,0,9,6.557971071428571,18,185914,13.3,19.2,2,328.7440476190476,3,25.6,38,0.0,1,2024,0.019888065057674605,0,0,0,0,0,0,0,0,1
0,0,0,9,6.557971071428571,18,185914,13.3,19.2,2,328.7440476190476,3,25.6,38,0.0,1,2024,0.019888065057674605,0,0,0,0,0,0,0,0,1
0,0,0,9,6.557971071428571,18,185914,13.3,19.2,2,328.7440476190476,3,25.6,38,0.0,1,2024,0.019888065057674605,0,0,0,0,0,0,0,0,1
0,0,0,9,6.557971071428571,18,185914,13.3,19.2,2,328.7440476190476,3,25.6,38,0.0,1,2024,0.019888065057674605,0,0,0,0,0,0,0,0,1
0,0,0,9,15.872619047619049,20,161450,13.4,18.8,4,4442.446428571428,3,26.5,38,1.0,1,2024,0.0035721414228284303,0,0,0,0,0,0,0,0,0
0,0,0,9,15.872619047619049,20,161450,13.4,18.8,4,4442.446428571428,3,26.5,38,1.0,1,2024,0.0035721414228284303,0,0,0,0,0,0,0,0,0
0,0,0,9,3.96222,20,161450,13.4,18.8,4,309.4791666666667,3,26.5,38,1.0,0,2024,0.012355507797346572,0,0,0,0,0,0,0,0,0
0,0,0,9,3.96222,20,161450,13.4,18.8,4,309.4791666666667,3,26.5,38,1.0,0,2024,0.012355507797346572,0,0,0,0,0,0,0,0,0
0,0,0,9,3.96222,19,35837,14.0,20.0,3,309.4791666666667,3,27.3,38,0.0,0,2024,0.012355507797346572,0,0,0,0,0,0,1,0,0
0,0,0,9,3.96222,19,35837,14.0,20.0,3,309.4791666666667,3,27.3,38,0.0,0,2024,0.012355507797346572,0,0,0,0,0,0,1,0,0
0,0,0,9,1.26552375,19,161450,14.0,20.0,3,221.7142857142857,3,27.3,38,0.0,0,2024,0.005682274695317512,0,0,0,0,0,0,1,0,0
0,0,0,9,1.26552375,19,161450,14.0,20.0,3,221.7142857142857,3,27.3,38,0.0,0,2024,0.005682274695317512,0,0,0,0,0,0,1,0,0
0,0,0,9,3.96222,20,231476,13.4,18.8,4,309.4791666666667,3,26.5,38,1.0,0,2024,0.012355507797346572,0,0,0,0,0,0,0,0,0
0,0,0,9,3.96222,20,231476,13.4,18.8,4,309.4791666666667,3,26.5,38,1.0,0,2024,0.012355507797346572,0,0,0,0,0,0,0,0,0
0,0,0,9,9.287098154761903,20,231476,13.4,18.8,4,361.4345238095238,3,26.5,38,1.0,1,2024,0.025624209463121415,0,0,0,0,0,0,0,0,0
0,0,0,9,9.287098154761903,20,231476,13.4,18.8,4,361.4345238095238,3,26.5,38,1.0,1,2024,0.025624209463121415,0,0,0,0,0,0,0,0,0
0,0,0,9,8.549581607142857,19,231476,14.0,20.0,3,189.4642857142857,3,27.3,38,0.0,0,2024,0.04488810894430902,0,0,0,0,0,0,1,0,0
0,0,0,9,8.549581607142857,19,231476,14.0,20.0,3,189.4642857142857,3,27.3,38,0.0,0,2024,0.04488810894430902,0,0,0,0,0,0,1,0,0
0,0,0,9,8.549581607142857,19,231476,14.0,20.0,3,189.4642857142857,3,27.3,38,0.0,0,2024,0.04488810894430902,0,0,0,0,0,0,1,0,0
0,0,0,9,8.549581607142857,19,231476,14.0,20.0,3,189.4642857142857,3,27.3,38,0.0,0,2024,0.04488810894430902,0,0,0,0,0,0,1,0,0
0,0,0,9,3.85167,19,231476,14.0,20.0,3,189.4642857142857,3,27.3,38,0.0,0,2024,0.020222531408213014,0,0,0,0,0,0,1,0,0
0,0,0,9,3.85167,19,231476,14.0,20.0,3,189.4642857142857,3,27.3,38,0.0,0,2024,0.020222531408213014,0,0,0,0,0,0,1,0,0
0,0,0,9,14.469940476190477,20,137426,13.4,18.8,4,1426.547619047619,3,26.5,38,1.0,1,2024,0.010136222626215455,0,0,0,0,0,0,0,0,0
0,0,0,9,3.720179464285714,20,138887,13.4,18.8,4,173.30357142857142,3,26.5,38,1.0,0,2024,0.02134310521462965,0,0,0,0,0,0,0,0,0
0,0,0,9,3.720179464285714,20,138887,13.4,18.8,4,173.30357142857142,3,26.5,38,1.0,0,2024,0.02134310521462965,0,0,0,0,0,0,0,0,0
0,0,0,9,20.96476666666667,20,84310,13.4,18.8,4,696.0714285714286,3,26.5,38,1.0,1,2024,0.030075492707586166,0,0,0,0,0,0,0,0,0
0,0,0,9,20.96476666666667,20,84310,13.4,18.8,4,696.0714285714286,3,26.5,38,1.0,1,2024,0.030075492707586166,0,0,0,0,0,0,0,0,0
0,0,0,9,4.85741869047619,19,35837,14.0,20.0,3,538.1130952380952,3,27.3,38,0.0,1,2024,0.009010017996930585,0,0,0,0,0,0,1,0,0
0,0,0,9,4.85741869047619,19,35837,14.0,20.0,3,538.1130952380952,3,27.3,38,0.0,1,2024,0.009010017996930585,0,0,0,0,0,0,1,0,0
0,0,0,9,3.96222,20,48784,13.4,18.8,4,309.4791666666667,3,26.5,38,1.0,0,2024,0.012355507797346572,0,0,0,0,0,0,0,0,0
0,0,0,9,3.96222,20,48784,13.4,18.8,4,309.4791666666667,3,26.5,38,1.0,0,2024,0.012355507797346572,0,0,0,0,0,0,0,0,0
0,0,0,9,3.85167,20,48784,13.4,18.8,4,502.0892857142857,3,26.5,38,1.0,1,2024,0.007656036630816739,0,0,0,0,0,0,0,0,0
1,0,0,3,22.920666666666666,26,138907,9.1,10.0,1,3900.3333333333335,1,13.2,13,5.2,1,2024,0.005875085440874914,0,0,1,0,0,0,0,1,0
1,0,0,3,22.920666666666666,26,138907,9.1,10.0,1,3900.3333333333335,1,13.2,13,5.2,1,2024,0.005875085440874914,0,0,1,0,0,0,0,1,0
0,0,0,3,3.96222,25,185914,4.1,9.9,0,309.4791666666667,1,14.9,13,0.4,0,2024,0.012355507797346572,0,0,1,1,0,0,0,0,0
0,0,0,3,3.96222,25,185914,4.1,9.9,0,309.4791666666667,1,14.9,13,0.4,0,2024,0.012355507797346572,0,0,1,1,0,0,0,0,0
1,0,0,3,3.96222,26,185914,9.1,10.0,1,309.4791666666667,1,13.2,13,5.2,0,2024,0.012355507797346572,0,0,1,0,0,0,0,1,0
1,0,0,3,3.96222,26,185914,9.1,10.0,1,309.4791666666667,1,13.2,13,5.2,0,2024,0.012355507797346572,0,0,1,0,0,0,0,1,0
0,0,0,3,3.96222,25,160526,4.1,9.9,0,309.4791666666667,1,14.9,13,0.4,0,2024,0.012355507797346572,0,0,1,1,0,0,0,0,0
0,0,0,3,3.96222,25,160526,4.1,9.9,0,309.4791666666667,1,14.9,13,0.4,0,2024,0.012355507797346572,0,0,1,1,0,0,0,0,0
1,0,0,3,3.96222,26,160526,9.1,10.0,1,374.58,1,13.2,13,5.2,1,2024,0.010549603280259865,0,0,1,0,0,0,0,1,0
1,0,0,3,3.96222,26,160526,9.1,10.0,1,374.58,1,13.2,13,5.2,1,2024,0.010549603280259865,0,0,1,0,0,0,0,1,0
1,0,0,3,3.96222,26,161450,9.1,10.0,1,311.61333333333334,1,13.2,13,5.2,1,2024,0.01267450737865734,0,0,1,0,0,0,0,1,0
1,0,0,3,3.96222,26,161450,9.1,10.0,1,311.61333333333334,1,13.2,13,5.2,1,2024,0.01267450737865734,0,0,1,0,0,0,0,1,0
1,0,0,3,23.877727733333334,26,231476,9.1,10.0,1,402.04,1,13.2,13,5.2,1,2024,0.059244064443562255,0,0,1,0,0,0,0,1,0
1,0,0,3,23.877727733333334,26,231476,9.1,10.0,1,402.04,1,13.2,13,5.2,1,2024,0.059244064443562255,0,0,1,0,0,0,0,1,0
0,1,0,3,3.96222,24,231476,5.3,8.6,6,309.4791666666667,1,13.9,12,0.2,0,2024,0.012355507797346572,0,0,1,0,0,1,0,0,0
0,1,0,3,3.96222,24,231476,5.3,8.6,6,309.4791666666667,1,13.9,12,0.2,0,2024,0.012355507797346572,0,0,1,0,0,1,0,0,0
0,1,0,3,3.96222,24,231476,5.3,8.6,6,309.4791666666667,1,13.9,12,0.2,0,2024,0.012355507797346572,0,0,1,0,0,1,0,0,0
1,0,0,3,3.96222,26,137426,9.1,10.0,1,521.12,1,13.2,13,5.2,1,2024,0.00758871523787635,0,0,1,0,0,0,0,1,0
1,0,0,3,3.96222,26,137426,9.1,10.0,1,521.12,1,13.2,13,5.2,1,2024,0.00758871523787635,0,0,1,0,0,0,0,1,0
1,0,0,3,3.96222,26,137426,9.1,10.0,1,309.4791666666667,1,13.2,13,5.2,0,2024,0.012355507797346572,0,0,1,0,0,0,0,1,0
1,0,0,3,3.96222,26,137426,9.1,10.0,1,309.4791666666667,1,13.2,13,5.2,0,2024,0.012355507797346572,0,0,1,0,0,0,0,1,0
1,0,0,3,23.917327066666665,26,182347,9.1,10.0,1,1109.8133333333333,1,13.2,13,5.2,1,2024,0.021531364765757222,0,0,1,0,0,0,0,1,0
1,0,0,3,23.917327066666665,26,182347,9.1,10.0,1,1109.8133333333333,1,13.2,13,5.2,1,2024,0.021531364765757222,0,0,1,0,0,0,0,1,0
1,0,0,3,3.96222,26,138907,9.1,10.0,1,309.4791666666667,1,13.2,13,5.2,0,2024,0.012355507797346572,0,0,1,0,0,0,0,1,0
1,0,0,3,3.96222,26,138907,9.1,10.0,1,309.4791666666667,1,13.2,13,5.2,0,2024,0.012355507797346572,0,0,1,0,0,0,0,1,0
0,0,0,3,3.96222,25,138887,4.1,9.9,0,309.4791666666667,1,14.9,13,0.4,0,2024,0.012355507797346572,0,0,1,1,0,0,0,0,0
0,0,0,3,3.96222,25,138887,4.1,9.9,0,309.4791666666667,1,14.9,13,0.4,0,2024,0.012355507797346572,0,0,1,1,0,0,0,0,0
1,0,0,3,3.96222,26,35837,9.1,10.0,1,309.4791666666667,1,13.2,13,5.2,0,2024,0.012355507797346572,0,0,1,0,0,0,0,1,0
1,0,0,3,3.96222,26,35837,9.1,10.0,1,309.4791666666667,1,13.2,13,5.2,0,2024,0.012355507797346572,0,0,1,0,0,0,0,1,0
1,0,0,3,3.96222,26,231476,9.1,10.0,1,402.04,1,13.2,13,5.2,1,2024,0.00983083564906709,0,0,1,0,0,0,0,1,0
1,0,0,3,3.96222,26,231476,9.1,10.0,1,402.04,1,13.2,13,5.2,1,2024,0.00983083564906709,0,0,1,0,0,0,0,1,0
1,0,0,3,3.96222,26,27547,9.1,10.0,1,309.4791666666667,1,13.2,13,5.2,0,2024,0.012355507797346572,0,0,1,0,0,0,0,1,0
1,0,0,3,3.96222,26,27547,9.1,10.0,1,309.4791666666667,1,13.2,13,5.2,0,2024,0.012355507797346572,0,0,1,0,0,0,0,1,0
1,0,0,3,3.96222,26,27547,9.1,10.0,1,309.4791666666667,1,13.2,13,5.2,0,2024,0.012355507797346572,0,0,1,0,0,0,0,1,0
1,0,0,3,3.96222,26,27547,9.1,10.0,1,309.4791666666667,1,13.2,13,5.2,0,2024,0.012355507797346572,0,0,1,0,0,0,0,1,0
0,0,0,3,3.96222,25,15207,4.1,9.9,0,309.4791666666667,1,14.9,13,0.4,0,2024,0.012355507797346572,0,0,1,1,0,0,0,0,0
1,0,1,1,3.96222,1,185914,6.8,8.9,0,309.4791666666667,1,11.5,1,9.6,0,2024,0.012355507797346572,0,1,0,1,0,0,0,0,0
1,0,1,1,3.96222,1,185914,6.8,8.9,0,309.4791666666667,1,11.5,1,9.6,0,2024,0.012355507797346572,0,1,0,1,0,0,0,0,0
1,0,1,1,3.36834,1,183839,6.8,8.9,0,218.4583333333333,1,11.5,1,9.6,0,2024,0.015348426048984244,0,1,0,1,0,0,0,0,0
1,0,1,1,3.36834,1,183839,6.8,8.9,0,218.4583333333333,1,11.5,1,9.6,0,2024,0.015348426048984244,0,1,0,1,0,0,0,0,0
1,0,1,1,12.34047619047619,1,137426,6.8,8.9,0,1381.3630952380952,1,11.5,1,9.6,1,2024,0.00892708741501139,0,1,0,1,0,0,0,0,0
1,0,1,1,12.34047619047619,1,137426,6.8,8.9,0,1381.3630952380952,1,11.5,1,9.6,1,2024,0.00892708741501139,0,1,0,1,0,0,0,0,0
1,0,1,1,4.320414404761904,1,84310,6.8,8.9,0,217.80357142857144,1,11.5,1,9.6,0,2024,0.019745630185804833,0,1,0,1,0,0,0,0,0
1,0,1,1,4.320414404761904,1,84310,6.8,8.9,0,217.80357142857144,1,11.5,1,9.6,0,2024,0.019745630185804833,0,1,0,1,0,0,0,0,0
1,0,1,1,1.063086369047619,1,35837,6.8,8.9,0,386.1607142857143,1,11.5,1,9.6,1,2024,0.0027458528973140846,0,1,0,1,0,0,0,0,0
1,0,1,1,1.063086369047619,1,35837,6.8,8.9,0,386.1607142857143,1,11.5,1,9.6,1,2024,0.0027458528973140846,0,1,0,1,0,0,0,0,0
1,0,1,1,1.063086369047619,1,35837,6.8,8.9,0,386.1607142857143,1,11.5,1,9.6,1,2024,0.0027458528973140846,0,1,0,1,0,0,0,0,0
1,0,1,1,1.063086369047619,1,35837,6.8,8.9,0,386.1607142857143,1,11.5,1,9.6,1,2024,0.0027458528973140846,0,1,0,1,0,0,0,0,0
1,0,1,1,3.96222,1,15207,6.8,8.9,0,309.4791666666667,1,11.5,1,9.6,0,2024,0.012355507797346572,0,1,0,1,0,0,0,0,0
1,0,1,1,3.96222,1,15207,6.8,8.9,0,309.4791666666667,1,11.5,1,9.6,0,2024,0.012355507797346572,0,1,0,1,0,0,0,0,0
0,0,0,2,3.96222,13,179566,3.7,8.4,1,309.4791666666667,1,11.6,7,0.0,0,2024,0.012355507797346572,0,1,0,0,0,0,0,1,0
1,0,0,5,1.1072138333333332,2,185914,11.2,11.9,3,227.29791666666665,2,13.7,18,6.2,0,2024,0.0048498639387496234,0,0,1,0,0,0,1,0,0
1,0,0,5,1.1072138333333332,2,185914,11.2,11.9,3,227.29791666666665,2,13.7,18,6.2,0,2024,0.0048498639387496234,0,0,1,0,0,0,1,0,0
0,0,0,2,3.96222,13,183839,3.7,8.4,1,309.4791666666667,1,11.6,7,0.0,0,2024,0.012355507797346572,0,1,0,0,0,0,0,1,0
0,0,0,2,3.96222,13,183839,3.7,8.4,1,309.4791666666667,1,11.6,7,0.0,0,2024,0.012355507797346572,0,1,0,0,0,0,0,1,0
1,0,0,5,5.840844875,2,179566,11.2,11.9,3,388.0958333333333,2,13.7,18,6.2,1,2024,0.015011327222299564,0,0,1,0,0,0,1,0,0
1,0,0,5,5.840844875,2,179566,11.2,11.9,3,388.0958333333333,2,13.7,18,6.2,1,2024,0.015011327222299564,0,0,1,0,0,0,1,0,0
0,0,0,2,3.96222,12,231476,6.7,8.5,0,309.4791666666667,1,13.9,7,0.0,0,2024,0.012355507797346572,0,1,0,1,0,0,0,0,0
0,0,0,2,3.96222,12,231476,6.7,8.5,0,309.4791666666667,1,13.9,7,0.0,0,2024,0.012355507797346572,0,1,0,1,0,0,0,0,0
0,0,0,2,3.96222,12,231476,6.7,8.5,0,309.4791666666667,1,13.9,7,0.0,0,2024,0.012355507797346572,0,1,0,1,0,0,0,0,0
1,0,0,5,3.96222,2,161450,11.2,11.9,3,309.4791666666667,2,13.7,18,6.2,0,2024,0.012355507797346572,0,0,1,0,0,0,1,0,0
1,0,0,5,3.96222,2,161450,11.2,11.9,3,309.4791666666667,2,13.7,18,6.2,0,2024,0.012355507797346572,0,0,1,0,0,0,1,0,0
1,0,0,5,3.96222,2,161450,11.2,11.9,3,309.4791666666667,2,13.7,18,6.2,0,2024,0.012355507797346572,0,0,1,0,0,0,1,0,0
0,0,0,2,3.96222,13,84310,3.7,8.4,1,309.4791666666667,1,11.6,7,0.0,0,2024,0.012355507797346572,0,1,0,0,0,0,0,1,0
0,0,0,2,3.96222,13,84310,3.7,8.4,1,309.4791666666667,1,11.6,7,0.0,0,2024,0.012355507797346572,0,1,0,0,0,0,0,1,0
1,0,0,5,3.96222,2,57934,11.2,11.9,3,309.4791666666667,2,13.7,18,6.2,0,2024,0.012355507797346572,0,0,1,0,0,0,1,0,0
1,0,0,5,3.96222,2,57934,11.2,11.9,3,309.4791666666667,2,13.7,18,6.2,0,2024,0.012355507797346572,0,0,1,0,0,0,1,0,0
0,1,0,2,8.405507321428573,11,183839,7.7,9.5,6,435.19642857142856,1,11.2,6,0.8,1,2024,0.01927000491259672,0,1,0,0,0,1,0,0,0
0,1,0,2,8.405507321428573,11,183839,7.7,9.5,6,435.19642857142856,1,11.2,6,0.8,1,2024,0.01927000491259672,0,1,0,0,0,1,0,0,0
0,1,0,2,8.405507321428573,11,183839,7.7,9.5,6,435.19642857142856,1,11.2,6,0.8,1,2024,0.01927000491259672,0,1,0,0,0,1,0,0,0
0,1,0,6,3.96222,8,185914,10.3,17.7,5,309.4791666666667,2,24.7,23,0.0,0,2024,0.012355507797346572,1,0,0,0,1,0,0,0,0
0,1,0,6,3.96222,8,185914,10.3,17.7,5,309.4791666666667,2,24.7,23,0.0,0,2024,0.012355507797346572,1,0,0,0,1,0,0,0,0
0,1,0,6,3.96222,8,185914,10.3,17.7,5,309.4791666666667,2,24.7,23,0.0,0,2024,0.012355507797346572,1,0,0,0,1,0,0,0,0
0,1,0,6,3.96222,8,185914,10.3,17.7,5,309.4791666666667,2,24.7,23,0.0,0,2024,0.012355507797346572,1,0,0,0,1,0,0,0,0
0,1,0,6,3.96222,8,185914,10.3,17.7,5,309.4791666666667,2,24.7,23,0.0,0,2024,0.012355507797346572,1,0,0,0,1,0,0,0,0
1,0,0,5,3.80917,2,35837,11.2,11.9,3,472.9875,2,13.7,18,6.2,1,2024,0.008036435560009493,0,0,1,0,0,0,1,0,0
1,0,0,5,3.80917,2,35837,11.2,11.9,3,472.9875,2,13.7,18,6.2,1,2024,0.008036435560009493,0,0,1,0,0,0,1,0,0
0,0,0,2,5.5864094642857145,13,185914,3.7,8.4,1,304.2916666666667,1,11.6,7,0.0,0,2024,0.018298597944978456,0,1,0,0,0,0,0,1,0
0,0,0,2,5.5864094642857145,13,185914,3.7,8.4,1,304.2916666666667,1,11.6,7,0.0,0,2024,0.018298597944978456,0,1,0,0,0,0,0,1,0
0,0,0,6,15.259580838323354,7,160526,9.8,17.4,4,4242.979041916167,2,24.1,23,0.0,1,2024,0.003595583457790502,1,0,0,0,0,0,0,0,0
0,0,0,6,15.259580838323354,7,160526,9.8,17.4,4,4242.979041916167,2,24.1,23,0.0,1,2024,0.003595583457790502,1,0,0,0,0,0,0,0,0
0,0,0,2,3.94667,13,231476,3.7,8.4,1,408.7857142857143,1,11.6,7,0.0,1,2024,0.009631058044274011,0,1,0,0,0,0,0,1,0
0,0,0,2,3.94667,13,231476,3.7,8.4,1,408.7857142857143,1,11.6,7,0.0,1,2024,0.009631058044274011,0,1,0,0,0,0,0,1,0
1,0,0,5,3.96222,2,35837,11.2,11.9,3,309.4791666666667,2,13.7,18,6.2,0,2024,0.012355507797346572,0,0,1,0,0,0,1,0,0
1,0,0,5,3.96222,2,35837,11.2,11.9,3,309.4791666666667,2,13.7,18,6.2,0,2024,0.012355507797346572,0,0,1,0,0,0,1,0,0
0,0,0,6,4.321539760479042,7,138907,9.8,17.4,4,372.6497005988024,2,24.1,23,0.0,1,2024,0.01156575196916642,1,0,0,0,0,0,0,0,0
0,0,0,6,4.321539760479042,7,138907,9.8,17.4,4,372.6497005988024,2,24.1,23,0.0,1,2024,0.01156575196916642,1,0,0,0,0,0,0,0,0
0,0,0,6,4.321539760479042,7,138907,9.8,17.4,4,372.6497005988024,2,24.1,23,0.0,1,2024,0.01156575196916642,1,0,0,0,0,0,0,0,0
0,0,0,2,3.96222,13,138887,3.7,8.4,1,309.4791666666667,1,11.6,7,0.0,0,2024,0.012355507797346572,0,1,0,0,0,0,0,1,0
0,0,0,2,3.96222,13,138887,3.7,8.4,1,309.4791666666667,1,11.6,7,0.0,0,2024,0.012355507797346572,0,1,0,0,0,0,0,1,0
1,0,0,5,3.4405985416666667,2,48784,11.2,11.9,3,757.24375,2,13.7,18,6.2,1,2024,0.004537589055850004,0,0,1,0,0,0,1,0,0
1,0,0,5,3.4405985416666667,2,48784,11.2,11.9,3,757.24375,2,13.7,18,6.2,1,2024,0.004537589055850004,0,0,1,0,0,0,1,0,0
0,0,0,6,4.345,7,185914,9.8,17.4,4,281.00299401197606,2,24.1,23,0.0,0,2024,0.015407637834566668,1,0,0,0,0,0,0,0,0
0,0,0,6,4.345,7,185914,9.8,17.4,4,281.00299401197606,2,24.1,23,0.0,0,2024,0.015407637834566668,1,0,0,0,0,0,0,0,0
0,0,0,2,3.96222,13,84310,3.7,8.4,1,309.4791666666667,1,11.6,7,0.0,0,2024,0.012355507797346572,0,1,0,0,0,0,0,1,0
0,0,0,2,3.96222,13,84310,3.7,8.4,1,309.4791666666667,1,11.6,7,0.0,0,2024,0.012355507797346572,0,1,0,0,0,0,0,1,0
0,0,0,2,3.96222,13,84310,3.7,8.4,1,309.4791666666667,1,11.6,7,0.0,0,2024,0.012355507797346572,0,1,0,0,0,0,0,1,0
0,0,0,2,3.96222,13,57934,3.7,8.4,1,309.4791666666667,1,11.6,7,0.0,0,2024,0.012355507797346572,0,1,0,0,0,0,0,1,0
0,0,0,6,3.96222,7,41158,9.8,17.4,4,309.4791666666667,2,24.1,23,0.0,0,2024,0.012355507797346572,1,0,0,0,0,0,0,0,0
0,0,0,6,3.96222,7,41158,9.8,17.4,4,309.4791666666667,2,24.1,23,0.0,0,2024,0.012355507797346572,1,0,0,0,0,0,0,0,0
0,0,0,6,3.96222,7,41158,9.8,17.4,4,309.4791666666667,2,24.1,23,0.0,0,2024,0.012355507797346572,1,0,0,0,0,0,0,0,0
0,0,0,6,3.96222,7,41158,9.8,17.4,4,309.4791666666667,2,24.1,23,0.0,0,2024,0.012355507797346572,1,0,0,0,0,0,0,0,0
0,0,0,6,3.96222,7,41158,9.8,17.4,4,309.4791666666667,2,24.1,23,0.0,0,2024,0.012355507797346572,1,0,0,0,0,0,0,0,0
0,0,0,2,3.96222,13,57934,3.7,8.4,1,309.4791666666667,1,11.6,7,0.0,0,2024,0.012355507797346572,0,1,0,0,0,0,0,1,0
0,0,0,2,3.96222,13,57934,3.7,8.4,1,309.4791666666667,1,11.6,7,0.0,0,2024,0.012355507797346572,0,1,0,0,0,0,0,1,0
0,0,0,6,3.96222,7,183839,9.8,17.4,4,309.4791666666667,2,24.1,23,0.0,0,2024,0.012355507797346572,1,0,0,0,0,0,0,0,0
0,0,0,6,3.96222,7,183839,9.8,17.4,4,309.4791666666667,2,24.1,23,0.0,0,2024,0.012355507797346572,1,0,0,0,0,0,0,0,0
0,0,0,2,3.96222,13,48784,3.7,8.4,1,309.4791666666667,1,11.6,7,0.0,0,2024,0.012355507797346572,0,1,0,0,0,0,0,1,0
0,0,0,2,3.96222,13,48784,3.7,8.4,1,309.4791666666667,1,11.6,7,0.0,0,2024,0.012355507797346572,0,1,0,0,0,0,0,1,0
0,1,0,6,3.96222,8,160526,10.3,17.7,5,309.4791666666667,2,24.7,23,0.0,0,2024,0.012355507797346572,1,0,0,0,1,0,0,0,0
0,0,0,2,3.96222,13,27547,3.7,8.4,1,309.4791666666667,1,11.6,7,0.0,0,2024,0.012355507797346572,0,1,0,0,0,0,0,1,0
0,0,0,6,3.96222,7,231476,9.8,17.4,4,309.4791666666667,2,24.1,23,0.0,0,2024,0.012355507797346572,1,0,0,0,0,0,0,0,0
0,0,0,6,3.96222,7,231476,9.8,17.4,4,309.4791666666667,2,24.1,23,0.0,0,2024,0.012355507797346572,1,0,0,0,0,0,0,0,0
0,0,0,2,3.96222,13,27547,3.7,8.4,1,309.4791666666667,1,11.6,7,0.0,0,2024,0.012355507797346572,0,1,0,0,0,0,0,1,0
0,0,0,2,3.96222,13,27547,3.7,8.4,1,309.4791666666667,1,11.6,7,0.0,0,2024,0.012355507797346572,0,1,0,0,0,0,0,1,0
0,1,0,6,2.130335628742515,8,137426,10.3,17.7,5,229.8263473053892,2,24.7,23,0.0,0,2024,0.009229170125557748,1,0,0,0,1,0,0,0,0
0,1,0,6,2.130335628742515,8,137426,10.3,17.7,5,229.8263473053892,2,24.7,23,0.0,0,2024,0.009229170125557748,1,0,0,0,1,0,0,0,0
0,1,0,6,3.96222,8,48784,10.3,17.7,5,309.4791666666667,2,24.7,23,0.0,0,2024,0.012355507797346572,1,0,0,0,1,0,0,0,0
0,1,0,6,3.96222,8,48784,10.3,17.7,5,309.4791666666667,2,24.7,23,0.0,0,2024,0.012355507797346572,1,0,0,0,1,0,0,0,0
0,0,0,8,0.4875045238095238,14,185914,20.0,23.6,2,74.58333333333333,3,30.2,33,0.0,0,2024,0.0064498944715703265,1,0,0,0,0,0,0,0,1
0,0,0,8,0.4875045238095238,14,185914,20.0,23.6,2,74.58333333333333,3,30.2,33,0.0,0,2024,0.0064498944715703265,1,0,0,0,0,0,0,0,1
0,1,0,6,3.96222,8,84310,10.3,17.7,5,309.4791666666667,2,24.7,23,0.0,0,2024,0.012355507797346572,1,0,0,0,1,0,0,0,0
0,1,0,6,3.96222,8,84310,10.3,17.7,5,309.4791666666667,2,24.7,23,0.0,0,2024,0.012355507797346572,1,0,0,0,1,0,0,0,0
0,1,0,6,3.96222,8,84310,10.3,17.7,5,309.4791666666667,2,24.7,23,0.0,0,2024,0.012355507797346572,1,0,0,0,1,0,0,0,0
0,0,0,6,3.96222,7,84310,9.8,17.4,4,309.4791666666667,2,24.1,23,0.0,0,2024,0.012355507797346572,1,0,0,0,0,0,0,0,0
0,0,0,6,3.96222,7,84310,9.8,17.4,4,309.4791666666667,2,24.1,23,0.0,0,2024,0.012355507797346572,1,0,0,0,0,0,0,0,0
0,0,0,8,3.96222,14,138907,20.0,23.6,2,309.4791666666667,3,30.2,33,0.0,0,2024,0.012355507797346572,1,0,0,0,0,0,0,0,1
0,0,0,8,3.96222,14,138907,20.0,23.6,2,309.4791666666667,3,30.2,33,0.0,0,2024,0.012355507797346572,1,0,0,0,0,0,0,0,1
0,0,0,8,2.19222,14,35837,20.0,23.6,2,467.9107142857143,3,30.2,33,0.0,1,2024,0.004675133097223809,1,0,0,0,0,0,0,0,1
0,1,0,6,3.96222,8,48784,10.3,17.7,5,309.4791666666667,2,24.7,23,0.0,0,2024,0.012355507797346572,1,0,0,0,1,0,0,0,0
0,1,0,6,3.96222,8,48784,10.3,17.7,5,309.4791666666667,2,24.7,23,0.0,0,2024,0.012355507797346572,1,0,0,0,1,0,0,0,0
0,1,0,6,3.96222,8,15207,10.3,17.7,5,309.4791666666667,2,24.7,23,0.0,0,2024,0.012355507797346572,1,0,0,0,1,0,0,0,0
0,1,0,6,3.96222,8,15207,10.3,17.7,5,309.4791666666667,2,24.7,23,0.0,0,2024,0.012355507797346572,1,0,0,0,1,0,0,0,0
0,1,0,6,3.96222,8,27547,10.3,17.7,5,309.4791666666667,2,24.7,23,0.0,0,2024,0.012355507797346572,1,0,0,0,1,0,0,0,0
0,1,0,6,3.96222,8,27547,10.3,17.7,5,309.4791666666667,2,24.7,23,0.0,0,2024,0.012355507797346572,1,0,0,0,1,0,0,0,0
1,0,0,5,3.96222,2,160526,11.2,11.9,3,309.4791666666667,2,13.7,18,6.2,0,2024,0.012355507797346572,0,0,1,0,0,0,1,0,0
1,0,0,5,3.96222,2,160526,11.2,11.9,3,309.4791666666667,2,13.7,18,6.2,0,2024,0.012355507797346572,0,0,1,0,0,0,1,0,0
0,0,0,7,3.81945,10,137426,19.6,22.4,2,544.9910714285714,3,27.2,28,0.0,1,2024,0.006995444064692318,1,0,0,0,0,0,0,0,1
0,0,0,7,3.81945,10,137426,19.6,22.4,2,544.9910714285714,3,27.2,28,0.0,1,2024,0.006995444064692318,1,0,0,0,0,0,0,0,1
1,0,0,7,3.96222,9,183839,16.3,21.6,1,309.4791666666667,3,26.8,28,3.0,0,2024,0.012355507797346572,1,0,0,0,0,0,0,1,0
1,0,0,7,3.96222,9,183839,16.3,21.6,1,309.4791666666667,3,26.8,28,3.0,0,2024,0.012355507797346572,1,0,0,0,0,0,0,1,0
1,0,0,7,3.96222,9,183839,16.3,21.6,1,309.4791666666667,3,26.8,28,3.0,0,2024,0.012355507797346572,1,0,0,0,0,0,0,1,0
1,0,0,7,3.96222,9,183839,16.3,21.6,1,309.4791666666667,3,26.8,28,3.0,0,2024,0.012355507797346572,1,0,0,0,0,0,0,1,0
1,0,0,7,3.96222,9,183839,16.3,21.6,1,309.4791666666667,3,26.8,28,3.0,0,2024,0.012355507797346572,1,0,0,0,0,0,0,1,0
0,0,0,7,3.029908392857142,10,179566,19.6,22.4,2,304.73809523809524,3,27.2,28,0.0,0,2024,0.009910143485709833,1,0,0,0,0,0,0,0,1
0,0,0,7,3.029908392857142,10,179566,19.6,22.4,2,304.73809523809524,3,27.2,28,0.0,0,2024,0.009910143485709833,1,0,0,0,0,0,0,0,1
0,0,0,7,1.9310166071428567,10,179566,19.6,22.4,2,280.11309523809524,3,27.2,28,0.0,0,2024,0.006869180553496939,1,0,0,0,0,0,0,0,1
0,0,0,7,1.9310166071428567,10,179566,19.6,22.4,2,280.11309523809524,3,27.2,28,0.0,0,2024,0.006869180553496939,1,0,0,0,0,0,0,0,1
0,0,0,7,3.96222,10,179566,19.6,22.4,2,309.4791666666667,3,27.2,28,0.0,0,2024,0.012355507797346572,1,0,0,0,0,0,0,0,1
0,0,0,7,3.96222,10,179566,19.6,22.4,2,309.4791666666667,3,27.2,28,0.0,0,2024,0.012355507797346572,1,0,0,0,0,0,0,0,1
0,0,0,7,3.96222,10,179566,19.6,22.4,2,309.4791666666667,3,27.2,28,0.0,0,2024,0.012355507797346572,1,0,0,0,0,0,0,0,1
0,0,0,7,3.96222,10,179566,19.6,22.4,2,309.4791666666667,3,27.2,28,0.0,0,2024,0.012355507797346572,1,0,0,0,0,0,0,0,1
1,0,0,7,5.592349285714286,9,161450,16.3,21.6,1,306.375,3,26.8,28,3.0,0,2024,0.018193897635508046,1,0,0,0,0,0,0,1,0
1,0,0,7,5.592349285714286,9,161450,16.3,21.6,1,306.375,3,26.8,28,3.0,0,2024,0.018193897635508046,1,0,0,0,0,0,0,1,0
0,0,0,7,3.81945,10,231476,19.6,22.4,2,389.3630952380952,3,27.2,28,0.0,1,2024,0.009784352175172688,1,0,0,0,0,0,0,0,1
0,0,0,7,3.81945,10,231476,19.6,22.4,2,389.3630952380952,3,27.2,28,0.0,1,2024,0.009784352175172688,1,0,0,0,0,0,0,0,1
0,0,0,7,3.81945,10,231476,19.6,22.4,2,389.3630952380952,3,27.2,28,0.0,1,2024,0.009784352175172688,1,0,0,0,0,0,0,0,1
0,0,0,7,3.96222,10,137426,19.6,22.4,2,309.4791666666667,3,27.2,28,0.0,0,2024,0.012355507797346572,1,0,0,0,0,0,0,0,1
0,0,0,7,3.96222,10,137426,19.6,22.4,2,309.4791666666667,3,27.2,28,0.0,0,2024,0.012355507797346572,1,0,0,0,0,0,0,0,1
0,0,0,7,3.96222,10,137426,19.6,22.4,2,309.4791666666667,3,27.2,28,0.0,0,2024,0.012355507797346572,1,0,0,0,0,0,0,0,1
0,0,0,7,1.1206287499999998,10,138907,19.6,22.4,2,295.3928571428572,3,27.2,28,0.0,0,2024,0.003780889866248944,1,0,0,0,0,0,0,0,1
0,0,0,7,1.1206287499999998,10,138907,19.6,22.4,2,295.3928571428572,3,27.2,28,0.0,0,2024,0.003780889866248944,1,0,0,0,0,0,0,0,1
0,0,0,7,2.4353848214285714,10,138887,19.6,22.4,2,170.76190476190476,3,27.2,28,0.0,0,2024,0.014178841488771833,1,0,0,0,0,0,0,0,1
0,0,0,7,2.4353848214285714,10,138887,19.6,22.4,2,170.76190476190476,3,27.2,28,0.0,0,2024,0.014178841488771833,1,0,0,0,0,0,0,0,1
0,0,0,7,3.96222,10,35837,19.6,22.4,2,309.4791666666667,3,27.2,28,0.0,0,2024,0.012355507797346572,1,0,0,0,0,0,0,0,1
0,0,0,7,3.96222,10,35837,19.6,22.4,2,309.4791666666667,3,27.2,28,0.0,0,2024,0.012355507797346572,1,0,0,0,0,0,0,0,1
